#nT = 64 nRho= 128
#logT [K],logRho [g/cc],logP [barye],logE [erg/g],logS [erg/g/K]
 1.06000000e+00 -1.50000000e+01 -6.43093391e+00  1.06115772e+01  9.04489202e+00
 1.06000000e+00 -1.48661417e+01 -6.29706861e+00  1.06115772e+01  9.04082281e+00
 1.06000000e+00 -1.47322835e+01 -6.16320341e+00  1.06115772e+01  9.03675360e+00
 1.06000000e+00 -1.45984252e+01 -6.02933811e+00  1.06115772e+01  9.03268438e+00
 1.06000000e+00 -1.44645669e+01 -5.89547281e+00  1.06115772e+01  9.02861517e+00
 1.06000000e+00 -1.43307087e+01 -5.76160761e+00  1.06115772e+01  9.02454596e+00
 1.06000000e+00 -1.41968504e+01 -5.62773991e+00  1.06115772e+01  9.02041614e+00
 1.06000000e+00 -1.40629921e+01 -5.49386881e+00  1.06115772e+01  9.01628199e+00
 1.06000000e+00 -1.39291339e+01 -5.35999307e+00  1.06115772e+01  9.01214036e+00
 1.06000000e+00 -1.37952756e+01 -5.22611102e+00  1.06115772e+01  9.00795146e+00
 1.06000000e+00 -1.36614173e+01 -5.09222038e+00  1.06115772e+01  9.00367155e+00
 1.06000000e+00 -1.35275591e+01 -4.95831805e+00  1.06115772e+01  8.99934549e+00
 1.06000000e+00 -1.33937008e+01 -4.82439981e+00  1.06115772e+01  8.99501850e+00
 1.06000000e+00 -1.32598425e+01 -4.69045991e+00  1.06115772e+01  8.99066711e+00
 1.06000000e+00 -1.31259843e+01 -4.55649051e+00  1.06115772e+01  8.98623622e+00
 1.06000000e+00 -1.29921260e+01 -4.42248094e+00  1.06115772e+01  8.98172733e+00
 1.06000000e+00 -1.28582677e+01 -4.28841668e+00  1.06115772e+01  8.97722667e+00
 1.06000000e+00 -1.27244094e+01 -4.15427789e+00  1.06115772e+01  8.97267816e+00
 1.06000000e+00 -1.25905512e+01 -4.02003754e+00  1.06115772e+01  8.96803308e+00
 1.06000000e+00 -1.24566929e+01 -3.88565872e+00  1.06115772e+01  8.96334142e+00
 1.06000000e+00 -1.23228346e+01 -3.75147175e+00  1.06112892e+01  8.95851051e+00
 1.06000000e+00 -1.21889764e+01 -3.61785648e+00  1.06105064e+01  8.95346731e+00
 1.06000000e+00 -1.20551181e+01 -3.48420899e+00  1.06097381e+01  8.94836903e+00
 1.06000000e+00 -1.19212598e+01 -3.35053400e+00  1.06089840e+01  8.94322654e+00
 1.06000000e+00 -1.17874016e+01 -3.21683547e+00  1.06082442e+01  8.93806712e+00
 1.06000000e+00 -1.16535433e+01 -3.08311674e+00  1.06075185e+01  8.93290385e+00
 1.06000000e+00 -1.15196850e+01 -2.94938063e+00  1.06068068e+01  8.92768187e+00
 1.06000000e+00 -1.13858268e+01 -2.81562954e+00  1.06061089e+01  8.92238733e+00
 1.06000000e+00 -1.12519685e+01 -2.68186549e+00  1.06054248e+01  8.91707753e+00
 1.06000000e+00 -1.11181102e+01 -2.54809022e+00  1.06047542e+01  8.91170536e+00
 1.06000000e+00 -1.09842520e+01 -2.41430518e+00  1.06040972e+01  8.90625575e+00
 1.06000000e+00 -1.08503937e+01 -2.28051164e+00  1.06034536e+01  8.90079191e+00
 1.06000000e+00 -1.07165354e+01 -2.14671065e+00  1.06028231e+01  8.89528421e+00
 1.06000000e+00 -1.05826772e+01 -2.01290316e+00  1.06022058e+01  8.88969122e+00
 1.06000000e+00 -1.04488189e+01 -1.87908993e+00  1.06016014e+01  8.88401069e+00
 1.06000000e+00 -1.03149606e+01 -1.74527165e+00  1.06010098e+01  8.87829218e+00
 1.06000000e+00 -1.01811024e+01 -1.61144890e+00  1.06004310e+01  8.87252030e+00
 1.06000000e+00 -1.00472441e+01 -1.47762219e+00  1.05998647e+01  8.86661009e+00
 1.06000000e+00 -9.91338583e+00 -1.34379194e+00  1.05993109e+01  8.86064607e+00
 1.06000000e+00 -9.77952756e+00 -1.20995853e+00  1.05987693e+01  8.85464768e+00
 1.06000000e+00 -9.64566929e+00 -1.07612229e+00  1.05982398e+01  8.84851888e+00
 1.06000000e+00 -9.51181102e+00 -9.42283496e-01  1.05977224e+01  8.84233058e+00
 1.06000000e+00 -9.37795276e+00 -8.08442381e-01  1.05972168e+01  8.83609820e+00
 1.06000000e+00 -9.24409449e+00 -6.74599157e-01  1.05967230e+01  8.82973278e+00
 1.06000000e+00 -9.11023622e+00 -5.40754000e-01  1.05962409e+01  8.82327461e+00
 1.06000000e+00 -8.97637795e+00 -4.06907063e-01  1.05957701e+01  8.81673769e+00
 1.06000000e+00 -8.84251969e+00 -2.73058474e-01  1.05953106e+01  8.81007405e+00
 1.06000000e+00 -8.70866142e+00 -1.39208341e-01  1.05948625e+01  8.80330966e+00
 1.06000000e+00 -8.57480315e+00 -5.35675544e-03  1.05944253e+01  8.79646209e+00
 1.06000000e+00 -8.44094488e+00  1.28496211e-01  1.05939990e+01  8.78951365e+00
 1.06000000e+00 -8.30708661e+00  2.62350500e-01  1.05935835e+01  8.78244525e+00
 1.06000000e+00 -8.17322835e+00  3.96206068e-01  1.05931787e+01  8.77524848e+00
 1.06000000e+00 -8.03937008e+00  5.30062887e-01  1.05927843e+01  8.76792682e+00
 1.06000000e+00 -7.90551181e+00  6.63920938e-01  1.05924003e+01  8.76048488e+00
 1.06000000e+00 -7.77165354e+00  7.97780219e-01  1.05920266e+01  8.75293008e+00
 1.06000000e+00 -7.63779528e+00  9.31640739e-01  1.05916629e+01  8.74526393e+00
 1.06000000e+00 -7.50393701e+00  1.06550252e+00  1.05913092e+01  8.73745230e+00
 1.06000000e+00 -7.37007874e+00  1.19936559e+00  1.05909653e+01  8.72947065e+00
 1.06000000e+00 -7.23622047e+00  1.33323001e+00  1.05906310e+01  8.72132508e+00
 1.06000000e+00 -7.10236220e+00  1.46709583e+00  1.05903063e+01  8.71306357e+00
 1.06000000e+00 -6.96850394e+00  1.60096314e+00  1.05899910e+01  8.70466571e+00
 1.06000000e+00 -6.83464567e+00  1.73483203e+00  1.05896850e+01  8.69605597e+00
 1.06000000e+00 -6.70078740e+00  1.86870262e+00  1.05893880e+01  8.68724888e+00
 1.06000000e+00 -6.56692913e+00  2.00257504e+00  1.05891001e+01  8.67827291e+00
 1.06000000e+00 -6.43307087e+00  2.13644944e+00  1.05888209e+01  8.66913812e+00
 1.06000000e+00 -6.29921260e+00  2.27032600e+00  1.05885506e+01  8.65981871e+00
 1.06000000e+00 -6.16535433e+00  2.40420498e+00  1.05882887e+01  8.65028930e+00
 1.06000000e+00 -6.03149606e+00  2.53808664e+00  1.05880353e+01  8.64053582e+00
 1.06000000e+00 -5.89763780e+00  2.67197091e+00  1.05877902e+01  8.63055436e+00
 1.06000000e+00 -5.76377953e+00  2.80585891e+00  1.05875532e+01  8.62032353e+00
 1.06000000e+00 -5.62992126e+00  2.93975117e+00  1.05873243e+01  8.60982325e+00
 1.06000000e+00 -5.49606299e+00  3.07364315e+00  1.05871032e+01  8.59909520e+00
 1.06000000e+00 -5.36220472e+00  3.20754661e+00  1.05868899e+01  8.58812023e+00
 1.06000000e+00 -5.22834646e+00  3.34146353e+00  1.05866841e+01  8.57683469e+00
 1.06000000e+00 -5.09448819e+00  3.47532540e+00  1.05864860e+01  8.56524437e+00
 1.06000000e+00 -4.96062992e+00  3.60929414e+00  1.05862948e+01  8.55336633e+00
 1.06000000e+00 -4.82677165e+00  3.74338357e+00  1.05861103e+01  8.54115571e+00
 1.06000000e+00 -4.69291339e+00  3.87657334e+00  1.05859367e+01  8.52841220e+00
 1.06000000e+00 -4.55905512e+00  4.00957612e+00  1.05857708e+01  8.51523526e+00
 1.06000000e+00 -4.42519685e+00  4.14413969e+00  1.05856056e+01  8.50183223e+00
 1.06000000e+00 -4.29133858e+00  4.28040411e+00  1.05854413e+01  8.48795609e+00
 1.06000000e+00 -4.15748031e+00  4.42105583e+00  1.05852664e+01  8.47330277e+00
 1.06000000e+00 -4.02362205e+00  4.57296925e+00  1.05850519e+01  8.45735000e+00
 1.06000000e+00 -3.88976378e+00  4.74943279e+00  1.05847313e+01  8.43857133e+00
 1.06000000e+00 -3.75590551e+00  4.96866372e+00  1.05841482e+01  8.41312487e+00
 1.06000000e+00 -3.62204724e+00  5.24428149e+00  1.05830043e+01  8.37201354e+00
 1.06000000e+00 -3.48818898e+00  5.57545889e+00  1.05809866e+01  8.29401854e+00
 1.06000000e+00 -3.35433071e+00  5.90663631e+00  1.05789689e+01  8.21602353e+00
 1.06000000e+00 -3.22047244e+00  6.23781374e+00  1.05769512e+01  8.13802853e+00
 1.06000000e+00 -3.08661417e+00  6.56899116e+00  1.05749335e+01  8.06003352e+00
 1.06000000e+00 -2.95275591e+00  6.90016856e+00  1.05729158e+01  7.98203852e+00
 1.06000000e+00 -2.81889764e+00  7.23134599e+00  1.05708981e+01  7.90404352e+00
 1.06000000e+00 -2.68503937e+00  7.56252341e+00  1.05688804e+01  7.82604851e+00
 1.06000000e+00 -2.55118110e+00  7.89370084e+00  1.05668627e+01  7.74805351e+00
 1.06000000e+00 -2.41732283e+00  8.22487826e+00  1.05648450e+01  7.67005850e+00
 1.06000000e+00 -2.28346457e+00  8.55605566e+00  1.05628273e+01  7.59206350e+00
 1.06000000e+00 -2.14960630e+00  8.88723309e+00  1.05608096e+01  7.51406849e+00
 1.06000000e+00 -2.01574803e+00  9.21841051e+00  1.05587919e+01  7.43607349e+00
 1.06000000e+00 -1.88188976e+00  9.54958794e+00  1.05567742e+01  7.35807848e+00
 1.06000000e+00 -1.74803150e+00  9.88076534e+00  1.05547565e+01  7.28008348e+00
 1.06000000e+00 -1.61417323e+00  1.02119428e+01  1.05527388e+01  7.20208848e+00
 1.06000000e+00 -1.48031496e+00  1.05431202e+01  1.05507211e+01  7.12409347e+00
 1.06000000e+00 -1.34645669e+00  1.08742976e+01  1.05487034e+01  7.04609846e+00
 1.06000000e+00 -1.21259843e+00  1.12054750e+01  1.05466857e+01  6.96810346e+00
 1.06000000e+00 -1.07874016e+00  1.15366524e+01  1.05446680e+01  6.89010846e+00
 1.06000000e+00 -9.44881890e-01  1.18678299e+01  1.05426503e+01  6.81211345e+00
 1.06000000e+00 -8.11023622e-01  1.21990073e+01  1.05406326e+01  6.73411845e+00
 1.06000000e+00 -6.77165354e-01  1.25301847e+01  1.05386149e+01  6.65612344e+00
 1.06000000e+00 -5.43307087e-01  1.28613621e+01  1.05365972e+01  6.57812844e+00
 1.06000000e+00 -4.09448819e-01  1.31925395e+01  1.05345795e+01  6.50013343e+00
 1.06000000e+00 -2.75590551e-01  1.35237170e+01  1.05325618e+01  6.42213843e+00
 1.06000000e+00 -1.41732283e-01  1.38548944e+01  1.05305441e+01  6.34414343e+00
 1.06000000e+00 -7.87401575e-03  1.41860718e+01  1.05285264e+01  6.26614842e+00
 1.06000000e+00  1.25984252e-01  1.45172492e+01  1.05265087e+01  6.18815342e+00
 1.06000000e+00  2.59842520e-01  1.48484266e+01  1.05244910e+01  6.11015841e+00
 1.06000000e+00  3.93700787e-01  1.51796041e+01  1.05224733e+01  6.03216341e+00
 1.06000000e+00  5.27559055e-01  1.55107815e+01  1.05204556e+01  5.95416840e+00
 1.06000000e+00  6.61417323e-01  1.58419589e+01  1.05184379e+01  5.87617340e+00
 1.06000000e+00  7.95275591e-01  1.61731363e+01  1.05164202e+01  5.79817839e+00
 1.06000000e+00  9.29133858e-01  1.65043137e+01  1.05144025e+01  5.72018339e+00
 1.06000000e+00  1.06299213e+00  1.68354912e+01  1.05123848e+01  5.64218838e+00
 1.06000000e+00  1.19685039e+00  1.71666686e+01  1.05103671e+01  5.56419338e+00
 1.06000000e+00  1.33070866e+00  1.74978460e+01  1.05083494e+01  5.48619838e+00
 1.06000000e+00  1.46456693e+00  1.78290234e+01  1.05063317e+01  5.40820337e+00
 1.06000000e+00  1.59842520e+00  1.81602008e+01  1.05043140e+01  5.33020837e+00
 1.06000000e+00  1.73228346e+00  1.84913782e+01  1.05022963e+01  5.25221337e+00
 1.06000000e+00  1.86614173e+00  1.88225557e+01  1.05002786e+01  5.17421836e+00
 1.06000000e+00  2.00000000e+00  1.91537331e+01  1.04982609e+01  5.09622335e+00
 1.13841270e+00 -1.50000000e+01 -6.35328906e+00  1.06132197e+01  9.04826026e+00
 1.13841270e+00 -1.48661417e+01 -6.21942303e+00  1.06132197e+01  9.04427426e+00
 1.13841270e+00 -1.47322835e+01 -6.08555710e+00  1.06132197e+01  9.04028826e+00
 1.13841270e+00 -1.45984252e+01 -5.95169107e+00  1.06132197e+01  9.03630226e+00
 1.13841270e+00 -1.44645669e+01 -5.81782504e+00  1.06132197e+01  9.03231626e+00
 1.13841270e+00 -1.43307087e+01 -5.68395775e+00  1.06132197e+01  9.02833289e+00
 1.13841270e+00 -1.41968504e+01 -5.55008766e+00  1.06132197e+01  9.02427718e+00
 1.13841270e+00 -1.40629921e+01 -5.41621304e+00  1.06132197e+01  9.02014395e+00
 1.13841270e+00 -1.39291339e+01 -5.28233217e+00  1.06132197e+01  9.01600979e+00
 1.13841270e+00 -1.37952756e+01 -5.14844455e+00  1.06132197e+01  9.01186948e+00
 1.13841270e+00 -1.36614173e+01 -5.01454667e+00  1.06132197e+01  9.00767666e+00
 1.13841270e+00 -1.35275591e+01 -4.88063119e+00  1.06132197e+01  9.00338985e+00
 1.13841270e+00 -1.33937008e+01 -4.74669524e+00  1.06132197e+01  8.99906339e+00
 1.13841270e+00 -1.32598425e+01 -4.61273329e+00  1.06132197e+01  8.99473676e+00
 1.13841270e+00 -1.31259843e+01 -4.47873375e+00  1.06132197e+01  8.99038140e+00
 1.13841270e+00 -1.29921260e+01 -4.34468254e+00  1.06132197e+01  8.98594152e+00
 1.13841270e+00 -1.28582677e+01 -4.21056207e+00  1.06132197e+01  8.98143018e+00
 1.13841270e+00 -1.27244094e+01 -4.07634832e+00  1.06132197e+01  8.97692694e+00
 1.13841270e+00 -1.25905512e+01 -3.94200363e+00  1.06132197e+01  8.97236484e+00
 1.13841270e+00 -1.24566929e+01 -3.80748034e+00  1.06132197e+01  8.96770729e+00
 1.13841270e+00 -1.23228346e+01 -3.67384273e+00  1.06124706e+01  8.96273053e+00
 1.13841270e+00 -1.21889764e+01 -3.54023112e+00  1.06116853e+01  8.95773229e+00
 1.13841270e+00 -1.20551181e+01 -3.40658602e+00  1.06109145e+01  8.95270685e+00
 1.13841270e+00 -1.19212598e+01 -3.27291246e+00  1.06101581e+01  8.94762052e+00
 1.13841270e+00 -1.17874016e+01 -3.13921623e+00  1.06094161e+01  8.94248863e+00
 1.13841270e+00 -1.16535433e+01 -3.00549980e+00  1.06086883e+01  8.93733933e+00
 1.13841270e+00 -1.15196850e+01 -2.87176292e+00  1.06079747e+01  8.93218302e+00
 1.13841270e+00 -1.13858268e+01 -2.73801086e+00  1.06072750e+01  8.92696114e+00
 1.13841270e+00 -1.12519685e+01 -2.60424717e+00  1.06065891e+01  8.92166849e+00
 1.13841270e+00 -1.11181102e+01 -2.47047199e+00  1.06059171e+01  8.91635752e+00
 1.13841270e+00 -1.09842520e+01 -2.33668644e+00  1.06052585e+01  8.91098461e+00
 1.13841270e+00 -1.08503937e+01 -2.20289283e+00  1.06046136e+01  8.90554485e+00
 1.13841270e+00 -1.07165354e+01 -2.06909334e+00  1.06039819e+01  8.90008374e+00
 1.13841270e+00 -1.05826772e+01 -1.93528560e+00  1.06033634e+01  8.89456014e+00
 1.13841270e+00 -1.04488189e+01 -1.80147027e+00  1.06027580e+01  8.88894573e+00
 1.13841270e+00 -1.03149606e+01 -1.66765141e+00  1.06021654e+01  8.88325708e+00
 1.13841270e+00 -1.01811024e+01 -1.53382871e+00  1.06015857e+01  8.87753440e+00
 1.13841270e+00 -1.00472441e+01 -1.40000158e+00  1.06010188e+01  8.87175162e+00
 1.13841270e+00 -9.91338583e+00 -1.26617072e+00  1.06004642e+01  8.86584333e+00
 1.13841270e+00 -9.77952756e+00 -1.13233823e+00  1.05999221e+01  8.85987460e+00
 1.13841270e+00 -9.64566929e+00 -9.98503135e-01  1.05993922e+01  8.85386838e+00
 1.13841270e+00 -9.51181102e+00 -8.64662753e-01  1.05988745e+01  8.84777802e+00
 1.13841270e+00 -9.37795276e+00 -7.30820341e-01  1.05983686e+01  8.84157652e+00
 1.13841270e+00 -9.24409449e+00 -5.96977308e-01  1.05978746e+01  8.83526973e+00
 1.13841270e+00 -9.11023622e+00 -4.63132208e-01  1.05973924e+01  8.82888429e+00
 1.13841270e+00 -8.97637795e+00 -3.29284864e-01  1.05969216e+01  8.82242586e+00
 1.13841270e+00 -8.84251969e+00 -1.95436540e-01  1.05964622e+01  8.81587055e+00
 1.13841270e+00 -8.70866142e+00 -6.15882529e-02  1.05960143e+01  8.80919097e+00
 1.13841270e+00 -8.57480315e+00  7.22633572e-02  1.05955772e+01  8.80242581e+00
 1.13841270e+00 -8.44094488e+00  2.06117939e-01  1.05951513e+01  8.79557460e+00
 1.13841270e+00 -8.30708661e+00  3.39972185e-01  1.05947362e+01  8.78860033e+00
 1.13841270e+00 -8.17322835e+00  4.73827241e-01  1.05943318e+01  8.78150837e+00
 1.13841270e+00 -8.03937008e+00  6.07683831e-01  1.05939380e+01  8.77429848e+00
 1.13841270e+00 -7.90551181e+00  7.41541552e-01  1.05935546e+01  8.76696175e+00
 1.13841270e+00 -7.77165354e+00  8.75400375e-01  1.05931815e+01  8.75950478e+00
 1.13841270e+00 -7.63779528e+00  1.00926038e+00  1.05928185e+01  8.75193663e+00
 1.13841270e+00 -7.50393701e+00  1.14312162e+00  1.05924656e+01  8.74425492e+00
 1.13841270e+00 -7.37007874e+00  1.27698406e+00  1.05921225e+01  8.73642389e+00
 1.13841270e+00 -7.23622047e+00  1.41084773e+00  1.05917891e+01  8.72842173e+00
 1.13841270e+00 -7.10236220e+00  1.54471274e+00  1.05914653e+01  8.72025832e+00
 1.13841270e+00 -6.96850394e+00  1.67857916e+00  1.05911510e+01  8.71198360e+00
 1.13841270e+00 -6.83464567e+00  1.81244707e+00  1.05908460e+01  8.70356490e+00
 1.13841270e+00 -6.70078740e+00  1.94631652e+00  1.05905502e+01  8.69492946e+00
 1.13841270e+00 -6.56692913e+00  2.08018766e+00  1.05902634e+01  8.68610039e+00
 1.13841270e+00 -6.43307087e+00  2.21406064e+00  1.05899854e+01  8.67710578e+00
 1.13841270e+00 -6.29921260e+00  2.34793562e+00  1.05897163e+01  8.66795108e+00
 1.13841270e+00 -6.16535433e+00  2.48181287e+00  1.05894557e+01  8.65860755e+00
 1.13841270e+00 -6.03149606e+00  2.61569250e+00  1.05892036e+01  8.64905346e+00
 1.13841270e+00 -5.89763780e+00  2.74957481e+00  1.05889598e+01  8.63927484e+00
 1.13841270e+00 -5.76377953e+00  2.88346070e+00  1.05887242e+01  8.62925417e+00
 1.13841270e+00 -5.62992126e+00  3.01734877e+00  1.05884967e+01  8.61900706e+00
 1.13841270e+00 -5.49606299e+00  3.15123995e+00  1.05882770e+01  8.60853969e+00
 1.13841270e+00 -5.36220472e+00  3.28514375e+00  1.05880652e+01  8.59777243e+00
 1.13841270e+00 -5.22834646e+00  3.41903554e+00  1.05878610e+01  8.58670050e+00
 1.13841270e+00 -5.09448819e+00  3.55292510e+00  1.05876644e+01  8.57537248e+00
 1.13841270e+00 -4.96062992e+00  3.68693769e+00  1.05874743e+01  8.56379824e+00
 1.13841270e+00 -4.82677165e+00  3.82071473e+00  1.05872930e+01  8.55181944e+00
 1.13841270e+00 -4.69291339e+00  3.95404091e+00  1.05871220e+01  8.53934181e+00
 1.13841270e+00 -4.55905512e+00  4.08784616e+00  1.05869557e+01  8.52665386e+00
 1.13841270e+00 -4.42519685e+00  4.22244753e+00  1.05867919e+01  8.51368765e+00
 1.13841270e+00 -4.29133858e+00  4.35827894e+00  1.05866288e+01  8.50017953e+00
 1.13841270e+00 -4.15748031e+00  4.49775492e+00  1.05864574e+01  8.48602035e+00
 1.13841270e+00 -4.02362205e+00  4.64691759e+00  1.05862488e+01  8.47072173e+00
 1.13841270e+00 -3.88976378e+00  4.81680764e+00  1.05859333e+01  8.45300458e+00
 1.13841270e+00 -3.75590551e+00  5.02480005e+00  1.05853754e+01  8.43003352e+00
 1.13841270e+00 -3.62204724e+00  5.28505936e+00  1.05842458e+01  8.39426441e+00
 1.13841270e+00 -3.48818898e+00  5.59984511e+00  1.05821232e+01  8.32967085e+00
 1.13841270e+00 -3.35433071e+00  5.91463088e+00  1.05800006e+01  8.26507729e+00
 1.13841270e+00 -3.22047244e+00  6.22941666e+00  1.05778780e+01  8.20048372e+00
 1.13841270e+00 -3.08661417e+00  6.54420243e+00  1.05757554e+01  8.13589016e+00
 1.13841270e+00 -2.95275591e+00  6.85898818e+00  1.05736328e+01  8.07129660e+00
 1.13841270e+00 -2.81889764e+00  7.17377395e+00  1.05715102e+01  8.00670303e+00
 1.13841270e+00 -2.68503937e+00  7.48855973e+00  1.05693876e+01  7.94210947e+00
 1.13841270e+00 -2.55118110e+00  7.80334550e+00  1.05672650e+01  7.87751590e+00
 1.13841270e+00 -2.41732283e+00  8.11813127e+00  1.05651424e+01  7.81292234e+00
 1.13841270e+00 -2.28346457e+00  8.43291702e+00  1.05630198e+01  7.74832878e+00
 1.13841270e+00 -2.14960630e+00  8.74770280e+00  1.05608972e+01  7.68373521e+00
 1.13841270e+00 -2.01574803e+00  9.06248857e+00  1.05587746e+01  7.61914165e+00
 1.13841270e+00 -1.88188976e+00  9.37727435e+00  1.05566520e+01  7.55454808e+00
 1.13841270e+00 -1.74803150e+00  9.69206010e+00  1.05545294e+01  7.48995452e+00
 1.13841270e+00 -1.61417323e+00  1.00068459e+01  1.05524068e+01  7.42536096e+00
 1.13841270e+00 -1.48031496e+00  1.03216316e+01  1.05502842e+01  7.36076739e+00
 1.13841270e+00 -1.34645669e+00  1.06364174e+01  1.05481616e+01  7.29617383e+00
 1.13841270e+00 -1.21259843e+00  1.09512032e+01  1.05460390e+01  7.23158027e+00
 1.13841270e+00 -1.07874016e+00  1.12659889e+01  1.05439164e+01  7.16698670e+00
 1.13841270e+00 -9.44881890e-01  1.15807747e+01  1.05417938e+01  7.10239314e+00
 1.13841270e+00 -8.11023622e-01  1.18955605e+01  1.05396712e+01  7.03779957e+00
 1.13841270e+00 -6.77165354e-01  1.22103463e+01  1.05375486e+01  6.97320601e+00
 1.13841270e+00 -5.43307087e-01  1.25251320e+01  1.05354260e+01  6.90861245e+00
 1.13841270e+00 -4.09448819e-01  1.28399178e+01  1.05333034e+01  6.84401888e+00
 1.13841270e+00 -2.75590551e-01  1.31547036e+01  1.05311808e+01  6.77942532e+00
 1.13841270e+00 -1.41732283e-01  1.34694893e+01  1.05290582e+01  6.71483175e+00
 1.13841270e+00 -7.87401575e-03  1.37842751e+01  1.05269356e+01  6.65023819e+00
 1.13841270e+00  1.25984252e-01  1.40990609e+01  1.05248130e+01  6.58564463e+00
 1.13841270e+00  2.59842520e-01  1.44138466e+01  1.05226904e+01  6.52105106e+00
 1.13841270e+00  3.93700787e-01  1.47286324e+01  1.05205678e+01  6.45645750e+00
 1.13841270e+00  5.27559055e-01  1.50434182e+01  1.05184452e+01  6.39186394e+00
 1.13841270e+00  6.61417323e-01  1.53582039e+01  1.05163226e+01  6.32727037e+00
 1.13841270e+00  7.95275591e-01  1.56729897e+01  1.05142000e+01  6.26267681e+00
 1.13841270e+00  9.29133858e-01  1.59877755e+01  1.05120774e+01  6.19808325e+00
 1.13841270e+00  1.06299213e+00  1.63025612e+01  1.05099548e+01  6.13348968e+00
 1.13841270e+00  1.19685039e+00  1.66173470e+01  1.05078322e+01  6.06889612e+00
 1.13841270e+00  1.33070866e+00  1.69321328e+01  1.05057096e+01  6.00430255e+00
 1.13841270e+00  1.46456693e+00  1.72469185e+01  1.05035870e+01  5.93970899e+00
 1.13841270e+00  1.59842520e+00  1.75617043e+01  1.05014644e+01  5.87511543e+00
 1.13841270e+00  1.73228346e+00  1.78764901e+01  1.04993418e+01  5.81052187e+00
 1.13841270e+00  1.86614173e+00  1.81912758e+01  1.04972192e+01  5.74592830e+00
 1.13841270e+00  2.00000000e+00  1.85060616e+01  1.04950966e+01  5.68133474e+00
 1.21682540e+00 -1.50000000e+01 -6.27534006e+00  1.06151211e+01  9.05194529e+00
 1.21682540e+00 -1.48661417e+01 -6.14149464e+00  1.06151211e+01  9.04803762e+00
 1.21682540e+00 -1.47322835e+01 -6.00764932e+00  1.06151211e+01  9.04412995e+00
 1.21682540e+00 -1.45984252e+01 -5.87380390e+00  1.06151211e+01  9.04022228e+00
 1.21682540e+00 -1.44645669e+01 -5.73995848e+00  1.06151211e+01  9.03631461e+00
 1.21682540e+00 -1.43307087e+01 -5.60608465e+00  1.06151211e+01  9.03236601e+00
 1.21682540e+00 -1.41968504e+01 -5.47220670e+00  1.06151211e+01  9.02831655e+00
 1.21682540e+00 -1.40629921e+01 -5.33833883e+00  1.06151211e+01  9.02425437e+00
 1.21682540e+00 -1.39291339e+01 -5.20444622e+00  1.06151211e+01  9.02018288e+00
 1.21682540e+00 -1.37952756e+01 -5.07048223e+00  1.06151211e+01  9.01600692e+00
 1.21682540e+00 -1.36614173e+01 -4.93656791e+00  1.06151211e+01  9.01181305e+00
 1.21682540e+00 -1.35275591e+01 -4.80270574e+00  1.06151211e+01  9.00763146e+00
 1.21682540e+00 -1.33937008e+01 -4.66875955e+00  1.06151211e+01  9.00339463e+00
 1.21682540e+00 -1.32598425e+01 -4.53475453e+00  1.06151211e+01  8.99911127e+00
 1.21682540e+00 -1.31259843e+01 -4.40072013e+00  1.06151211e+01  8.99476919e+00
 1.21682540e+00 -1.29921260e+01 -4.26662736e+00  1.06151211e+01  8.99033916e+00
 1.21682540e+00 -1.28582677e+01 -4.13238900e+00  1.06151211e+01  8.98589760e+00
 1.21682540e+00 -1.27244094e+01 -3.99802182e+00  1.06151211e+01  8.98143909e+00
 1.21682540e+00 -1.25905512e+01 -3.86359406e+00  1.06151211e+01  8.97688111e+00
 1.21682540e+00 -1.24566929e+01 -3.72957489e+00  1.06147002e+01  8.97209445e+00
 1.21682540e+00 -1.23228346e+01 -3.59599402e+00  1.06138973e+01  8.96714355e+00
 1.21682540e+00 -1.21889764e+01 -3.46238068e+00  1.06131097e+01  8.96217656e+00
 1.21682540e+00 -1.20551181e+01 -3.32875173e+00  1.06123370e+01  8.95718826e+00
 1.21682540e+00 -1.19212598e+01 -3.19506943e+00  1.06115785e+01  8.95218143e+00
 1.21682540e+00 -1.17874016e+01 -3.06130555e+00  1.06108343e+01  8.94715419e+00
 1.21682540e+00 -1.16535433e+01 -2.92759314e+00  1.06101048e+01  8.94207165e+00
 1.21682540e+00 -1.15196850e+01 -2.79392432e+00  1.06093899e+01  8.93691342e+00
 1.21682540e+00 -1.13858268e+01 -2.66017939e+00  1.06086887e+01  8.93169363e+00
 1.21682540e+00 -1.12519685e+01 -2.52640233e+00  1.06080014e+01  8.92647413e+00
 1.21682540e+00 -1.11181102e+01 -2.39263293e+00  1.06073280e+01  8.92124255e+00
 1.21682540e+00 -1.09842520e+01 -2.25885809e+00  1.06066684e+01  8.91593331e+00
 1.21682540e+00 -1.08503937e+01 -2.12501597e+00  1.06060222e+01  8.91055226e+00
 1.21682540e+00 -1.07165354e+01 -1.99116733e+00  1.06053893e+01  8.90512022e+00
 1.21682540e+00 -1.05826772e+01 -1.85741584e+00  1.06047702e+01  8.89964591e+00
 1.21682540e+00 -1.04488189e+01 -1.72364080e+00  1.06041642e+01  8.89410180e+00
 1.21682540e+00 -1.03149606e+01 -1.58980867e+00  1.06035710e+01  8.88848220e+00
 1.21682540e+00 -1.01811024e+01 -1.45598166e+00  1.06029907e+01  8.88279566e+00
 1.21682540e+00 -1.00472441e+01 -1.32216858e+00  1.06024233e+01  8.87702088e+00
 1.21682540e+00 -9.91338583e+00 -1.18832373e+00  1.06018684e+01  8.87117912e+00
 1.21682540e+00 -9.77952756e+00 -1.05442173e+00  1.06013257e+01  8.86530816e+00
 1.21682540e+00 -9.64566929e+00 -9.20596039e-01  1.06007957e+01  8.85937565e+00
 1.21682540e+00 -9.51181102e+00 -7.86822147e-01  1.06002781e+01  8.85334064e+00
 1.21682540e+00 -9.37795276e+00 -6.52983524e-01  1.05997723e+01  8.84718199e+00
 1.21682540e+00 -9.24409449e+00 -5.19127657e-01  1.05992783e+01  8.84092786e+00
 1.21682540e+00 -9.11023622e+00 -3.85289560e-01  1.05987962e+01  8.83463135e+00
 1.21682540e+00 -8.97637795e+00 -2.51451661e-01  1.05983257e+01  8.82830225e+00
 1.21682540e+00 -8.84251969e+00 -1.17551286e-01  1.05978665e+01  8.82180571e+00
 1.21682540e+00 -8.70866142e+00  1.63407422e-02  1.05974187e+01  8.81518347e+00
 1.21682540e+00 -8.57480315e+00  1.50131952e-01  1.05969824e+01  8.80854971e+00
 1.21682540e+00 -8.44094488e+00  2.83950738e-01  1.05965571e+01  8.80180916e+00
 1.21682540e+00 -8.30708661e+00  4.17817395e-01  1.05961425e+01  8.79492958e+00
 1.21682540e+00 -8.17322835e+00  5.51672688e-01  1.05957388e+01  8.78793903e+00
 1.21682540e+00 -8.03937008e+00  6.85526629e-01  1.05953457e+01  8.78083426e+00
 1.21682540e+00 -7.90551181e+00  8.19384902e-01  1.05949631e+01  8.77360709e+00
 1.21682540e+00 -7.77165354e+00  9.53243536e-01  1.05945908e+01  8.76625407e+00
 1.21682540e+00 -7.63779528e+00  1.08710297e+00  1.05942287e+01  8.75878298e+00
 1.21682540e+00 -7.50393701e+00  1.22096367e+00  1.05938768e+01  8.75120052e+00
 1.21682540e+00 -7.37007874e+00  1.35482560e+00  1.05935348e+01  8.74350024e+00
 1.21682540e+00 -7.23622047e+00  1.48868870e+00  1.05932024e+01  8.73564895e+00
 1.21682540e+00 -7.10236220e+00  1.62255291e+00  1.05928798e+01  8.72762693e+00
 1.21682540e+00 -6.96850394e+00  1.75641835e+00  1.05925666e+01  8.71944562e+00
 1.21682540e+00 -6.83464567e+00  1.89028523e+00  1.05922628e+01  8.71115530e+00
 1.21682540e+00 -6.70078740e+00  2.02415367e+00  1.05919683e+01  8.70271256e+00
 1.21682540e+00 -6.56692913e+00  2.15802370e+00  1.05916828e+01  8.69405165e+00
 1.21682540e+00 -6.43307087e+00  2.29189547e+00  1.05914062e+01  8.68520141e+00
 1.21682540e+00 -6.29921260e+00  2.42576911e+00  1.05911384e+01  8.67618685e+00
 1.21682540e+00 -6.16535433e+00  2.55964473e+00  1.05908792e+01  8.66700920e+00
 1.21682540e+00 -6.03149606e+00  2.69352244e+00  1.05906286e+01  8.65764158e+00
 1.21682540e+00 -5.89763780e+00  2.82740280e+00  1.05903863e+01  8.64806323e+00
 1.21682540e+00 -5.76377953e+00  2.96128606e+00  1.05901523e+01  8.63825747e+00
 1.21682540e+00 -5.62992126e+00  3.09517154e+00  1.05899263e+01  8.62820740e+00
 1.21682540e+00 -5.49606299e+00  3.22906278e+00  1.05897082e+01  8.61793695e+00
 1.21682540e+00 -5.36220472e+00  3.36295790e+00  1.05894980e+01  8.60743856e+00
 1.21682540e+00 -5.22834646e+00  3.49684441e+00  1.05892953e+01  8.59660993e+00
 1.21682540e+00 -5.09448819e+00  3.63076819e+00  1.05891002e+01  8.58554758e+00
 1.21682540e+00 -4.96062992e+00  3.76469433e+00  1.05889125e+01  8.57426560e+00
 1.21682540e+00 -4.82677165e+00  3.89840609e+00  1.05887317e+01  8.56243305e+00
 1.21682540e+00 -4.69291339e+00  4.03213754e+00  1.05885574e+01  8.55023641e+00
 1.21682540e+00 -4.55905512e+00  4.16619870e+00  1.05883896e+01  8.53791823e+00
 1.21682540e+00 -4.42519685e+00  4.30061802e+00  1.05882278e+01  8.52525538e+00
 1.21682540e+00 -4.29133858e+00  4.43608389e+00  1.05880678e+01  8.51210782e+00
 1.21682540e+00 -4.15748031e+00  4.57469866e+00  1.05878987e+01  8.49835709e+00
 1.21682540e+00 -4.02362205e+00  4.72138037e+00  1.05876949e+01  8.48367710e+00
 1.21682540e+00 -3.88976378e+00  4.88584426e+00  1.05873854e+01  8.46695532e+00
 1.21682540e+00 -3.75590551e+00  5.08376734e+00  1.05868466e+01  8.44600212e+00
 1.21682540e+00 -3.62204724e+00  5.32956692e+00  1.05857382e+01  8.41466056e+00
 1.21682540e+00 -3.48818898e+00  5.62605887e+00  1.05835797e+01  8.36031133e+00
 1.21682540e+00 -3.35433071e+00  5.92255084e+00  1.05814212e+01  8.30596210e+00
 1.21682540e+00 -3.22047244e+00  6.21904281e+00  1.05792627e+01  8.25161286e+00
 1.21682540e+00 -3.08661417e+00  6.51553479e+00  1.05771042e+01  8.19726363e+00
 1.21682540e+00 -2.95275591e+00  6.81202674e+00  1.05749457e+01  8.14291440e+00
 1.21682540e+00 -2.81889764e+00  7.10851871e+00  1.05727872e+01  8.08856516e+00
 1.21682540e+00 -2.68503937e+00  7.40501068e+00  1.05706287e+01  8.03421593e+00
 1.21682540e+00 -2.55118110e+00  7.70150265e+00  1.05684702e+01  7.97986670e+00
 1.21682540e+00 -2.41732283e+00  7.99799463e+00  1.05663117e+01  7.92551746e+00
 1.21682540e+00 -2.28346457e+00  8.29448658e+00  1.05641532e+01  7.87116823e+00
 1.21682540e+00 -2.14960630e+00  8.59097855e+00  1.05619947e+01  7.81681900e+00
 1.21682540e+00 -2.01574803e+00  8.88747052e+00  1.05598362e+01  7.76246976e+00
 1.21682540e+00 -1.88188976e+00  9.18396249e+00  1.05576777e+01  7.70812053e+00
 1.21682540e+00 -1.74803150e+00  9.48045444e+00  1.05555192e+01  7.65377130e+00
 1.21682540e+00 -1.61417323e+00  9.77694641e+00  1.05533607e+01  7.59942207e+00
 1.21682540e+00 -1.48031496e+00  1.00734384e+01  1.05512022e+01  7.54507283e+00
 1.21682540e+00 -1.34645669e+00  1.03699304e+01  1.05490437e+01  7.49072360e+00
 1.21682540e+00 -1.21259843e+00  1.06664223e+01  1.05468852e+01  7.43637437e+00
 1.21682540e+00 -1.07874016e+00  1.09629143e+01  1.05447267e+01  7.38202513e+00
 1.21682540e+00 -9.44881890e-01  1.12594063e+01  1.05425682e+01  7.32767590e+00
 1.21682540e+00 -8.11023622e-01  1.15558982e+01  1.05404097e+01  7.27332667e+00
 1.21682540e+00 -6.77165354e-01  1.18523902e+01  1.05382512e+01  7.21897743e+00
 1.21682540e+00 -5.43307087e-01  1.21488822e+01  1.05360927e+01  7.16462820e+00
 1.21682540e+00 -4.09448819e-01  1.24453741e+01  1.05339342e+01  7.11027897e+00
 1.21682540e+00 -2.75590551e-01  1.27418661e+01  1.05317757e+01  7.05592973e+00
 1.21682540e+00 -1.41732283e-01  1.30383581e+01  1.05296172e+01  7.00158050e+00
 1.21682540e+00 -7.87401575e-03  1.33348500e+01  1.05274587e+01  6.94723127e+00
 1.21682540e+00  1.25984252e-01  1.36313420e+01  1.05253002e+01  6.89288203e+00
 1.21682540e+00  2.59842520e-01  1.39278340e+01  1.05231417e+01  6.83853280e+00
 1.21682540e+00  3.93700787e-01  1.42243259e+01  1.05209832e+01  6.78418357e+00
 1.21682540e+00  5.27559055e-01  1.45208179e+01  1.05188247e+01  6.72983433e+00
 1.21682540e+00  6.61417323e-01  1.48173099e+01  1.05166662e+01  6.67548510e+00
 1.21682540e+00  7.95275591e-01  1.51138018e+01  1.05145077e+01  6.62113587e+00
 1.21682540e+00  9.29133858e-01  1.54102938e+01  1.05123492e+01  6.56678664e+00
 1.21682540e+00  1.06299213e+00  1.57067858e+01  1.05101907e+01  6.51243740e+00
 1.21682540e+00  1.19685039e+00  1.60032777e+01  1.05080322e+01  6.45808817e+00
 1.21682540e+00  1.33070866e+00  1.62997697e+01  1.05058737e+01  6.40373894e+00
 1.21682540e+00  1.46456693e+00  1.65962617e+01  1.05037152e+01  6.34938970e+00
 1.21682540e+00  1.59842520e+00  1.68927536e+01  1.05015567e+01  6.29504047e+00
 1.21682540e+00  1.73228346e+00  1.71892456e+01  1.04993982e+01  6.24069124e+00
 1.21682540e+00  1.86614173e+00  1.74857376e+01  1.04972397e+01  6.18634200e+00
 1.21682540e+00  2.00000000e+00  1.77822295e+01  1.04950812e+01  6.13199277e+00
 1.29523810e+00 -1.50000000e+01 -6.19725373e+00  1.06173507e+01  9.05594211e+00
 1.29523810e+00 -1.48661417e+01 -6.06338907e+00  1.06173507e+01  9.05204429e+00
 1.29523810e+00 -1.47322835e+01 -5.92952451e+00  1.06173507e+01  9.04814647e+00
 1.29523810e+00 -1.45984252e+01 -5.79565985e+00  1.06173507e+01  9.04424865e+00
 1.29523810e+00 -1.44645669e+01 -5.66179068e+00  1.06173507e+01  9.04031147e+00
 1.29523810e+00 -1.43307087e+01 -5.52791772e+00  1.06173507e+01  9.03638529e+00
 1.29523810e+00 -1.41968504e+01 -5.39404012e+00  1.06173507e+01  9.03243301e+00
 1.29523810e+00 -1.40629921e+01 -5.26015511e+00  1.06173507e+01  9.02838525e+00
 1.29523810e+00 -1.39291339e+01 -5.12625825e+00  1.06173507e+01  9.02432628e+00
 1.29523810e+00 -1.37952756e+01 -4.99234852e+00  1.06173507e+01  9.02024493e+00
 1.29523810e+00 -1.36614173e+01 -4.85842486e+00  1.06173507e+01  9.01606668e+00
 1.29523810e+00 -1.35275591e+01 -4.72447563e+00  1.06173507e+01  9.01188022e+00
 1.29523810e+00 -1.33937008e+01 -4.59049095e+00  1.06173507e+01  9.00769717e+00
 1.29523810e+00 -1.32598425e+01 -4.45646177e+00  1.06173507e+01  9.00345652e+00
 1.29523810e+00 -1.31259843e+01 -4.32237108e+00  1.06173507e+01  8.99916798e+00
 1.29523810e+00 -1.29921260e+01 -4.18819468e+00  1.06173507e+01  8.99481507e+00
 1.29523810e+00 -1.28582677e+01 -4.05390168e+00  1.06173507e+01  8.99037980e+00
 1.29523810e+00 -1.27244094e+01 -3.91945528e+00  1.06173507e+01  8.98593524e+00
 1.29523810e+00 -1.25905512e+01 -3.78493965e+00  1.06172614e+01  8.98142149e+00
 1.29523810e+00 -1.24566929e+01 -3.65142069e+00  1.06164465e+01  8.97652899e+00
 1.29523810e+00 -1.23228346e+01 -3.51785573e+00  1.06156421e+01  8.97161028e+00
 1.29523810e+00 -1.21889764e+01 -3.38425052e+00  1.06148527e+01  8.96668230e+00
 1.29523810e+00 -1.20551181e+01 -3.25060999e+00  1.06140780e+01  8.96173450e+00
 1.29523810e+00 -1.19212598e+01 -3.11693774e+00  1.06133180e+01  8.95676157e+00
 1.29523810e+00 -1.17874016e+01 -2.98324113e+00  1.06125725e+01  8.95176983e+00
 1.29523810e+00 -1.16535433e+01 -2.84952701e+00  1.06118415e+01  8.94675294e+00
 1.29523810e+00 -1.15196850e+01 -2.71579316e+00  1.06111249e+01  8.94165519e+00
 1.29523810e+00 -1.13858268e+01 -2.58204177e+00  1.06104225e+01  8.93650620e+00
 1.29523810e+00 -1.12519685e+01 -2.44827787e+00  1.06097342e+01  8.93135350e+00
 1.29523810e+00 -1.11181102e+01 -2.31450263e+00  1.06090598e+01  8.92612062e+00
 1.29523810e+00 -1.09842520e+01 -2.18071583e+00  1.06083992e+01  8.92082487e+00
 1.29523810e+00 -1.08503937e+01 -2.04691882e+00  1.06077523e+01  8.91551714e+00
 1.29523810e+00 -1.07165354e+01 -1.91311774e+00  1.06071190e+01  8.91013387e+00
 1.29523810e+00 -1.05826772e+01 -1.77931159e+00  1.06064991e+01  8.90468086e+00
 1.29523810e+00 -1.04488189e+01 -1.64549688e+00  1.06058924e+01  8.89919497e+00
 1.29523810e+00 -1.03149606e+01 -1.51167715e+00  1.06052989e+01  8.89364228e+00
 1.29523810e+00 -1.01811024e+01 -1.37785386e+00  1.06047183e+01  8.88800746e+00
 1.29523810e+00 -1.00472441e+01 -1.24402609e+00  1.06041507e+01  8.88230171e+00
 1.29523810e+00 -9.91338583e+00 -1.11019263e+00  1.06035957e+01  8.87655079e+00
 1.29523810e+00 -9.77952756e+00 -9.76357167e-01  1.06030533e+01  8.87075635e+00
 1.29523810e+00 -9.64566929e+00 -8.42522768e-01  1.06025233e+01  8.86488669e+00
 1.29523810e+00 -9.51181102e+00 -7.08684237e-01  1.06020055e+01  8.85888140e+00
 1.29523810e+00 -9.37795276e+00 -5.74841821e-01  1.06014999e+01  8.85279226e+00
 1.29523810e+00 -9.24409449e+00 -4.40998416e-01  1.06010063e+01  8.84667443e+00
 1.29523810e+00 -9.11023622e+00 -3.07153399e-01  1.06005246e+01  8.84043809e+00
 1.29523810e+00 -8.97637795e+00 -1.73305093e-01  1.06000545e+01  8.83412307e+00
 1.29523810e+00 -8.84251969e+00 -3.94539430e-02  1.05995959e+01  8.82777310e+00
 1.29523810e+00 -8.70866142e+00  9.43949357e-02  1.05991489e+01  8.82125865e+00
 1.29523810e+00 -8.57480315e+00  2.28244012e-01  1.05987131e+01  8.81463289e+00
 1.29523810e+00 -8.44094488e+00  3.62097119e-01  1.05982884e+01  8.80798353e+00
 1.29523810e+00 -8.30708661e+00  4.95951026e-01  1.05978747e+01  8.80122121e+00
 1.29523810e+00 -8.17322835e+00  6.29805704e-01  1.05974718e+01  8.79432512e+00
 1.29523810e+00 -8.03937008e+00  7.63662131e-01  1.05970796e+01  8.78731753e+00
 1.29523810e+00 -7.90551181e+00  8.97518755e-01  1.05966980e+01  8.78019946e+00
 1.29523810e+00 -7.77165354e+00  1.03137642e+00  1.05963268e+01  8.77294844e+00
 1.29523810e+00 -7.63779528e+00  1.16523611e+00  1.05959659e+01  8.76557124e+00
 1.29523810e+00 -7.50393701e+00  1.29909627e+00  1.05956150e+01  8.75813833e+00
 1.29523810e+00 -7.37007874e+00  1.43295713e+00  1.05952741e+01  8.75056206e+00
 1.29523810e+00 -7.23622047e+00  1.56681960e+00  1.05949431e+01  8.74278046e+00
 1.29523810e+00 -7.10236220e+00  1.70068378e+00  1.05946218e+01  8.73492896e+00
 1.29523810e+00 -6.96850394e+00  1.83454910e+00  1.05943100e+01  8.72693938e+00
 1.29523810e+00 -6.83464567e+00  1.96841515e+00  1.05940076e+01  8.71873580e+00
 1.29523810e+00 -6.70078740e+00  2.10228237e+00  1.05937144e+01  8.71042670e+00
 1.29523810e+00 -6.56692913e+00  2.23615095e+00  1.05934304e+01  8.70195523e+00
 1.29523810e+00 -6.43307087e+00  2.37002105e+00  1.05931553e+01  8.69326431e+00
 1.29523810e+00 -6.29921260e+00  2.50389311e+00  1.05928891e+01  8.68444532e+00
 1.29523810e+00 -6.16535433e+00  2.63776754e+00  1.05926315e+01  8.67543197e+00
 1.29523810e+00 -6.03149606e+00  2.77164441e+00  1.05923824e+01  8.66616993e+00
 1.29523810e+00 -5.89763780e+00  2.90552323e+00  1.05921418e+01  8.65675588e+00
 1.29523810e+00 -5.76377953e+00  3.03940399e+00  1.05919094e+01  8.64715198e+00
 1.29523810e+00 -5.62992126e+00  3.17328763e+00  1.05916851e+01  8.63731282e+00
 1.29523810e+00 -5.49606299e+00  3.30717550e+00  1.05914687e+01  8.62728486e+00
 1.29523810e+00 -5.36220472e+00  3.44106365e+00  1.05912602e+01  8.61701345e+00
 1.29523810e+00 -5.22834646e+00  3.57495795e+00  1.05910593e+01  8.60646932e+00
 1.29523810e+00 -5.09448819e+00  3.70887301e+00  1.05908657e+01  8.59570868e+00
 1.29523810e+00 -4.96062992e+00  3.84274369e+00  1.05906804e+01  8.58452717e+00
 1.29523810e+00 -4.82677165e+00  3.97657522e+00  1.05905034e+01  8.57288466e+00
 1.29523810e+00 -4.69291339e+00  4.11051776e+00  1.05903323e+01  8.56112342e+00
 1.29523810e+00 -4.55905512e+00  4.24456412e+00  1.05901667e+01  8.54916380e+00
 1.29523810e+00 -4.42519685e+00  4.37886681e+00  1.05900066e+01  8.53682411e+00
 1.29523810e+00 -4.29133858e+00  4.51408888e+00  1.05898489e+01  8.52405110e+00
 1.29523810e+00 -4.15748031e+00  4.65193965e+00  1.05896832e+01  8.51073239e+00
 1.29523810e+00 -4.02362205e+00  4.79647362e+00  1.05894815e+01  8.49654819e+00
 1.29523810e+00 -3.88976378e+00  4.95629245e+00  1.05891806e+01  8.48071823e+00
 1.29523810e+00 -3.75590551e+00  5.14528442e+00  1.05886508e+01  8.46144272e+00
 1.29523810e+00 -3.62204724e+00  5.37813037e+00  1.05875761e+01  8.43386979e+00
 1.29523810e+00 -3.48818898e+00  5.65468918e+00  1.05853964e+01  8.38751827e+00
 1.29523810e+00 -3.35433071e+00  5.93124801e+00  1.05832167e+01  8.34116675e+00
 1.29523810e+00 -3.22047244e+00  6.20780684e+00  1.05810370e+01  8.29481522e+00
 1.29523810e+00 -3.08661417e+00  6.48436567e+00  1.05788573e+01  8.24846370e+00
 1.29523810e+00 -2.95275591e+00  6.76092448e+00  1.05766776e+01  8.20211218e+00
 1.29523810e+00 -2.81889764e+00  7.03748331e+00  1.05744979e+01  8.15576066e+00
 1.29523810e+00 -2.68503937e+00  7.31404214e+00  1.05723182e+01  8.10940913e+00
 1.29523810e+00 -2.55118110e+00  7.59060097e+00  1.05701385e+01  8.06305761e+00
 1.29523810e+00 -2.41732283e+00  7.86715980e+00  1.05679588e+01  8.01670609e+00
 1.29523810e+00 -2.28346457e+00  8.14371861e+00  1.05657791e+01  7.97035457e+00
 1.29523810e+00 -2.14960630e+00  8.42027745e+00  1.05635994e+01  7.92400304e+00
 1.29523810e+00 -2.01574803e+00  8.69683628e+00  1.05614197e+01  7.87765152e+00
 1.29523810e+00 -1.88188976e+00  8.97339511e+00  1.05592400e+01  7.83130000e+00
 1.29523810e+00 -1.74803150e+00  9.24995392e+00  1.05570603e+01  7.78494848e+00
 1.29523810e+00 -1.61417323e+00  9.52651275e+00  1.05548806e+01  7.73859695e+00
 1.29523810e+00 -1.48031496e+00  9.80307158e+00  1.05527009e+01  7.69224543e+00
 1.29523810e+00 -1.34645669e+00  1.00796304e+01  1.05505212e+01  7.64589390e+00
 1.29523810e+00 -1.21259843e+00  1.03561892e+01  1.05483415e+01  7.59954238e+00
 1.29523810e+00 -1.07874016e+00  1.06327480e+01  1.05461618e+01  7.55319086e+00
 1.29523810e+00 -9.44881890e-01  1.09093069e+01  1.05439821e+01  7.50683934e+00
 1.29523810e+00 -8.11023622e-01  1.11858657e+01  1.05418024e+01  7.46048782e+00
 1.29523810e+00 -6.77165354e-01  1.14624245e+01  1.05396227e+01  7.41413629e+00
 1.29523810e+00 -5.43307087e-01  1.17389834e+01  1.05374430e+01  7.36778477e+00
 1.29523810e+00 -4.09448819e-01  1.20155422e+01  1.05352633e+01  7.32143325e+00
 1.29523810e+00 -2.75590551e-01  1.22921010e+01  1.05330836e+01  7.27508172e+00
 1.29523810e+00 -1.41732283e-01  1.25686598e+01  1.05309039e+01  7.22873020e+00
 1.29523810e+00 -7.87401575e-03  1.28452187e+01  1.05287242e+01  7.18237868e+00
 1.29523810e+00  1.25984252e-01  1.31217775e+01  1.05265445e+01  7.13602716e+00
 1.29523810e+00  2.59842520e-01  1.33983363e+01  1.05243648e+01  7.08967563e+00
 1.29523810e+00  3.93700787e-01  1.36748951e+01  1.05221851e+01  7.04332411e+00
 1.29523810e+00  5.27559055e-01  1.39514540e+01  1.05200054e+01  6.99697259e+00
 1.29523810e+00  6.61417323e-01  1.42280128e+01  1.05178257e+01  6.95062107e+00
 1.29523810e+00  7.95275591e-01  1.45045716e+01  1.05156460e+01  6.90426954e+00
 1.29523810e+00  9.29133858e-01  1.47811304e+01  1.05134663e+01  6.85791802e+00
 1.29523810e+00  1.06299213e+00  1.50576893e+01  1.05112866e+01  6.81156650e+00
 1.29523810e+00  1.19685039e+00  1.53342481e+01  1.05091069e+01  6.76521498e+00
 1.29523810e+00  1.33070866e+00  1.56108069e+01  1.05069272e+01  6.71886345e+00
 1.29523810e+00  1.46456693e+00  1.58873657e+01  1.05047475e+01  6.67251193e+00
 1.29523810e+00  1.59842520e+00  1.61639246e+01  1.05025678e+01  6.62616041e+00
 1.29523810e+00  1.73228346e+00  1.64404834e+01  1.05003881e+01  6.57980889e+00
 1.29523810e+00  1.86614173e+00  1.67170422e+01  1.04982084e+01  6.53345736e+00
 1.29523810e+00  2.00000000e+00  1.69936011e+01  1.04960287e+01  6.48710584e+00
 1.37365079e+00 -1.50000000e+01 -6.11885136e+00  1.06201056e+01  9.06000300e+00
 1.37365079e+00 -1.48661417e+01 -5.98499817e+00  1.06201056e+01  9.05620500e+00
 1.37365079e+00 -1.47322835e+01 -5.85114508e+00  1.06201056e+01  9.05240700e+00
 1.37365079e+00 -1.45984252e+01 -5.71726920e+00  1.06201056e+01  9.04854389e+00
 1.37365079e+00 -1.44645669e+01 -5.58339240e+00  1.06201056e+01  9.04467186e+00
 1.37365079e+00 -1.43307087e+01 -5.44952382e+00  1.06201056e+01  9.04080608e+00
 1.37365079e+00 -1.41968504e+01 -5.31563982e+00  1.06201056e+01  9.03685817e+00
 1.37365079e+00 -1.40629921e+01 -5.18173686e+00  1.06201056e+01  9.03285236e+00
 1.37365079e+00 -1.39291339e+01 -5.04782703e+00  1.06201056e+01  9.02886141e+00
 1.37365079e+00 -1.37952756e+01 -4.91391342e+00  1.06201056e+01  9.02484010e+00
 1.37365079e+00 -1.36614173e+01 -4.77997430e+00  1.06201056e+01  9.02073969e+00
 1.37365079e+00 -1.35275591e+01 -4.64598766e+00  1.06201056e+01  9.01655787e+00
 1.37365079e+00 -1.33937008e+01 -4.51196903e+00  1.06201056e+01  9.01237505e+00
 1.37365079e+00 -1.32598425e+01 -4.37789642e+00  1.06201056e+01  9.00818805e+00
 1.37365079e+00 -1.31259843e+01 -4.24372911e+00  1.06201056e+01  9.00394525e+00
 1.37365079e+00 -1.29921260e+01 -4.10945169e+00  1.06201056e+01  8.99963736e+00
 1.37365079e+00 -1.28582677e+01 -3.97503672e+00  1.06201056e+01  8.99529114e+00
 1.37365079e+00 -1.27244094e+01 -3.84042725e+00  1.06201056e+01  8.99091245e+00
 1.37365079e+00 -1.25905512e+01 -3.70655892e+00  1.06195321e+01  8.98619541e+00
 1.37365079e+00 -1.24566929e+01 -3.57304357e+00  1.06187110e+01  8.98135785e+00
 1.37365079e+00 -1.23228346e+01 -3.43949222e+00  1.06179053e+01  8.97655265e+00
 1.37365079e+00 -1.21889764e+01 -3.30588877e+00  1.06171143e+01  8.97168773e+00
 1.37365079e+00 -1.20551181e+01 -3.17224056e+00  1.06163384e+01  8.96676526e+00
 1.37365079e+00 -1.19212598e+01 -3.03856872e+00  1.06155772e+01  8.96182887e+00
 1.37365079e+00 -1.17874016e+01 -2.90488437e+00  1.06148308e+01  8.95686748e+00
 1.37365079e+00 -1.16535433e+01 -2.77117409e+00  1.06140990e+01  8.95188337e+00
 1.37365079e+00 -1.15196850e+01 -2.63743040e+00  1.06133815e+01  8.94686804e+00
 1.37365079e+00 -1.13858268e+01 -2.50368321e+00  1.06126784e+01  8.94177245e+00
 1.37365079e+00 -1.12519685e+01 -2.36992535e+00  1.06119895e+01  8.93661909e+00
 1.37365079e+00 -1.11181102e+01 -2.23614139e+00  1.06113145e+01  8.93145130e+00
 1.37365079e+00 -1.09842520e+01 -2.10234732e+00  1.06106535e+01  8.92626295e+00
 1.37365079e+00 -1.08503937e+01 -1.96855614e+00  1.06100063e+01  8.92101743e+00
 1.37365079e+00 -1.07165354e+01 -1.83476508e+00  1.06093728e+01  8.91568471e+00
 1.37365079e+00 -1.05826772e+01 -1.70095175e+00  1.06087528e+01  8.91027630e+00
 1.37365079e+00 -1.04488189e+01 -1.56713191e+00  1.06081461e+01  8.90482004e+00
 1.37365079e+00 -1.03149606e+01 -1.43332102e+00  1.06075526e+01  8.89932179e+00
 1.37365079e+00 -1.01811024e+01 -1.29949497e+00  1.06069723e+01  8.89374193e+00
 1.37365079e+00 -1.00472441e+01 -1.16565678e+00  1.06064047e+01  8.88811697e+00
 1.37365079e+00 -9.91338583e+00 -1.03182239e+00  1.06058500e+01  8.88245915e+00
 1.37365079e+00 -9.77952756e+00 -8.97998082e-01  1.06053080e+01  8.87667230e+00
 1.37365079e+00 -9.64566929e+00 -7.64165514e-01  1.06047786e+01  8.87080263e+00
 1.37365079e+00 -9.51181102e+00 -6.30316622e-01  1.06042613e+01  8.86491039e+00
 1.37365079e+00 -9.37795276e+00 -4.96478963e-01  1.06037563e+01  8.85894323e+00
 1.37365079e+00 -9.24409449e+00 -3.62640755e-01  1.06032635e+01  8.85287990e+00
 1.37365079e+00 -9.11023622e+00 -2.28786619e-01  1.06027824e+01  8.84673352e+00
 1.37365079e+00 -8.97637795e+00 -9.49317713e-02  1.06023132e+01  8.84053145e+00
 1.37365079e+00 -8.84251969e+00  3.89125044e-02  1.06018556e+01  8.83422863e+00
 1.37365079e+00 -8.70866142e+00  1.72751560e-01  1.06014095e+01  8.82779496e+00
 1.37365079e+00 -8.57480315e+00  3.06608180e-01  1.06009746e+01  8.82128074e+00
 1.37365079e+00 -8.44094488e+00  4.40464937e-01  1.06005511e+01  8.81469673e+00
 1.37365079e+00 -8.30708661e+00  5.74309654e-01  1.06001385e+01  8.80802492e+00
 1.37365079e+00 -8.17322835e+00  7.08167048e-01  1.05997369e+01  8.80123745e+00
 1.37365079e+00 -8.03937008e+00  8.42033201e-01  1.05993459e+01  8.79432142e+00
 1.37365079e+00 -7.90551181e+00  9.75892833e-01  1.05989656e+01  8.78729135e+00
 1.37365079e+00 -7.77165354e+00  1.10973944e+00  1.05985958e+01  8.78018615e+00
 1.37365079e+00 -7.63779528e+00  1.24359434e+00  1.05982362e+01  8.77298598e+00
 1.37365079e+00 -7.50393701e+00  1.37746655e+00  1.05978868e+01  8.76564970e+00
 1.37365079e+00 -7.37007874e+00  1.51133139e+00  1.05975474e+01  8.75815201e+00
 1.37365079e+00 -7.23622047e+00  1.64518925e+00  1.05972179e+01  8.75052124e+00
 1.37365079e+00 -7.10236220e+00  1.77904939e+00  1.05968982e+01  8.74278601e+00
 1.37365079e+00 -6.96850394e+00  1.91291479e+00  1.05965880e+01  8.73493440e+00
 1.37365079e+00 -6.83464567e+00  2.04677594e+00  1.05962872e+01  8.72690236e+00
 1.37365079e+00 -6.70078740e+00  2.18063453e+00  1.05959958e+01  8.71867798e+00
 1.37365079e+00 -6.56692913e+00  2.31451036e+00  1.05957134e+01  8.71033866e+00
 1.37365079e+00 -6.43307087e+00  2.44838927e+00  1.05954401e+01  8.70186336e+00
 1.37365079e+00 -6.29921260e+00  2.58225863e+00  1.05951755e+01  8.69320642e+00
 1.37365079e+00 -6.16535433e+00  2.71612728e+00  1.05949198e+01  8.68435440e+00
 1.37365079e+00 -6.03149606e+00  2.85000161e+00  1.05946726e+01  8.67534566e+00
 1.37365079e+00 -5.89763780e+00  2.98387854e+00  1.05944338e+01  8.66616920e+00
 1.37365079e+00 -5.76377953e+00  3.11774885e+00  1.05942032e+01  8.65674356e+00
 1.37365079e+00 -5.62992126e+00  3.25163081e+00  1.05939808e+01  8.64711633e+00
 1.37365079e+00 -5.49606299e+00  3.38552767e+00  1.05937663e+01  8.63730663e+00
 1.37365079e+00 -5.36220472e+00  3.51941614e+00  1.05935597e+01  8.62724780e+00
 1.37365079e+00 -5.22834646e+00  3.65331144e+00  1.05933607e+01  8.61696319e+00
 1.37365079e+00 -5.09448819e+00  3.78720321e+00  1.05931693e+01  8.60638125e+00
 1.37365079e+00 -4.96062992e+00  3.92105024e+00  1.05929856e+01  8.59534192e+00
 1.37365079e+00 -4.82677165e+00  4.05492023e+00  1.05928089e+01  8.58409001e+00
 1.37365079e+00 -4.69291339e+00  4.18885749e+00  1.05926392e+01  8.57272838e+00
 1.37365079e+00 -4.55905512e+00  4.32286106e+00  1.05924767e+01  8.56104643e+00
 1.37365079e+00 -4.42519685e+00  4.45710082e+00  1.05923193e+01  8.54902232e+00
 1.37365079e+00 -4.29133858e+00  4.59212899e+00  1.05921637e+01  8.53662796e+00
 1.37365079e+00 -4.15748031e+00  4.72929948e+00  1.05920015e+01  8.52372818e+00
 1.37365079e+00 -4.02362205e+00  4.87215562e+00  1.05918023e+01  8.51008958e+00
 1.37365079e+00 -3.88976378e+00  5.02792940e+00  1.05915117e+01  8.49511236e+00
 1.37365079e+00 -3.75590551e+00  5.20876083e+00  1.05909836e+01  8.47707279e+00
 1.37365079e+00 -3.62204724e+00  5.43097420e+00  1.05899605e+01  8.45283958e+00
 1.37365079e+00 -3.48818898e+00  5.68684434e+00  1.05877710e+01  8.41299921e+00
 1.37365079e+00 -3.35433071e+00  5.94271450e+00  1.05855815e+01  8.37315884e+00
 1.37365079e+00 -3.22047244e+00  6.19858466e+00  1.05833920e+01  8.33331846e+00
 1.37365079e+00 -3.08661417e+00  6.45445482e+00  1.05812025e+01  8.29347809e+00
 1.37365079e+00 -2.95275591e+00  6.71032496e+00  1.05790130e+01  8.25363772e+00
 1.37365079e+00 -2.81889764e+00  6.96619512e+00  1.05768235e+01  8.21379735e+00
 1.37365079e+00 -2.68503937e+00  7.22206528e+00  1.05746340e+01  8.17395698e+00
 1.37365079e+00 -2.55118110e+00  7.47793543e+00  1.05724445e+01  8.13411660e+00
 1.37365079e+00 -2.41732283e+00  7.73380559e+00  1.05702550e+01  8.09427623e+00
 1.37365079e+00 -2.28346457e+00  7.98967573e+00  1.05680655e+01  8.05443586e+00
 1.37365079e+00 -2.14960630e+00  8.24554589e+00  1.05658760e+01  8.01459549e+00
 1.37365079e+00 -2.01574803e+00  8.50141605e+00  1.05636865e+01  7.97475511e+00
 1.37365079e+00 -1.88188976e+00  8.75728621e+00  1.05614970e+01  7.93491474e+00
 1.37365079e+00 -1.74803150e+00  9.01315635e+00  1.05593075e+01  7.89507437e+00
 1.37365079e+00 -1.61417323e+00  9.26902651e+00  1.05571180e+01  7.85523400e+00
 1.37365079e+00 -1.48031496e+00  9.52489667e+00  1.05549285e+01  7.81539362e+00
 1.37365079e+00 -1.34645669e+00  9.78076683e+00  1.05527390e+01  7.77555325e+00
 1.37365079e+00 -1.21259843e+00  1.00366370e+01  1.05505495e+01  7.73571288e+00
 1.37365079e+00 -1.07874016e+00  1.02925071e+01  1.05483600e+01  7.69587251e+00
 1.37365079e+00 -9.44881890e-01  1.05483773e+01  1.05461705e+01  7.65603214e+00
 1.37365079e+00 -8.11023622e-01  1.08042474e+01  1.05439810e+01  7.61619176e+00
 1.37365079e+00 -6.77165354e-01  1.10601176e+01  1.05417915e+01  7.57635139e+00
 1.37365079e+00 -5.43307087e-01  1.13159878e+01  1.05396020e+01  7.53651102e+00
 1.37365079e+00 -4.09448819e-01  1.15718579e+01  1.05374125e+01  7.49667065e+00
 1.37365079e+00 -2.75590551e-01  1.18277281e+01  1.05352230e+01  7.45683027e+00
 1.37365079e+00 -1.41732283e-01  1.20835982e+01  1.05330335e+01  7.41698990e+00
 1.37365079e+00 -7.87401575e-03  1.23394684e+01  1.05308440e+01  7.37714953e+00
 1.37365079e+00  1.25984252e-01  1.25953385e+01  1.05286545e+01  7.33730916e+00
 1.37365079e+00  2.59842520e-01  1.28512087e+01  1.05264650e+01  7.29746878e+00
 1.37365079e+00  3.93700787e-01  1.31070788e+01  1.05242755e+01  7.25762841e+00
 1.37365079e+00  5.27559055e-01  1.33629490e+01  1.05220860e+01  7.21778804e+00
 1.37365079e+00  6.61417323e-01  1.36188191e+01  1.05198965e+01  7.17794767e+00
 1.37365079e+00  7.95275591e-01  1.38746893e+01  1.05177070e+01  7.13810730e+00
 1.37365079e+00  9.29133858e-01  1.41305595e+01  1.05155175e+01  7.09826692e+00
 1.37365079e+00  1.06299213e+00  1.43864296e+01  1.05133280e+01  7.05842655e+00
 1.37365079e+00  1.19685039e+00  1.46422998e+01  1.05111385e+01  7.01858618e+00
 1.37365079e+00  1.33070866e+00  1.48981699e+01  1.05089490e+01  6.97874581e+00
 1.37365079e+00  1.46456693e+00  1.51540401e+01  1.05067595e+01  6.93890543e+00
 1.37365079e+00  1.59842520e+00  1.54099102e+01  1.05045700e+01  6.89906506e+00
 1.37365079e+00  1.73228346e+00  1.56657804e+01  1.05023805e+01  6.85922469e+00
 1.37365079e+00  1.86614173e+00  1.59216505e+01  1.05001910e+01  6.81938432e+00
 1.37365079e+00  2.00000000e+00  1.61775207e+01  1.04980015e+01  6.77954394e+00
 1.45206349e+00 -1.50000000e+01 -6.04063609e+00  1.06237187e+01  9.06465494e+00
 1.45206349e+00 -1.48661417e+01 -5.90670168e+00  1.06237187e+01  9.06089702e+00
 1.45206349e+00 -1.47322835e+01 -5.77276737e+00  1.06237187e+01  9.05713910e+00
 1.45206349e+00 -1.45984252e+01 -5.63881827e+00  1.06237187e+01  9.05333531e+00
 1.45206349e+00 -1.44645669e+01 -5.50499149e+00  1.06237187e+01  9.04948259e+00
 1.45206349e+00 -1.43307087e+01 -5.37115150e+00  1.06237187e+01  9.04561281e+00
 1.45206349e+00 -1.41968504e+01 -5.23717915e+00  1.06237187e+01  9.04173575e+00
 1.45206349e+00 -1.40629921e+01 -5.10329255e+00  1.06237187e+01  9.03778333e+00
 1.45206349e+00 -1.39291339e+01 -4.96945368e+00  1.06237187e+01  9.03378929e+00
 1.45206349e+00 -1.37952756e+01 -4.83551485e+00  1.06237187e+01  9.02979900e+00
 1.45206349e+00 -1.36614173e+01 -4.70146232e+00  1.06237187e+01  9.02576010e+00
 1.45206349e+00 -1.35275591e+01 -4.56742485e+00  1.06237187e+01  9.02167115e+00
 1.45206349e+00 -1.33937008e+01 -4.43343646e+00  1.06237187e+01  9.01754958e+00
 1.45206349e+00 -1.32598425e+01 -4.29925052e+00  1.06237187e+01  9.01338422e+00
 1.45206349e+00 -1.31259843e+01 -4.16494891e+00  1.06237187e+01  9.00917785e+00
 1.45206349e+00 -1.29921260e+01 -4.03063168e+00  1.06237187e+01  9.00492975e+00
 1.45206349e+00 -1.28582677e+01 -3.89609011e+00  1.06237187e+01  9.00061874e+00
 1.45206349e+00 -1.27244094e+01 -3.76163273e+00  1.06234860e+01  8.99615038e+00
 1.45206349e+00 -1.25905512e+01 -3.62811757e+00  1.06226502e+01  8.99144404e+00
 1.45206349e+00 -1.24566929e+01 -3.49466941e+00  1.06218290e+01  8.98671858e+00
 1.45206349e+00 -1.23228346e+01 -3.36114763e+00  1.06210230e+01  8.98196222e+00
 1.45206349e+00 -1.21889764e+01 -3.22746785e+00  1.06202314e+01  8.97717476e+00
 1.45206349e+00 -1.20551181e+01 -3.09385931e+00  1.06194554e+01  8.97236994e+00
 1.45206349e+00 -1.19212598e+01 -2.96027090e+00  1.06186946e+01  8.96751579e+00
 1.45206349e+00 -1.17874016e+01 -2.82657503e+00  1.06179481e+01  8.96259134e+00
 1.45206349e+00 -1.16535433e+01 -2.69277796e+00  1.06172158e+01  8.95762886e+00
 1.45206349e+00 -1.15196850e+01 -2.55902979e+00  1.06164985e+01  8.95264160e+00
 1.45206349e+00 -1.13858268e+01 -2.42535948e+00  1.06157960e+01  8.94762543e+00
 1.45206349e+00 -1.12519685e+01 -2.29154796e+00  1.06151072e+01  8.94256550e+00
 1.45206349e+00 -1.11181102e+01 -2.15772869e+00  1.06144325e+01  8.93744780e+00
 1.45206349e+00 -1.09842520e+01 -2.02402079e+00  1.06137724e+01  8.93227797e+00
 1.45206349e+00 -1.08503937e+01 -1.89026725e+00  1.06131260e+01  8.92708119e+00
 1.45206349e+00 -1.07165354e+01 -1.75641205e+00  1.06124929e+01  8.92181350e+00
 1.45206349e+00 -1.05826772e+01 -1.62253137e+00  1.06118733e+01  8.91646191e+00
 1.45206349e+00 -1.04488189e+01 -1.48877638e+00  1.06112677e+01  8.91109259e+00
 1.45206349e+00 -1.03149606e+01 -1.35498274e+00  1.06106752e+01  8.90565666e+00
 1.45206349e+00 -1.01811024e+01 -1.22107682e+00  1.06100954e+01  8.90012920e+00
 1.45206349e+00 -1.00472441e+01 -1.08728219e+00  1.06095292e+01  8.89458343e+00
 1.45206349e+00 -9.91338583e+00 -9.53526502e-01  1.06089759e+01  8.88898672e+00
 1.45206349e+00 -9.77952756e+00 -8.19683588e-01  1.06084350e+01  8.88329789e+00
 1.45206349e+00 -9.64566929e+00 -6.85762327e-01  1.06079063e+01  8.87752942e+00
 1.45206349e+00 -9.51181102e+00 -5.51916286e-01  1.06073904e+01  8.87168213e+00
 1.45206349e+00 -9.37795276e+00 -4.18152364e-01  1.06068871e+01  8.86577150e+00
 1.45206349e+00 -9.24409449e+00 -2.84253831e-01  1.06063954e+01  8.85982724e+00
 1.45206349e+00 -9.11023622e+00 -1.50372194e-01  1.06059157e+01  8.85378934e+00
 1.45206349e+00 -8.97637795e+00 -1.66056333e-02  1.06054483e+01  8.84762751e+00
 1.45206349e+00 -8.84251969e+00  1.17206635e-01  1.06049924e+01  8.84139090e+00
 1.45206349e+00 -8.70866142e+00  2.51113988e-01  1.06045476e+01  8.83507690e+00
 1.45206349e+00 -8.57480315e+00  3.85032168e-01  1.06041143e+01  8.82868073e+00
 1.45206349e+00 -8.44094488e+00  5.18819045e-01  1.06036926e+01  8.82221329e+00
 1.45206349e+00 -8.30708661e+00  6.52654204e-01  1.06032818e+01  8.81563027e+00
 1.45206349e+00 -8.17322835e+00  7.86589151e-01  1.06028817e+01  8.80892558e+00
 1.45206349e+00 -8.03937008e+00  9.20410887e-01  1.06024927e+01  8.80215434e+00
 1.45206349e+00 -7.90551181e+00  1.05420599e+00  1.06021144e+01  8.79528416e+00
 1.45206349e+00 -7.77165354e+00  1.18806275e+00  1.06017465e+01  8.78828650e+00
 1.45206349e+00 -7.63779528e+00  1.32193620e+00  1.06013888e+01  8.78117343e+00
 1.45206349e+00 -7.50393701e+00  1.45579562e+00  1.06010414e+01  8.77393449e+00
 1.45206349e+00 -7.37007874e+00  1.58965791e+00  1.06007040e+01  8.76656665e+00
 1.45206349e+00 -7.23622047e+00  1.72356983e+00  1.06003764e+01  8.75908401e+00
 1.45206349e+00 -7.10236220e+00  1.85747949e+00  1.06000585e+01  8.75148888e+00
 1.45206349e+00 -6.96850394e+00  1.99133143e+00  1.05997504e+01  8.74378234e+00
 1.45206349e+00 -6.83464567e+00  2.12512503e+00  1.05994520e+01  8.73595583e+00
 1.45206349e+00 -6.70078740e+00  2.25895610e+00  1.05991626e+01  8.72794134e+00
 1.45206349e+00 -6.56692913e+00  2.39284297e+00  1.05988824e+01  8.71973984e+00
 1.45206349e+00 -6.43307087e+00  2.52670802e+00  1.05986113e+01  8.71142939e+00
 1.45206349e+00 -6.29921260e+00  2.66060206e+00  1.05983489e+01  8.70297327e+00
 1.45206349e+00 -6.16535433e+00  2.79453325e+00  1.05980952e+01  8.69433048e+00
 1.45206349e+00 -6.03149606e+00  2.92842620e+00  1.05978501e+01  8.68550279e+00
 1.45206349e+00 -5.89763780e+00  3.06225212e+00  1.05976137e+01  8.67652171e+00
 1.45206349e+00 -5.76377953e+00  3.19606381e+00  1.05973854e+01  8.66736218e+00
 1.45206349e+00 -5.62992126e+00  3.32994986e+00  1.05971652e+01  8.65795488e+00
 1.45206349e+00 -5.49606299e+00  3.46383910e+00  1.05969529e+01  8.64834211e+00
 1.45206349e+00 -5.36220472e+00  3.59772800e+00  1.05967486e+01  8.63854341e+00
 1.45206349e+00 -5.22834646e+00  3.73168306e+00  1.05965517e+01  8.62850841e+00
 1.45206349e+00 -5.09448819e+00  3.86557096e+00  1.05963625e+01  8.61814476e+00
 1.45206349e+00 -4.96062992e+00  3.99938654e+00  1.05961808e+01  8.60751317e+00
 1.45206349e+00 -4.82677165e+00  4.13327322e+00  1.05960065e+01  8.59676421e+00
 1.45206349e+00 -4.69291339e+00  4.26722190e+00  1.05958377e+01  8.58575068e+00
 1.45206349e+00 -4.55905512e+00  4.40122192e+00  1.05956751e+01  8.57439503e+00
 1.45206349e+00 -4.42519685e+00  4.53538955e+00  1.05955210e+01  8.56273813e+00
 1.45206349e+00 -4.29133858e+00  4.67021565e+00  1.05953688e+01  8.55071429e+00
 1.45206349e+00 -4.15748031e+00  4.80690852e+00  1.05952072e+01  8.53823692e+00
 1.45206349e+00 -4.02362205e+00  4.94820782e+00  1.05950151e+01  8.52515003e+00
 1.45206349e+00 -3.88976378e+00  5.10075814e+00  1.05947353e+01  8.51093389e+00
 1.45206349e+00 -3.75590551e+00  5.27395744e+00  1.05942027e+01  8.49408317e+00
 1.45206349e+00 -3.62204724e+00  5.48748837e+00  1.05932297e+01  8.47269407e+00
 1.45206349e+00 -3.48818898e+00  5.72465678e+00  1.05910627e+01  8.43848896e+00
 1.45206349e+00 -3.35433071e+00  5.96182521e+00  1.05888957e+01  8.40428385e+00
 1.45206349e+00 -3.22047244e+00  6.19899364e+00  1.05867287e+01  8.37007873e+00
 1.45206349e+00 -3.08661417e+00  6.43616206e+00  1.05845617e+01  8.33587362e+00
 1.45206349e+00 -2.95275591e+00  6.67333047e+00  1.05823947e+01  8.30166851e+00
 1.45206349e+00 -2.81889764e+00  6.91049890e+00  1.05802277e+01  8.26746340e+00
 1.45206349e+00 -2.68503937e+00  7.14766733e+00  1.05780607e+01  8.23325829e+00
 1.45206349e+00 -2.55118110e+00  7.38483576e+00  1.05758937e+01  8.19905317e+00
 1.45206349e+00 -2.41732283e+00  7.62200418e+00  1.05737267e+01  8.16484806e+00
 1.45206349e+00 -2.28346457e+00  7.85917259e+00  1.05715597e+01  8.13064295e+00
 1.45206349e+00 -2.14960630e+00  8.09634102e+00  1.05693927e+01  8.09643784e+00
 1.45206349e+00 -2.01574803e+00  8.33350945e+00  1.05672257e+01  8.06223273e+00
 1.45206349e+00 -1.88188976e+00  8.57067788e+00  1.05650587e+01  8.02802761e+00
 1.45206349e+00 -1.74803150e+00  8.80784629e+00  1.05628917e+01  7.99382250e+00
 1.45206349e+00 -1.61417323e+00  9.04501471e+00  1.05607247e+01  7.95961739e+00
 1.45206349e+00 -1.48031496e+00  9.28218314e+00  1.05585577e+01  7.92541228e+00
 1.45206349e+00 -1.34645669e+00  9.51935157e+00  1.05563907e+01  7.89120717e+00
 1.45206349e+00 -1.21259843e+00  9.75651998e+00  1.05542237e+01  7.85700206e+00
 1.45206349e+00 -1.07874016e+00  9.99368841e+00  1.05520567e+01  7.82279694e+00
 1.45206349e+00 -9.44881890e-01  1.02308568e+01  1.05498897e+01  7.78859183e+00
 1.45206349e+00 -8.11023622e-01  1.04680253e+01  1.05477227e+01  7.75438672e+00
 1.45206349e+00 -6.77165354e-01  1.07051937e+01  1.05455557e+01  7.72018161e+00
 1.45206349e+00 -5.43307087e-01  1.09423621e+01  1.05433887e+01  7.68597650e+00
 1.45206349e+00 -4.09448819e-01  1.11795305e+01  1.05412217e+01  7.65177138e+00
 1.45206349e+00 -2.75590551e-01  1.14166990e+01  1.05390547e+01  7.61756627e+00
 1.45206349e+00 -1.41732283e-01  1.16538674e+01  1.05368877e+01  7.58336116e+00
 1.45206349e+00 -7.87401575e-03  1.18910358e+01  1.05347207e+01  7.54915605e+00
 1.45206349e+00  1.25984252e-01  1.21282042e+01  1.05325537e+01  7.51495094e+00
 1.45206349e+00  2.59842520e-01  1.23653726e+01  1.05303867e+01  7.48074582e+00
 1.45206349e+00  3.93700787e-01  1.26025411e+01  1.05282197e+01  7.44654071e+00
 1.45206349e+00  5.27559055e-01  1.28397095e+01  1.05260527e+01  7.41233560e+00
 1.45206349e+00  6.61417323e-01  1.30768779e+01  1.05238857e+01  7.37813049e+00
 1.45206349e+00  7.95275591e-01  1.33140463e+01  1.05217187e+01  7.34392538e+00
 1.45206349e+00  9.29133858e-01  1.35512148e+01  1.05195517e+01  7.30972026e+00
 1.45206349e+00  1.06299213e+00  1.37883832e+01  1.05173847e+01  7.27551515e+00
 1.45206349e+00  1.19685039e+00  1.40255516e+01  1.05152177e+01  7.24131004e+00
 1.45206349e+00  1.33070866e+00  1.42627200e+01  1.05130507e+01  7.20710493e+00
 1.45206349e+00  1.46456693e+00  1.44998885e+01  1.05108837e+01  7.17289982e+00
 1.45206349e+00  1.59842520e+00  1.47370569e+01  1.05087167e+01  7.13869470e+00
 1.45206349e+00  1.73228346e+00  1.49742253e+01  1.05065497e+01  7.10448959e+00
 1.45206349e+00  1.86614173e+00  1.52113937e+01  1.05043827e+01  7.07028448e+00
 1.45206349e+00  2.00000000e+00  1.54485622e+01  1.05022157e+01  7.03607937e+00
 1.53047619e+00 -1.50000000e+01 -5.96211770e+00  1.06287130e+01  9.07051840e+00
 1.53047619e+00 -1.48661417e+01 -5.82824578e+00  1.06287130e+01  9.06683183e+00
 1.53047619e+00 -1.47322835e+01 -5.69434942e+00  1.06287130e+01  9.06310457e+00
 1.53047619e+00 -1.45984252e+01 -5.56047144e+00  1.06287130e+01  9.05936153e+00
 1.53047619e+00 -1.44645669e+01 -5.42661129e+00  1.06287130e+01  9.05560840e+00
 1.53047619e+00 -1.43307087e+01 -5.29270803e+00  1.06287130e+01  9.05181974e+00
 1.53047619e+00 -1.41968504e+01 -5.15879466e+00  1.06287130e+01  9.04798016e+00
 1.53047619e+00 -1.40629921e+01 -5.02489921e+00  1.06287130e+01  9.04409297e+00
 1.53047619e+00 -1.39291339e+01 -4.89097111e+00  1.06287130e+01  9.04017858e+00
 1.53047619e+00 -1.37952756e+01 -4.75698794e+00  1.06287130e+01  9.03622966e+00
 1.53047619e+00 -1.36614173e+01 -4.62296060e+00  1.06287130e+01  9.03222972e+00
 1.53047619e+00 -1.35275591e+01 -4.48891495e+00  1.06287130e+01  9.02817526e+00
 1.53047619e+00 -1.33937008e+01 -4.35478619e+00  1.06287130e+01  9.02411093e+00
 1.53047619e+00 -1.32598425e+01 -4.22052775e+00  1.06287130e+01  9.02003510e+00
 1.53047619e+00 -1.31259843e+01 -4.08616482e+00  1.06287130e+01  9.01586784e+00
 1.53047619e+00 -1.29921260e+01 -3.95162549e+00  1.06287130e+01  9.01167008e+00
 1.53047619e+00 -1.28582677e+01 -3.81680639e+00  1.06287130e+01  9.00745758e+00
 1.53047619e+00 -1.27244094e+01 -3.68321238e+00  1.06279831e+01  9.00287093e+00
 1.53047619e+00 -1.25905512e+01 -3.54978045e+00  1.06271481e+01  8.99825824e+00
 1.53047619e+00 -1.24566929e+01 -3.41630578e+00  1.06263283e+01  8.99366332e+00
 1.53047619e+00 -1.23228346e+01 -3.28274121e+00  1.06255235e+01  8.98898341e+00
 1.53047619e+00 -1.21889764e+01 -3.14913805e+00  1.06247339e+01  8.98426063e+00
 1.53047619e+00 -1.20551181e+01 -3.01552849e+00  1.06239595e+01  8.97950693e+00
 1.53047619e+00 -1.19212598e+01 -2.88187336e+00  1.06232000e+01  8.97465111e+00
 1.53047619e+00 -1.17874016e+01 -2.74816584e+00  1.06224554e+01  8.96981557e+00
 1.53047619e+00 -1.16535433e+01 -2.61443402e+00  1.06217252e+01  8.96501235e+00
 1.53047619e+00 -1.15196850e+01 -2.48071866e+00  1.06210100e+01  8.96006733e+00
 1.53047619e+00 -1.13858268e+01 -2.34697319e+00  1.06203091e+01  8.95511682e+00
 1.53047619e+00 -1.12519685e+01 -2.21318756e+00  1.06196224e+01  8.95020968e+00
 1.53047619e+00 -1.11181102e+01 -2.07942372e+00  1.06189501e+01  8.94517492e+00
 1.53047619e+00 -1.09842520e+01 -1.94565726e+00  1.06182919e+01  8.94006483e+00
 1.53047619e+00 -1.08503937e+01 -1.81185723e+00  1.06176475e+01  8.93492729e+00
 1.53047619e+00 -1.07165354e+01 -1.67803103e+00  1.06170167e+01  8.92971482e+00
 1.53047619e+00 -1.05826772e+01 -1.54422227e+00  1.06163996e+01  8.92444689e+00
 1.53047619e+00 -1.04488189e+01 -1.41042706e+00  1.06157962e+01  8.91914771e+00
 1.53047619e+00 -1.03149606e+01 -1.27658971e+00  1.06152059e+01  8.91381209e+00
 1.53047619e+00 -1.01811024e+01 -1.14275778e+00  1.06146289e+01  8.90840849e+00
 1.53047619e+00 -1.00472441e+01 -1.00895215e+00  1.06140650e+01  8.90291900e+00
 1.53047619e+00 -9.91338583e+00 -8.75127727e-01  1.06135139e+01  8.89735542e+00
 1.53047619e+00 -9.77952756e+00 -7.41275033e-01  1.06129755e+01  8.89174835e+00
 1.53047619e+00 -9.64566929e+00 -6.07420619e-01  1.06124497e+01  8.88609831e+00
 1.53047619e+00 -9.51181102e+00 -4.73599710e-01  1.06119364e+01  8.88036671e+00
 1.53047619e+00 -9.37795276e+00 -3.39759450e-01  1.06114354e+01  8.87452643e+00
 1.53047619e+00 -9.24409449e+00 -2.05894165e-01  1.06109465e+01  8.86858857e+00
 1.53047619e+00 -9.11023622e+00 -7.20623481e-02  1.06104697e+01  8.86260000e+00
 1.53047619e+00 -8.97637795e+00  6.17661747e-02  1.06100047e+01  8.85659053e+00
 1.53047619e+00 -8.84251969e+00  1.95621209e-01  1.06095514e+01  8.85050342e+00
 1.53047619e+00 -8.70866142e+00  3.29494463e-01  1.06091095e+01  8.84424536e+00
 1.53047619e+00 -8.57480315e+00  4.63343134e-01  1.06086791e+01  8.83794972e+00
 1.53047619e+00 -8.44094488e+00  5.97176113e-01  1.06082601e+01  8.83164532e+00
 1.53047619e+00 -8.30708661e+00  7.31045698e-01  1.06078521e+01  8.82520891e+00
 1.53047619e+00 -8.17322835e+00  8.64913527e-01  1.06074549e+01  8.81863663e+00
 1.53047619e+00 -8.03937008e+00  9.98757158e-01  1.06070687e+01  8.81196564e+00
 1.53047619e+00 -7.90551181e+00  1.13259775e+00  1.06066931e+01  8.80522161e+00
 1.53047619e+00 -7.77165354e+00  1.26645916e+00  1.06063280e+01  8.79835771e+00
 1.53047619e+00 -7.63779528e+00  1.40032908e+00  1.06059732e+01  8.79138226e+00
 1.53047619e+00 -7.50393701e+00  1.53417618e+00  1.06056286e+01  8.78434442e+00
 1.53047619e+00 -7.37007874e+00  1.66803745e+00  1.06052941e+01  8.77716350e+00
 1.53047619e+00 -7.23622047e+00  1.80191895e+00  1.06049695e+01  8.76981133e+00
 1.53047619e+00 -7.10236220e+00  1.93578624e+00  1.06046546e+01  8.76234285e+00
 1.53047619e+00 -6.96850394e+00  2.06963224e+00  1.06043494e+01  8.75480659e+00
 1.53047619e+00 -6.83464567e+00  2.20348072e+00  1.06040537e+01  8.74717248e+00
 1.53047619e+00 -6.70078740e+00  2.33735870e+00  1.06037671e+01  8.73936149e+00
 1.53047619e+00 -6.56692913e+00  2.47122465e+00  1.06034898e+01  8.73138081e+00
 1.53047619e+00 -6.43307087e+00  2.60508078e+00  1.06032215e+01  8.72326177e+00
 1.53047619e+00 -6.29921260e+00  2.73896554e+00  1.06029620e+01  8.71502269e+00
 1.53047619e+00 -6.16535433e+00  2.87285119e+00  1.06027113e+01  8.70662637e+00
 1.53047619e+00 -6.03149606e+00  3.00671630e+00  1.06024690e+01  8.69805296e+00
 1.53047619e+00 -5.89763780e+00  3.14056845e+00  1.06022353e+01  8.68930096e+00
 1.53047619e+00 -5.76377953e+00  3.27444554e+00  1.06020098e+01  8.68034302e+00
 1.53047619e+00 -5.62992126e+00  3.40833540e+00  1.06017923e+01  8.67118618e+00
 1.53047619e+00 -5.49606299e+00  3.54220261e+00  1.06015829e+01  8.66187220e+00
 1.53047619e+00 -5.36220472e+00  3.67609253e+00  1.06013812e+01  8.65242967e+00
 1.53047619e+00 -5.22834646e+00  3.80999594e+00  1.06011873e+01  8.64268135e+00
 1.53047619e+00 -5.09448819e+00  3.94386959e+00  1.06010008e+01  8.63245371e+00
 1.53047619e+00 -4.96062992e+00  4.07775125e+00  1.06008219e+01  8.62210113e+00
 1.53047619e+00 -4.82677165e+00  4.21165578e+00  1.06006499e+01  8.61170178e+00
 1.53047619e+00 -4.69291339e+00  4.34557331e+00  1.06004846e+01  8.60106317e+00
 1.53047619e+00 -4.55905512e+00  4.47952528e+00  1.06003272e+01  8.59011448e+00
 1.53047619e+00 -4.42519685e+00  4.61367141e+00  1.06001755e+01  8.57885020e+00
 1.53047619e+00 -4.29133858e+00  4.74838546e+00  1.06000243e+01  8.56727567e+00
 1.53047619e+00 -4.15748031e+00  4.88449911e+00  1.05998667e+01  8.55532972e+00
 1.53047619e+00 -4.02362205e+00  5.02475308e+00  1.05996814e+01  8.54284311e+00
 1.53047619e+00 -3.88976378e+00  5.17415282e+00  1.05994040e+01  8.52933726e+00
 1.53047619e+00 -3.75590551e+00  5.34132352e+00  1.05988862e+01  8.51373592e+00
 1.53047619e+00 -3.62204724e+00  5.54511002e+00  1.05979297e+01  8.49449424e+00
 1.53047619e+00 -3.48818898e+00  5.77521112e+00  1.05958397e+01  8.46537812e+00
 1.53047619e+00 -3.35433071e+00  6.00531224e+00  1.05937497e+01  8.43626200e+00
 1.53047619e+00 -3.22047244e+00  6.23541335e+00  1.05916597e+01  8.40714588e+00
 1.53047619e+00 -3.08661417e+00  6.46551447e+00  1.05895697e+01  8.37802975e+00
 1.53047619e+00 -2.95275591e+00  6.69561557e+00  1.05874797e+01  8.34891363e+00
 1.53047619e+00 -2.81889764e+00  6.92571669e+00  1.05853897e+01  8.31979751e+00
 1.53047619e+00 -2.68503937e+00  7.15581781e+00  1.05832997e+01  8.29068139e+00
 1.53047619e+00 -2.55118110e+00  7.38591892e+00  1.05812097e+01  8.26156527e+00
 1.53047619e+00 -2.41732283e+00  7.61602004e+00  1.05791197e+01  8.23244914e+00
 1.53047619e+00 -2.28346457e+00  7.84612114e+00  1.05770297e+01  8.20333302e+00
 1.53047619e+00 -2.14960630e+00  8.07622226e+00  1.05749397e+01  8.17421690e+00
 1.53047619e+00 -2.01574803e+00  8.30632337e+00  1.05728497e+01  8.14510078e+00
 1.53047619e+00 -1.88188976e+00  8.53642449e+00  1.05707597e+01  8.11598466e+00
 1.53047619e+00 -1.74803150e+00  8.76652559e+00  1.05686697e+01  8.08686854e+00
 1.53047619e+00 -1.61417323e+00  8.99662671e+00  1.05665797e+01  8.05775242e+00
 1.53047619e+00 -1.48031496e+00  9.22672783e+00  1.05644897e+01  8.02863629e+00
 1.53047619e+00 -1.34645669e+00  9.45682894e+00  1.05623997e+01  7.99952017e+00
 1.53047619e+00 -1.21259843e+00  9.68693004e+00  1.05603097e+01  7.97040405e+00
 1.53047619e+00 -1.07874016e+00  9.91703116e+00  1.05582197e+01  7.94128793e+00
 1.53047619e+00 -9.44881890e-01  1.01471323e+01  1.05561297e+01  7.91217181e+00
 1.53047619e+00 -8.11023622e-01  1.03772334e+01  1.05540397e+01  7.88305569e+00
 1.53047619e+00 -6.77165354e-01  1.06073345e+01  1.05519497e+01  7.85393956e+00
 1.53047619e+00 -5.43307087e-01  1.08374356e+01  1.05498597e+01  7.82482344e+00
 1.53047619e+00 -4.09448819e-01  1.10675367e+01  1.05477697e+01  7.79570732e+00
 1.53047619e+00 -2.75590551e-01  1.12976378e+01  1.05456797e+01  7.76659120e+00
 1.53047619e+00 -1.41732283e-01  1.15277390e+01  1.05435897e+01  7.73747508e+00
 1.53047619e+00 -7.87401575e-03  1.17578401e+01  1.05414997e+01  7.70835896e+00
 1.53047619e+00  1.25984252e-01  1.19879412e+01  1.05394097e+01  7.67924283e+00
 1.53047619e+00  2.59842520e-01  1.22180423e+01  1.05373197e+01  7.65012671e+00
 1.53047619e+00  3.93700787e-01  1.24481434e+01  1.05352297e+01  7.62101059e+00
 1.53047619e+00  5.27559055e-01  1.26782445e+01  1.05331397e+01  7.59189447e+00
 1.53047619e+00  6.61417323e-01  1.29083456e+01  1.05310497e+01  7.56277835e+00
 1.53047619e+00  7.95275591e-01  1.31384468e+01  1.05289597e+01  7.53366223e+00
 1.53047619e+00  9.29133858e-01  1.33685479e+01  1.05268697e+01  7.50454610e+00
 1.53047619e+00  1.06299213e+00  1.35986490e+01  1.05247797e+01  7.47542998e+00
 1.53047619e+00  1.19685039e+00  1.38287501e+01  1.05226897e+01  7.44631386e+00
 1.53047619e+00  1.33070866e+00  1.40588512e+01  1.05205997e+01  7.41719774e+00
 1.53047619e+00  1.46456693e+00  1.42889523e+01  1.05185097e+01  7.38808162e+00
 1.53047619e+00  1.59842520e+00  1.45190534e+01  1.05164197e+01  7.35896549e+00
 1.53047619e+00  1.73228346e+00  1.47491545e+01  1.05143297e+01  7.32984937e+00
 1.53047619e+00  1.86614173e+00  1.49792557e+01  1.05122397e+01  7.30073325e+00
 1.53047619e+00  2.00000000e+00  1.52093568e+01  1.05101497e+01  7.27161713e+00
 1.60888889e+00 -1.50000000e+01 -5.88368495e+00  1.06356059e+01  9.07711580e+00
 1.60888889e+00 -1.48661417e+01 -5.74981541e+00  1.06356059e+01  9.07344879e+00
 1.60888889e+00 -1.47322835e+01 -5.61594114e+00  1.06356059e+01  9.06976009e+00
 1.60888889e+00 -1.45984252e+01 -5.48205923e+00  1.06356059e+01  9.06609144e+00
 1.60888889e+00 -1.44645669e+01 -5.34816975e+00  1.06356059e+01  9.06238749e+00
 1.60888889e+00 -1.43307087e+01 -5.21427019e+00  1.06356059e+01  9.05863350e+00
 1.60888889e+00 -1.41968504e+01 -5.08035374e+00  1.06356059e+01  9.05489028e+00
 1.60888889e+00 -1.40629921e+01 -4.94641627e+00  1.06356059e+01  9.05108387e+00
 1.60888889e+00 -1.39291339e+01 -4.81245180e+00  1.06356059e+01  9.04719634e+00
 1.60888889e+00 -1.37952756e+01 -4.67844952e+00  1.06356059e+01  9.04332080e+00
 1.60888889e+00 -1.36614173e+01 -4.54439367e+00  1.06356059e+01  9.03942273e+00
 1.60888889e+00 -1.35275591e+01 -4.41026553e+00  1.06356059e+01  9.03546791e+00
 1.60888889e+00 -1.33937008e+01 -4.27604172e+00  1.06356059e+01  9.03147298e+00
 1.60888889e+00 -1.32598425e+01 -4.14168459e+00  1.06356059e+01  9.02742699e+00
 1.60888889e+00 -1.31259843e+01 -4.00714500e+00  1.06356059e+01  9.02333201e+00
 1.60888889e+00 -1.29921260e+01 -3.87235909e+00  1.06356059e+01  9.01920761e+00
 1.60888889e+00 -1.28582677e+01 -3.73813475e+00  1.06352258e+01  9.01490124e+00
 1.60888889e+00 -1.27244094e+01 -3.60479596e+00  1.06343788e+01  9.01046152e+00
 1.60888889e+00 -1.25905512e+01 -3.47137507e+00  1.06335478e+01  9.00597759e+00
 1.60888889e+00 -1.24566929e+01 -3.33788802e+00  1.06327321e+01  9.00145669e+00
 1.60888889e+00 -1.23228346e+01 -3.20434608e+00  1.06319317e+01  8.99689863e+00
 1.60888889e+00 -1.21889764e+01 -3.07075575e+00  1.06311465e+01  8.99229846e+00
 1.60888889e+00 -1.20551181e+01 -2.93712623e+00  1.06303763e+01  8.98765068e+00
 1.60888889e+00 -1.19212598e+01 -2.80346509e+00  1.06296211e+01  8.98296423e+00
 1.60888889e+00 -1.17874016e+01 -2.66977686e+00  1.06288808e+01  8.97825400e+00
 1.60888889e+00 -1.16535433e+01 -2.53606399e+00  1.06281552e+01  8.97349450e+00
 1.60888889e+00 -1.15196850e+01 -2.40233062e+00  1.06274442e+01  8.96869204e+00
 1.60888889e+00 -1.13858268e+01 -2.26858209e+00  1.06267477e+01  8.96387562e+00
 1.60888889e+00 -1.12519685e+01 -2.13481847e+00  1.06260655e+01  8.95898144e+00
 1.60888889e+00 -1.11181102e+01 -2.00104133e+00  1.06253975e+01  8.95400130e+00
 1.60888889e+00 -1.09842520e+01 -1.86725467e+00  1.06247437e+01  8.94899366e+00
 1.60888889e+00 -1.08503937e+01 -1.73346008e+00  1.06241037e+01  8.94394892e+00
 1.60888889e+00 -1.07165354e+01 -1.59965743e+00  1.06234775e+01  8.93884434e+00
 1.60888889e+00 -1.05826772e+01 -1.46584650e+00  1.06228648e+01  8.93366961e+00
 1.60888889e+00 -1.04488189e+01 -1.33203073e+00  1.06222658e+01  8.92844197e+00
 1.60888889e+00 -1.03149606e+01 -1.19821072e+00  1.06216799e+01  8.92317954e+00
 1.60888889e+00 -1.01811024e+01 -1.06438457e+00  1.06211073e+01  8.91788268e+00
 1.60888889e+00 -1.00472441e+01 -9.30554628e-01  1.06205478e+01  8.91250735e+00
 1.60888889e+00 -9.91338583e+00 -7.96722573e-01  1.06200011e+01  8.90703932e+00
 1.60888889e+00 -9.77952756e+00 -6.62888094e-01  1.06194672e+01  8.90150507e+00
 1.60888889e+00 -9.64566929e+00 -5.29049656e-01  1.06189458e+01  8.89593654e+00
 1.60888889e+00 -9.51181102e+00 -3.95208378e-01  1.06184369e+01  8.89031411e+00
 1.60888889e+00 -9.37795276e+00 -2.61366696e-01  1.06179403e+01  8.88458911e+00
 1.60888889e+00 -9.24409449e+00 -1.27522249e-01  1.06174558e+01  8.87878268e+00
 1.60888889e+00 -9.11023622e+00  6.32503031e-03  1.06169833e+01  8.87293395e+00
 1.60888889e+00 -8.97637795e+00  1.40172773e-01  1.06165226e+01  8.86705067e+00
 1.60888889e+00 -8.84251969e+00  2.74020822e-01  1.06160736e+01  8.86103462e+00
 1.60888889e+00 -8.70866142e+00  4.07870577e-01  1.06156362e+01  8.85491741e+00
 1.60888889e+00 -8.57480315e+00  5.41723048e-01  1.06152101e+01  8.84879809e+00
 1.60888889e+00 -8.44094488e+00  6.75575176e-01  1.06147952e+01  8.84256460e+00
 1.60888889e+00 -8.30708661e+00  8.09428173e-01  1.06143915e+01  8.83621746e+00
 1.60888889e+00 -8.17322835e+00  9.43284982e-01  1.06139986e+01  8.82983925e+00
 1.60888889e+00 -8.03937008e+00  1.07714053e+00  1.06136165e+01  8.82335268e+00
 1.60888889e+00 -7.90551181e+00  1.21099553e+00  1.06132451e+01  8.81675193e+00
 1.60888889e+00 -7.77165354e+00  1.34485408e+00  1.06128842e+01  8.81007926e+00
 1.60888889e+00 -7.63779528e+00  1.47871197e+00  1.06125335e+01  8.80326474e+00
 1.60888889e+00 -7.50393701e+00  1.61256897e+00  1.06121931e+01  8.79631088e+00
 1.60888889e+00 -7.37007874e+00  1.74642806e+00  1.06118626e+01  8.78927532e+00
 1.60888889e+00 -7.23622047e+00  1.88028853e+00  1.06115420e+01  8.78215460e+00
 1.60888889e+00 -7.10236220e+00  2.01415004e+00  1.06112312e+01  8.77493792e+00
 1.60888889e+00 -6.96850394e+00  2.14801305e+00  1.06109299e+01  8.76760884e+00
 1.60888889e+00 -6.83464567e+00  2.28187787e+00  1.06106381e+01  8.76012757e+00
 1.60888889e+00 -6.70078740e+00  2.41574294e+00  1.06103555e+01  8.75249549e+00
 1.60888889e+00 -6.56692913e+00  2.54960684e+00  1.06100820e+01  8.74474101e+00
 1.60888889e+00 -6.43307087e+00  2.68347224e+00  1.06098175e+01  8.73687121e+00
 1.60888889e+00 -6.29921260e+00  2.81733992e+00  1.06095618e+01  8.72886395e+00
 1.60888889e+00 -6.16535433e+00  2.95120915e+00  1.06093148e+01  8.72069662e+00
 1.60888889e+00 -6.03149606e+00  3.08508029e+00  1.06090763e+01  8.71239179e+00
 1.60888889e+00 -5.89763780e+00  3.21895391e+00  1.06088462e+01  8.70393724e+00
 1.60888889e+00 -5.76377953e+00  3.35282974e+00  1.06086243e+01  8.69529100e+00
 1.60888889e+00 -5.62992126e+00  3.48670559e+00  1.06084105e+01  8.68642064e+00
 1.60888889e+00 -5.49606299e+00  3.62058272e+00  1.06082046e+01  8.67741295e+00
 1.60888889e+00 -5.36220472e+00  3.75446364e+00  1.06080064e+01  8.66829490e+00
 1.60888889e+00 -5.22834646e+00  3.88834795e+00  1.06078159e+01  8.65877595e+00
 1.60888889e+00 -5.09448819e+00  4.02223682e+00  1.06076328e+01  8.64896425e+00
 1.60888889e+00 -4.96062992e+00  4.15612940e+00  1.06074569e+01  8.63910900e+00
 1.60888889e+00 -4.82677165e+00  4.29001910e+00  1.06072891e+01  8.62908960e+00
 1.60888889e+00 -4.69291339e+00  4.42392966e+00  1.06071266e+01  8.61883534e+00
 1.60888889e+00 -4.55905512e+00  4.55790363e+00  1.06069678e+01  8.60833281e+00
 1.60888889e+00 -4.42519685e+00  4.69200236e+00  1.06068192e+01  8.59754603e+00
 1.60888889e+00 -4.29133858e+00  4.82652400e+00  1.06066735e+01  8.58645779e+00
 1.60888889e+00 -4.15748031e+00  4.96236762e+00  1.06065177e+01  8.57503984e+00
 1.60888889e+00 -4.02362205e+00  5.10166450e+00  1.06063401e+01  8.56316941e+00
 1.60888889e+00 -3.88976378e+00  5.24803995e+00  1.06060601e+01  8.55037405e+00
 1.60888889e+00 -3.75590551e+00  5.41142353e+00  1.06055791e+01  8.53612228e+00
 1.60888889e+00 -3.62204724e+00  5.60168052e+00  1.06045920e+01  8.51841307e+00
 1.60888889e+00 -3.48818898e+00  5.79193750e+00  1.06036049e+01  8.50070386e+00
 1.60888889e+00 -3.35433071e+00  5.98219449e+00  1.06026178e+01  8.48299465e+00
 1.60888889e+00 -3.22047244e+00  6.17245148e+00  1.06016307e+01  8.46528544e+00
 1.60888889e+00 -3.08661417e+00  6.36270847e+00  1.06006436e+01  8.44757623e+00
 1.60888889e+00 -2.95275591e+00  6.55296544e+00  1.05996565e+01  8.42986702e+00
 1.60888889e+00 -2.81889764e+00  6.74322243e+00  1.05986694e+01  8.41215781e+00
 1.60888889e+00 -2.68503937e+00  6.93347942e+00  1.05976823e+01  8.39444860e+00
 1.60888889e+00 -2.55118110e+00  7.12373641e+00  1.05966952e+01  8.37673939e+00
 1.60888889e+00 -2.41732283e+00  7.31399340e+00  1.05957081e+01  8.35903018e+00
 1.60888889e+00 -2.28346457e+00  7.50425038e+00  1.05947210e+01  8.34132097e+00
 1.60888889e+00 -2.14960630e+00  7.69450737e+00  1.05937339e+01  8.32361176e+00
 1.60888889e+00 -2.01574803e+00  7.88476436e+00  1.05927468e+01  8.30590255e+00
 1.60888889e+00 -1.88188976e+00  8.07502135e+00  1.05917597e+01  8.28819334e+00
 1.60888889e+00 -1.74803150e+00  8.26527832e+00  1.05907726e+01  8.27048414e+00
 1.60888889e+00 -1.61417323e+00  8.45553531e+00  1.05897855e+01  8.25277493e+00
 1.60888889e+00 -1.48031496e+00  8.64579230e+00  1.05887984e+01  8.23506572e+00
 1.60888889e+00 -1.34645669e+00  8.83604929e+00  1.05878113e+01  8.21735651e+00
 1.60888889e+00 -1.21259843e+00  9.02630627e+00  1.05868242e+01  8.19964730e+00
 1.60888889e+00 -1.07874016e+00  9.21656326e+00  1.05858371e+01  8.18193809e+00
 1.60888889e+00 -9.44881890e-01  9.40682025e+00  1.05848500e+01  8.16422888e+00
 1.60888889e+00 -8.11023622e-01  9.59707724e+00  1.05838629e+01  8.14651967e+00
 1.60888889e+00 -6.77165354e-01  9.78733422e+00  1.05828758e+01  8.12881046e+00
 1.60888889e+00 -5.43307087e-01  9.97759121e+00  1.05818887e+01  8.11110125e+00
 1.60888889e+00 -4.09448819e-01  1.01678482e+01  1.05809016e+01  8.09339204e+00
 1.60888889e+00 -2.75590551e-01  1.03581052e+01  1.05799145e+01  8.07568283e+00
 1.60888889e+00 -1.41732283e-01  1.05483622e+01  1.05789274e+01  8.05797362e+00
 1.60888889e+00 -7.87401575e-03  1.07386192e+01  1.05779403e+01  8.04026441e+00
 1.60888889e+00  1.25984252e-01  1.09288761e+01  1.05769532e+01  8.02255520e+00
 1.60888889e+00  2.59842520e-01  1.11191331e+01  1.05759661e+01  8.00484599e+00
 1.60888889e+00  3.93700787e-01  1.13093901e+01  1.05749790e+01  7.98713678e+00
 1.60888889e+00  5.27559055e-01  1.14996471e+01  1.05739919e+01  7.96942757e+00
 1.60888889e+00  6.61417323e-01  1.16899041e+01  1.05730048e+01  7.95171836e+00
 1.60888889e+00  7.95275591e-01  1.18801611e+01  1.05720177e+01  7.93400915e+00
 1.60888889e+00  9.29133858e-01  1.20704181e+01  1.05710306e+01  7.91629994e+00
 1.60888889e+00  1.06299213e+00  1.22606751e+01  1.05700435e+01  7.89859073e+00
 1.60888889e+00  1.19685039e+00  1.24509320e+01  1.05690564e+01  7.88088152e+00
 1.60888889e+00  1.33070866e+00  1.26411890e+01  1.05680693e+01  7.86317231e+00
 1.60888889e+00  1.46456693e+00  1.28314460e+01  1.05670822e+01  7.84546310e+00
 1.60888889e+00  1.59842520e+00  1.30217030e+01  1.05660951e+01  7.82775389e+00
 1.60888889e+00  1.73228346e+00  1.32119600e+01  1.05651080e+01  7.81004468e+00
 1.60888889e+00  1.86614173e+00  1.34022170e+01  1.05641209e+01  7.79233547e+00
 1.60888889e+00  2.00000000e+00  1.35924740e+01  1.05631338e+01  7.77462626e+00
 1.68730159e+00 -1.50000000e+01 -5.80526092e+00  1.06444142e+01  9.08393899e+00
 1.68730159e+00 -1.48661417e+01 -5.67138593e+00  1.06444142e+01  9.08039673e+00
 1.68730159e+00 -1.47322835e+01 -5.53750547e+00  1.06444142e+01  9.07679766e+00
 1.68730159e+00 -1.45984252e+01 -5.40361716e+00  1.06444142e+01  9.07314613e+00
 1.68730159e+00 -1.44645669e+01 -5.26971737e+00  1.06444142e+01  9.06948203e+00
 1.68730159e+00 -1.43307087e+01 -5.13580291e+00  1.06444142e+01  9.06580558e+00
 1.68730159e+00 -1.41968504e+01 -5.00186858e+00  1.06444142e+01  9.06209862e+00
 1.68730159e+00 -1.40629921e+01 -4.86790632e+00  1.06444142e+01  9.05834385e+00
 1.68730159e+00 -1.39291339e+01 -4.73390611e+00  1.06444142e+01  9.05455717e+00
 1.68730159e+00 -1.37952756e+01 -4.59985478e+00  1.06444142e+01  9.05073477e+00
 1.68730159e+00 -1.36614173e+01 -4.46573419e+00  1.06444142e+01  9.04685869e+00
 1.68730159e+00 -1.35275591e+01 -4.33151822e+00  1.06444142e+01  9.04296789e+00
 1.68730159e+00 -1.33937008e+01 -4.19717240e+00  1.06444142e+01  9.03906974e+00
 1.68730159e+00 -1.32598425e+01 -4.06265034e+00  1.06444142e+01  9.03512406e+00
 1.68730159e+00 -1.31259843e+01 -3.92788690e+00  1.06444142e+01  9.03108510e+00
 1.68730159e+00 -1.29921260e+01 -3.79290306e+00  1.06443736e+01  9.02696029e+00
 1.68730159e+00 -1.28582677e+01 -3.65967324e+00  1.06435348e+01  9.02270145e+00
 1.68730159e+00 -1.27244094e+01 -3.52634952e+00  1.06426955e+01  9.01844592e+00
 1.68730159e+00 -1.25905512e+01 -3.39294220e+00  1.06418713e+01  9.01412731e+00
 1.68730159e+00 -1.24566929e+01 -3.25946446e+00  1.06410625e+01  9.00974868e+00
 1.68730159e+00 -1.23228346e+01 -3.12592893e+00  1.06402688e+01  9.00533325e+00
 1.68730159e+00 -1.21889764e+01 -2.99234531e+00  1.06394903e+01  9.00088447e+00
 1.68730159e+00 -1.20551181e+01 -2.85872084e+00  1.06387269e+01  8.99638909e+00
 1.68730159e+00 -1.19212598e+01 -2.72506208e+00  1.06379784e+01  8.99184747e+00
 1.68730159e+00 -1.17874016e+01 -2.59137490e+00  1.06372447e+01  8.98726114e+00
 1.68730159e+00 -1.16535433e+01 -2.45766415e+00  1.06365258e+01  8.98262129e+00
 1.68730159e+00 -1.15196850e+01 -2.32393270e+00  1.06358214e+01  8.97789495e+00
 1.68730159e+00 -1.13858268e+01 -2.19018382e+00  1.06351315e+01  8.97311931e+00
 1.68730159e+00 -1.12519685e+01 -2.05642084e+00  1.06344559e+01  8.96835074e+00
 1.68730159e+00 -1.11181102e+01 -1.92264532e+00  1.06337944e+01  8.96351079e+00
 1.68730159e+00 -1.09842520e+01 -1.78885873e+00  1.06331470e+01  8.95859055e+00
 1.68730159e+00 -1.08503937e+01 -1.65506283e+00  1.06325134e+01  8.95363971e+00
 1.68730159e+00 -1.07165354e+01 -1.52125953e+00  1.06318937e+01  8.94864476e+00
 1.68730159e+00 -1.05826772e+01 -1.38744955e+00  1.06312875e+01  8.94360316e+00
 1.68730159e+00 -1.04488189e+01 -1.25363318e+00  1.06306948e+01  8.93851619e+00
 1.68730159e+00 -1.03149606e+01 -1.11981207e+00  1.06301153e+01  8.93334420e+00
 1.68730159e+00 -1.01811024e+01 -9.85986868e-01  1.06295490e+01  8.92810929e+00
 1.68730159e+00 -1.00472441e+01 -8.52157445e-01  1.06289957e+01  8.92285222e+00
 1.68730159e+00 -9.91338583e+00 -7.18324317e-01  1.06284553e+01  8.91751420e+00
 1.68730159e+00 -9.77952756e+00 -5.84488388e-01  1.06279275e+01  8.91207074e+00
 1.68730159e+00 -9.64566929e+00 -4.50650303e-01  1.06274123e+01  8.90655940e+00
 1.68730159e+00 -9.51181102e+00 -3.16809496e-01  1.06269094e+01  8.90106874e+00
 1.68730159e+00 -9.37795276e+00 -1.82966474e-01  1.06264188e+01  8.89552470e+00
 1.68730159e+00 -9.24409449e+00 -4.91221680e-02  1.06259403e+01  8.88981750e+00
 1.68730159e+00 -9.11023622e+00  8.47238950e-02  1.06254737e+01  8.88407115e+00
 1.68730159e+00 -8.97637795e+00  2.18571857e-01  1.06250189e+01  8.87829370e+00
 1.68730159e+00 -8.84251969e+00  3.52421298e-01  1.06245757e+01  8.87241585e+00
 1.68730159e+00 -8.70866142e+00  4.86271475e-01  1.06241440e+01  8.86645498e+00
 1.68730159e+00 -8.57480315e+00  6.20122792e-01  1.06237236e+01  8.86041683e+00
 1.68730159e+00 -8.44094488e+00  7.53975693e-01  1.06233144e+01  8.85429629e+00
 1.68730159e+00 -8.30708661e+00  8.87828794e-01  1.06229163e+01  8.84810507e+00
 1.68730159e+00 -8.17322835e+00  1.02168272e+00  1.06225289e+01  8.84183379e+00
 1.68730159e+00 -8.03937008e+00  1.15553849e+00  1.06221524e+01  8.83547315e+00
 1.68730159e+00 -7.90551181e+00  1.28939453e+00  1.06217863e+01  8.82904734e+00
 1.68730159e+00 -7.77165354e+00  1.42325118e+00  1.06214307e+01  8.82251459e+00
 1.68730159e+00 -7.63779528e+00  1.55710944e+00  1.06210853e+01  8.81583768e+00
 1.68730159e+00 -7.50393701e+00  1.69096839e+00  1.06207501e+01  8.80909257e+00
 1.68730159e+00 -7.37007874e+00  1.82482782e+00  1.06204248e+01  8.80228110e+00
 1.68730159e+00 -7.23622047e+00  1.95868801e+00  1.06201093e+01  8.79536236e+00
 1.68730159e+00 -7.10236220e+00  2.09254889e+00  1.06198035e+01  8.78832903e+00
 1.68730159e+00 -6.96850394e+00  2.22641038e+00  1.06195071e+01  8.78118264e+00
 1.68730159e+00 -6.83464567e+00  2.36027273e+00  1.06192202e+01  8.77392042e+00
 1.68730159e+00 -6.70078740e+00  2.49413667e+00  1.06189424e+01  8.76652778e+00
 1.68730159e+00 -6.56692913e+00  2.62800191e+00  1.06186737e+01  8.75902280e+00
 1.68730159e+00 -6.43307087e+00  2.76186790e+00  1.06184140e+01  8.75140299e+00
 1.68730159e+00 -6.29921260e+00  2.89573494e+00  1.06181629e+01  8.74359110e+00
 1.68730159e+00 -6.16535433e+00  3.02960319e+00  1.06179205e+01  8.73563634e+00
 1.68730159e+00 -6.03149606e+00  3.16347266e+00  1.06176864e+01  8.72760367e+00
 1.68730159e+00 -5.89763780e+00  3.29734347e+00  1.06174608e+01  8.71943016e+00
 1.68730159e+00 -5.76377953e+00  3.43121634e+00  1.06172432e+01  8.71106315e+00
 1.68730159e+00 -5.62992126e+00  3.56509178e+00  1.06170336e+01  8.70251591e+00
 1.68730159e+00 -5.49606299e+00  3.69896926e+00  1.06168320e+01  8.69388103e+00
 1.68730159e+00 -5.36220472e+00  3.83284879e+00  1.06166380e+01  8.68504122e+00
 1.68730159e+00 -5.22834646e+00  3.96673091e+00  1.06164515e+01  8.67591595e+00
 1.68730159e+00 -5.09448819e+00  4.10061644e+00  1.06162724e+01  8.66669531e+00
 1.68730159e+00 -4.96062992e+00  4.23450511e+00  1.06161007e+01  8.65732392e+00
 1.68730159e+00 -4.82677165e+00  4.36839794e+00  1.06159359e+01  8.64768344e+00
 1.68730159e+00 -4.69291339e+00  4.50230157e+00  1.06157773e+01  8.63780562e+00
 1.68730159e+00 -4.55905512e+00  4.63623949e+00  1.06156260e+01  8.62771547e+00
 1.68730159e+00 -4.42519685e+00  4.77029558e+00  1.06154819e+01  8.61740463e+00
 1.68730159e+00 -4.29133858e+00  4.90472288e+00  1.06153396e+01  8.60682799e+00
 1.68730159e+00 -4.15748031e+00  5.04037368e+00  1.06151942e+01  8.59595782e+00
 1.68730159e+00 -4.02362205e+00  5.17862997e+00  1.06150167e+01  8.58465899e+00
 1.68730159e+00 -3.88976378e+00  5.32252559e+00  1.06147385e+01  8.57260846e+00
 1.68730159e+00 -3.75590551e+00  5.48443046e+00  1.06143030e+01  8.55950000e+00
 1.68730159e+00 -3.62204724e+00  5.65622585e+00  1.06132778e+01  8.54304412e+00
 1.68730159e+00 -3.48818898e+00  5.82802123e+00  1.06122526e+01  8.52658824e+00
 1.68730159e+00 -3.35433071e+00  5.99981662e+00  1.06112274e+01  8.51013236e+00
 1.68730159e+00 -3.22047244e+00  6.17161201e+00  1.06102022e+01  8.49367648e+00
 1.68730159e+00 -3.08661417e+00  6.34340740e+00  1.06091770e+01  8.47722060e+00
 1.68730159e+00 -2.95275591e+00  6.51520277e+00  1.06081518e+01  8.46076472e+00
 1.68730159e+00 -2.81889764e+00  6.68699816e+00  1.06071266e+01  8.44430884e+00
 1.68730159e+00 -2.68503937e+00  6.85879355e+00  1.06061014e+01  8.42785296e+00
 1.68730159e+00 -2.55118110e+00  7.03058894e+00  1.06050762e+01  8.41139708e+00
 1.68730159e+00 -2.41732283e+00  7.20238433e+00  1.06040510e+01  8.39494120e+00
 1.68730159e+00 -2.28346457e+00  7.37417971e+00  1.06030258e+01  8.37848532e+00
 1.68730159e+00 -2.14960630e+00  7.54597510e+00  1.06020006e+01  8.36202944e+00
 1.68730159e+00 -2.01574803e+00  7.71777049e+00  1.06009754e+01  8.34557356e+00
 1.68730159e+00 -1.88188976e+00  7.88956588e+00  1.05999502e+01  8.32911768e+00
 1.68730159e+00 -1.74803150e+00  8.06136126e+00  1.05989250e+01  8.31266180e+00
 1.68730159e+00 -1.61417323e+00  8.23315665e+00  1.05978998e+01  8.29620592e+00
 1.68730159e+00 -1.48031496e+00  8.40495204e+00  1.05968746e+01  8.27975004e+00
 1.68730159e+00 -1.34645669e+00  8.57674743e+00  1.05958494e+01  8.26329416e+00
 1.68730159e+00 -1.21259843e+00  8.74854281e+00  1.05948242e+01  8.24683829e+00
 1.68730159e+00 -1.07874016e+00  8.92033820e+00  1.05937990e+01  8.23038241e+00
 1.68730159e+00 -9.44881890e-01  9.09213359e+00  1.05927738e+01  8.21392653e+00
 1.68730159e+00 -8.11023622e-01  9.26392897e+00  1.05917486e+01  8.19747065e+00
 1.68730159e+00 -6.77165354e-01  9.43572436e+00  1.05907234e+01  8.18101477e+00
 1.68730159e+00 -5.43307087e-01  9.60751975e+00  1.05896982e+01  8.16455889e+00
 1.68730159e+00 -4.09448819e-01  9.77931513e+00  1.05886730e+01  8.14810301e+00
 1.68730159e+00 -2.75590551e-01  9.95111052e+00  1.05876478e+01  8.13164713e+00
 1.68730159e+00 -1.41732283e-01  1.01229059e+01  1.05866226e+01  8.11519125e+00
 1.68730159e+00 -7.87401575e-03  1.02947013e+01  1.05855974e+01  8.09873537e+00
 1.68730159e+00  1.25984252e-01  1.04664967e+01  1.05845722e+01  8.08227949e+00
 1.68730159e+00  2.59842520e-01  1.06382921e+01  1.05835470e+01  8.06582361e+00
 1.68730159e+00  3.93700787e-01  1.08100875e+01  1.05825218e+01  8.04936773e+00
 1.68730159e+00  5.27559055e-01  1.09818828e+01  1.05814966e+01  8.03291185e+00
 1.68730159e+00  6.61417323e-01  1.11536782e+01  1.05804714e+01  8.01645597e+00
 1.68730159e+00  7.95275591e-01  1.13254736e+01  1.05794462e+01  8.00000009e+00
 1.68730159e+00  9.29133858e-01  1.14972690e+01  1.05784210e+01  7.98354421e+00
 1.68730159e+00  1.06299213e+00  1.16690644e+01  1.05773958e+01  7.96708833e+00
 1.68730159e+00  1.19685039e+00  1.18408598e+01  1.05763706e+01  7.95063245e+00
 1.68730159e+00  1.33070866e+00  1.20126552e+01  1.05753454e+01  7.93417657e+00
 1.68730159e+00  1.46456693e+00  1.21844506e+01  1.05743202e+01  7.91772069e+00
 1.68730159e+00  1.59842520e+00  1.23562459e+01  1.05732950e+01  7.90126481e+00
 1.68730159e+00  1.73228346e+00  1.25280413e+01  1.05722698e+01  7.88480893e+00
 1.68730159e+00  1.86614173e+00  1.26998367e+01  1.05712446e+01  7.86835305e+00
 1.68730159e+00  2.00000000e+00  1.28716321e+01  1.05702194e+01  7.85189717e+00
 1.76571429e+00 -1.50000000e+01 -5.72683833e+00  1.06547326e+01  9.09097006e+00
 1.76571429e+00 -1.48661417e+01 -5.59295821e+00  1.06547326e+01  9.08746117e+00
 1.76571429e+00 -1.47322835e+01 -5.45907004e+00  1.06547326e+01  9.08396206e+00
 1.76571429e+00 -1.45984252e+01 -5.32517121e+00  1.06547326e+01  9.08038626e+00
 1.76571429e+00 -1.44645669e+01 -5.19125780e+00  1.06547326e+01  9.07674456e+00
 1.76571429e+00 -1.43307087e+01 -5.05732427e+00  1.06547326e+01  9.07311878e+00
 1.76571429e+00 -1.41968504e+01 -4.92336359e+00  1.06547326e+01  9.06948592e+00
 1.76571429e+00 -1.40629921e+01 -4.78936606e+00  1.06547326e+01  9.06583294e+00
 1.76571429e+00 -1.39291339e+01 -4.65531821e+00  1.06547326e+01  9.06215188e+00
 1.76571429e+00 -1.37952756e+01 -4.52120162e+00  1.06547326e+01  9.05837393e+00
 1.76571429e+00 -1.36614173e+01 -4.38699150e+00  1.06547326e+01  9.05453192e+00
 1.76571429e+00 -1.35275591e+01 -4.25265410e+00  1.06547326e+01  9.05070739e+00
 1.76571429e+00 -1.33937008e+01 -4.11814274e+00  1.06547326e+01  9.04685658e+00
 1.76571429e+00 -1.32598425e+01 -3.98339393e+00  1.06547326e+01  9.04293327e+00
 1.76571429e+00 -1.31259843e+01 -3.84832086e+00  1.06547326e+01  9.03893909e+00
 1.76571429e+00 -1.29921260e+01 -3.71440539e+00  1.06542070e+01  9.03486580e+00
 1.76571429e+00 -1.28582677e+01 -3.58120712e+00  1.06533599e+01  9.03082126e+00
 1.76571429e+00 -1.27244094e+01 -3.44790167e+00  1.06525289e+01  9.02666905e+00
 1.76571429e+00 -1.25905512e+01 -3.31450813e+00  1.06517131e+01  9.02253842e+00
 1.76571429e+00 -1.24566929e+01 -3.18104158e+00  1.06509127e+01  9.01837984e+00
 1.76571429e+00 -1.23228346e+01 -3.04751427e+00  1.06501273e+01  9.01407407e+00
 1.76571429e+00 -1.21889764e+01 -2.91393657e+00  1.06493571e+01  9.00969605e+00
 1.76571429e+00 -1.20551181e+01 -2.78031696e+00  1.06486018e+01  9.00530401e+00
 1.76571429e+00 -1.19212598e+01 -2.64666223e+00  1.06478614e+01  9.00090349e+00
 1.76571429e+00 -1.17874016e+01 -2.51297789e+00  1.06471359e+01  8.99645389e+00
 1.76571429e+00 -1.16535433e+01 -2.37926874e+00  1.06464250e+01  8.99194622e+00
 1.76571429e+00 -1.15196850e+01 -2.24553886e+00  1.06457285e+01  8.98738406e+00
 1.76571429e+00 -1.13858268e+01 -2.11179120e+00  1.06450466e+01  8.98274142e+00
 1.76571429e+00 -1.12519685e+01 -1.97802847e+00  1.06443789e+01  8.97805063e+00
 1.76571429e+00 -1.11181102e+01 -1.84425312e+00  1.06437252e+01  8.97334457e+00
 1.76571429e+00 -1.09842520e+01 -1.71046700e+00  1.06430855e+01  8.96856176e+00
 1.76571429e+00 -1.08503937e+01 -1.57667153e+00  1.06424597e+01  8.96371111e+00
 1.76571429e+00 -1.07165354e+01 -1.44286796e+00  1.06418476e+01  8.95882482e+00
 1.76571429e+00 -1.05826772e+01 -1.30905767e+00  1.06412489e+01  8.95386859e+00
 1.76571429e+00 -1.04488189e+01 -1.17524150e+00  1.06406636e+01  8.94889752e+00
 1.76571429e+00 -1.03149606e+01 -1.04142005e+00  1.06400916e+01  8.94393195e+00
 1.76571429e+00 -1.01811024e+01 -9.07594194e-01  1.06395327e+01  8.93879218e+00
 1.76571429e+00 -1.00472441e+01 -7.73764595e-01  1.06389867e+01  8.93354962e+00
 1.76571429e+00 -9.91338583e+00 -6.39931644e-01  1.06384535e+01  8.92832967e+00
 1.76571429e+00 -9.77952756e+00 -5.06095579e-01  1.06379328e+01  8.92301169e+00
 1.76571429e+00 -9.64566929e+00 -3.72256910e-01  1.06374247e+01  8.91761882e+00
 1.76571429e+00 -9.51181102e+00 -2.38416087e-01  1.06369289e+01  8.91221213e+00
 1.76571429e+00 -9.37795276e+00 -1.04573089e-01  1.06364451e+01  8.90671640e+00
 1.76571429e+00 -9.24409449e+00  2.92718023e-02  1.06359735e+01  8.90114816e+00
 1.76571429e+00 -9.11023622e+00  1.63118205e-01  1.06355138e+01  8.89554417e+00
 1.76571429e+00 -8.97637795e+00  2.96965981e-01  1.06350656e+01  8.88985748e+00
 1.76571429e+00 -8.84251969e+00  4.30815164e-01  1.06346292e+01  8.88409827e+00
 1.76571429e+00 -8.70866142e+00  5.64665677e-01  1.06342040e+01  8.87828988e+00
 1.76571429e+00 -8.57480315e+00  6.98517122e-01  1.06337901e+01  8.87240779e+00
 1.76571429e+00 -8.44094488e+00  8.32369653e-01  1.06333873e+01  8.86644467e+00
 1.76571429e+00 -8.30708661e+00  9.66223366e-01  1.06329955e+01  8.86039629e+00
 1.76571429e+00 -8.17322835e+00  1.10007770e+00  1.06326144e+01  8.85424161e+00
 1.76571429e+00 -8.03937008e+00  1.23393284e+00  1.06322440e+01  8.84797525e+00
 1.76571429e+00 -7.90551181e+00  1.36778901e+00  1.06318840e+01  8.84162503e+00
 1.76571429e+00 -7.77165354e+00  1.50164576e+00  1.06315345e+01  8.83524978e+00
 1.76571429e+00 -7.63779528e+00  1.63550317e+00  1.06311950e+01  8.82878580e+00
 1.76571429e+00 -7.50393701e+00  1.76936146e+00  1.06308657e+01  8.82219207e+00
 1.76571429e+00 -7.37007874e+00  1.90322053e+00  1.06305462e+01  8.81556674e+00
 1.76571429e+00 -7.23622047e+00  2.03708039e+00  1.06302363e+01  8.80884273e+00
 1.76571429e+00 -7.10236220e+00  2.17094109e+00  1.06299361e+01  8.80194805e+00
 1.76571429e+00 -6.96850394e+00  2.30480266e+00  1.06296454e+01  8.79495626e+00
 1.76571429e+00 -6.83464567e+00  2.43866496e+00  1.06293639e+01  8.78791068e+00
 1.76571429e+00 -6.70078740e+00  2.57252796e+00  1.06290915e+01  8.78076606e+00
 1.76571429e+00 -6.56692913e+00  2.70639196e+00  1.06288281e+01  8.77339785e+00
 1.76571429e+00 -6.43307087e+00  2.84025706e+00  1.06285734e+01  8.76595389e+00
 1.76571429e+00 -6.29921260e+00  2.97412327e+00  1.06283275e+01  8.75849839e+00
 1.76571429e+00 -6.16535433e+00  3.10799072e+00  1.06280900e+01  8.75078722e+00
 1.76571429e+00 -6.03149606e+00  3.24185956e+00  1.06278609e+01  8.74291705e+00
 1.76571429e+00 -5.89763780e+00  3.37572984e+00  1.06276401e+01  8.73498966e+00
 1.76571429e+00 -5.76377953e+00  3.50960153e+00  1.06274273e+01  8.72687516e+00
 1.76571429e+00 -5.62992126e+00  3.64347490e+00  1.06272224e+01  8.71863027e+00
 1.76571429e+00 -5.49606299e+00  3.77735041e+00  1.06270253e+01  8.71027668e+00
 1.76571429e+00 -5.36220472e+00  3.91122847e+00  1.06268357e+01  8.70167540e+00
 1.76571429e+00 -5.22834646e+00  4.04510835e+00  1.06266537e+01  8.69291990e+00
 1.76571429e+00 -5.09448819e+00  4.17899153e+00  1.06264789e+01  8.68407531e+00
 1.76571429e+00 -4.96062992e+00  4.31288103e+00  1.06263113e+01  8.67502289e+00
 1.76571429e+00 -4.82677165e+00  4.44676398e+00  1.06261508e+01  8.66574318e+00
 1.76571429e+00 -4.69291339e+00  4.58065819e+00  1.06259973e+01  8.65626470e+00
 1.76571429e+00 -4.55905512e+00  4.71462057e+00  1.06258512e+01  8.64660467e+00
 1.76571429e+00 -4.42519685e+00  4.84861775e+00  1.06257081e+01  8.63669581e+00
 1.76571429e+00 -4.29133858e+00  4.98296112e+00  1.06255660e+01  8.62652584e+00
 1.76571429e+00 -4.15748031e+00  5.11842436e+00  1.06254221e+01  8.61615653e+00
 1.76571429e+00 -4.02362205e+00  5.25533211e+00  1.06252431e+01  8.60536778e+00
 1.76571429e+00 -3.88976378e+00  5.39876593e+00  1.06249979e+01  8.59402461e+00
 1.76571429e+00 -3.75590551e+00  5.55630187e+00  1.06245625e+01  8.58170256e+00
 1.76571429e+00 -3.62204724e+00  5.71410620e+00  1.06235570e+01  8.56672011e+00
 1.76571429e+00 -3.48818898e+00  5.87191052e+00  1.06225515e+01  8.55173766e+00
 1.76571429e+00 -3.35433071e+00  6.02971485e+00  1.06215460e+01  8.53675521e+00
 1.76571429e+00 -3.22047244e+00  6.18751918e+00  1.06205405e+01  8.52177276e+00
 1.76571429e+00 -3.08661417e+00  6.34532351e+00  1.06195350e+01  8.50679031e+00
 1.76571429e+00 -2.95275591e+00  6.50312783e+00  1.06185295e+01  8.49180786e+00
 1.76571429e+00 -2.81889764e+00  6.66093216e+00  1.06175240e+01  8.47682541e+00
 1.76571429e+00 -2.68503937e+00  6.81873649e+00  1.06165185e+01  8.46184296e+00
 1.76571429e+00 -2.55118110e+00  6.97654082e+00  1.06155130e+01  8.44686051e+00
 1.76571429e+00 -2.41732283e+00  7.13434515e+00  1.06145075e+01  8.43187806e+00
 1.76571429e+00 -2.28346457e+00  7.29214946e+00  1.06135020e+01  8.41689561e+00
 1.76571429e+00 -2.14960630e+00  7.44995379e+00  1.06124965e+01  8.40191316e+00
 1.76571429e+00 -2.01574803e+00  7.60775812e+00  1.06114910e+01  8.38693071e+00
 1.76571429e+00 -1.88188976e+00  7.76556245e+00  1.06104855e+01  8.37194826e+00
 1.76571429e+00 -1.74803150e+00  7.92336677e+00  1.06094800e+01  8.35696581e+00
 1.76571429e+00 -1.61417323e+00  8.08117110e+00  1.06084745e+01  8.34198336e+00
 1.76571429e+00 -1.48031496e+00  8.23897543e+00  1.06074690e+01  8.32700091e+00
 1.76571429e+00 -1.34645669e+00  8.39677976e+00  1.06064635e+01  8.31201846e+00
 1.76571429e+00 -1.21259843e+00  8.55458408e+00  1.06054580e+01  8.29703602e+00
 1.76571429e+00 -1.07874016e+00  8.71238841e+00  1.06044525e+01  8.28205357e+00
 1.76571429e+00 -9.44881890e-01  8.87019274e+00  1.06034470e+01  8.26707112e+00
 1.76571429e+00 -8.11023622e-01  9.02799707e+00  1.06024415e+01  8.25208867e+00
 1.76571429e+00 -6.77165354e-01  9.18580140e+00  1.06014360e+01  8.23710622e+00
 1.76571429e+00 -5.43307087e-01  9.34360572e+00  1.06004305e+01  8.22212377e+00
 1.76571429e+00 -4.09448819e-01  9.50141005e+00  1.05994250e+01  8.20714132e+00
 1.76571429e+00 -2.75590551e-01  9.65921438e+00  1.05984195e+01  8.19215887e+00
 1.76571429e+00 -1.41732283e-01  9.81701871e+00  1.05974140e+01  8.17717642e+00
 1.76571429e+00 -7.87401575e-03  9.97482303e+00  1.05964085e+01  8.16219397e+00
 1.76571429e+00  1.25984252e-01  1.01326274e+01  1.05954030e+01  8.14721152e+00
 1.76571429e+00  2.59842520e-01  1.02904317e+01  1.05943975e+01  8.13222907e+00
 1.76571429e+00  3.93700787e-01  1.04482360e+01  1.05933920e+01  8.11724662e+00
 1.76571429e+00  5.27559055e-01  1.06060403e+01  1.05923865e+01  8.10226417e+00
 1.76571429e+00  6.61417323e-01  1.07638447e+01  1.05913810e+01  8.08728172e+00
 1.76571429e+00  7.95275591e-01  1.09216490e+01  1.05903755e+01  8.07229927e+00
 1.76571429e+00  9.29133858e-01  1.10794533e+01  1.05893700e+01  8.05731682e+00
 1.76571429e+00  1.06299213e+00  1.12372577e+01  1.05883645e+01  8.04233437e+00
 1.76571429e+00  1.19685039e+00  1.13950620e+01  1.05873590e+01  8.02735192e+00
 1.76571429e+00  1.33070866e+00  1.15528663e+01  1.05863535e+01  8.01236947e+00
 1.76571429e+00  1.46456693e+00  1.17106706e+01  1.05853480e+01  7.99738702e+00
 1.76571429e+00  1.59842520e+00  1.18684750e+01  1.05843425e+01  7.98240457e+00
 1.76571429e+00  1.73228346e+00  1.20262793e+01  1.05833370e+01  7.96742212e+00
 1.76571429e+00  1.86614173e+00  1.21840836e+01  1.05823315e+01  7.95243967e+00
 1.76571429e+00  2.00000000e+00  1.23418879e+01  1.05813260e+01  7.93745722e+00
 1.84412698e+00 -1.50000000e+01 -5.64838201e+00  1.06659063e+01  9.09721896e+00
 1.84412698e+00 -1.48661417e+01 -5.51449421e+00  1.06659063e+01  9.09375702e+00
 1.84412698e+00 -1.47322835e+01 -5.38059574e+00  1.06659063e+01  9.09024915e+00
 1.84412698e+00 -1.45984252e+01 -5.24668270e+00  1.06659063e+01  9.08673975e+00
 1.84412698e+00 -1.44645669e+01 -5.11274992e+00  1.06659063e+01  9.08317402e+00
 1.84412698e+00 -1.43307087e+01 -4.97879024e+00  1.06659063e+01  9.07961774e+00
 1.84412698e+00 -1.41968504e+01 -4.84479388e+00  1.06659063e+01  9.07611671e+00
 1.84412698e+00 -1.40629921e+01 -4.71074756e+00  1.06659063e+01  9.07245976e+00
 1.84412698e+00 -1.39291339e+01 -4.57663325e+00  1.06659063e+01  9.06869350e+00
 1.84412698e+00 -1.37952756e+01 -4.44242632e+00  1.06659063e+01  9.06497915e+00
 1.84412698e+00 -1.36614173e+01 -4.30809302e+00  1.06659063e+01  9.06128462e+00
 1.84412698e+00 -1.35275591e+01 -4.17358738e+00  1.06659063e+01  9.05752512e+00
 1.84412698e+00 -1.33937008e+01 -4.03884656e+00  1.06659063e+01  9.05367706e+00
 1.84412698e+00 -1.32598425e+01 -3.90378421e+00  1.06659063e+01  9.04986681e+00
 1.84412698e+00 -1.31259843e+01 -3.76891672e+00  1.06657301e+01  9.04599803e+00
 1.84412698e+00 -1.29921260e+01 -3.63587127e+00  1.06648832e+01  9.04203795e+00
 1.84412698e+00 -1.28582677e+01 -3.50270071e+00  1.06640454e+01  9.03803654e+00
 1.84412698e+00 -1.27244094e+01 -3.36941561e+00  1.06632228e+01  9.03405789e+00
 1.84412698e+00 -1.25905512e+01 -3.23603785e+00  1.06624155e+01  9.03007332e+00
 1.84412698e+00 -1.24566929e+01 -3.10258349e+00  1.06616233e+01  9.02593036e+00
 1.84412698e+00 -1.23228346e+01 -2.96906575e+00  1.06608462e+01  9.02171153e+00
 1.84412698e+00 -1.21889764e+01 -2.83549538e+00  1.06600842e+01  9.01752736e+00
 1.84412698e+00 -1.20551181e+01 -2.70188122e+00  1.06593372e+01  9.01327555e+00
 1.84412698e+00 -1.19212598e+01 -2.56823060e+00  1.06586049e+01  9.00893651e+00
 1.84412698e+00 -1.17874016e+01 -2.43454950e+00  1.06578874e+01  9.00455591e+00
 1.84412698e+00 -1.16535433e+01 -2.30084276e+00  1.06571846e+01  9.00017874e+00
 1.84412698e+00 -1.15196850e+01 -2.16711449e+00  1.06564961e+01  8.99573369e+00
 1.84412698e+00 -1.13858268e+01 -2.03336812e+00  1.06558221e+01  8.99118157e+00
 1.84412698e+00 -1.12519685e+01 -1.89960637e+00  1.06551622e+01  8.98664536e+00
 1.84412698e+00 -1.11181102e+01 -1.76583156e+00  1.06545164e+01  8.98206950e+00
 1.84412698e+00 -1.09842520e+01 -1.63204567e+00  1.06538845e+01  8.97737517e+00
 1.84412698e+00 -1.08503937e+01 -1.49825036e+00  1.06532664e+01  8.97262847e+00
 1.84412698e+00 -1.07165354e+01 -1.36444696e+00  1.06526620e+01  8.96784926e+00
 1.84412698e+00 -1.05826772e+01 -1.23063658e+00  1.06520705e+01  8.96301656e+00
 1.84412698e+00 -1.04488189e+01 -1.09682026e+00  1.06514927e+01  8.95810091e+00
 1.84412698e+00 -1.03149606e+01 -9.62998792e-01  1.06509281e+01  8.95313680e+00
 1.84412698e+00 -1.01811024e+01 -8.29172818e-01  1.06503765e+01  8.94814534e+00
 1.84412698e+00 -1.00472441e+01 -6.95342933e-01  1.06498377e+01  8.94307450e+00
 1.84412698e+00 -9.91338583e+00 -5.61509686e-01  1.06493116e+01  8.93793687e+00
 1.84412698e+00 -9.77952756e+00 -4.27673510e-01  1.06487981e+01  8.93276146e+00
 1.84412698e+00 -9.64566929e+00 -2.93834685e-01  1.06482970e+01  8.92754002e+00
 1.84412698e+00 -9.51181102e+00 -1.59993571e-01  1.06478082e+01  8.92221993e+00
 1.84412698e+00 -9.37795276e+00 -2.61504741e-02  1.06473314e+01  8.91678733e+00
 1.84412698e+00 -9.24409449e+00  1.07694446e-01  1.06468666e+01  8.91131433e+00
 1.84412698e+00 -9.11023622e+00  2.41541011e-01  1.06464135e+01  8.90579366e+00
 1.84412698e+00 -8.97637795e+00  3.75389023e-01  1.06459721e+01  8.90021923e+00
 1.84412698e+00 -8.84251969e+00  5.09238288e-01  1.06455422e+01  8.89463189e+00
 1.84412698e+00 -8.70866142e+00  6.43088755e-01  1.06451236e+01  8.88893834e+00
 1.84412698e+00 -8.57480315e+00  7.76940337e-01  1.06447162e+01  8.88311627e+00
 1.84412698e+00 -8.44094488e+00  9.10792830e-01  1.06443197e+01  8.87731083e+00
 1.84412698e+00 -8.30708661e+00  1.04464627e+00  1.06439342e+01  8.87139673e+00
 1.84412698e+00 -8.17322835e+00  1.17850064e+00  1.06435595e+01  8.86531620e+00
 1.84412698e+00 -8.03937008e+00  1.31235576e+00  1.06431953e+01  8.85925465e+00
 1.84412698e+00 -7.90551181e+00  1.44621166e+00  1.06428414e+01  8.85310802e+00
 1.84412698e+00 -7.77165354e+00  1.58006837e+00  1.06424978e+01  8.84679140e+00
 1.84412698e+00 -7.63779528e+00  1.71392579e+00  1.06421643e+01  8.84042002e+00
 1.84412698e+00 -7.50393701e+00  1.84778390e+00  1.06418408e+01  8.83400660e+00
 1.84412698e+00 -7.37007874e+00  1.98164272e+00  1.06415270e+01  8.82750752e+00
 1.84412698e+00 -7.23622047e+00  2.11550224e+00  1.06412229e+01  8.82087679e+00
 1.84412698e+00 -7.10236220e+00  2.24936248e+00  1.06409282e+01  8.81413931e+00
 1.84412698e+00 -6.96850394e+00  2.38322347e+00  1.06406429e+01  8.80732688e+00
 1.84412698e+00 -6.83464567e+00  2.51708531e+00  1.06403669e+01  8.80043630e+00
 1.84412698e+00 -6.70078740e+00  2.65094800e+00  1.06400998e+01  8.79342422e+00
 1.84412698e+00 -6.56692913e+00  2.78481153e+00  1.06398416e+01  8.78628092e+00
 1.84412698e+00 -6.43307087e+00  2.91867599e+00  1.06395921e+01  8.77905098e+00
 1.84412698e+00 -6.29921260e+00  3.05254147e+00  1.06393512e+01  8.77172286e+00
 1.84412698e+00 -6.16535433e+00  3.18640803e+00  1.06391188e+01  8.76426795e+00
 1.84412698e+00 -6.03149606e+00  3.32027579e+00  1.06388946e+01  8.75666672e+00
 1.84412698e+00 -5.89763780e+00  3.45414493e+00  1.06386785e+01  8.74891962e+00
 1.84412698e+00 -5.76377953e+00  3.58801561e+00  1.06384704e+01  8.74105139e+00
 1.84412698e+00 -5.62992126e+00  3.72188790e+00  1.06382701e+01  8.73308048e+00
 1.84412698e+00 -5.49606299e+00  3.85576207e+00  1.06380775e+01  8.72487994e+00
 1.84412698e+00 -5.36220472e+00  3.98963825e+00  1.06378925e+01  8.71644765e+00
 1.84412698e+00 -5.22834646e+00  4.12351661e+00  1.06377147e+01  8.70795532e+00
 1.84412698e+00 -5.09448819e+00  4.25739842e+00  1.06375443e+01  8.69937365e+00
 1.84412698e+00 -4.96062992e+00  4.39128244e+00  1.06373808e+01  8.69063209e+00
 1.84412698e+00 -4.82677165e+00  4.52516740e+00  1.06372242e+01  8.68169497e+00
 1.84412698e+00 -4.69291339e+00  4.65906833e+00  1.06370745e+01  8.67254395e+00
 1.84412698e+00 -4.55905512e+00  4.79298592e+00  1.06369314e+01  8.66319112e+00
 1.84412698e+00 -4.42519685e+00  4.92697706e+00  1.06367930e+01  8.65366469e+00
 1.84412698e+00 -4.29133858e+00  5.06144936e+00  1.06366610e+01  8.64392599e+00
 1.84412698e+00 -4.15748031e+00  5.19631267e+00  1.06365209e+01  8.63389282e+00
 1.84412698e+00 -4.02362205e+00  5.33236736e+00  1.06363468e+01  8.62350254e+00
 1.84412698e+00 -3.88976378e+00  5.47751506e+00  1.06361290e+01  8.61280294e+00
 1.84412698e+00 -3.75590551e+00  5.62314235e+00  1.06356435e+01  8.60094473e+00
 1.84412698e+00 -3.62204724e+00  5.76876964e+00  1.06351580e+01  8.58908652e+00
 1.84412698e+00 -3.48818898e+00  5.91439692e+00  1.06346725e+01  8.57722831e+00
 1.84412698e+00 -3.35433071e+00  6.06002421e+00  1.06341870e+01  8.56537010e+00
 1.84412698e+00 -3.22047244e+00  6.20565150e+00  1.06337015e+01  8.55351189e+00
 1.84412698e+00 -3.08661417e+00  6.35127879e+00  1.06332160e+01  8.54165368e+00
 1.84412698e+00 -2.95275591e+00  6.49690607e+00  1.06327305e+01  8.52979547e+00
 1.84412698e+00 -2.81889764e+00  6.64253336e+00  1.06322450e+01  8.51793726e+00
 1.84412698e+00 -2.68503937e+00  6.78816065e+00  1.06317595e+01  8.50607905e+00
 1.84412698e+00 -2.55118110e+00  6.93378794e+00  1.06312740e+01  8.49422084e+00
 1.84412698e+00 -2.41732283e+00  7.07941523e+00  1.06307885e+01  8.48236263e+00
 1.84412698e+00 -2.28346457e+00  7.22504251e+00  1.06303030e+01  8.47050442e+00
 1.84412698e+00 -2.14960630e+00  7.37066980e+00  1.06298175e+01  8.45864621e+00
 1.84412698e+00 -2.01574803e+00  7.51629709e+00  1.06293320e+01  8.44678800e+00
 1.84412698e+00 -1.88188976e+00  7.66192438e+00  1.06288465e+01  8.43492979e+00
 1.84412698e+00 -1.74803150e+00  7.80755166e+00  1.06283610e+01  8.42307158e+00
 1.84412698e+00 -1.61417323e+00  7.95317895e+00  1.06278755e+01  8.41121337e+00
 1.84412698e+00 -1.48031496e+00  8.09880624e+00  1.06273900e+01  8.39935516e+00
 1.84412698e+00 -1.34645669e+00  8.24443353e+00  1.06269045e+01  8.38749695e+00
 1.84412698e+00 -1.21259843e+00  8.39006081e+00  1.06264190e+01  8.37563874e+00
 1.84412698e+00 -1.07874016e+00  8.53568810e+00  1.06259335e+01  8.36378053e+00
 1.84412698e+00 -9.44881890e-01  8.68131539e+00  1.06254480e+01  8.35192232e+00
 1.84412698e+00 -8.11023622e-01  8.82694267e+00  1.06249625e+01  8.34006411e+00
 1.84412698e+00 -6.77165354e-01  8.97256996e+00  1.06244770e+01  8.32820590e+00
 1.84412698e+00 -5.43307087e-01  9.11819725e+00  1.06239915e+01  8.31634770e+00
 1.84412698e+00 -4.09448819e-01  9.26382454e+00  1.06235060e+01  8.30448949e+00
 1.84412698e+00 -2.75590551e-01  9.40945182e+00  1.06230205e+01  8.29263128e+00
 1.84412698e+00 -1.41732283e-01  9.55507911e+00  1.06225350e+01  8.28077307e+00
 1.84412698e+00 -7.87401575e-03  9.70070640e+00  1.06220495e+01  8.26891486e+00
 1.84412698e+00  1.25984252e-01  9.84633369e+00  1.06215640e+01  8.25705665e+00
 1.84412698e+00  2.59842520e-01  9.99196097e+00  1.06210785e+01  8.24519844e+00
 1.84412698e+00  3.93700787e-01  1.01375883e+01  1.06205930e+01  8.23334023e+00
 1.84412698e+00  5.27559055e-01  1.02832155e+01  1.06201075e+01  8.22148202e+00
 1.84412698e+00  6.61417323e-01  1.04288428e+01  1.06196220e+01  8.20962381e+00
 1.84412698e+00  7.95275591e-01  1.05744701e+01  1.06191365e+01  8.19776560e+00
 1.84412698e+00  9.29133858e-01  1.07200974e+01  1.06186510e+01  8.18590739e+00
 1.84412698e+00  1.06299213e+00  1.08657247e+01  1.06181655e+01  8.17404918e+00
 1.84412698e+00  1.19685039e+00  1.10113520e+01  1.06176800e+01  8.16219097e+00
 1.84412698e+00  1.33070866e+00  1.11569793e+01  1.06171945e+01  8.15033276e+00
 1.84412698e+00  1.46456693e+00  1.13026066e+01  1.06167090e+01  8.13847455e+00
 1.84412698e+00  1.59842520e+00  1.14482339e+01  1.06162235e+01  8.12661634e+00
 1.84412698e+00  1.73228346e+00  1.15938611e+01  1.06157380e+01  8.11475813e+00
 1.84412698e+00  1.86614173e+00  1.17394884e+01  1.06152525e+01  8.10289992e+00
 1.84412698e+00  2.00000000e+00  1.18851157e+01  1.06147670e+01  8.09104171e+00
 1.92253968e+00 -1.50000000e+01 -5.57002761e+00  1.06775148e+01  9.10335882e+00
 1.92253968e+00 -1.48661417e+01 -5.43612892e+00  1.06775148e+01  9.09990492e+00
 1.92253968e+00 -1.47322835e+01 -5.30221564e+00  1.06775148e+01  9.09645688e+00
 1.92253968e+00 -1.45984252e+01 -5.16828248e+00  1.06775148e+01  9.09298949e+00
 1.92253968e+00 -1.44645669e+01 -5.03432226e+00  1.06775148e+01  9.08947538e+00
 1.92253968e+00 -1.43307087e+01 -4.90032520e+00  1.06775148e+01  9.08597562e+00
 1.92253968e+00 -1.41968504e+01 -4.76627798e+00  1.06775148e+01  9.08244684e+00
 1.92253968e+00 -1.40629921e+01 -4.63216241e+00  1.06775148e+01  9.07884065e+00
 1.92253968e+00 -1.39291339e+01 -4.49795370e+00  1.06775148e+01  9.07520925e+00
 1.92253968e+00 -1.37952756e+01 -4.36361802e+00  1.06775148e+01  9.07155135e+00
 1.92253968e+00 -1.36614173e+01 -4.22910917e+00  1.06775148e+01  9.06784931e+00
 1.92253968e+00 -1.35275591e+01 -4.09436388e+00  1.06775148e+01  9.06411566e+00
 1.92253968e+00 -1.33937008e+01 -3.95929544e+00  1.06775148e+01  9.06036194e+00
 1.92253968e+00 -1.32598425e+01 -3.82378471e+00  1.06775148e+01  9.05657314e+00
 1.92253968e+00 -1.31259843e+01 -3.69042926e+00  1.06768524e+01  9.05276439e+00
 1.92253968e+00 -1.29921260e+01 -3.55742955e+00  1.06760067e+01  9.04890300e+00
 1.92253968e+00 -1.28582677e+01 -3.42428899e+00  1.06751757e+01  9.04500891e+00
 1.92253968e+00 -1.27244094e+01 -3.29102744e+00  1.06743599e+01  9.04110924e+00
 1.92253968e+00 -1.25905512e+01 -3.15766818e+00  1.06735592e+01  9.03713413e+00
 1.92253968e+00 -1.24566929e+01 -3.02422807e+00  1.06727737e+01  9.03306232e+00
 1.92253968e+00 -1.23228346e+01 -2.89072134e+00  1.06720033e+01  9.02899720e+00
 1.92253968e+00 -1.21889764e+01 -2.75715949e+00  1.06712479e+01  9.02489806e+00
 1.92253968e+00 -1.20551181e+01 -2.62355192e+00  1.06705074e+01  9.02071649e+00
 1.92253968e+00 -1.19212598e+01 -2.48990629e+00  1.06697818e+01  9.01649259e+00
 1.92253968e+00 -1.17874016e+01 -2.35622895e+00  1.06690709e+01  9.01222590e+00
 1.92253968e+00 -1.16535433e+01 -2.22252508e+00  1.06683746e+01  9.00791148e+00
 1.92253968e+00 -1.15196850e+01 -2.08879894e+00  1.06676927e+01  9.00355975e+00
 1.92253968e+00 -1.13858268e+01 -1.95505408e+00  1.06670250e+01  8.99911677e+00
 1.92253968e+00 -1.12519685e+01 -1.82129343e+00  1.06663717e+01  8.99457861e+00
 1.92253968e+00 -1.11181102e+01 -1.68751942e+00  1.06657323e+01  8.99004063e+00
 1.92253968e+00 -1.09842520e+01 -1.55373406e+00  1.06651068e+01  8.98547609e+00
 1.92253968e+00 -1.08503937e+01 -1.41993904e+00  1.06644952e+01  8.98084956e+00
 1.92253968e+00 -1.07165354e+01 -1.28613578e+00  1.06638979e+01  8.97618059e+00
 1.92253968e+00 -1.05826772e+01 -1.15232546e+00  1.06633138e+01  8.97142247e+00
 1.92253968e+00 -1.04488189e+01 -1.01850907e+00  1.06627428e+01  8.96657915e+00
 1.92253968e+00 -1.03149606e+01 -8.84687469e-01  1.06621849e+01  8.96174552e+00
 1.92253968e+00 -1.01811024e+01 -7.50861368e-01  1.06616400e+01  8.95687442e+00
 1.92253968e+00 -1.00472441e+01 -6.17031358e-01  1.06611079e+01  8.95189929e+00
 1.92253968e+00 -9.91338583e+00 -4.83197933e-01  1.06605885e+01  8.94682059e+00
 1.92253968e+00 -9.77952756e+00 -3.49361545e-01  1.06600816e+01  8.94172121e+00
 1.92253968e+00 -9.64566929e+00 -2.15522568e-01  1.06595869e+01  8.93661040e+00
 1.92253968e+00 -9.51181102e+00 -8.16812914e-02  1.06591045e+01  8.93138406e+00
 1.92253968e+00 -9.37795276e+00  5.21620054e-02  1.06586341e+01  8.92608758e+00
 1.92253968e+00 -9.24409449e+00  1.86007079e-01  1.06581757e+01  8.92075969e+00
 1.92253968e+00 -9.11023622e+00  3.19853739e-01  1.06577289e+01  8.91535972e+00
 1.92253968e+00 -8.97637795e+00  4.53701834e-01  1.06572937e+01  8.90987116e+00
 1.92253968e+00 -8.84251969e+00  5.87551218e-01  1.06568700e+01  8.90430165e+00
 1.92253968e+00 -8.70866142e+00  7.21401745e-01  1.06564574e+01  8.89867645e+00
 1.92253968e+00 -8.57480315e+00  8.55253341e-01  1.06560560e+01  8.89301836e+00
 1.92253968e+00 -8.44094488e+00  9.89105921e-01  1.06556656e+01  8.88731112e+00
 1.92253968e+00 -8.30708661e+00  1.12295937e+00  1.06552864e+01  8.88150179e+00
 1.92253968e+00 -8.17322835e+00  1.25681365e+00  1.06549162e+01  8.87559132e+00
 1.92253968e+00 -8.03937008e+00  1.39066873e+00  1.06545575e+01  8.86959347e+00
 1.92253968e+00 -7.90551181e+00  1.52452454e+00  1.06542091e+01  8.86351953e+00
 1.92253968e+00 -7.77165354e+00  1.65838106e+00  1.06538710e+01  8.85740589e+00
 1.92253968e+00 -7.63779528e+00  1.79223828e+00  1.06535429e+01  8.85123973e+00
 1.92253968e+00 -7.50393701e+00  1.92609619e+00  1.06532246e+01  8.84495179e+00
 1.92253968e+00 -7.37007874e+00  2.05995477e+00  1.06529161e+01  8.83852492e+00
 1.92253968e+00 -7.23622047e+00  2.19381404e+00  1.06526171e+01  8.83199699e+00
 1.92253968e+00 -7.10236220e+00  2.32767400e+00  1.06523276e+01  8.82543104e+00
 1.92253968e+00 -6.96850394e+00  2.46153466e+00  1.06520474e+01  8.81880471e+00
 1.92253968e+00 -6.83464567e+00  2.59539604e+00  1.06517762e+01  8.81208138e+00
 1.92253968e+00 -6.70078740e+00  2.72925820e+00  1.06515141e+01  8.80523693e+00
 1.92253968e+00 -6.56692913e+00  2.86312119e+00  1.06512607e+01  8.79825092e+00
 1.92253968e+00 -6.43307087e+00  2.99698505e+00  1.06510160e+01  8.79115598e+00
 1.92253968e+00 -6.29921260e+00  3.13084986e+00  1.06507797e+01  8.78400555e+00
 1.92253968e+00 -6.16535433e+00  3.26471571e+00  1.06505521e+01  8.77670708e+00
 1.92253968e+00 -6.03149606e+00  3.39858268e+00  1.06503325e+01  8.76924510e+00
 1.92253968e+00 -5.89763780e+00  3.53245087e+00  1.06501210e+01  8.76170354e+00
 1.92253968e+00 -5.76377953e+00  3.66632042e+00  1.06499173e+01  8.75407230e+00
 1.92253968e+00 -5.62992126e+00  3.80019153e+00  1.06497214e+01  8.74627931e+00
 1.92253968e+00 -5.49606299e+00  3.93406439e+00  1.06495330e+01  8.73826406e+00
 1.92253968e+00 -5.36220472e+00  4.06793896e+00  1.06493522e+01  8.73015048e+00
 1.92253968e+00 -5.22834646e+00  4.20181599e+00  1.06491786e+01  8.72195967e+00
 1.92253968e+00 -5.09448819e+00  4.33569599e+00  1.06490121e+01  8.71359412e+00
 1.92253968e+00 -4.96062992e+00  4.46957582e+00  1.06488528e+01  8.70506062e+00
 1.92253968e+00 -4.82677165e+00  4.60346310e+00  1.06487002e+01  8.69636760e+00
 1.92253968e+00 -4.69291339e+00  4.73736059e+00  1.06485541e+01  8.68750497e+00
 1.92253968e+00 -4.55905512e+00  4.87122688e+00  1.06484151e+01  8.67847990e+00
 1.92253968e+00 -4.42519685e+00  5.00529715e+00  1.06482820e+01  8.66927533e+00
 1.92253968e+00 -4.29133858e+00  5.13971086e+00  1.06481483e+01  8.65984800e+00
 1.92253968e+00 -4.15748031e+00  5.27359210e+00  1.06480007e+01  8.65016731e+00
 1.92253968e+00 -4.02362205e+00  5.41106031e+00  1.06478436e+01  8.64026603e+00
 1.92253968e+00 -3.88976378e+00  5.55414100e+00  1.06476239e+01  8.62996243e+00
 1.92253968e+00 -3.75590551e+00  5.68705905e+00  1.06471365e+01  8.61864317e+00
 1.92253968e+00 -3.62204724e+00  7.82878741e+00  1.06457249e+01  8.60644777e+00
 1.92253968e+00 -3.48818898e+00  9.97051561e+00  1.06443133e+01  8.59425237e+00
 1.92253968e+00 -3.35433071e+00  1.21122440e+01  1.06429017e+01  8.58205697e+00
 1.92253968e+00 -3.22047244e+00  1.42539723e+01  1.06414901e+01  8.56986157e+00
 1.92253968e+00 -3.08661417e+00  1.63957007e+01  1.06400785e+01  8.55766617e+00
 1.92253968e+00 -2.95275591e+00  1.85374289e+01  1.06386669e+01  8.54547077e+00
 1.92253968e+00 -2.81889764e+00  2.06791573e+01  1.06372553e+01  8.53327537e+00
 1.92253968e+00 -2.68503937e+00  2.28208856e+01  1.06358437e+01  8.52107997e+00
 1.92253968e+00 -2.55118110e+00  2.49626140e+01  1.06344321e+01  8.50888457e+00
 1.92253968e+00 -2.41732283e+00  2.71043423e+01  1.06330205e+01  8.49668917e+00
 1.92253968e+00 -2.28346457e+00  2.92460705e+01  1.06316089e+01  8.48449377e+00
 1.92253968e+00 -2.14960630e+00  3.13877989e+01  1.06301973e+01  8.47229837e+00
 1.92253968e+00 -2.01574803e+00  3.35295273e+01  1.06287857e+01  8.46010297e+00
 1.92253968e+00 -1.88188976e+00  3.56712556e+01  1.06273741e+01  8.44790757e+00
 1.92253968e+00 -1.74803150e+00  3.78129838e+01  1.06259625e+01  8.43571217e+00
 1.92253968e+00 -1.61417323e+00  3.99547122e+01  1.06245509e+01  8.42351677e+00
 1.92253968e+00 -1.48031496e+00  4.20964405e+01  1.06231393e+01  8.41132137e+00
 1.92253968e+00 -1.34645669e+00  4.42381689e+01  1.06217277e+01  8.39912597e+00
 1.92253968e+00 -1.21259843e+00  4.63798971e+01  1.06203161e+01  8.38693057e+00
 1.92253968e+00 -1.07874016e+00  4.85216255e+01  1.06189045e+01  8.37473517e+00
 1.92253968e+00 -9.44881890e-01  5.06633538e+01  1.06174929e+01  8.36253977e+00
 1.92253968e+00 -8.11023622e-01  5.28050821e+01  1.06160813e+01  8.35034437e+00
 1.92253968e+00 -6.77165354e-01  5.49468105e+01  1.06146697e+01  8.33814897e+00
 1.92253968e+00 -5.43307087e-01  5.70885388e+01  1.06132581e+01  8.32595358e+00
 1.92253968e+00 -4.09448819e-01  5.92302671e+01  1.06118465e+01  8.31375818e+00
 1.92253968e+00 -2.75590551e-01  6.13719954e+01  1.06104349e+01  8.30156278e+00
 1.92253968e+00 -1.41732283e-01  6.35137238e+01  1.06090233e+01  8.28936738e+00
 1.92253968e+00 -7.87401575e-03  6.56554521e+01  1.06076117e+01  8.27717198e+00
 1.92253968e+00  1.25984252e-01  6.77971804e+01  1.06062001e+01  8.26497658e+00
 1.92253968e+00  2.59842520e-01  6.99389087e+01  1.06047885e+01  8.25278118e+00
 1.92253968e+00  3.93700787e-01  7.20806370e+01  1.06033769e+01  8.24058578e+00
 1.92253968e+00  5.27559055e-01  7.42223654e+01  1.06019653e+01  8.22839038e+00
 1.92253968e+00  6.61417323e-01  7.63640937e+01  1.06005537e+01  8.21619498e+00
 1.92253968e+00  7.95275591e-01  7.85058220e+01  1.05991421e+01  8.20399958e+00
 1.92253968e+00  9.29133858e-01  8.06475503e+01  1.05977305e+01  8.19180418e+00
 1.92253968e+00  1.06299213e+00  8.27892787e+01  1.05963189e+01  8.17960878e+00
 1.92253968e+00  1.19685039e+00  8.49310069e+01  1.05949073e+01  8.16741338e+00
 1.92253968e+00  1.33070866e+00  8.70727353e+01  1.05934957e+01  8.15521798e+00
 1.92253968e+00  1.46456693e+00  8.92144637e+01  1.05920841e+01  8.14302258e+00
 1.92253968e+00  1.59842520e+00  9.13561920e+01  1.05906725e+01  8.13082718e+00
 1.92253968e+00  1.73228346e+00  9.34979202e+01  1.05892609e+01  8.11863178e+00
 1.92253968e+00  1.86614173e+00  9.56396486e+01  1.05878493e+01  8.10643638e+00
 1.92253968e+00  2.00000000e+00  9.77813769e+01  1.05864377e+01  8.09424098e+00
 2.00095238e+00 -1.50000000e+01 -5.49123131e+00  1.06897703e+01  9.10529871e+00
 2.00095238e+00 -1.48661417e+01 -5.35731880e+00  1.06897703e+01  9.10191531e+00
 2.00095238e+00 -1.47322835e+01 -5.22338669e+00  1.06897703e+01  9.09852777e+00
 2.00095238e+00 -1.45984252e+01 -5.08942791e+00  1.06897703e+01  9.09508688e+00
 2.00095238e+00 -1.44645669e+01 -4.95543280e+00  1.06897703e+01  9.09162349e+00
 2.00095238e+00 -1.43307087e+01 -4.82138822e+00  1.06897703e+01  9.08816289e+00
 2.00095238e+00 -1.41968504e+01 -4.68727625e+00  1.06897703e+01  9.08467017e+00
 2.00095238e+00 -1.40629921e+01 -4.55307247e+00  1.06897703e+01  9.08113559e+00
 2.00095238e+00 -1.39291339e+01 -4.41874351e+00  1.06897703e+01  9.07754954e+00
 2.00095238e+00 -1.37952756e+01 -4.28424380e+00  1.06897703e+01  9.07389639e+00
 2.00095238e+00 -1.36614173e+01 -4.14951101e+00  1.06897703e+01  9.07023241e+00
 2.00095238e+00 -1.35275591e+01 -4.01445969e+00  1.06897703e+01  9.06656915e+00
 2.00095238e+00 -1.33937008e+01 -3.87897239e+00  1.06897703e+01  9.06283367e+00
 2.00095238e+00 -1.32598425e+01 -3.74439836e+00  1.06894416e+01  9.05908911e+00
 2.00095238e+00 -1.31259843e+01 -3.61148451e+00  1.06885863e+01  9.05534721e+00
 2.00095238e+00 -1.29921260e+01 -3.47854406e+00  1.06877477e+01  9.05153329e+00
 2.00095238e+00 -1.28582677e+01 -3.34543205e+00  1.06869242e+01  9.04769844e+00
 2.00095238e+00 -1.27244094e+01 -3.21219543e+00  1.06861158e+01  9.04385647e+00
 2.00095238e+00 -1.25905512e+01 -3.07885532e+00  1.06853225e+01  9.03994375e+00
 2.00095238e+00 -1.24566929e+01 -2.94543022e+00  1.06845444e+01  9.03597743e+00
 2.00095238e+00 -1.23228346e+01 -2.81193519e+00  1.06837813e+01  9.03197511e+00
 2.00095238e+00 -1.21889764e+01 -2.67838243e+00  1.06830332e+01  9.02791992e+00
 2.00095238e+00 -1.20551181e+01 -2.54478191e+00  1.06823000e+01  9.02380116e+00
 2.00095238e+00 -1.19212598e+01 -2.41114177e+00  1.06815815e+01  9.01962543e+00
 2.00095238e+00 -1.17874016e+01 -2.27746865e+00  1.06808778e+01  9.01541165e+00
 2.00095238e+00 -1.16535433e+01 -2.14376802e+00  1.06801886e+01  9.01114923e+00
 2.00095238e+00 -1.15196850e+01 -2.01004436e+00  1.06795138e+01  9.00684202e+00
 2.00095238e+00 -1.13858268e+01 -1.87630138e+00  1.06788533e+01  9.00251028e+00
 2.00095238e+00 -1.12519685e+01 -1.74254213e+00  1.06782069e+01  8.99810880e+00
 2.00095238e+00 -1.11181102e+01 -1.60876916e+00  1.06775745e+01  8.99362056e+00
 2.00095238e+00 -1.09842520e+01 -1.47498456e+00  1.06769560e+01  8.98908808e+00
 2.00095238e+00 -1.08503937e+01 -1.34119004e+00  1.06763527e+01  8.98455423e+00
 2.00095238e+00 -1.07165354e+01 -1.20738727e+00  1.06757555e+01  8.97998947e+00
 2.00095238e+00 -1.05826772e+01 -1.07357723e+00  1.06751765e+01  8.97531787e+00
 2.00095238e+00 -1.04488189e+01 -9.39761032e-01  1.06746106e+01  8.97059627e+00
 2.00095238e+00 -1.03149606e+01 -8.05939530e-01  1.06740577e+01  8.96583273e+00
 2.00095238e+00 -1.01811024e+01 -6.72113456e-01  1.06735179e+01  8.96096138e+00
 2.00095238e+00 -1.00472441e+01 -5.38283433e-01  1.06729907e+01  8.95604945e+00
 2.00095238e+00 -9.91338583e+00 -4.04449980e-01  1.06724762e+01  8.95111962e+00
 2.00095238e+00 -9.77952756e+00 -2.70613535e-01  1.06719743e+01  8.94611558e+00
 2.00095238e+00 -9.64566929e+00 -1.36774481e-01  1.06714846e+01  8.94104343e+00
 2.00095238e+00 -9.51181102e+00 -2.93314034e-03  1.06710071e+01  8.93592479e+00
 2.00095238e+00 -9.37795276e+00  1.30910220e-01  1.06705417e+01  8.93076517e+00
 2.00095238e+00 -9.24409449e+00  2.64755367e-01  1.06700880e+01  8.92551785e+00
 2.00095238e+00 -9.11023622e+00  3.98602098e-01  1.06696461e+01  8.92018577e+00
 2.00095238e+00 -8.97637795e+00  5.32450238e-01  1.06692157e+01  8.91481696e+00
 2.00095238e+00 -8.84251969e+00  6.66299650e-01  1.06687966e+01  8.90937441e+00
 2.00095238e+00 -8.70866142e+00  8.00150208e-01  1.06683889e+01  8.90385567e+00
 2.00095238e+00 -8.57480315e+00  9.34001798e-01  1.06679921e+01  8.89829921e+00
 2.00095238e+00 -8.44094488e+00  1.06785434e+00  1.06676066e+01  8.89267590e+00
 2.00095238e+00 -8.30708661e+00  1.20170779e+00  1.06672351e+01  8.88695473e+00
 2.00095238e+00 -8.17322835e+00  1.33556202e+00  1.06668693e+01  8.88112744e+00
 2.00095238e+00 -8.03937008e+00  1.46941703e+00  1.06665156e+01  8.87522294e+00
 2.00095238e+00 -7.90551181e+00  1.60327276e+00  1.06661724e+01  8.86927022e+00
 2.00095238e+00 -7.77165354e+00  1.73712918e+00  1.06658393e+01  8.86327749e+00
 2.00095238e+00 -7.63779528e+00  1.87098626e+00  1.06655161e+01  8.85720261e+00
 2.00095238e+00 -7.50393701e+00  2.00484399e+00  1.06652027e+01  8.85102510e+00
 2.00095238e+00 -7.37007874e+00  2.13870236e+00  1.06648990e+01  8.84475724e+00
 2.00095238e+00 -7.23622047e+00  2.27256138e+00  1.06646048e+01  8.83841630e+00
 2.00095238e+00 -7.10236220e+00  2.40642105e+00  1.06643200e+01  8.83198841e+00
 2.00095238e+00 -6.96850394e+00  2.54028139e+00  1.06640443e+01  8.82544434e+00
 2.00095238e+00 -6.83464567e+00  2.67414242e+00  1.06637777e+01  8.81880011e+00
 2.00095238e+00 -6.70078740e+00  2.80800417e+00  1.06635200e+01  8.81206229e+00
 2.00095238e+00 -6.56692913e+00  2.94186669e+00  1.06632711e+01  8.80523148e+00
 2.00095238e+00 -6.43307087e+00  3.07573003e+00  1.06630307e+01  8.79833989e+00
 2.00095238e+00 -6.29921260e+00  3.20959424e+00  1.06627982e+01  8.79134060e+00
 2.00095238e+00 -6.16535433e+00  3.34345941e+00  1.06625746e+01  8.78416121e+00
 2.00095238e+00 -6.03149606e+00  3.47732564e+00  1.06623590e+01  8.77687592e+00
 2.00095238e+00 -5.89763780e+00  3.61119301e+00  1.06621513e+01  8.76952383e+00
 2.00095238e+00 -5.76377953e+00  3.74506162e+00  1.06619515e+01  8.76205406e+00
 2.00095238e+00 -5.62992126e+00  3.87893181e+00  1.06617594e+01  8.75431766e+00
 2.00095238e+00 -5.49606299e+00  4.01280331e+00  1.06615747e+01  8.74639235e+00
 2.00095238e+00 -5.36220472e+00  4.14667637e+00  1.06613975e+01  8.73846188e+00
 2.00095238e+00 -5.22834646e+00  4.28055361e+00  1.06612275e+01  8.73044570e+00
 2.00095238e+00 -5.09448819e+00  4.41442916e+00  1.06610645e+01  8.72224918e+00
 2.00095238e+00 -4.96062992e+00  4.54830444e+00  1.06609081e+01  8.71384226e+00
 2.00095238e+00 -4.82677165e+00  4.68221294e+00  1.06607586e+01  8.70529574e+00
 2.00095238e+00 -4.69291339e+00  4.81606773e+00  1.06606161e+01  8.69662478e+00
 2.00095238e+00 -4.55905512e+00  4.94990125e+00  1.06604812e+01  8.68778645e+00
 2.00095238e+00 -4.42519685e+00  5.08422451e+00  1.06603522e+01  8.67873047e+00
 2.00095238e+00 -4.29133858e+00  5.21800278e+00  1.06602228e+01  8.66947109e+00
 2.00095238e+00 -4.15748031e+00  5.35187868e+00  1.06600876e+01  8.66005601e+00
 2.00095238e+00 -4.02362205e+00  5.49277902e+00  1.06599435e+01  8.65042738e+00
 2.00095238e+00 -3.88976378e+00  5.63367937e+00  1.06597994e+01  8.64079875e+00
 2.00095238e+00 -3.75590551e+00  5.77457972e+00  1.06596553e+01  8.63117012e+00
 2.00095238e+00 -3.62204724e+00  5.91548007e+00  1.06595112e+01  8.62154149e+00
 2.00095238e+00 -3.48818898e+00  6.05638041e+00  1.06593671e+01  8.61191286e+00
 2.00095238e+00 -3.35433071e+00  6.19728076e+00  1.06592230e+01  8.60228423e+00
 2.00095238e+00 -3.22047244e+00  6.33818111e+00  1.06590789e+01  8.59265560e+00
 2.00095238e+00 -3.08661417e+00  6.47908146e+00  1.06589348e+01  8.58302697e+00
 2.00095238e+00 -2.95275591e+00  6.61998180e+00  1.06587907e+01  8.57339834e+00
 2.00095238e+00 -2.81889764e+00  6.76088215e+00  1.06586466e+01  8.56376970e+00
 2.00095238e+00 -2.68503937e+00  6.90178250e+00  1.06585025e+01  8.55414107e+00
 2.00095238e+00 -2.55118110e+00  7.04268285e+00  1.06583584e+01  8.54451244e+00
 2.00095238e+00 -2.41732283e+00  7.18358321e+00  1.06582143e+01  8.53488381e+00
 2.00095238e+00 -2.28346457e+00  7.32448355e+00  1.06580702e+01  8.52525518e+00
 2.00095238e+00 -2.14960630e+00  7.46538390e+00  1.06579261e+01  8.51562655e+00
 2.00095238e+00 -2.01574803e+00  7.60628425e+00  1.06577820e+01  8.50599792e+00
 2.00095238e+00 -1.88188976e+00  7.74718460e+00  1.06576379e+01  8.49636929e+00
 2.00095238e+00 -1.74803150e+00  7.88808494e+00  1.06574938e+01  8.48674066e+00
 2.00095238e+00 -1.61417323e+00  8.02898529e+00  1.06573497e+01  8.47711203e+00
 2.00095238e+00 -1.48031496e+00  8.16988564e+00  1.06572056e+01  8.46748340e+00
 2.00095238e+00 -1.34645669e+00  8.31078599e+00  1.06570615e+01  8.45785477e+00
 2.00095238e+00 -1.21259843e+00  8.45168633e+00  1.06569174e+01  8.44822614e+00
 2.00095238e+00 -1.07874016e+00  8.59258668e+00  1.06567733e+01  8.43859751e+00
 2.00095238e+00 -9.44881890e-01  8.73348703e+00  1.06566292e+01  8.42896888e+00
 2.00095238e+00 -8.11023622e-01  8.87438738e+00  1.06564851e+01  8.41934025e+00
 2.00095238e+00 -6.77165354e-01  9.01528773e+00  1.06563410e+01  8.40971162e+00
 2.00095238e+00 -5.43307087e-01  9.15618807e+00  1.06561969e+01  8.40008299e+00
 2.00095238e+00 -4.09448819e-01  9.29708842e+00  1.06560528e+01  8.39045435e+00
 2.00095238e+00 -2.75590551e-01  9.43798877e+00  1.06559087e+01  8.38082572e+00
 2.00095238e+00 -1.41732283e-01  9.57888912e+00  1.06557646e+01  8.37119709e+00
 2.00095238e+00 -7.87401575e-03  9.71978947e+00  1.06556205e+01  8.36156846e+00
 2.00095238e+00  1.25984252e-01  9.86068981e+00  1.06554764e+01  8.35193983e+00
 2.00095238e+00  2.59842520e-01  1.00015902e+01  1.06553323e+01  8.34231120e+00
 2.00095238e+00  3.93700787e-01  1.01424905e+01  1.06551882e+01  8.33268257e+00
 2.00095238e+00  5.27559055e-01  1.02833909e+01  1.06550441e+01  8.32305394e+00
 2.00095238e+00  6.61417323e-01  1.04242912e+01  1.06549000e+01  8.31342531e+00
 2.00095238e+00  7.95275591e-01  1.05651916e+01  1.06547559e+01  8.30379668e+00
 2.00095238e+00  9.29133858e-01  1.07060919e+01  1.06546118e+01  8.29416805e+00
 2.00095238e+00  1.06299213e+00  1.08469923e+01  1.06544677e+01  8.28453942e+00
 2.00095238e+00  1.19685039e+00  1.09878926e+01  1.06543236e+01  8.27491079e+00
 2.00095238e+00  1.33070866e+00  1.11287929e+01  1.06541795e+01  8.26528216e+00
 2.00095238e+00  1.46456693e+00  1.12696933e+01  1.06540354e+01  8.25565353e+00
 2.00095238e+00  1.59842520e+00  1.14105936e+01  1.06538913e+01  8.24602490e+00
 2.00095238e+00  1.73228346e+00  1.15514940e+01  1.06537472e+01  8.23639627e+00
 2.00095238e+00  1.86614173e+00  1.16923943e+01  1.06536031e+01  8.22676764e+00
 2.00095238e+00  2.00000000e+00  1.18332947e+01  1.06534590e+01  8.21713900e+00
 2.07936508e+00 -1.50000000e+01 -5.41531255e+00  1.07024096e+01  9.13049235e+00
 2.07936508e+00 -1.48661417e+01 -5.28139075e+00  1.07024096e+01  9.12712658e+00
 2.07936508e+00 -1.47322835e+01 -5.14744600e+00  1.07024096e+01  9.12373568e+00
 2.07936508e+00 -1.45984252e+01 -5.01347000e+00  1.07024096e+01  9.12033546e+00
 2.07936508e+00 -1.44645669e+01 -4.87945144e+00  1.07024096e+01  9.11694868e+00
 2.07936508e+00 -1.43307087e+01 -4.74537494e+00  1.07024096e+01  9.11350598e+00
 2.07936508e+00 -1.41968504e+01 -4.61121947e+00  1.07024096e+01  9.10998360e+00
 2.07936508e+00 -1.40629921e+01 -4.47695638e+00  1.07024096e+01  9.10644821e+00
 2.07936508e+00 -1.39291339e+01 -4.34254654e+00  1.07024096e+01  9.10292526e+00
 2.07936508e+00 -1.37952756e+01 -4.20793647e+00  1.07024096e+01  9.09937466e+00
 2.07936508e+00 -1.36614173e+01 -4.07305289e+00  1.07024096e+01  9.09572461e+00
 2.07936508e+00 -1.35275591e+01 -3.93779527e+00  1.07024096e+01  9.09204084e+00
 2.07936508e+00 -1.33937008e+01 -3.80202522e+00  1.07024096e+01  9.08833959e+00
 2.07936508e+00 -1.32598425e+01 -3.66819451e+00  1.07016423e+01  9.08463332e+00
 2.07936508e+00 -1.31259843e+01 -3.53532913e+00  1.07007892e+01  9.08094458e+00
 2.07936508e+00 -1.29921260e+01 -3.40244523e+00  1.06999512e+01  9.07723475e+00
 2.07936508e+00 -1.28582677e+01 -3.26938114e+00  1.06991283e+01  9.07342415e+00
 2.07936508e+00 -1.27244094e+01 -3.13618264e+00  1.06983205e+01  9.06957545e+00
 2.07936508e+00 -1.25905512e+01 -3.00287199e+00  1.06975279e+01  9.06571417e+00
 2.07936508e+00 -1.24566929e+01 -2.86947000e+00  1.06967506e+01  9.06179699e+00
 2.07936508e+00 -1.23228346e+01 -2.73599299e+00  1.06959884e+01  9.05782143e+00
 2.07936508e+00 -1.21889764e+01 -2.60245430e+00  1.06952412e+01  9.05381448e+00
 2.07936508e+00 -1.20551181e+01 -2.46886474e+00  1.06945091e+01  9.04979677e+00
 2.07936508e+00 -1.19212598e+01 -2.33523312e+00  1.06937918e+01  9.04568902e+00
 2.07936508e+00 -1.17874016e+01 -2.20156661e+00  1.06930893e+01  9.04150372e+00
 2.07936508e+00 -1.16535433e+01 -2.06787109e+00  1.06924015e+01  9.03733436e+00
 2.07936508e+00 -1.15196850e+01 -1.93415137e+00  1.06917282e+01  9.03310352e+00
 2.07936508e+00 -1.13858268e+01 -1.80041140e+00  1.06910692e+01  9.02879167e+00
 2.07936508e+00 -1.12519685e+01 -1.66665445e+00  1.06904244e+01  9.02446271e+00
 2.07936508e+00 -1.11181102e+01 -1.53288321e+00  1.06897937e+01  9.02009125e+00
 2.07936508e+00 -1.09842520e+01 -1.39909991e+00  1.06891768e+01  9.01564797e+00
 2.07936508e+00 -1.08503937e+01 -1.26530623e+00  1.06885815e+01  9.01113657e+00
 2.07936508e+00 -1.07165354e+01 -1.13150397e+00  1.06879927e+01  9.00659963e+00
 2.07936508e+00 -1.05826772e+01 -9.97694317e-01  1.06874188e+01  9.00202910e+00
 2.07936508e+00 -1.04488189e+01 -8.63878354e-01  1.06868583e+01  8.99736983e+00
 2.07936508e+00 -1.03149606e+01 -7.30056987e-01  1.06863109e+01  8.99262653e+00
 2.07936508e+00 -1.01811024e+01 -5.96230971e-01  1.06857764e+01  8.98785855e+00
 2.07936508e+00 -1.00472441e+01 -4.62400944e-01  1.06852546e+01  8.98311028e+00
 2.07936508e+00 -9.91338583e+00 -3.28567446e-01  1.06847455e+01  8.97824288e+00
 2.07936508e+00 -9.77952756e+00 -1.94730933e-01  1.06842489e+01  8.97326441e+00
 2.07936508e+00 -9.64566929e+00 -6.08917912e-02  1.06837646e+01  8.96829730e+00
 2.07936508e+00 -9.51181102e+00  7.29496503e-02  1.06832924e+01  8.96325980e+00
 2.07936508e+00 -9.37795276e+00  2.06793110e-01  1.06828321e+01  8.95814811e+00
 2.07936508e+00 -9.24409449e+00  3.40638350e-01  1.06823838e+01  8.95302618e+00
 2.07936508e+00 -9.11023622e+00  4.74485169e-01  1.06819471e+01  8.94781466e+00
 2.07936508e+00 -8.97637795e+00  6.08333392e-01  1.06815219e+01  8.94249789e+00
 2.07936508e+00 -8.84251969e+00  7.42182870e-01  1.06811081e+01  8.93713040e+00
 2.07936508e+00 -8.70866142e+00  8.76033478e-01  1.06807054e+01  8.93172440e+00
 2.07936508e+00 -8.57480315e+00  1.00988511e+00  1.06803139e+01  8.92625464e+00
 2.07936508e+00 -8.44094488e+00  1.14373770e+00  1.06799368e+01  8.92069495e+00
 2.07936508e+00 -8.30708661e+00  1.27759106e+00  1.06795599e+01  8.91508318e+00
 2.07936508e+00 -8.17322835e+00  1.41144524e+00  1.06791991e+01  8.90941266e+00
 2.07936508e+00 -8.03937008e+00  1.54530017e+00  1.06788494e+01  8.90364182e+00
 2.07936508e+00 -7.90551181e+00  1.67915580e+00  1.06785099e+01  8.89779129e+00
 2.07936508e+00 -7.77165354e+00  1.81301209e+00  1.06781806e+01  8.89187175e+00
 2.07936508e+00 -7.63779528e+00  1.94686902e+00  1.06778611e+01  8.88587287e+00
 2.07936508e+00 -7.50393701e+00  2.08072657e+00  1.06775515e+01  8.87977731e+00
 2.07936508e+00 -7.37007874e+00  2.21458473e+00  1.06772516e+01  8.87361405e+00
 2.07936508e+00 -7.23622047e+00  2.34844351e+00  1.06769612e+01  8.86740688e+00
 2.07936508e+00 -7.10236220e+00  2.48230290e+00  1.06766800e+01  8.86106865e+00
 2.07936508e+00 -6.96850394e+00  2.61616292e+00  1.06764081e+01  8.85462606e+00
 2.07936508e+00 -6.83464567e+00  2.75002359e+00  1.06761452e+01  8.84815259e+00
 2.07936508e+00 -6.70078740e+00  2.88388494e+00  1.06758912e+01  8.84157886e+00
 2.07936508e+00 -6.56692913e+00  3.01774701e+00  1.06756459e+01  8.83487256e+00
 2.07936508e+00 -6.43307087e+00  3.15160983e+00  1.06754088e+01  8.82804724e+00
 2.07936508e+00 -6.29921260e+00  3.28547349e+00  1.06751815e+01  8.82111982e+00
 2.07936508e+00 -6.16535433e+00  3.41933802e+00  1.06749616e+01  8.81411571e+00
 2.07936508e+00 -6.03149606e+00  3.55320353e+00  1.06747498e+01  8.80703241e+00
 2.07936508e+00 -5.89763780e+00  3.68707010e+00  1.06745460e+01  8.79979363e+00
 2.07936508e+00 -5.76377953e+00  3.82093786e+00  1.06743500e+01  8.79249883e+00
 2.07936508e+00 -5.62992126e+00  3.95480695e+00  1.06741616e+01  8.78528336e+00
 2.07936508e+00 -5.49606299e+00  4.08867739e+00  1.06739807e+01  8.77805609e+00
 2.07936508e+00 -5.36220472e+00  4.22254972e+00  1.06738070e+01  8.77073270e+00
 2.07936508e+00 -5.22834646e+00  4.35642399e+00  1.06736405e+01  8.76327229e+00
 2.07936508e+00 -5.09448819e+00  4.49029876e+00  1.06734818e+01  8.75567238e+00
 2.07936508e+00 -4.96062992e+00  4.62417947e+00  1.06733314e+01  8.74794103e+00
 2.07936508e+00 -4.82677165e+00  4.75806360e+00  1.06731866e+01  8.74008603e+00
 2.07936508e+00 -4.69291339e+00  4.89192992e+00  1.06730385e+01  8.73210423e+00
 2.07936508e+00 -4.55905512e+00  5.02586772e+00  1.06728966e+01  8.72396085e+00
 2.07936508e+00 -4.42519685e+00  5.15984457e+00  1.06727709e+01  8.71563553e+00
 2.07936508e+00 -4.29133858e+00  5.29354018e+00  1.06726496e+01  8.70717884e+00
 2.07936508e+00 -4.15748031e+00  5.42810023e+00  1.06725322e+01  8.69858540e+00
 2.07936508e+00 -4.02362205e+00  5.56306799e+00  1.06724110e+01  8.68978066e+00
 2.07936508e+00 -3.88976378e+00  5.69462402e+00  1.06722538e+01  8.68068874e+00
 2.07936508e+00 -3.75590551e+00  5.83952406e+00  1.06720905e+01  8.67151310e+00
 2.07936508e+00 -3.62204724e+00  6.01634344e+00  1.06719648e+01  8.66238824e+00
 2.07936508e+00 -3.48818898e+00  6.18866105e+00  1.06718346e+01  8.65295292e+00
 2.07936508e+00 -3.35433071e+00  6.36117966e+00  1.06716989e+01  8.64324499e+00
 2.07936508e+00 -3.22047244e+00  6.53430425e+00  1.06715665e+01  8.63327044e+00
 2.07936508e+00 -3.08661417e+00  6.70736706e+00  1.06714198e+01  8.62292914e+00
 2.07936508e+00 -2.95275591e+00  6.88075096e+00  1.06712448e+01  8.61218484e+00
 2.07936508e+00 -2.81889764e+00  7.05450202e+00  1.06710315e+01  8.60106290e+00
 2.07936508e+00 -2.68503937e+00  7.22892449e+00  1.06707612e+01  8.58948049e+00
 2.07936508e+00 -2.55118110e+00  7.40429619e+00  1.06703886e+01  8.57726994e+00
 2.07936508e+00 -2.41732283e+00  7.58125361e+00  1.06698319e+01  8.56433083e+00
 2.07936508e+00 -2.28346457e+00  7.76084455e+00  1.06690738e+01  8.55037277e+00
 2.07936508e+00 -2.14960630e+00  7.94538102e+00  1.06679093e+01  8.53511137e+00
 2.07936508e+00 -2.01574803e+00  8.14003044e+00  1.06659933e+01  8.51788397e+00
 2.07936508e+00 -1.88188976e+00  8.35724610e+00  1.06639115e+01  8.49742343e+00
 2.07936508e+00 -1.74803150e+00  8.62597225e+00  1.06605014e+01  8.47175068e+00
 2.07936508e+00 -1.61417323e+00  8.99282633e+00  1.06574567e+01  8.43679134e+00
 2.07936508e+00 -1.48031496e+00  9.51006985e+00  1.06713894e+01  8.38466776e+00
 2.07936508e+00 -1.34645669e+00  1.00273134e+01  1.06853221e+01  8.33254418e+00
 2.07936508e+00 -1.21259843e+00  1.05445569e+01  1.06992548e+01  8.28042060e+00
 2.07936508e+00 -1.07874016e+00  1.10618004e+01  1.07131875e+01  8.22829702e+00
 2.07936508e+00 -9.44881890e-01  1.15790439e+01  1.07271202e+01  8.17617344e+00
 2.07936508e+00 -8.11023622e-01  1.20962874e+01  1.07410529e+01  8.12404986e+00
 2.07936508e+00 -6.77165354e-01  1.26135309e+01  1.07549856e+01  8.07192629e+00
 2.07936508e+00 -5.43307087e-01  1.31307744e+01  1.07689183e+01  8.01980271e+00
 2.07936508e+00 -4.09448819e-01  1.36480179e+01  1.07828510e+01  7.96767913e+00
 2.07936508e+00 -2.75590551e-01  1.41652614e+01  1.07967837e+01  7.91555555e+00
 2.07936508e+00 -1.41732283e-01  1.46825050e+01  1.08107164e+01  7.86343197e+00
 2.07936508e+00 -7.87401575e-03  1.51997485e+01  1.08246491e+01  7.81130839e+00
 2.07936508e+00  1.25984252e-01  1.57169920e+01  1.08385818e+01  7.75918481e+00
 2.07936508e+00  2.59842520e-01  1.62342355e+01  1.08525145e+01  7.70706123e+00
 2.07936508e+00  3.93700787e-01  1.67514790e+01  1.08664472e+01  7.65493765e+00
 2.07936508e+00  5.27559055e-01  1.72687225e+01  1.08803799e+01  7.60281407e+00
 2.07936508e+00  6.61417323e-01  1.77859660e+01  1.08943126e+01  7.55069049e+00
 2.07936508e+00  7.95275591e-01  1.83032095e+01  1.09082453e+01  7.49856692e+00
 2.07936508e+00  9.29133858e-01  1.88204530e+01  1.09221780e+01  7.44644334e+00
 2.07936508e+00  1.06299213e+00  1.93376966e+01  1.09361107e+01  7.39431976e+00
 2.07936508e+00  1.19685039e+00  1.98549401e+01  1.09500434e+01  7.34219618e+00
 2.07936508e+00  1.33070866e+00  2.03721836e+01  1.09639761e+01  7.29007260e+00
 2.07936508e+00  1.46456693e+00  2.08894271e+01  1.09779088e+01  7.23794902e+00
 2.07936508e+00  1.59842520e+00  2.14066706e+01  1.09918415e+01  7.18582544e+00
 2.07936508e+00  1.73228346e+00  2.19239141e+01  1.10057742e+01  7.13370186e+00
 2.07936508e+00  1.86614173e+00  2.24411576e+01  1.10197069e+01  7.08157828e+00
 2.07936508e+00  2.00000000e+00  2.29584011e+01  1.10336396e+01  7.02945470e+00
 2.15777778e+00 -1.50000000e+01 -5.33772372e+00  1.07169528e+01  9.14092965e+00
 2.15777778e+00 -1.48661417e+01 -5.20380296e+00  1.07169528e+01  9.13758780e+00
 2.15777778e+00 -1.47322835e+01 -5.06985962e+00  1.07169528e+01  9.13425433e+00
 2.15777778e+00 -1.45984252e+01 -4.93588555e+00  1.07169528e+01  9.13090421e+00
 2.15777778e+00 -1.44645669e+01 -4.80186962e+00  1.07169528e+01  9.12750290e+00
 2.15777778e+00 -1.43307087e+01 -4.66779668e+00  1.07169528e+01  9.12404030e+00
 2.15777778e+00 -1.41968504e+01 -4.53364608e+00  1.07169528e+01  9.12057052e+00
 2.15777778e+00 -1.40629921e+01 -4.39938962e+00  1.07169528e+01  9.11709965e+00
 2.15777778e+00 -1.39291339e+01 -4.26498884e+00  1.07169528e+01  9.11358449e+00
 2.15777778e+00 -1.37952756e+01 -4.13039111e+00  1.07169527e+01  9.11004549e+00
 2.15777778e+00 -1.36614173e+01 -3.99552441e+00  1.07169527e+01  9.10648291e+00
 2.15777778e+00 -1.35275591e+01 -3.86028989e+00  1.07169527e+01  9.10286788e+00
 2.15777778e+00 -1.33937008e+01 -3.72475325e+00  1.07165519e+01  9.09920520e+00
 2.15777778e+00 -1.32598425e+01 -3.59037542e+00  1.07156716e+01  9.09553042e+00
 2.15777778e+00 -1.31259843e+01 -3.45748120e+00  1.07148220e+01  9.09186061e+00
 2.15777778e+00 -1.29921260e+01 -3.32464624e+00  1.07139890e+01  9.08816312e+00
 2.15777778e+00 -1.28582677e+01 -3.19162981e+00  1.07131711e+01  9.08443225e+00
 2.15777778e+00 -1.27244094e+01 -3.05846673e+00  1.07123684e+01  9.08066305e+00
 2.15777778e+00 -1.25905512e+01 -2.92518434e+00  1.07115808e+01  9.07684092e+00
 2.15777778e+00 -1.24566929e+01 -2.79180449e+00  1.07108084e+01  9.07295729e+00
 2.15777778e+00 -1.23228346e+01 -2.65834493e+00  1.07100512e+01  9.06901742e+00
 2.15777778e+00 -1.21889764e+01 -2.52481997e+00  1.07093090e+01  9.06504792e+00
 2.15777778e+00 -1.20551181e+01 -2.39124122e+00  1.07085819e+01  9.06104973e+00
 2.15777778e+00 -1.19212598e+01 -2.25761811e+00  1.07078697e+01  9.05700740e+00
 2.15777778e+00 -1.17874016e+01 -2.12395830e+00  1.07071719e+01  9.05293405e+00
 2.15777778e+00 -1.16535433e+01 -1.99026806e+00  1.07064887e+01  9.04882031e+00
 2.15777778e+00 -1.15196850e+01 -1.85655248e+00  1.07058203e+01  9.04463770e+00
 2.15777778e+00 -1.13858268e+01 -1.72281577e+00  1.07051664e+01  9.04037553e+00
 2.15777778e+00 -1.12519685e+01 -1.58906137e+00  1.07045267e+01  9.03606745e+00
 2.15777778e+00 -1.11181102e+01 -1.45529212e+00  1.07039010e+01  9.03174967e+00
 2.15777778e+00 -1.09842520e+01 -1.32151037e+00  1.07032890e+01  9.02736705e+00
 2.15777778e+00 -1.08503937e+01 -1.18771798e+00  1.07026936e+01  9.02292543e+00
 2.15777778e+00 -1.07165354e+01 -1.05391668e+00  1.07021101e+01  9.01846438e+00
 2.15777778e+00 -1.05826772e+01 -9.20107774e-01  1.07015399e+01  9.01394742e+00
 2.15777778e+00 -1.04488189e+01 -7.86292387e-01  1.07009830e+01  9.00936943e+00
 2.15777778e+00 -1.03149606e+01 -6.52471455e-01  1.07004392e+01  9.00474597e+00
 2.15777778e+00 -1.01811024e+01 -5.18645765e-01  1.06999083e+01  9.00004967e+00
 2.15777778e+00 -1.00472441e+01 -3.84815980e-01  1.06993902e+01  8.99529309e+00
 2.15777778e+00 -9.91338583e+00 -2.50982658e-01  1.06988848e+01  8.99050720e+00
 2.15777778e+00 -9.77952756e+00 -1.17146271e-01  1.06983919e+01  8.98567184e+00
 2.15777778e+00 -9.64566929e+00  1.66927808e-02  1.06979113e+01  8.98076219e+00
 2.15777778e+00 -9.51181102e+00  1.50534159e-01  1.06974428e+01  8.97577969e+00
 2.15777778e+00 -9.37795276e+00  2.84377576e-01  1.06969863e+01  8.97078116e+00
 2.15777778e+00 -9.24409449e+00  4.18222786e-01  1.06965417e+01  8.96572445e+00
 2.15777778e+00 -9.11023622e+00  5.52069580e-01  1.06961086e+01  8.96054398e+00
 2.15777778e+00 -8.97637795e+00  6.85917780e-01  1.06956872e+01  8.95531303e+00
 2.15777778e+00 -8.84251969e+00  8.19767234e-01  1.06952771e+01  8.95005636e+00
 2.15777778e+00 -8.70866142e+00  9.53617814e-01  1.06948781e+01  8.94474669e+00
 2.15777778e+00 -8.57480315e+00  1.08746941e+00  1.06944900e+01  8.93935340e+00
 2.15777778e+00 -8.44094488e+00  1.22132191e+00  1.06941110e+01  8.93387597e+00
 2.15777778e+00 -8.30708661e+00  1.35517527e+00  1.06937454e+01  8.92833079e+00
 2.15777778e+00 -8.17322835e+00  1.48902941e+00  1.06933894e+01  8.92272205e+00
 2.15777778e+00 -8.03937008e+00  1.62288426e+00  1.06930438e+01  8.91706271e+00
 2.15777778e+00 -7.90551181e+00  1.75673980e+00  1.06927083e+01  8.91134608e+00
 2.15777778e+00 -7.77165354e+00  1.89059598e+00  1.06923831e+01  8.90551124e+00
 2.15777778e+00 -7.63779528e+00  2.02445278e+00  1.06920677e+01  8.89958133e+00
 2.15777778e+00 -7.50393701e+00  2.15831019e+00  1.06917621e+01  8.89360803e+00
 2.15777778e+00 -7.37007874e+00  2.29216817e+00  1.06914661e+01  8.88757296e+00
 2.15777778e+00 -7.23622047e+00  2.42602675e+00  1.06911795e+01  8.88144519e+00
 2.15777778e+00 -7.10236220e+00  2.55988591e+00  1.06909023e+01  8.87521551e+00
 2.15777778e+00 -6.96850394e+00  2.69374566e+00  1.06906342e+01  8.86892157e+00
 2.15777778e+00 -6.83464567e+00  2.82760603e+00  1.06903751e+01  8.86254746e+00
 2.15777778e+00 -6.70078740e+00  2.96146705e+00  1.06901248e+01  8.85606613e+00
 2.15777778e+00 -6.56692913e+00  3.09532873e+00  1.06898831e+01  8.84949912e+00
 2.15777778e+00 -6.43307087e+00  3.22919113e+00  1.06896503e+01  8.84282364e+00
 2.15777778e+00 -6.29921260e+00  3.36305430e+00  1.06894255e+01  8.83602831e+00
 2.15777778e+00 -6.16535433e+00  3.49691830e+00  1.06892091e+01  8.82917309e+00
 2.15777778e+00 -6.03149606e+00  3.63078322e+00  1.06890007e+01  8.82218292e+00
 2.15777778e+00 -5.89763780e+00  3.76464912e+00  1.06888002e+01  8.81506210e+00
 2.15777778e+00 -5.76377953e+00  3.89851611e+00  1.06886075e+01  8.80810025e+00
 2.15777778e+00 -5.62992126e+00  4.03238438e+00  1.06884221e+01  8.80123281e+00
 2.15777778e+00 -5.49606299e+00  4.16625401e+00  1.06882441e+01  8.79427602e+00
 2.15777778e+00 -5.36220472e+00  4.30012482e+00  1.06880757e+01  8.78722501e+00
 2.15777778e+00 -5.22834646e+00  4.43399830e+00  1.06879083e+01  8.78007581e+00
 2.15777778e+00 -5.09448819e+00  4.56787353e+00  1.06877394e+01  8.77280239e+00
 2.15777778e+00 -4.96062992e+00  4.70174617e+00  1.06875868e+01  8.76536597e+00
 2.15777778e+00 -4.82677165e+00  4.83563464e+00  1.06874442e+01  8.75780064e+00
 2.15777778e+00 -4.69291339e+00  4.96953336e+00  1.06873031e+01  8.75014097e+00
 2.15777778e+00 -4.55905512e+00  5.10339162e+00  1.06871728e+01  8.74235466e+00
 2.15777778e+00 -4.42519685e+00  5.23732352e+00  1.06870508e+01  8.73442146e+00
 2.15777778e+00 -4.29133858e+00  5.37125747e+00  1.06869332e+01  8.72633181e+00
 2.15777778e+00 -4.15748031e+00  5.50483192e+00  1.06868262e+01  8.71808754e+00
 2.15777778e+00 -4.02362205e+00  5.63910235e+00  1.06867244e+01  8.70974243e+00
 2.15777778e+00 -3.88976378e+00  5.77277213e+00  1.06866254e+01  8.70126959e+00
 2.15777778e+00 -3.75590551e+00  5.90085355e+00  1.06865387e+01  8.69251933e+00
 2.15777778e+00 -3.62204724e+00  6.02632066e+00  1.06864449e+01  8.68354951e+00
 2.15777778e+00 -3.48818898e+00  6.15288601e+00  1.06863336e+01  8.67442414e+00
 2.15777778e+00 -3.35433071e+00  6.27960477e+00  1.06862361e+01  8.66509888e+00
 2.15777778e+00 -3.22047244e+00  6.40613264e+00  1.06861487e+01  8.65556442e+00
 2.15777778e+00 -3.08661417e+00  6.53286657e+00  1.06860452e+01  8.64583159e+00
 2.15777778e+00 -2.95275591e+00  6.65972919e+00  1.06859253e+01  8.63587811e+00
 2.15777778e+00 -2.81889764e+00  6.78668744e+00  1.06857934e+01  8.62568339e+00
 2.15777778e+00 -2.68503937e+00  6.91386645e+00  1.06856494e+01  8.61523139e+00
 2.15777778e+00 -2.55118110e+00  7.04135872e+00  1.06854750e+01  8.60448560e+00
 2.15777778e+00 -2.41732283e+00  7.16924851e+00  1.06852564e+01  8.59342320e+00
 2.15777778e+00 -2.28346457e+00  7.29763809e+00  1.06849941e+01  8.58204106e+00
 2.15777778e+00 -2.14960630e+00  7.42670834e+00  1.06846587e+01  8.57022202e+00
 2.15777778e+00 -2.01574803e+00  7.55673812e+00  1.06842086e+01  8.55784633e+00
 2.15777778e+00 -1.88188976e+00  7.68815466e+00  1.06836120e+01  8.54490970e+00
 2.15777778e+00 -1.74803150e+00  7.82162866e+00  1.06828548e+01  8.53127018e+00
 2.15777778e+00 -1.61417323e+00  7.95818351e+00  1.06818517e+01  8.51667624e+00
 2.15777778e+00 -1.48031496e+00  8.09950590e+00  1.06803391e+01  8.50085135e+00
 2.15777778e+00 -1.34645669e+00  8.24902553e+00  1.06784758e+01  8.48335972e+00
 2.15777778e+00 -1.21259843e+00  8.41268975e+00  1.06765051e+01  8.46341643e+00
 2.15777778e+00 -1.07874016e+00  8.60061759e+00  1.06740060e+01  8.43993882e+00
 2.15777778e+00 -9.44881890e-01  8.82915440e+00  1.06704194e+01  8.41207749e+00
 2.15777778e+00 -8.11023622e-01  9.11528100e+00  1.06704996e+01  8.37640333e+00
 2.15777778e+00 -6.77165354e-01  9.47788227e+00  1.06853695e+01  8.32662949e+00
 2.15777778e+00 -5.43307087e-01  9.93025122e+00  1.07318612e+01  8.26482841e+00
 2.15777778e+00 -4.09448819e-01  1.03826202e+01  1.07783529e+01  8.20302733e+00
 2.15777778e+00 -2.75590551e-01  1.08349891e+01  1.08248446e+01  8.14122625e+00
 2.15777778e+00 -1.41732283e-01  1.12873581e+01  1.08713363e+01  8.07942517e+00
 2.15777778e+00 -7.87401575e-03  1.17397270e+01  1.09178280e+01  8.01762409e+00
 2.15777778e+00  1.25984252e-01  1.21920960e+01  1.09643197e+01  7.95582301e+00
 2.15777778e+00  2.59842520e-01  1.26444649e+01  1.10108114e+01  7.89402193e+00
 2.15777778e+00  3.93700787e-01  1.30968339e+01  1.10573031e+01  7.83222085e+00
 2.15777778e+00  5.27559055e-01  1.35492028e+01  1.11037948e+01  7.77041977e+00
 2.15777778e+00  6.61417323e-01  1.40015718e+01  1.11502865e+01  7.70861869e+00
 2.15777778e+00  7.95275591e-01  1.44539407e+01  1.11967782e+01  7.64681761e+00
 2.15777778e+00  9.29133858e-01  1.49063097e+01  1.12432699e+01  7.58501653e+00
 2.15777778e+00  1.06299213e+00  1.53586787e+01  1.12897616e+01  7.52321544e+00
 2.15777778e+00  1.19685039e+00  1.58110476e+01  1.13362533e+01  7.46141437e+00
 2.15777778e+00  1.33070866e+00  1.62634166e+01  1.13827450e+01  7.39961329e+00
 2.15777778e+00  1.46456693e+00  1.67157855e+01  1.14292367e+01  7.33781220e+00
 2.15777778e+00  1.59842520e+00  1.71681545e+01  1.14757284e+01  7.27601112e+00
 2.15777778e+00  1.73228346e+00  1.76205234e+01  1.15222201e+01  7.21421005e+00
 2.15777778e+00  1.86614173e+00  1.80728924e+01  1.15687118e+01  7.15240896e+00
 2.15777778e+00  2.00000000e+00  1.85252613e+01  1.16152035e+01  7.09060788e+00
 2.23619048e+00 -1.50000000e+01 -5.25908851e+00  1.07342270e+01  9.14247850e+00
 2.23619048e+00 -1.48661417e+01 -5.12516796e+00  1.07342270e+01  9.13920564e+00
 2.23619048e+00 -1.47322835e+01 -4.99122493e+00  1.07342270e+01  9.13592835e+00
 2.23619048e+00 -1.45984252e+01 -4.85725126e+00  1.07342270e+01  9.13259841e+00
 2.23619048e+00 -1.44645669e+01 -4.72323589e+00  1.07342270e+01  9.12921566e+00
 2.23619048e+00 -1.43307087e+01 -4.58916371e+00  1.07342270e+01  9.12580793e+00
 2.23619048e+00 -1.41968504e+01 -4.45501415e+00  1.07342270e+01  9.12240014e+00
 2.23619048e+00 -1.40629921e+01 -4.32075911e+00  1.07342270e+01  9.11896298e+00
 2.23619048e+00 -1.39291339e+01 -4.18636026e+00  1.07342270e+01  9.11547691e+00
 2.23619048e+00 -1.37952756e+01 -4.05176518e+00  1.07342270e+01  9.11194901e+00
 2.23619048e+00 -1.36614173e+01 -3.91690209e+00  1.07342270e+01  9.10841339e+00
 2.23619048e+00 -1.35275591e+01 -3.78165467e+00  1.07339048e+01  9.10488339e+00
 2.23619048e+00 -1.33937008e+01 -3.64603831e+00  1.07329376e+01  9.10127884e+00
 2.23619048e+00 -1.32598425e+01 -3.51152784e+00  1.07321580e+01  9.09761416e+00
 2.23619048e+00 -1.31259843e+01 -3.37850718e+00  1.07314016e+01  9.09396922e+00
 2.23619048e+00 -1.29921260e+01 -3.24564802e+00  1.07306605e+01  9.09033345e+00
 2.23619048e+00 -1.28582677e+01 -3.11260823e+00  1.07299329e+01  9.08661606e+00
 2.23619048e+00 -1.27244094e+01 -2.97943862e+00  1.07292189e+01  9.08282716e+00
 2.23619048e+00 -1.25905512e+01 -2.84615941e+00  1.07285185e+01  9.07902860e+00
 2.23619048e+00 -1.24566929e+01 -2.71278966e+00  1.07278316e+01  9.07522927e+00
 2.23619048e+00 -1.23228346e+01 -2.57934462e+00  1.07271582e+01  9.07136850e+00
 2.23619048e+00 -1.21889764e+01 -2.44583686e+00  1.07264984e+01  9.06740755e+00
 2.23619048e+00 -1.20551181e+01 -2.31227672e+00  1.07258514e+01  9.06345567e+00
 2.23619048e+00 -1.19212598e+01 -2.17867274e+00  1.07252185e+01  9.05949899e+00
 2.23619048e+00 -1.17874016e+01 -2.04503197e+00  1.07246004e+01  9.05546642e+00
 2.23619048e+00 -1.16535433e+01 -1.91136024e+00  1.07239940e+01  9.05138434e+00
 2.23619048e+00 -1.15196850e+01 -1.77766240e+00  1.07233994e+01  9.04725000e+00
 2.23619048e+00 -1.13858268e+01 -1.64394246e+00  1.07228179e+01  9.04305072e+00
 2.23619048e+00 -1.12519685e+01 -1.51020379e+00  1.07222488e+01  9.03881732e+00
 2.23619048e+00 -1.11181102e+01 -1.37644788e+00  1.07217125e+01  9.03455145e+00
 2.23619048e+00 -1.09842520e+01 -1.24268902e+00  1.07208784e+01  9.03015042e+00
 2.23619048e+00 -1.08503937e+01 -1.10891293e+00  1.07202877e+01  9.02572671e+00
 2.23619048e+00 -1.07165354e+01 -9.75126529e-01  1.07196859e+01  9.02124884e+00
 2.23619048e+00 -1.05826772e+01 -8.41330905e-01  1.07190974e+01  9.01673203e+00
 2.23619048e+00 -1.04488189e+01 -7.07527358e-01  1.07185223e+01  9.01222050e+00
 2.23619048e+00 -1.03149606e+01 -5.73716991e-01  1.07179606e+01  9.00765876e+00
 2.23619048e+00 -1.01811024e+01 -4.39900736e-01  1.07174120e+01  9.00299292e+00
 2.23619048e+00 -1.00472441e+01 -3.06079384e-01  1.07168765e+01  8.99830298e+00
 2.23619048e+00 -9.91338583e+00 -1.72253605e-01  1.07163538e+01  8.99355137e+00
 2.23619048e+00 -9.77952756e+00 -3.84239723e-02  1.07158438e+01  8.98869666e+00
 2.23619048e+00 -9.64566929e+00  9.54090277e-02  1.07153463e+01  8.98384820e+00
 2.23619048e+00 -9.51181102e+00  2.29244978e-01  1.07148612e+01  8.97896862e+00
 2.23619048e+00 -9.37795276e+00  3.63083523e-01  1.07143882e+01  8.97398586e+00
 2.23619048e+00 -9.24409449e+00  4.96924357e-01  1.07139274e+01  8.96895110e+00
 2.23619048e+00 -9.11023622e+00  6.30767218e-01  1.07134783e+01  8.96386959e+00
 2.23619048e+00 -8.97637795e+00  7.64611883e-01  1.07130410e+01  8.95873341e+00
 2.23619048e+00 -8.84251969e+00  8.98458157e-01  1.07126152e+01  8.95357129e+00
 2.23619048e+00 -8.70866142e+00  1.03230589e+00  1.07121995e+01  8.94835249e+00
 2.23619048e+00 -8.57480315e+00  1.16615483e+00  1.07117926e+01  8.94303385e+00
 2.23619048e+00 -8.44094488e+00  1.30000553e+00  1.07114377e+01  8.93763067e+00
 2.23619048e+00 -8.30708661e+00  1.43385704e+00  1.07110626e+01  8.93215889e+00
 2.23619048e+00 -8.17322835e+00  1.56770951e+00  1.07106980e+01  8.92665347e+00
 2.23619048e+00 -8.03937008e+00  1.70156289e+00  1.07103439e+01  8.92111337e+00
 2.23619048e+00 -7.90551181e+00  1.83541711e+00  1.07100000e+01  8.91549364e+00
 2.23619048e+00 -7.77165354e+00  1.96927212e+00  1.07096663e+01  8.90977066e+00
 2.23619048e+00 -7.63779528e+00  2.10312789e+00  1.07093425e+01  8.90398924e+00
 2.23619048e+00 -7.50393701e+00  2.23698439e+00  1.07090285e+01  8.89812232e+00
 2.23619048e+00 -7.37007874e+00  2.37084160e+00  1.07087241e+01  8.89215686e+00
 2.23619048e+00 -7.23622047e+00  2.50469951e+00  1.07084293e+01  8.88615872e+00
 2.23619048e+00 -7.10236220e+00  2.63855811e+00  1.07081437e+01  8.88006857e+00
 2.23619048e+00 -6.96850394e+00  2.77241741e+00  1.07078674e+01  8.87384835e+00
 2.23619048e+00 -6.83464567e+00  2.90627743e+00  1.07076001e+01  8.86759033e+00
 2.23619048e+00 -6.70078740e+00  3.04013817e+00  1.07073417e+01  8.86126053e+00
 2.23619048e+00 -6.56692913e+00  3.17399967e+00  1.07070894e+01  8.85480450e+00
 2.23619048e+00 -6.43307087e+00  3.30786195e+00  1.07068444e+01  8.84824230e+00
 2.23619048e+00 -6.29921260e+00  3.44172510e+00  1.07066098e+01  8.84159817e+00
 2.23619048e+00 -6.16535433e+00  3.57558916e+00  1.07063835e+01  8.83486275e+00
 2.23619048e+00 -6.03149606e+00  3.70945421e+00  1.07061654e+01  8.82800288e+00
 2.23619048e+00 -5.89763780e+00  3.84332034e+00  1.07059553e+01  8.82116457e+00
 2.23619048e+00 -5.76377953e+00  3.97718765e+00  1.07057530e+01  8.81442649e+00
 2.23619048e+00 -5.62992126e+00  4.11105627e+00  1.07055582e+01  8.80765194e+00
 2.23619048e+00 -5.49606299e+00  4.24492630e+00  1.07053718e+01  8.80080274e+00
 2.23619048e+00 -5.36220472e+00  4.37879797e+00  1.07051923e+01  8.79387398e+00
 2.23619048e+00 -5.22834646e+00  4.51267160e+00  1.07050155e+01  8.78683385e+00
 2.23619048e+00 -5.09448819e+00  4.64654675e+00  1.07048460e+01  8.77963605e+00
 2.23619048e+00 -4.96062992e+00  4.78042453e+00  1.07046863e+01  8.77229007e+00
 2.23619048e+00 -4.82677165e+00  4.91430796e+00  1.07045426e+01  8.76487865e+00
 2.23619048e+00 -4.69291339e+00  5.04819317e+00  1.07043938e+01  8.75737207e+00
 2.23619048e+00 -4.55905512e+00  5.18209053e+00  1.07042425e+01  8.74970678e+00
 2.23619048e+00 -4.42519685e+00  5.31603252e+00  1.07041082e+01  8.74185303e+00
 2.23619048e+00 -4.29133858e+00  5.45003754e+00  1.07039847e+01  8.73389288e+00
 2.23619048e+00 -4.15748031e+00  5.58397837e+00  1.07038632e+01  8.72584708e+00
 2.23619048e+00 -4.02362205e+00  5.71778635e+00  1.07037443e+01  8.71761637e+00
 2.23619048e+00 -3.88976378e+00  5.85281781e+00  1.07036270e+01  8.70921975e+00
 2.23619048e+00 -3.75590551e+00  5.98937309e+00  1.07035140e+01  8.70067080e+00
 2.23619048e+00 -3.62204724e+00  6.12583594e+00  1.07034109e+01  8.69193759e+00
 2.23619048e+00 -3.48818898e+00  6.26222632e+00  1.07033048e+01  8.68305800e+00
 2.23619048e+00 -3.35433071e+00  6.39879428e+00  1.07031923e+01  8.67399934e+00
 2.23619048e+00 -3.22047244e+00  6.53543645e+00  1.07030812e+01  8.66466752e+00
 2.23619048e+00 -3.08661417e+00  6.67218008e+00  1.07029648e+01  8.65513233e+00
 2.23619048e+00 -2.95275591e+00  6.80910236e+00  1.07028451e+01  8.64542020e+00
 2.23619048e+00 -2.81889764e+00  6.94628809e+00  1.07027248e+01  8.63546662e+00
 2.23619048e+00 -2.68503937e+00  7.08381451e+00  1.07025711e+01  8.62518203e+00
 2.23619048e+00 -2.55118110e+00  7.22178492e+00  1.07023775e+01  8.61458183e+00
 2.23619048e+00 -2.41732283e+00  7.36036224e+00  1.07021514e+01  8.60369084e+00
 2.23619048e+00 -2.28346457e+00  7.49981517e+00  1.07018683e+01  8.59235898e+00
 2.23619048e+00 -2.14960630e+00  7.64050151e+00  1.07014833e+01  8.58054588e+00
 2.23619048e+00 -2.01574803e+00  7.78298190e+00  1.07009728e+01  8.56819367e+00
 2.23619048e+00 -1.88188976e+00  7.92815312e+00  1.07003421e+01  8.55508222e+00
 2.23619048e+00 -1.74803150e+00  8.07720579e+00  1.06994526e+01  8.54107718e+00
 2.23619048e+00 -1.61417323e+00  8.23246779e+00  1.06981490e+01  8.52589940e+00
 2.23619048e+00 -1.48031496e+00  8.39819713e+00  1.06965629e+01  8.50891903e+00
 2.23619048e+00 -1.34645669e+00  8.58167217e+00  1.06951112e+01  8.48921580e+00
 2.23619048e+00 -1.21259843e+00  8.79602528e+00  1.06928126e+01  8.46613575e+00
 2.23619048e+00 -1.07874016e+00  9.05908043e+00  1.06912358e+01  8.43762353e+00
 2.23619048e+00 -9.44881890e-01  9.39253112e+00  1.06983971e+01  8.39856578e+00
 2.23619048e+00 -8.11023622e-01  9.81016607e+00  1.07296537e+01  8.34483500e+00
 2.23619048e+00 -6.77165354e-01  1.02278010e+01  1.07609103e+01  8.29110422e+00
 2.23619048e+00 -5.43307087e-01  1.06454360e+01  1.07921669e+01  8.23737344e+00
 2.23619048e+00 -4.09448819e-01  1.10630709e+01  1.08234235e+01  8.18364266e+00
 2.23619048e+00 -2.75590551e-01  1.14807059e+01  1.08546801e+01  8.12991188e+00
 2.23619048e+00 -1.41732283e-01  1.18983408e+01  1.08859367e+01  8.07618110e+00
 2.23619048e+00 -7.87401575e-03  1.23159758e+01  1.09171933e+01  8.02245032e+00
 2.23619048e+00  1.25984252e-01  1.27336107e+01  1.09484499e+01  7.96871954e+00
 2.23619048e+00  2.59842520e-01  1.31512457e+01  1.09797065e+01  7.91498876e+00
 2.23619048e+00  3.93700787e-01  1.35688806e+01  1.10109631e+01  7.86125798e+00
 2.23619048e+00  5.27559055e-01  1.39865156e+01  1.10422197e+01  7.80752720e+00
 2.23619048e+00  6.61417323e-01  1.44041505e+01  1.10734763e+01  7.75379642e+00
 2.23619048e+00  7.95275591e-01  1.48217855e+01  1.11047329e+01  7.70006564e+00
 2.23619048e+00  9.29133858e-01  1.52394204e+01  1.11359895e+01  7.64633486e+00
 2.23619048e+00  1.06299213e+00  1.56570554e+01  1.11672461e+01  7.59260408e+00
 2.23619048e+00  1.19685039e+00  1.60746903e+01  1.11985027e+01  7.53887330e+00
 2.23619048e+00  1.33070866e+00  1.64923253e+01  1.12297593e+01  7.48514252e+00
 2.23619048e+00  1.46456693e+00  1.69099602e+01  1.12610159e+01  7.43141174e+00
 2.23619048e+00  1.59842520e+00  1.73275952e+01  1.12922725e+01  7.37768096e+00
 2.23619048e+00  1.73228346e+00  1.77452301e+01  1.13235291e+01  7.32395018e+00
 2.23619048e+00  1.86614173e+00  1.81628650e+01  1.13547857e+01  7.27021940e+00
 2.23619048e+00  2.00000000e+00  1.85805000e+01  1.13860423e+01  7.21648862e+00
 2.31460317e+00 -1.50000000e+01 -5.18073912e+00  1.07527946e+01  9.14674509e+00
 2.31460317e+00 -1.48661417e+01 -5.04681833e+00  1.07527946e+01  9.14348938e+00
 2.31460317e+00 -1.47322835e+01 -4.91287495e+00  1.07527946e+01  9.14022996e+00
 2.31460317e+00 -1.45984252e+01 -4.77890082e+00  1.07527946e+01  9.13694421e+00
 2.31460317e+00 -1.44645669e+01 -4.64488481e+00  1.07527946e+01  9.13360646e+00
 2.31460317e+00 -1.43307087e+01 -4.51081176e+00  1.07527946e+01  9.13027835e+00
 2.31460317e+00 -1.41968504e+01 -4.37666099e+00  1.07527946e+01  9.12691086e+00
 2.31460317e+00 -1.40629921e+01 -4.24240432e+00  1.07527946e+01  9.12345051e+00
 2.31460317e+00 -1.39291339e+01 -4.10800322e+00  1.07527946e+01  9.12001252e+00
 2.31460317e+00 -1.37952756e+01 -3.97340507e+00  1.07527946e+01  9.11656368e+00
 2.31460317e+00 -1.36614173e+01 -3.83853778e+00  1.07527946e+01  9.11303093e+00
 2.31460317e+00 -1.35275591e+01 -3.70330749e+00  1.07525501e+01  9.10946678e+00
 2.31460317e+00 -1.33937008e+01 -3.56768381e+00  1.07521038e+01  9.10583991e+00
 2.31460317e+00 -1.32598425e+01 -3.43287860e+00  1.07516692e+01  9.10217330e+00
 2.31460317e+00 -1.31259843e+01 -3.29930923e+00  1.07512467e+01  9.09854929e+00
 2.31460317e+00 -1.29921260e+01 -3.16608971e+00  1.07508333e+01  9.09490707e+00
 2.31460317e+00 -1.28582677e+01 -3.03277483e+00  1.07504272e+01  9.09118891e+00
 2.31460317e+00 -1.27244094e+01 -2.89941358e+00  1.07500285e+01  9.08744275e+00
 2.31460317e+00 -1.25905512e+01 -2.76600138e+00  1.07496374e+01  9.08366969e+00
 2.31460317e+00 -1.24566929e+01 -2.63254625e+00  1.07492535e+01  9.07985818e+00
 2.31460317e+00 -1.23228346e+01 -2.49905225e+00  1.07488763e+01  9.07602136e+00
 2.31460317e+00 -1.21889764e+01 -2.36552362e+00  1.07485081e+01  9.07212865e+00
 2.31460317e+00 -1.20551181e+01 -2.23196399e+00  1.07481465e+01  9.06816583e+00
 2.31460317e+00 -1.19212598e+01 -2.09837657e+00  1.07477799e+01  9.06418931e+00
 2.31460317e+00 -1.17874016e+01 -1.96476423e+00  1.07474206e+01  9.06021412e+00
 2.31460317e+00 -1.16535433e+01 -1.83112949e+00  1.07470801e+01  9.05621524e+00
 2.31460317e+00 -1.15196850e+01 -1.69747460e+00  1.07467468e+01  9.05214485e+00
 2.31460317e+00 -1.13858268e+01 -1.56380156e+00  1.07464184e+01  9.04799802e+00
 2.31460317e+00 -1.12519685e+01 -1.43010941e+00  1.07461031e+01  9.04380715e+00
 2.31460317e+00 -1.11181102e+01 -1.29645525e+00  1.07452872e+01  9.03948530e+00
 2.31460317e+00 -1.09842520e+01 -1.16282319e+00  1.07442705e+01  9.03497730e+00
 2.31460317e+00 -1.08503937e+01 -1.02914734e+00  1.07436336e+01  9.03045865e+00
 2.31460317e+00 -1.07165354e+01 -8.95453649e-01  1.07430067e+01  9.02593398e+00
 2.31460317e+00 -1.05826772e+01 -7.61743838e-01  1.07423932e+01  9.02139125e+00
 2.31460317e+00 -1.04488189e+01 -6.28019597e-01  1.07417927e+01  9.01679480e+00
 2.31460317e+00 -1.03149606e+01 -4.94282420e-01  1.07412052e+01  9.01214453e+00
 2.31460317e+00 -1.01811024e+01 -3.60533634e-01  1.07406305e+01  9.00748172e+00
 2.31460317e+00 -1.00472441e+01 -2.26774418e-01  1.07400684e+01  9.00281188e+00
 2.31460317e+00 -9.91338583e+00 -9.30058214e-02  1.07395189e+01  8.99806253e+00
 2.31460317e+00 -9.77952756e+00  4.07712249e-02  1.07389818e+01  8.99325700e+00
 2.31460317e+00 -9.64566929e+00  1.74555891e-01  1.07384568e+01  8.98842973e+00
 2.31460317e+00 -9.51181102e+00  3.08347440e-01  1.07379441e+01  8.98355778e+00
 2.31460317e+00 -9.37795276e+00  4.42145215e-01  1.07374431e+01  8.97863416e+00
 2.31460317e+00 -9.24409449e+00  5.75948630e-01  1.07369540e+01  8.97367342e+00
 2.31460317e+00 -9.11023622e+00  7.09757167e-01  1.07364766e+01  8.96869828e+00
 2.31460317e+00 -8.97637795e+00  8.43570360e-01  1.07360107e+01  8.96365326e+00
 2.31460317e+00 -8.84251969e+00  9.77387837e-01  1.07355544e+01  8.95851647e+00
 2.31460317e+00 -8.70866142e+00  1.11121170e+00  1.07351564e+01  8.95336417e+00
 2.31460317e+00 -8.57480315e+00  1.24502327e+00  1.07344055e+01  8.94809008e+00
 2.31460317e+00 -8.44094488e+00  1.37884452e+00  1.07339481e+01  8.94275952e+00
 2.31460317e+00 -8.30708661e+00  1.51266929e+00  1.07334840e+01  8.93738575e+00
 2.31460317e+00 -8.17322835e+00  1.64649766e+00  1.07330337e+01  8.93197666e+00
 2.31460317e+00 -8.03937008e+00  1.78032930e+00  1.07325953e+01  8.92651619e+00
 2.31460317e+00 -7.90551181e+00  1.91416390e+00  1.07321687e+01  8.92098712e+00
 2.31460317e+00 -7.77165354e+00  2.04800125e+00  1.07317538e+01  8.91536988e+00
 2.31460317e+00 -7.63779528e+00  2.18184111e+00  1.07313504e+01  8.90967360e+00
 2.31460317e+00 -7.50393701e+00  2.31568332e+00  1.07309583e+01  8.90393957e+00
 2.31460317e+00 -7.37007874e+00  2.44952772e+00  1.07305774e+01  8.89814587e+00
 2.31460317e+00 -7.23622047e+00  2.58337417e+00  1.07302075e+01  8.89226220e+00
 2.31460317e+00 -7.10236220e+00  2.71722257e+00  1.07298484e+01  8.88628516e+00
 2.31460317e+00 -6.96850394e+00  2.85107284e+00  1.07295000e+01  8.88023375e+00
 2.31460317e+00 -6.83464567e+00  2.98492490e+00  1.07291622e+01  8.87410468e+00
 2.31460317e+00 -6.70078740e+00  3.11877848e+00  1.07288250e+01  8.86786449e+00
 2.31460317e+00 -6.56692913e+00  3.25263468e+00  1.07285381e+01  8.86154804e+00
 2.31460317e+00 -6.43307087e+00  3.38649217e+00  1.07282390e+01  8.85517082e+00
 2.31460317e+00 -6.29921260e+00  3.52035136e+00  1.07279491e+01  8.84871067e+00
 2.31460317e+00 -6.16535433e+00  3.65421228e+00  1.07276685e+01  8.84211677e+00
 2.31460317e+00 -6.03149606e+00  3.78807496e+00  1.07273972e+01  8.83546755e+00
 2.31460317e+00 -5.89763780e+00  3.92193948e+00  1.07271350e+01  8.82895730e+00
 2.31460317e+00 -5.76377953e+00  4.05580592e+00  1.07268819e+01  8.82247200e+00
 2.31460317e+00 -5.62992126e+00  4.18967439e+00  1.07266375e+01  8.81589945e+00
 2.31460317e+00 -5.49606299e+00  4.32354503e+00  1.07264016e+01  8.80924751e+00
 2.31460317e+00 -5.36220472e+00  4.45741801e+00  1.07261752e+01  8.80246919e+00
 2.31460317e+00 -5.22834646e+00  4.59129352e+00  1.07259580e+01  8.79555907e+00
 2.31460317e+00 -5.09448819e+00  4.72517170e+00  1.07257459e+01  8.78856792e+00
 2.31460317e+00 -4.96062992e+00  4.85905281e+00  1.07255288e+01  8.78146333e+00
 2.31460317e+00 -4.82677165e+00  4.99293643e+00  1.07253387e+01  8.77424122e+00
 2.31460317e+00 -4.69291339e+00  5.12682682e+00  1.07251431e+01  8.76693540e+00
 2.31460317e+00 -4.55905512e+00  5.26076148e+00  1.07249575e+01  8.75949784e+00
 2.31460317e+00 -4.42519685e+00  5.39470721e+00  1.07247841e+01  8.75189836e+00
 2.31460317e+00 -4.29133858e+00  5.52859342e+00  1.07246165e+01  8.74415911e+00
 2.31460317e+00 -4.15748031e+00  5.66257327e+00  1.07244620e+01  8.73631082e+00
 2.31460317e+00 -4.02362205e+00  5.79647921e+00  1.07243111e+01  8.72833323e+00
 2.31460317e+00 -3.88976378e+00  5.92990244e+00  1.07241454e+01  8.72016641e+00
 2.31460317e+00 -3.75590551e+00  6.06317587e+00  1.07240001e+01  8.71181726e+00
 2.31460317e+00 -3.62204724e+00  6.19657224e+00  1.07238762e+01  8.70331693e+00
 2.31460317e+00 -3.48818898e+00  6.33007870e+00  1.07237297e+01  8.69468720e+00
 2.31460317e+00 -3.35433071e+00  6.46365835e+00  1.07235887e+01  8.68587862e+00
 2.31460317e+00 -3.22047244e+00  6.59731521e+00  1.07234607e+01  8.67685886e+00
 2.31460317e+00 -3.08661417e+00  6.73109806e+00  1.07233222e+01  8.66763170e+00
 2.31460317e+00 -2.95275591e+00  6.86504886e+00  1.07231816e+01  8.65818859e+00
 2.31460317e+00 -2.81889764e+00  6.99925065e+00  1.07230360e+01  8.64850976e+00
 2.31460317e+00 -2.68503937e+00  7.13382451e+00  1.07228669e+01  8.63856781e+00
 2.31460317e+00 -2.55118110e+00  7.26886213e+00  1.07226705e+01  8.62833708e+00
 2.31460317e+00 -2.41732283e+00  7.40449597e+00  1.07224435e+01  8.61780054e+00
 2.31460317e+00 -2.28346457e+00  7.54095100e+00  1.07221712e+01  8.60692913e+00
 2.31460317e+00 -2.14960630e+00  7.67861984e+00  1.07218290e+01  8.59562281e+00
 2.31460317e+00 -2.01574803e+00  7.81799060e+00  1.07213931e+01  8.58380320e+00
 2.31460317e+00 -1.88188976e+00  7.95975069e+00  1.07208394e+01  8.57139320e+00
 2.31460317e+00 -1.74803150e+00  8.10506703e+00  1.07201253e+01  8.55822006e+00
 2.31460317e+00 -1.61417323e+00  8.25569191e+00  1.07191121e+01  8.54405657e+00
 2.31460317e+00 -1.48031496e+00  8.41463747e+00  1.07178338e+01  8.52849812e+00
 2.31460317e+00 -1.34645669e+00  8.58720602e+00  1.07165856e+01  8.51087862e+00
 2.31460317e+00 -1.21259843e+00  8.78182500e+00  1.07152212e+01  8.49049730e+00
 2.31460317e+00 -1.07874016e+00  9.01148725e+00  1.07137878e+01  8.46625340e+00
 2.31460317e+00 -9.44881890e-01  9.29320203e+00  1.07166883e+01  8.43541849e+00
 2.31460317e+00 -8.11023622e-01  9.64679245e+00  1.07346866e+01  8.39326712e+00
 2.31460317e+00 -6.77165354e-01  1.00684545e+01  1.07851789e+01  8.33956321e+00
 2.31460317e+00 -5.43307087e-01  1.04901165e+01  1.08356712e+01  8.28585930e+00
 2.31460317e+00 -4.09448819e-01  1.09117786e+01  1.08861635e+01  8.23215539e+00
 2.31460317e+00 -2.75590551e-01  1.13334406e+01  1.09366558e+01  8.17845148e+00
 2.31460317e+00 -1.41732283e-01  1.17551027e+01  1.09871481e+01  8.12474757e+00
 2.31460317e+00 -7.87401575e-03  1.21767647e+01  1.10376404e+01  8.07104366e+00
 2.31460317e+00  1.25984252e-01  1.25984268e+01  1.10881327e+01  8.01733975e+00
 2.31460317e+00  2.59842520e-01  1.30200888e+01  1.11386250e+01  7.96363584e+00
 2.31460317e+00  3.93700787e-01  1.34417509e+01  1.11891173e+01  7.90993193e+00
 2.31460317e+00  5.27559055e-01  1.38634129e+01  1.12396096e+01  7.85622802e+00
 2.31460317e+00  6.61417323e-01  1.42850750e+01  1.12901019e+01  7.80252411e+00
 2.31460317e+00  7.95275591e-01  1.47067370e+01  1.13405942e+01  7.74882020e+00
 2.31460317e+00  9.29133858e-01  1.51283991e+01  1.13910865e+01  7.69511629e+00
 2.31460317e+00  1.06299213e+00  1.55500612e+01  1.14415788e+01  7.64141238e+00
 2.31460317e+00  1.19685039e+00  1.59717232e+01  1.14920711e+01  7.58770847e+00
 2.31460317e+00  1.33070866e+00  1.63933852e+01  1.15425634e+01  7.53400456e+00
 2.31460317e+00  1.46456693e+00  1.68150473e+01  1.15930557e+01  7.48030065e+00
 2.31460317e+00  1.59842520e+00  1.72367093e+01  1.16435480e+01  7.42659674e+00
 2.31460317e+00  1.73228346e+00  1.76583714e+01  1.16940403e+01  7.37289283e+00
 2.31460317e+00  1.86614173e+00  1.80800334e+01  1.17445326e+01  7.31918892e+00
 2.31460317e+00  2.00000000e+00  1.85016955e+01  1.17950249e+01  7.26548501e+00
 2.39301587e+00 -1.50000000e+01 -5.10230881e+00  1.07749573e+01  9.15041310e+00
 2.39301587e+00 -1.48661417e+01 -4.96838808e+00  1.07749573e+01  9.14718265e+00
 2.39301587e+00 -1.47322835e+01 -4.83444481e+00  1.07749573e+01  9.14392882e+00
 2.39301587e+00 -1.45984252e+01 -4.70047083e+00  1.07749573e+01  9.14066105e+00
 2.39301587e+00 -1.44645669e+01 -4.56645505e+00  1.07749574e+01  9.13737549e+00
 2.39301587e+00 -1.43307087e+01 -4.43238234e+00  1.07749574e+01  9.13405925e+00
 2.39301587e+00 -1.41968504e+01 -4.29823205e+00  1.07749574e+01  9.13069871e+00
 2.39301587e+00 -1.40629921e+01 -4.16397605e+00  1.07749574e+01  9.12732257e+00
 2.39301587e+00 -1.39291339e+01 -4.02957589e+00  1.07749575e+01  9.12393629e+00
 2.39301587e+00 -1.37952756e+01 -3.89497904e+00  1.07749575e+01  9.12047634e+00
 2.39301587e+00 -1.36614173e+01 -3.76011119e+00  1.07753287e+01  9.11693286e+00
 2.39301587e+00 -1.35275591e+01 -3.62488584e+00  1.07752160e+01  9.11335756e+00
 2.39301587e+00 -1.33937008e+01 -3.48921260e+00  1.07750660e+01  9.10971932e+00
 2.39301587e+00 -1.32598425e+01 -3.35386074e+00  1.07749205e+01  9.10607412e+00
 2.39301587e+00 -1.31259843e+01 -3.21963907e+00  1.07747787e+01  9.10246698e+00
 2.39301587e+00 -1.29921260e+01 -3.08592056e+00  1.07746399e+01  9.09882231e+00
 2.39301587e+00 -1.28582677e+01 -2.95220288e+00  1.07745028e+01  9.09512664e+00
 2.39301587e+00 -1.27244094e+01 -2.81848288e+00  1.07743678e+01  9.09138776e+00
 2.39301587e+00 -1.25905512e+01 -2.68475716e+00  1.07742345e+01  9.08759726e+00
 2.39301587e+00 -1.24566929e+01 -2.55102715e+00  1.07741029e+01  9.08380031e+00
 2.39301587e+00 -1.23228346e+01 -2.41729257e+00  1.07739735e+01  9.08000064e+00
 2.39301587e+00 -1.21889764e+01 -2.28355366e+00  1.07738470e+01  9.07613026e+00
 2.39301587e+00 -1.20551181e+01 -2.14981054e+00  1.07737177e+01  9.07221613e+00
 2.39301587e+00 -1.19212598e+01 -2.01606336e+00  1.07735860e+01  9.06828908e+00
 2.39301587e+00 -1.17874016e+01 -1.88231226e+00  1.07734621e+01  9.06433179e+00
 2.39301587e+00 -1.16535433e+01 -1.74855736e+00  1.07733425e+01  9.06031632e+00
 2.39301587e+00 -1.15196850e+01 -1.61479880e+00  1.07732233e+01  9.05624579e+00
 2.39301587e+00 -1.13858268e+01 -1.48103630e+00  1.07731045e+01  9.05216223e+00
 2.39301587e+00 -1.12519685e+01 -1.34730406e+00  1.07728358e+01  9.04803757e+00
 2.39301587e+00 -1.11181102e+01 -1.21383990e+00  1.07717588e+01  9.04360811e+00
 2.39301587e+00 -1.09842520e+01 -1.08026849e+00  1.07712643e+01  9.03915189e+00
 2.39301587e+00 -1.08503937e+01 -9.46680606e-01  1.07707991e+01  9.03468914e+00
 2.39301587e+00 -1.07165354e+01 -8.13079905e-01  1.07703422e+01  9.03024602e+00
 2.39301587e+00 -1.05826772e+01 -6.79466729e-01  1.07698941e+01  9.02574585e+00
 2.39301587e+00 -1.04488189e+01 -5.45841503e-01  1.07694548e+01  9.02120074e+00
 2.39301587e+00 -1.03149606e+01 -4.12204656e-01  1.07690242e+01  9.01664455e+00
 2.39301587e+00 -1.01811024e+01 -2.78556614e-01  1.07686021e+01  9.01208326e+00
 2.39301587e+00 -1.00472441e+01 -1.44897798e-01  1.07681885e+01  9.00745116e+00
 2.39301587e+00 -9.91338583e+00 -1.12286245e-02  1.07677834e+01  9.00274119e+00
 2.39301587e+00 -9.77952756e+00  1.22450498e-01  1.07673865e+01  8.99803173e+00
 2.39301587e+00 -9.64566929e+00  2.56139169e-01  1.07669980e+01  8.99331205e+00
 2.39301587e+00 -9.51181102e+00  3.89837000e-01  1.07666176e+01  8.98854341e+00
 2.39301587e+00 -9.37795276e+00  5.23543613e-01  1.07662453e+01  8.98370153e+00
 2.39301587e+00 -9.24409449e+00  6.57258642e-01  1.07658810e+01  8.97881647e+00
 2.39301587e+00 -9.11023622e+00  7.90981732e-01  1.07655246e+01  8.97389748e+00
 2.39301587e+00 -8.97637795e+00  9.24712562e-01  1.07651759e+01  8.96891806e+00
 2.39301587e+00 -8.84251969e+00  1.05845705e+00  1.07648391e+01  8.96389966e+00
 2.39301587e+00 -8.70866142e+00  1.19204144e+00  1.07634700e+01  8.95867345e+00
 2.39301587e+00 -8.57480315e+00  1.32556369e+00  1.07624533e+01  8.95336667e+00
 2.39301587e+00 -8.44094488e+00  1.45915869e+00  1.07618222e+01  8.94806199e+00
 2.39301587e+00 -8.30708661e+00  1.59278740e+00  1.07612097e+01  8.94273858e+00
 2.39301587e+00 -8.17322835e+00  1.72644502e+00  1.07606133e+01  8.93739111e+00
 2.39301587e+00 -8.03937008e+00  1.86012761e+00  1.07600330e+01  8.93196926e+00
 2.39301587e+00 -7.90551181e+00  1.99383186e+00  1.07594684e+01  8.92647571e+00
 2.39301587e+00 -7.77165354e+00  2.12755494e+00  1.07589195e+01  8.92096061e+00
 2.39301587e+00 -7.63779528e+00  2.26129445e+00  1.07583858e+01  8.91535089e+00
 2.39301587e+00 -7.50393701e+00  2.39504833e+00  1.07578674e+01  8.90965176e+00
 2.39301587e+00 -7.37007874e+00  2.52881484e+00  1.07573638e+01  8.90395508e+00
 2.39301587e+00 -7.23622047e+00  2.66259249e+00  1.07568750e+01  8.89817274e+00
 2.39301587e+00 -7.10236220e+00  2.79638000e+00  1.07564007e+01  8.89227742e+00
 2.39301587e+00 -6.96850394e+00  2.93017627e+00  1.07559407e+01  8.88634184e+00
 2.39301587e+00 -6.83464567e+00  3.06398051e+00  1.07554933e+01  8.88034141e+00
 2.39301587e+00 -6.70078740e+00  3.19778797e+00  1.07549714e+01  8.87424525e+00
 2.39301587e+00 -6.56692913e+00  3.33160449e+00  1.07545539e+01  8.86807114e+00
 2.39301587e+00 -6.43307087e+00  3.46542620e+00  1.07541247e+01  8.86182326e+00
 2.39301587e+00 -6.29921260e+00  3.59925341e+00  1.07537080e+01  8.85547958e+00
 2.39301587e+00 -6.16535433e+00  3.73308571e+00  1.07533051e+01  8.84903031e+00
 2.39301587e+00 -6.03149606e+00  3.86692278e+00  1.07529157e+01  8.84265402e+00
 2.39301587e+00 -5.89763780e+00  4.00076435e+00  1.07525395e+01  8.83637179e+00
 2.39301587e+00 -5.76377953e+00  4.13461020e+00  1.07521764e+01  8.83003135e+00
 2.39301587e+00 -5.62992126e+00  4.26846012e+00  1.07518262e+01  8.82360677e+00
 2.39301587e+00 -5.49606299e+00  4.40231416e+00  1.07514884e+01  8.81709450e+00
 2.39301587e+00 -5.36220472e+00  4.53617233e+00  1.07511626e+01  8.81047985e+00
 2.39301587e+00 -5.22834646e+00  4.67003375e+00  1.07508482e+01  8.80374709e+00
 2.39301587e+00 -5.09448819e+00  4.80389950e+00  1.07505304e+01  8.79690888e+00
 2.39301587e+00 -4.96062992e+00  4.93777437e+00  1.07502801e+01  8.78999148e+00
 2.39301587e+00 -4.82677165e+00  5.07164230e+00  1.07500111e+01  8.78294132e+00
 2.39301587e+00 -4.69291339e+00  5.20553517e+00  1.07497517e+01  8.77577582e+00
 2.39301587e+00 -4.55905512e+00  5.33948831e+00  1.07495013e+01  8.76853803e+00
 2.39301587e+00 -4.42519685e+00  5.47341322e+00  1.07492611e+01  8.76112066e+00
 2.39301587e+00 -4.29133858e+00  5.60731404e+00  1.07490311e+01  8.75353575e+00
 2.39301587e+00 -4.15748031e+00  5.74128382e+00  1.07488103e+01  8.74588624e+00
 2.39301587e+00 -4.02362205e+00  5.87535517e+00  1.07486002e+01  8.73812792e+00
 2.39301587e+00 -3.88976378e+00  6.00952096e+00  1.07483946e+01  8.73020189e+00
 2.39301587e+00 -3.75590551e+00  6.14375160e+00  1.07481874e+01  8.72208854e+00
 2.39301587e+00 -3.62204724e+00  6.27802052e+00  1.07479963e+01  8.71384202e+00
 2.39301587e+00 -3.48818898e+00  6.41235330e+00  1.07478195e+01  8.70545944e+00
 2.39301587e+00 -3.35433071e+00  6.54679825e+00  1.07476367e+01  8.69689142e+00
 2.39301587e+00 -3.22047244e+00  6.68134894e+00  1.07474602e+01  8.68812776e+00
 2.39301587e+00 -3.08661417e+00  6.81602503e+00  1.07472888e+01  8.67917433e+00
 2.39301587e+00 -2.95275591e+00  6.95088350e+00  1.07471114e+01  8.67002833e+00
 2.39301587e+00 -2.81889764e+00  7.08600930e+00  1.07469323e+01  8.66064681e+00
 2.39301587e+00 -2.68503937e+00  7.22152259e+00  1.07467438e+01  8.65100942e+00
 2.39301587e+00 -2.55118110e+00  7.35755658e+00  1.07465330e+01  8.64111070e+00
 2.39301587e+00 -2.41732283e+00  7.49423852e+00  1.07463096e+01  8.63092769e+00
 2.39301587e+00 -2.28346457e+00  7.63186177e+00  1.07460497e+01  8.62039947e+00
 2.39301587e+00 -2.14960630e+00  7.77083152e+00  1.07457254e+01  8.60946588e+00
 2.39301587e+00 -2.01574803e+00  7.91160930e+00  1.07453424e+01  8.59809656e+00
 2.39301587e+00 -1.88188976e+00  8.05502380e+00  1.07448821e+01  8.58610939e+00
 2.39301587e+00 -1.74803150e+00  8.20225030e+00  1.07442822e+01  8.57336440e+00
 2.39301587e+00 -1.61417323e+00  8.35502648e+00  1.07434577e+01  8.55978702e+00
 2.39301587e+00 -1.48031496e+00  8.51658019e+00  1.07424685e+01  8.54484763e+00
 2.39301587e+00 -1.34645669e+00  8.69185751e+00  1.07416395e+01  8.52802075e+00
 2.39301587e+00 -1.21259843e+00  8.88885496e+00  1.07408521e+01  8.50866425e+00
 2.39301587e+00 -1.07874016e+00  9.11937873e+00  1.07407299e+01  8.48557573e+00
 2.39301587e+00 -9.44881890e-01  9.39964699e+00  1.07457684e+01  8.45631458e+00
 2.39301587e+00 -8.11023622e-01  9.74883336e+00  1.07665655e+01  8.41700070e+00
 2.39301587e+00 -6.77165354e-01  1.01620096e+01  1.08215278e+01  8.36737697e+00
 2.39301587e+00 -5.43307087e-01  1.05751858e+01  1.08764901e+01  8.31775324e+00
 2.39301587e+00 -4.09448819e-01  1.09883621e+01  1.09314524e+01  8.26812951e+00
 2.39301587e+00 -2.75590551e-01  1.14015383e+01  1.09864147e+01  8.21850578e+00
 2.39301587e+00 -1.41732283e-01  1.18147146e+01  1.10413770e+01  8.16888205e+00
 2.39301587e+00 -7.87401575e-03  1.22278908e+01  1.10963393e+01  8.11925832e+00
 2.39301587e+00  1.25984252e-01  1.26410670e+01  1.11513016e+01  8.06963459e+00
 2.39301587e+00  2.59842520e-01  1.30542433e+01  1.12062639e+01  8.02001086e+00
 2.39301587e+00  3.93700787e-01  1.34674195e+01  1.12612262e+01  7.97038713e+00
 2.39301587e+00  5.27559055e-01  1.38805958e+01  1.13161885e+01  7.92076340e+00
 2.39301587e+00  6.61417323e-01  1.42937720e+01  1.13711508e+01  7.87113967e+00
 2.39301587e+00  7.95275591e-01  1.47069482e+01  1.14261131e+01  7.82151594e+00
 2.39301587e+00  9.29133858e-01  1.51201245e+01  1.14810754e+01  7.77189221e+00
 2.39301587e+00  1.06299213e+00  1.55333007e+01  1.15360377e+01  7.72226848e+00
 2.39301587e+00  1.19685039e+00  1.59464769e+01  1.15910000e+01  7.67264475e+00
 2.39301587e+00  1.33070866e+00  1.63596532e+01  1.16459623e+01  7.62302102e+00
 2.39301587e+00  1.46456693e+00  1.67728294e+01  1.17009246e+01  7.57339729e+00
 2.39301587e+00  1.59842520e+00  1.71860057e+01  1.17558869e+01  7.52377356e+00
 2.39301587e+00  1.73228346e+00  1.75991819e+01  1.18108492e+01  7.47414983e+00
 2.39301587e+00  1.86614173e+00  1.80123581e+01  1.18658115e+01  7.42452610e+00
 2.39301587e+00  2.00000000e+00  1.84255344e+01  1.19207738e+01  7.37490237e+00
 2.47142857e+00 -1.50000000e+01 -5.02389981e+00  1.08021748e+01  9.15434267e+00
 2.47142857e+00 -1.48661417e+01 -4.88997926e+00  1.08021748e+01  9.15114748e+00
 2.47142857e+00 -1.47322835e+01 -4.75603614e+00  1.08021747e+01  9.14793278e+00
 2.47142857e+00 -1.45984252e+01 -4.62206230e+00  1.08021747e+01  9.14471708e+00
 2.47142857e+00 -1.44645669e+01 -4.48804664e+00  1.08021746e+01  9.14144510e+00
 2.47142857e+00 -1.43307087e+01 -4.35397399e+00  1.08021744e+01  9.13816661e+00
 2.47142857e+00 -1.41968504e+01 -4.21982373e+00  1.08021743e+01  9.13490173e+00
 2.47142857e+00 -1.40629921e+01 -4.08556768e+00  1.08021742e+01  9.13157067e+00
 2.47142857e+00 -1.39291339e+01 -3.95116739e+00  1.08021741e+01  9.12817766e+00
 2.47142857e+00 -1.37952756e+01 -3.81657030e+00  1.08021739e+01  9.12475997e+00
 2.47142857e+00 -1.36614173e+01 -3.68170412e+00  1.08022290e+01  9.12127250e+00
 2.47142857e+00 -1.35275591e+01 -3.54647512e+00  1.08021238e+01  9.11772730e+00
 2.47142857e+00 -1.33937008e+01 -3.41073876e+00  1.08020176e+01  9.11412083e+00
 2.47142857e+00 -1.32598425e+01 -3.27508865e+00  1.08019132e+01  9.11048753e+00
 2.47142857e+00 -1.31259843e+01 -3.14055564e+00  1.08018112e+01  9.10686515e+00
 2.47142857e+00 -1.29921260e+01 -3.00670700e+00  1.08017109e+01  9.10323732e+00
 2.47142857e+00 -1.28582677e+01 -2.87287708e+00  1.08016116e+01  9.09956949e+00
 2.47142857e+00 -1.27244094e+01 -2.73904194e+00  1.08015129e+01  9.09585117e+00
 2.47142857e+00 -1.25905512e+01 -2.60520861e+00  1.08014151e+01  9.09210224e+00
 2.47142857e+00 -1.24566929e+01 -2.47137540e+00  1.08013183e+01  9.08835767e+00
 2.47142857e+00 -1.23228346e+01 -2.33754263e+00  1.08012220e+01  9.08458488e+00
 2.47142857e+00 -1.21889764e+01 -2.20371024e+00  1.08011269e+01  9.08076601e+00
 2.47142857e+00 -1.20551181e+01 -2.06987825e+00  1.08010345e+01  9.07691238e+00
 2.47142857e+00 -1.19212598e+01 -1.93604666e+00  1.08009420e+01  9.07300230e+00
 2.47142857e+00 -1.17874016e+01 -1.80221550e+00  1.08008489e+01  9.06904464e+00
 2.47142857e+00 -1.16535433e+01 -1.66838475e+00  1.08007567e+01  9.06507955e+00
 2.47142857e+00 -1.15196850e+01 -1.53455442e+00  1.08006654e+01  9.06110048e+00
 2.47142857e+00 -1.13858268e+01 -1.40072000e+00  1.08005754e+01  9.05709002e+00
 2.47142857e+00 -1.12519685e+01 -1.26698880e+00  1.08002339e+01  9.05296257e+00
 2.47142857e+00 -1.11181102e+01 -1.13324373e+00  1.08000229e+01  9.04877103e+00
 2.47142857e+00 -1.09842520e+01 -9.99493617e-01  1.07998375e+01  9.04454027e+00
 2.47142857e+00 -1.08503937e+01 -8.65743084e-01  1.07996538e+01  9.04028979e+00
 2.47142857e+00 -1.07165354e+01 -7.31991790e-01  1.07994729e+01  9.03599838e+00
 2.47142857e+00 -1.05826772e+01 -5.98239644e-01  1.07992947e+01  9.03165996e+00
 2.47142857e+00 -1.04488189e+01 -4.64486549e-01  1.07991194e+01  9.02728815e+00
 2.47142857e+00 -1.03149606e+01 -3.30732423e-01  1.07989469e+01  9.02287138e+00
 2.47142857e+00 -1.01811024e+01 -1.96977186e-01  1.07987771e+01  9.01841569e+00
 2.47142857e+00 -1.00472441e+01 -6.32207609e-02  1.07986101e+01  9.01393956e+00
 2.47142857e+00 -9.91338583e+00  7.05369199e-02  1.07984458e+01  9.00942324e+00
 2.47142857e+00 -9.77952756e+00  2.04295922e-01  1.07982843e+01  9.00485498e+00
 2.47142857e+00 -9.64566929e+00  3.38056307e-01  1.07981254e+01  9.00023683e+00
 2.47142857e+00 -9.51181102e+00  4.71818129e-01  1.07979693e+01  8.99556377e+00
 2.47142857e+00 -9.37795276e+00  6.05581441e-01  1.07978159e+01  8.99084377e+00
 2.47142857e+00 -9.24409449e+00  7.39346291e-01  1.07976653e+01  8.98608502e+00
 2.47142857e+00 -9.11023622e+00  8.73112663e-01  1.07975176e+01  8.98125323e+00
 2.47142857e+00 -8.97637795e+00  1.00688172e+00  1.07973680e+01  8.97637295e+00
 2.47142857e+00 -8.84251969e+00  1.14050308e+00  1.07966743e+01  8.97136933e+00
 2.47142857e+00 -8.70866142e+00  1.27334884e+00  1.07945885e+01  8.96590159e+00
 2.47142857e+00 -8.57480315e+00  1.40653641e+00  1.07940278e+01  8.96063245e+00
 2.47142857e+00 -8.44094488e+00  1.53981113e+00  1.07934269e+01  8.95535470e+00
 2.47142857e+00 -8.30708661e+00  1.67316889e+00  1.07928426e+01  8.95002873e+00
 2.47142857e+00 -8.17322835e+00  1.80659664e+00  1.07922741e+01  8.94466166e+00
 2.47142857e+00 -8.03937008e+00  1.94008362e+00  1.07917214e+01  8.93929839e+00
 2.47142857e+00 -7.90551181e+00  2.07362090e+00  1.07911841e+01  8.93386978e+00
 2.47142857e+00 -7.77165354e+00  2.20720105e+00  1.07906623e+01  8.92834533e+00
 2.47142857e+00 -7.63779528e+00  2.34081786e+00  1.07901554e+01  8.92275834e+00
 2.47142857e+00 -7.50393701e+00  2.47446611e+00  1.07896636e+01  8.91716383e+00
 2.47142857e+00 -7.37007874e+00  2.60814146e+00  1.07891864e+01  8.91153597e+00
 2.47142857e+00 -7.23622047e+00  2.74184024e+00  1.07887238e+01  8.90580676e+00
 2.47142857e+00 -7.10236220e+00  2.87555939e+00  1.07882755e+01  8.90000988e+00
 2.47142857e+00 -6.96850394e+00  3.00929627e+00  1.07878415e+01  8.89415011e+00
 2.47142857e+00 -6.83464567e+00  3.14304179e+00  1.07873399e+01  8.88819702e+00
 2.47142857e+00 -6.70078740e+00  3.27675347e+00  1.07862803e+01  8.88211487e+00
 2.47142857e+00 -6.56692913e+00  3.41050444e+00  1.07856375e+01  8.87602661e+00
 2.47142857e+00 -6.43307087e+00  3.54427049e+00  1.07850210e+01  8.86986909e+00
 2.47142857e+00 -6.29921260e+00  3.67804946e+00  1.07844251e+01  8.86355954e+00
 2.47142857e+00 -6.16535433e+00  3.81183980e+00  1.07838496e+01  8.85722511e+00
 2.47142857e+00 -6.03149606e+00  3.94564022e+00  1.07832940e+01  8.85105489e+00
 2.47142857e+00 -5.89763780e+00  4.07944968e+00  1.07827580e+01  8.84489308e+00
 2.47142857e+00 -5.76377953e+00  4.21326723e+00  1.07822412e+01  8.83864956e+00
 2.47142857e+00 -5.62992126e+00  4.34709216e+00  1.07817433e+01  8.83233609e+00
 2.47142857e+00 -5.49606299e+00  4.48092424e+00  1.07812640e+01  8.82595472e+00
 2.47142857e+00 -5.36220472e+00  4.61476213e+00  1.07808027e+01  8.81946504e+00
 2.47142857e+00 -5.22834646e+00  4.74860573e+00  1.07803588e+01  8.81283096e+00
 2.47142857e+00 -5.09448819e+00  4.88245751e+00  1.07798970e+01  8.80610959e+00
 2.47142857e+00 -4.96062992e+00  5.01630788e+00  1.07794920e+01  8.79931800e+00
 2.47142857e+00 -4.82677165e+00  5.15015794e+00  1.07790917e+01  8.79242295e+00
 2.47142857e+00 -4.69291339e+00  5.28408140e+00  1.07787084e+01  8.78541085e+00
 2.47142857e+00 -4.55905512e+00  5.41801984e+00  1.07783421e+01  8.77828375e+00
 2.47142857e+00 -4.42519685e+00  5.55188640e+00  1.07779920e+01  8.77104897e+00
 2.47142857e+00 -4.29133858e+00  5.68578429e+00  1.07776553e+01  8.76370067e+00
 2.47142857e+00 -4.15748031e+00  5.81970121e+00  1.07773373e+01  8.75623020e+00
 2.47142857e+00 -4.02362205e+00  5.95358729e+00  1.07770378e+01  8.74862770e+00
 2.47142857e+00 -3.88976378e+00  6.08754843e+00  1.07767284e+01  8.74088074e+00
 2.47142857e+00 -3.75590551e+00  6.22156761e+00  1.07764365e+01  8.73298071e+00
 2.47142857e+00 -3.62204724e+00  6.35558039e+00  1.07761783e+01  8.72492262e+00
 2.47142857e+00 -3.48818898e+00  6.48965494e+00  1.07759325e+01  8.71670826e+00
 2.47142857e+00 -3.35433071e+00  6.62382954e+00  1.07756896e+01  8.70835637e+00
 2.47142857e+00 -3.22047244e+00  6.75812215e+00  1.07754546e+01  8.69986311e+00
 2.47142857e+00 -3.08661417e+00  6.89257734e+00  1.07752260e+01  8.69115431e+00
 2.47142857e+00 -2.95275591e+00  7.02722338e+00  1.07750012e+01  8.68224547e+00
 2.47142857e+00 -2.81889764e+00  7.16212819e+00  1.07747772e+01  8.67316873e+00
 2.47142857e+00 -2.68503937e+00  7.29746604e+00  1.07745468e+01  8.66385713e+00
 2.47142857e+00 -2.55118110e+00  7.43332486e+00  1.07743183e+01  8.65425111e+00
 2.47142857e+00 -2.41732283e+00  7.56982986e+00  1.07740857e+01  8.64434299e+00
 2.47142857e+00 -2.28346457e+00  7.70730641e+00  1.07738158e+01  8.63418360e+00
 2.47142857e+00 -2.14960630e+00  7.84615003e+00  1.07735118e+01  8.62365942e+00
 2.47142857e+00 -2.01574803e+00  7.98687383e+00  1.07731752e+01  8.61264943e+00
 2.47142857e+00 -1.88188976e+00  8.13021920e+00  1.07727734e+01  8.60113400e+00
 2.47142857e+00 -1.74803150e+00  8.27736853e+00  1.07722940e+01  8.58897036e+00
 2.47142857e+00 -1.61417323e+00  8.43009121e+00  1.07716874e+01  8.57594064e+00
 2.47142857e+00 -1.48031496e+00  8.59115503e+00  1.07709978e+01  8.56175206e+00
 2.47142857e+00 -1.34645669e+00  8.76510260e+00  1.07705511e+01  8.54596641e+00
 2.47142857e+00 -1.21259843e+00  8.95888542e+00  1.07703613e+01  8.52792097e+00
 2.47142857e+00 -1.07874016e+00  9.18270269e+00  1.07712366e+01  8.50641145e+00
 2.47142857e+00 -9.44881890e-01  9.45095614e+00  1.07770740e+01  8.47977936e+00
 2.47142857e+00 -8.11023622e-01  9.78109242e+00  1.07969943e+01  8.44523025e+00
 2.47142857e+00 -6.77165354e-01  1.01697133e+01  1.08488049e+01  8.40085818e+00
 2.47142857e+00 -5.43307087e-01  1.05889369e+01  1.09657785e+01  8.34633577e+00
 2.47142857e+00 -4.09448819e-01  1.10081605e+01  1.10827521e+01  8.29181336e+00
 2.47142857e+00 -2.75590551e-01  1.14273841e+01  1.11997257e+01  8.23729095e+00
 2.47142857e+00 -1.41732283e-01  1.18466077e+01  1.13166993e+01  8.18276854e+00
 2.47142857e+00 -7.87401575e-03  1.22658313e+01  1.14336729e+01  8.12824613e+00
 2.47142857e+00  1.25984252e-01  1.26850549e+01  1.15506465e+01  8.07372372e+00
 2.47142857e+00  2.59842520e-01  1.31042785e+01  1.16676201e+01  8.01920131e+00
 2.47142857e+00  3.93700787e-01  1.35235021e+01  1.17845937e+01  7.96467890e+00
 2.47142857e+00  5.27559055e-01  1.39427257e+01  1.19015673e+01  7.91015649e+00
 2.47142857e+00  6.61417323e-01  1.43619493e+01  1.20185409e+01  7.85563408e+00
 2.47142857e+00  7.95275591e-01  1.47811729e+01  1.21355145e+01  7.80111167e+00
 2.47142857e+00  9.29133858e-01  1.52003965e+01  1.22524881e+01  7.74658926e+00
 2.47142857e+00  1.06299213e+00  1.56196201e+01  1.23694617e+01  7.69206684e+00
 2.47142857e+00  1.19685039e+00  1.60388437e+01  1.24864353e+01  7.63754444e+00
 2.47142857e+00  1.33070866e+00  1.64580673e+01  1.26034089e+01  7.58302203e+00
 2.47142857e+00  1.46456693e+00  1.68772909e+01  1.27203825e+01  7.52849962e+00
 2.47142857e+00  1.59842520e+00  1.72965145e+01  1.28373561e+01  7.47397720e+00
 2.47142857e+00  1.73228346e+00  1.77157381e+01  1.29543297e+01  7.41945480e+00
 2.47142857e+00  1.86614173e+00  1.81349617e+01  1.30713033e+01  7.36493239e+00
 2.47142857e+00  2.00000000e+00  1.85541853e+01  1.31882769e+01  7.31040997e+00
 2.54984127e+00 -1.50000000e+01 -4.94549055e+00  1.08331209e+01  9.15821924e+00
 2.54984127e+00 -1.48661417e+01 -4.81156925e+00  1.08331211e+01  9.15508098e+00
 2.54984127e+00 -1.47322835e+01 -4.67762539e+00  1.08331214e+01  9.15194852e+00
 2.54984127e+00 -1.45984252e+01 -4.54365084e+00  1.08331217e+01  9.14878166e+00
 2.54984127e+00 -1.44645669e+01 -4.40963450e+00  1.08331222e+01  9.14555818e+00
 2.54984127e+00 -1.43307087e+01 -4.27556124e+00  1.08331227e+01  9.14229937e+00
 2.54984127e+00 -1.41968504e+01 -4.14141042e+00  1.08331232e+01  9.13903902e+00
 2.54984127e+00 -1.40629921e+01 -4.00715387e+00  1.08331237e+01  9.13576320e+00
 2.54984127e+00 -1.39291339e+01 -3.87275317e+00  1.08331243e+01  9.13241997e+00
 2.54984127e+00 -1.37952756e+01 -3.73815582e+00  1.08332908e+01  9.12902442e+00
 2.54984127e+00 -1.36614173e+01 -3.60328966e+00  1.08331481e+01  9.12556412e+00
 2.54984127e+00 -1.35275591e+01 -3.46805502e+00  1.08330155e+01  9.12204666e+00
 2.54984127e+00 -1.33937008e+01 -3.33231718e+00  1.08328840e+01  9.11845897e+00
 2.54984127e+00 -1.32598425e+01 -3.19651834e+00  1.08327536e+01  9.11484754e+00
 2.54984127e+00 -1.31259843e+01 -3.06176326e+00  1.08326256e+01  9.11128105e+00
 2.54984127e+00 -1.29921260e+01 -2.92790919e+00  1.08324995e+01  9.10769667e+00
 2.54984127e+00 -1.28582677e+01 -2.79407753e+00  1.08323746e+01  9.10404660e+00
 2.54984127e+00 -1.27244094e+01 -2.66025129e+00  1.08322504e+01  9.10036019e+00
 2.54984127e+00 -1.25905512e+01 -2.52642351e+00  1.08321272e+01  9.09667550e+00
 2.54984127e+00 -1.24566929e+01 -2.39259655e+00  1.08320050e+01  9.09298128e+00
 2.54984127e+00 -1.23228346e+01 -2.25876983e+00  1.08318838e+01  9.08923738e+00
 2.54984127e+00 -1.21889764e+01 -2.12494346e+00  1.08317631e+01  9.08545638e+00
 2.54984127e+00 -1.20551181e+01 -1.99111743e+00  1.08316431e+01  9.08163018e+00
 2.54984127e+00 -1.19212598e+01 -1.85729174e+00  1.08315246e+01  9.07774550e+00
 2.54984127e+00 -1.17874016e+01 -1.72346640e+00  1.08314073e+01  9.07385764e+00
 2.54984127e+00 -1.16535433e+01 -1.58964140e+00  1.08312907e+01  9.06996250e+00
 2.54984127e+00 -1.15196850e+01 -1.45581688e+00  1.08311752e+01  9.06601333e+00
 2.54984127e+00 -1.13858268e+01 -1.32199193e+00  1.08310619e+01  9.06202227e+00
 2.54984127e+00 -1.12519685e+01 -1.18817360e+00  1.08309371e+01  9.05799577e+00
 2.54984127e+00 -1.11181102e+01 -1.05435305e+00  1.08308208e+01  9.05393521e+00
 2.54984127e+00 -1.09842520e+01 -9.20532784e-01  1.08307062e+01  9.04981118e+00
 2.54984127e+00 -1.08503937e+01 -7.86712910e-01  1.08305927e+01  9.04565344e+00
 2.54984127e+00 -1.07165354e+01 -6.52893429e-01  1.08304803e+01  9.04149843e+00
 2.54984127e+00 -1.05826772e+01 -5.19074363e-01  1.08303690e+01  9.03726553e+00
 2.54984127e+00 -1.04488189e+01 -3.85255729e-01  1.08302589e+01  9.03295979e+00
 2.54984127e+00 -1.03149606e+01 -2.51437533e-01  1.08301499e+01  9.02864935e+00
 2.54984127e+00 -1.01811024e+01 -1.17619796e-01  1.08300421e+01  9.02434298e+00
 2.54984127e+00 -1.00472441e+01  1.61974644e-02  1.08299355e+01  9.01997704e+00
 2.54984127e+00 -9.91338583e+00  1.50014234e-01  1.08298301e+01  9.01550071e+00
 2.54984127e+00 -9.77952756e+00  2.83830493e-01  1.08297259e+01  9.01101545e+00
 2.54984127e+00 -9.64566929e+00  4.17646221e-01  1.08296228e+01  9.00650506e+00
 2.54984127e+00 -9.51181102e+00  5.51461397e-01  1.08295212e+01  9.00190595e+00
 2.54984127e+00 -9.37795276e+00  6.85276002e-01  1.08294207e+01  8.99729766e+00
 2.54984127e+00 -9.24409449e+00  8.19090011e-01  1.08293215e+01  8.99265129e+00
 2.54984127e+00 -9.11023622e+00  9.52903441e-01  1.08292235e+01  8.98789899e+00
 2.54984127e+00 -8.97637795e+00  1.08673695e+00  1.08291162e+01  8.98310669e+00
 2.54984127e+00 -8.84251969e+00  1.22010269e+00  1.08281117e+01  8.97802174e+00
 2.54984127e+00 -8.70866142e+00  1.35355993e+00  1.08278602e+01  8.97302669e+00
 2.54984127e+00 -8.57480315e+00  1.48704093e+00  1.08275814e+01  8.96798334e+00
 2.54984127e+00 -8.44094488e+00  1.62055304e+00  1.08273094e+01  8.96288340e+00
 2.54984127e+00 -8.30708661e+00  1.75409348e+00  1.08270442e+01  8.95771605e+00
 2.54984127e+00 -8.17322835e+00  1.88765980e+00  1.08267856e+01  8.95252871e+00
 2.54984127e+00 -8.03937008e+00  2.02124982e+00  1.08265335e+01  8.94730195e+00
 2.54984127e+00 -7.90551181e+00  2.15486156e+00  1.08262880e+01  8.94199166e+00
 2.54984127e+00 -7.77165354e+00  2.28849329e+00  1.08260490e+01  8.93661824e+00
 2.54984127e+00 -7.63779528e+00  2.42214342e+00  1.08258163e+01  8.93120036e+00
 2.54984127e+00 -7.50393701e+00  2.55581055e+00  1.08255901e+01  8.92573849e+00
 2.54984127e+00 -7.37007874e+00  2.68949341e+00  1.08253701e+01  8.92020981e+00
 2.54984127e+00 -7.23622047e+00  2.82319091e+00  1.08251565e+01  8.91461433e+00
 2.54984127e+00 -7.10236220e+00  2.95690181e+00  1.08249493e+01  8.90895816e+00
 2.54984127e+00 -6.96850394e+00  3.09062748e+00  1.08247250e+01  8.90322018e+00
 2.54984127e+00 -6.83464567e+00  3.22407145e+00  1.08232754e+01  8.89714800e+00
 2.54984127e+00 -6.70078740e+00  3.35761256e+00  1.08224078e+01  8.89106812e+00
 2.54984127e+00 -6.56692913e+00  3.49120764e+00  1.08216990e+01  8.88495839e+00
 2.54984127e+00 -6.43307087e+00  3.62483302e+00  1.08210119e+01  8.87875976e+00
 2.54984127e+00 -6.29921260e+00  3.75848546e+00  1.08203473e+01  8.87250254e+00
 2.54984127e+00 -6.16535433e+00  3.89216205e+00  1.08197048e+01  8.86639117e+00
 2.54984127e+00 -6.03149606e+00  4.02586031e+00  1.08190842e+01  8.86037831e+00
 2.54984127e+00 -5.89763780e+00  4.15957806e+00  1.08184849e+01  8.85429605e+00
 2.54984127e+00 -5.76377953e+00  4.29331343e+00  1.08179067e+01  8.84809513e+00
 2.54984127e+00 -5.62992126e+00  4.42706491e+00  1.08173490e+01  8.84182594e+00
 2.54984127e+00 -5.49606299e+00  4.56083111e+00  1.08168119e+01  8.83552231e+00
 2.54984127e+00 -5.36220472e+00  4.69461045e+00  1.08162975e+01  8.82908512e+00
 2.54984127e+00 -5.22834646e+00  4.82837085e+00  1.08154678e+01  8.82251266e+00
 2.54984127e+00 -5.09448819e+00  4.96208153e+00  1.08145836e+01  8.81588425e+00
 2.54984127e+00 -4.96062992e+00  5.09583339e+00  1.08139485e+01  8.80919781e+00
 2.54984127e+00 -4.82677165e+00  5.22961436e+00  1.08133350e+01  8.80236758e+00
 2.54984127e+00 -4.69291339e+00  5.36343732e+00  1.08127473e+01  8.79539771e+00
 2.54984127e+00 -4.55905512e+00  5.49728872e+00  1.08121844e+01  8.78840578e+00
 2.54984127e+00 -4.42519685e+00  5.63112985e+00  1.08116482e+01  8.78132742e+00
 2.54984127e+00 -4.29133858e+00  5.76495895e+00  1.08111389e+01  8.77407144e+00
 2.54984127e+00 -4.15748031e+00  5.89886220e+00  1.08106509e+01  8.76670715e+00
 2.54984127e+00 -4.02362205e+00  6.03282593e+00  1.08101830e+01  8.75926812e+00
 2.54984127e+00 -3.88976378e+00  6.16681144e+00  1.08097404e+01  8.75172513e+00
 2.54984127e+00 -3.75590551e+00  6.30084231e+00  1.08093199e+01  8.74399648e+00
 2.54984127e+00 -3.62204724e+00  6.43491998e+00  1.08089286e+01  8.73611310e+00
 2.54984127e+00 -3.48818898e+00  6.56904812e+00  1.08085610e+01  8.72811648e+00
 2.54984127e+00 -3.35433071e+00  6.70326441e+00  1.08081874e+01  8.71995743e+00
 2.54984127e+00 -3.22047244e+00  6.83759687e+00  1.08078324e+01  8.71162995e+00
 2.54984127e+00 -3.08661417e+00  6.97209878e+00  1.08075168e+01  8.70314013e+00
 2.54984127e+00 -2.95275591e+00  7.10686777e+00  1.08072087e+01  8.69446994e+00
 2.54984127e+00 -2.81889764e+00  7.24190547e+00  1.08068909e+01  8.68561045e+00
 2.54984127e+00 -2.68503937e+00  7.37728254e+00  1.08065796e+01  8.67654283e+00
 2.54984127e+00 -2.55118110e+00  7.51324215e+00  1.08062964e+01  8.66722674e+00
 2.54984127e+00 -2.41732283e+00  7.64992251e+00  1.08060117e+01  8.65766386e+00
 2.54984127e+00 -2.28346457e+00  7.78755010e+00  1.08057067e+01  8.64782513e+00
 2.54984127e+00 -2.14960630e+00  7.92657273e+00  1.08054046e+01  8.63762162e+00
 2.54984127e+00 -2.01574803e+00  8.06752769e+00  1.08050849e+01  8.62702834e+00
 2.54984127e+00 -1.88188976e+00  8.21115689e+00  1.08047343e+01  8.61594010e+00
 2.54984127e+00 -1.74803150e+00  8.35855050e+00  1.08043591e+01  8.60418152e+00
 2.54984127e+00 -1.61417323e+00  8.51136749e+00  1.08039426e+01  8.59171069e+00
 2.54984127e+00 -1.48031496e+00  8.67240488e+00  1.08035716e+01  8.57822430e+00
 2.54984127e+00 -1.34645669e+00  8.84583132e+00  1.08034661e+01  8.56325052e+00
 2.54984127e+00 -1.21259843e+00  9.03773797e+00  1.08039093e+01  8.54621611e+00
 2.54984127e+00 -1.07874016e+00  9.25734415e+00  1.08058244e+01  8.52612748e+00
 2.54984127e+00 -9.44881890e-01  9.51755122e+00  1.08127873e+01  8.50160354e+00
 2.54984127e+00 -8.11023622e-01  9.83434909e+00  1.08328735e+01  8.47053498e+00
 2.54984127e+00 -6.77165354e-01  1.02077003e+01  1.08833349e+01  8.43056515e+00
 2.54984127e+00 -5.43307087e-01  1.06209111e+01  1.09953246e+01  8.38015874e+00
 2.54984127e+00 -4.09448819e-01  1.10341219e+01  1.11073143e+01  8.32975233e+00
 2.54984127e+00 -2.75590551e-01  1.14473327e+01  1.12193040e+01  8.27934592e+00
 2.54984127e+00 -1.41732283e-01  1.18605435e+01  1.13312937e+01  8.22893951e+00
 2.54984127e+00 -7.87401575e-03  1.22737543e+01  1.14432834e+01  8.17853310e+00
 2.54984127e+00  1.25984252e-01  1.26869651e+01  1.15552731e+01  8.12812669e+00
 2.54984127e+00  2.59842520e-01  1.31001759e+01  1.16672628e+01  8.07772028e+00
 2.54984127e+00  3.93700787e-01  1.35133867e+01  1.17792525e+01  8.02731387e+00
 2.54984127e+00  5.27559055e-01  1.39265975e+01  1.18912422e+01  7.97690746e+00
 2.54984127e+00  6.61417323e-01  1.43398083e+01  1.20032319e+01  7.92650105e+00
 2.54984127e+00  7.95275591e-01  1.47530191e+01  1.21152216e+01  7.87609464e+00
 2.54984127e+00  9.29133858e-01  1.51662299e+01  1.22272113e+01  7.82568823e+00
 2.54984127e+00  1.06299213e+00  1.55794407e+01  1.23392010e+01  7.77528182e+00
 2.54984127e+00  1.19685039e+00  1.59926515e+01  1.24511907e+01  7.72487541e+00
 2.54984127e+00  1.33070866e+00  1.64058623e+01  1.25631804e+01  7.67446900e+00
 2.54984127e+00  1.46456693e+00  1.68190731e+01  1.26751701e+01  7.62406259e+00
 2.54984127e+00  1.59842520e+00  1.72322839e+01  1.27871598e+01  7.57365617e+00
 2.54984127e+00  1.73228346e+00  1.76454947e+01  1.28991495e+01  7.52324977e+00
 2.54984127e+00  1.86614173e+00  1.80587055e+01  1.30111392e+01  7.47284336e+00
 2.54984127e+00  2.00000000e+00  1.84719163e+01  1.31231289e+01  7.42243694e+00
 2.62825397e+00 -1.50000000e+01 -4.86706163e+00  1.08680854e+01  9.16232361e+00
 2.62825397e+00 -1.48661417e+01 -4.73314311e+00  1.08680844e+01  9.15922633e+00
 2.62825397e+00 -1.47322835e+01 -4.59920200e+00  1.08680831e+01  9.15609084e+00
 2.62825397e+00 -1.45984252e+01 -4.46523005e+00  1.08680814e+01  9.15294853e+00
 2.62825397e+00 -1.44645669e+01 -4.33121614e+00  1.08680794e+01  9.14977424e+00
 2.62825397e+00 -1.43307087e+01 -4.19714511e+00  1.08680773e+01  9.14655274e+00
 2.62825397e+00 -1.41968504e+01 -4.06299630e+00  1.08680751e+01  9.14329466e+00
 2.62825397e+00 -1.40629921e+01 -3.92874152e+00  1.08680728e+01  9.14001843e+00
 2.62825397e+00 -1.39291339e+01 -3.79434233e+00  1.08681225e+01  9.13672956e+00
 2.62825397e+00 -1.37952756e+01 -3.65974643e+00  1.08681847e+01  9.13333710e+00
 2.62825397e+00 -1.36614173e+01 -3.52488048e+00  1.08680200e+01  9.12991400e+00
 2.62825397e+00 -1.35275591e+01 -3.38965186e+00  1.08678547e+01  9.12644051e+00
 2.62825397e+00 -1.33937008e+01 -3.25391844e+00  1.08676900e+01  9.12289429e+00
 2.62825397e+00 -1.32598425e+01 -3.11796222e+00  1.08675265e+01  9.11930629e+00
 2.62825397e+00 -1.31259843e+01 -2.98300924e+00  1.08673656e+01  9.11572778e+00
 2.62825397e+00 -1.29921260e+01 -2.84906843e+00  1.08672074e+01  9.11216571e+00
 2.62825397e+00 -1.28582677e+01 -2.71525204e+00  1.08670507e+01  9.10859622e+00
 2.62825397e+00 -1.27244094e+01 -2.58142944e+00  1.08668955e+01  9.10498943e+00
 2.62825397e+00 -1.25905512e+01 -2.44760802e+00  1.08667417e+01  9.10132257e+00
 2.62825397e+00 -1.24566929e+01 -2.31378674e+00  1.08665892e+01  9.09762679e+00
 2.62825397e+00 -1.23228346e+01 -2.17996568e+00  1.08664381e+01  9.09391552e+00
 2.62825397e+00 -1.21889764e+01 -2.04614485e+00  1.08662887e+01  9.09018115e+00
 2.62825397e+00 -1.20551181e+01 -1.91232424e+00  1.08661404e+01  9.08641068e+00
 2.62825397e+00 -1.19212598e+01 -1.77850388e+00  1.08659932e+01  9.08260794e+00
 2.62825397e+00 -1.17874016e+01 -1.64468385e+00  1.08658473e+01  9.07877968e+00
 2.62825397e+00 -1.16535433e+01 -1.51086414e+00  1.08657028e+01  9.07491182e+00
 2.62825397e+00 -1.15196850e+01 -1.37704615e+00  1.08655575e+01  9.07100342e+00
 2.62825397e+00 -1.13858268e+01 -1.24322110e+00  1.08654283e+01  9.06705906e+00
 2.62825397e+00 -1.12519685e+01 -1.10940072e+00  1.08652870e+01  9.06304794e+00
 2.62825397e+00 -1.11181102e+01 -9.75579824e-01  1.08651500e+01  9.05900779e+00
 2.62825397e+00 -1.09842520e+01 -8.41759295e-01  1.08650143e+01  9.05497006e+00
 2.62825397e+00 -1.08503937e+01 -7.07939237e-01  1.08648797e+01  9.05087809e+00
 2.62825397e+00 -1.07165354e+01 -5.74119660e-01  1.08647462e+01  9.04673145e+00
 2.62825397e+00 -1.05826772e+01 -4.40300547e-01  1.08646141e+01  9.04255911e+00
 2.62825397e+00 -1.04488189e+01 -3.06481948e-01  1.08644830e+01  9.03835971e+00
 2.62825397e+00 -1.03149606e+01 -1.72663874e-01  1.08643533e+01  9.03412053e+00
 2.62825397e+00 -1.01811024e+01 -3.88463285e-02  1.08642247e+01  9.02983047e+00
 2.62825397e+00 -1.00472441e+01  9.49706537e-02  1.08640975e+01  9.02549217e+00
 2.62825397e+00 -9.91338583e+00  2.28787052e-01  1.08639714e+01  9.02111726e+00
 2.62825397e+00 -9.77952756e+00  3.62602854e-01  1.08638467e+01  9.01670542e+00
 2.62825397e+00 -9.64566929e+00  4.96418034e-01  1.08637233e+01  9.01222707e+00
 2.62825397e+00 -9.51181102e+00  6.30232567e-01  1.08636012e+01  9.00770032e+00
 2.62825397e+00 -9.37795276e+00  7.64046429e-01  1.08634806e+01  9.00315121e+00
 2.62825397e+00 -9.24409449e+00  8.97859596e-01  1.08633612e+01  8.99856205e+00
 2.62825397e+00 -9.11023622e+00  1.03167043e+00  1.08632465e+01  8.99391030e+00
 2.62825397e+00 -8.97637795e+00  1.16548973e+00  1.08631343e+01  8.98919633e+00
 2.62825397e+00 -8.84251969e+00  1.29922842e+00  1.08629228e+01  8.98441736e+00
 2.62825397e+00 -8.70866142e+00  1.43300057e+00  1.08627921e+01  8.97961836e+00
 2.62825397e+00 -8.57480315e+00  1.56677433e+00  1.08626640e+01  8.97474194e+00
 2.62825397e+00 -8.44094488e+00  1.70054937e+00  1.08625379e+01  8.96979492e+00
 2.62825397e+00 -8.30708661e+00  1.83432570e+00  1.08624138e+01  8.96479150e+00
 2.62825397e+00 -8.17322835e+00  1.96810325e+00  1.08622919e+01  8.95975130e+00
 2.62825397e+00 -8.03937008e+00  2.10188198e+00  1.08621721e+01  8.95469269e+00
 2.62825397e+00 -7.90551181e+00  2.23566186e+00  1.08620546e+01  8.94955771e+00
 2.62825397e+00 -7.77165354e+00  2.36944285e+00  1.08619393e+01  8.94431775e+00
 2.62825397e+00 -7.63779528e+00  2.50322498e+00  1.08618262e+01  8.93905378e+00
 2.62825397e+00 -7.50393701e+00  2.63700824e+00  1.08617156e+01  8.93372699e+00
 2.62825397e+00 -7.37007874e+00  2.77079268e+00  1.08616072e+01  8.92830221e+00
 2.62825397e+00 -7.23622047e+00  2.90457836e+00  1.08615012e+01  8.92285237e+00
 2.62825397e+00 -7.10236220e+00  3.03837000e+00  1.08613980e+01  8.91734201e+00
 2.62825397e+00 -6.96850394e+00  3.17199622e+00  1.08608992e+01  8.91161955e+00
 2.62825397e+00 -6.83464567e+00  3.30549518e+00  1.08602082e+01  8.90572621e+00
 2.62825397e+00 -6.70078740e+00  3.43909151e+00  1.08598085e+01  8.89984459e+00
 2.62825397e+00 -6.56692913e+00  3.57270648e+00  1.08594215e+01  8.89389182e+00
 2.62825397e+00 -6.43307087e+00  3.70633909e+00  1.08590465e+01  8.88784326e+00
 2.62825397e+00 -6.29921260e+00  3.83998849e+00  1.08586834e+01  8.88184395e+00
 2.62825397e+00 -6.16535433e+00  3.97365389e+00  1.08583320e+01  8.87597424e+00
 2.62825397e+00 -6.03149606e+00  4.10733459e+00  1.08579923e+01  8.87008107e+00
 2.62825397e+00 -5.89763780e+00  4.24102997e+00  1.08576639e+01  8.86409147e+00
 2.62825397e+00 -5.76377953e+00  4.37473942e+00  1.08573470e+01  8.85800219e+00
 2.62825397e+00 -5.62992126e+00  4.50846238e+00  1.08570411e+01  8.85184930e+00
 2.62825397e+00 -5.49606299e+00  4.64219885e+00  1.08567480e+01  8.84564033e+00
 2.62825397e+00 -5.36220472e+00  4.77592267e+00  1.08562377e+01  8.83932176e+00
 2.62825397e+00 -5.22834646e+00  4.90899432e+00  1.08540940e+01  8.83258249e+00
 2.62825397e+00 -5.09448819e+00  5.04235156e+00  1.08532813e+01  8.82595341e+00
 2.62825397e+00 -4.96062992e+00  5.17579654e+00  1.08524771e+01  8.81923766e+00
 2.62825397e+00 -4.82677165e+00  5.30930474e+00  1.08517068e+01  8.81243706e+00
 2.62825397e+00 -4.69291339e+00  5.44291834e+00  1.08509742e+01  8.80558006e+00
 2.62825397e+00 -4.55905512e+00  5.57662755e+00  1.08502736e+01  8.79867038e+00
 2.62825397e+00 -4.42519685e+00  5.71031566e+00  1.08495887e+01  8.79165661e+00
 2.62825397e+00 -4.29133858e+00  5.84404454e+00  1.08489383e+01  8.78451601e+00
 2.62825397e+00 -4.15748031e+00  5.97786806e+00  1.08483378e+01  8.77725957e+00
 2.62825397e+00 -4.02362205e+00  6.11171591e+00  1.08477801e+01  8.76992479e+00
 2.62825397e+00 -3.88976378e+00  6.24554585e+00  1.08470100e+01  8.76247970e+00
 2.62825397e+00 -3.75590551e+00  6.37944811e+00  1.08463925e+01  8.75492816e+00
 2.62825397e+00 -3.62204724e+00  6.51346144e+00  1.08458064e+01  8.74721349e+00
 2.62825397e+00 -3.48818898e+00  6.64752631e+00  1.08452448e+01  8.73934700e+00
 2.62825397e+00 -3.35433071e+00  6.78164770e+00  1.08447113e+01  8.73134804e+00
 2.62825397e+00 -3.22047244e+00  6.91596548e+00  1.08442255e+01  8.72321406e+00
 2.62825397e+00 -3.08661417e+00  7.05045596e+00  1.08437563e+01  8.71494781e+00
 2.62825397e+00 -2.95275591e+00  7.18512249e+00  1.08433061e+01  8.70651497e+00
 2.62825397e+00 -2.81889764e+00  7.32009119e+00  1.08429014e+01  8.69784667e+00
 2.62825397e+00 -2.68503937e+00  7.45547612e+00  1.08425261e+01  8.68900306e+00
 2.62825397e+00 -2.55118110e+00  7.59140202e+00  1.08421556e+01  8.67999307e+00
 2.62825397e+00 -2.41732283e+00  7.72803714e+00  1.08417852e+01  8.67071884e+00
 2.62825397e+00 -2.28346457e+00  7.86564544e+00  1.08414526e+01  8.66117486e+00
 2.62825397e+00 -2.14960630e+00  8.00462140e+00  1.08411283e+01  8.65132544e+00
 2.62825397e+00 -2.01574803e+00  8.14553793e+00  1.08407917e+01  8.64107906e+00
 2.62825397e+00 -1.88188976e+00  8.28914047e+00  1.08404823e+01  8.63036667e+00
 2.62825397e+00 -1.74803150e+00  8.43647259e+00  1.08402176e+01  8.61911311e+00
 2.62825397e+00 -1.61417323e+00  8.58913534e+00  1.08399896e+01  8.60716144e+00
 2.62825397e+00 -1.48031496e+00  8.74969601e+00  1.08398642e+01  8.59421132e+00
 2.62825397e+00 -1.34645669e+00  8.92197256e+00  1.08401254e+01  8.58000477e+00
 2.62825397e+00 -1.21259843e+00  9.11154166e+00  1.08411311e+01  8.56401705e+00
 2.62825397e+00 -1.07874016e+00  9.32668622e+00  1.08440012e+01  8.54535808e+00
 2.62825397e+00 -9.44881890e-01  9.57881016e+00  1.08519184e+01  8.52272515e+00
 2.62825397e+00 -8.11023622e-01  9.88286914e+00  1.08719220e+01  8.49448986e+00
 2.62825397e+00 -6.77165354e-01  1.02403212e+01  1.09205701e+01  8.45859297e+00
 2.62825397e+00 -5.43307087e-01  1.06391615e+01  1.10268418e+01  8.41331328e+00
 2.62825397e+00 -4.09448819e-01  1.10380018e+01  1.11331135e+01  8.36803359e+00
 2.62825397e+00 -2.75590551e-01  1.14368421e+01  1.12393852e+01  8.32275390e+00
 2.62825397e+00 -1.41732283e-01  1.18356824e+01  1.13456569e+01  8.27747421e+00
 2.62825397e+00 -7.87401575e-03  1.22345227e+01  1.14519286e+01  8.23219452e+00
 2.62825397e+00  1.25984252e-01  1.26333630e+01  1.15582003e+01  8.18691483e+00
 2.62825397e+00  2.59842520e-01  1.30322033e+01  1.16644720e+01  8.14163514e+00
 2.62825397e+00  3.93700787e-01  1.34310436e+01  1.17707437e+01  8.09635545e+00
 2.62825397e+00  5.27559055e-01  1.38298839e+01  1.18770154e+01  8.05107576e+00
 2.62825397e+00  6.61417323e-01  1.42287242e+01  1.19832871e+01  8.00579607e+00
 2.62825397e+00  7.95275591e-01  1.46275645e+01  1.20895588e+01  7.96051638e+00
 2.62825397e+00  9.29133858e-01  1.50264048e+01  1.21958305e+01  7.91523669e+00
 2.62825397e+00  1.06299213e+00  1.54252451e+01  1.23021022e+01  7.86995700e+00
 2.62825397e+00  1.19685039e+00  1.58240854e+01  1.24083739e+01  7.82467731e+00
 2.62825397e+00  1.33070866e+00  1.62229257e+01  1.25146456e+01  7.77939762e+00
 2.62825397e+00  1.46456693e+00  1.66217660e+01  1.26209173e+01  7.73411793e+00
 2.62825397e+00  1.59842520e+00  1.70206063e+01  1.27271890e+01  7.68883823e+00
 2.62825397e+00  1.73228346e+00  1.74194466e+01  1.28334607e+01  7.64355855e+00
 2.62825397e+00  1.86614173e+00  1.78182869e+01  1.29397324e+01  7.59827886e+00
 2.62825397e+00  2.00000000e+00  1.82171272e+01  1.30460041e+01  7.55299917e+00
 2.70666667e+00 -1.50000000e+01 -4.78870460e+00  1.09068807e+01  9.16646608e+00
 2.70666667e+00 -1.48661417e+01 -4.65477579e+00  1.09068855e+01  9.16338874e+00
 2.70666667e+00 -1.47322835e+01 -4.52082476e+00  1.09068920e+01  9.16032308e+00
 2.70666667e+00 -1.45984252e+01 -4.38684352e+00  1.09068997e+01  9.15721949e+00
 2.70666667e+00 -1.44645669e+01 -4.25282106e+00  1.09069080e+01  9.15401510e+00
 2.70666667e+00 -1.43307087e+01 -4.11874223e+00  1.09069169e+01  9.15081775e+00
 2.70666667e+00 -1.41968504e+01 -3.98458652e+00  1.09069261e+01  9.14763368e+00
 2.70666667e+00 -1.40629921e+01 -3.85032581e+00  1.09069353e+01  9.14441173e+00
 2.70666667e+00 -1.39291339e+01 -3.71592140e+00  1.09071615e+01  9.14116035e+00
 2.70666667e+00 -1.37952756e+01 -3.58132083e+00  1.09069609e+01  9.13781186e+00
 2.70666667e+00 -1.36614173e+01 -3.44645139e+00  1.09067717e+01  9.13432270e+00
 2.70666667e+00 -1.35275591e+01 -3.31122056e+00  1.09065825e+01  9.13085643e+00
 2.70666667e+00 -1.33937008e+01 -3.17546169e+00  1.09063936e+01  9.12740746e+00
 2.70666667e+00 -1.32598425e+01 -3.03936404e+00  1.09062051e+01  9.12387865e+00
 2.70666667e+00 -1.31259843e+01 -2.90415570e+00  1.09060182e+01  9.12030584e+00
 2.70666667e+00 -1.29921260e+01 -2.77010414e+00  1.09058333e+01  9.11677738e+00
 2.70666667e+00 -1.28582677e+01 -2.63631834e+00  1.09056494e+01  9.11328866e+00
 2.70666667e+00 -1.27244094e+01 -2.50248849e+00  1.09054659e+01  9.10967859e+00
 2.70666667e+00 -1.25905512e+01 -2.36867234e+00  1.09052831e+01  9.10603204e+00
 2.70666667e+00 -1.24566929e+01 -2.23485410e+00  1.09051007e+01  9.10243834e+00
 2.70666667e+00 -1.23228346e+01 -2.10103710e+00  1.09049188e+01  9.09873976e+00
 2.70666667e+00 -1.21889764e+01 -1.96722027e+00  1.09047375e+01  9.09500015e+00
 2.70666667e+00 -1.20551181e+01 -1.83340400e+00  1.09045573e+01  9.09131320e+00
 2.70666667e+00 -1.19212598e+01 -1.69958793e+00  1.09043781e+01  9.08757682e+00
 2.70666667e+00 -1.17874016e+01 -1.56577210e+00  1.09041998e+01  9.08376496e+00
 2.70666667e+00 -1.16535433e+01 -1.43195670e+00  1.09040223e+01  9.07989538e+00
 2.70666667e+00 -1.15196850e+01 -1.29814206e+00  1.09038450e+01  9.07597769e+00
 2.70666667e+00 -1.13858268e+01 -1.16432851e+00  1.09036678e+01  9.07207223e+00
 2.70666667e+00 -1.12519685e+01 -1.03051487e+00  1.09034931e+01  9.06820088e+00
 2.70666667e+00 -1.11181102e+01 -8.96701620e-01  1.09033199e+01  9.06426857e+00
 2.70666667e+00 -1.09842520e+01 -7.62888653e-01  1.09031482e+01  9.06025663e+00
 2.70666667e+00 -1.08503937e+01 -6.29075836e-01  1.09029780e+01  9.05619432e+00
 2.70666667e+00 -1.07165354e+01 -4.95263366e-01  1.09028095e+01  9.05211327e+00
 2.70666667e+00 -1.05826772e+01 -3.61451234e-01  1.09026426e+01  9.04800042e+00
 2.70666667e+00 -1.04488189e+01 -2.27639417e-01  1.09024774e+01  9.04383733e+00
 2.70666667e+00 -1.03149606e+01 -9.38280443e-02  1.09023139e+01  9.03962906e+00
 2.70666667e+00 -1.01811024e+01  3.99828677e-02  1.09021521e+01  9.03534821e+00
 2.70666667e+00 -1.00472441e+01  1.73793309e-01  1.09019921e+01  9.03100399e+00
 2.70666667e+00 -9.91338583e+00  3.07603195e-01  1.09018340e+01  9.02667940e+00
 2.70666667e+00 -9.77952756e+00  4.41412480e-01  1.09016776e+01  9.02234738e+00
 2.70666667e+00 -9.64566929e+00  5.75221124e-01  1.09015230e+01  9.01796810e+00
 2.70666667e+00 -9.51181102e+00  7.09029075e-01  1.09013702e+01  9.01355518e+00
 2.70666667e+00 -9.37795276e+00  8.42836284e-01  1.09012191e+01  9.00904152e+00
 2.70666667e+00 -9.24409449e+00  9.76642621e-01  1.09010702e+01  9.00443467e+00
 2.70666667e+00 -9.11023622e+00  1.11044230e+00  1.09009159e+01  8.99988452e+00
 2.70666667e+00 -8.97637795e+00  1.24426992e+00  1.09008027e+01  8.99533620e+00
 2.70666667e+00 -8.84251969e+00  1.37808456e+00  1.09006603e+01  8.99065371e+00
 2.70666667e+00 -8.70866142e+00  1.51189908e+00  1.09005232e+01  8.98584652e+00
 2.70666667e+00 -8.57480315e+00  1.64571193e+00  1.09003876e+01  8.98102719e+00
 2.70666667e+00 -8.44094488e+00  1.77952317e+00  1.09002538e+01  8.97623755e+00
 2.70666667e+00 -8.30708661e+00  1.91333284e+00  1.09001218e+01  8.97136402e+00
 2.70666667e+00 -8.17322835e+00  2.04714091e+00  1.08999917e+01  8.96640601e+00
 2.70666667e+00 -8.03937008e+00  2.18094740e+00  1.08998633e+01  8.96139379e+00
 2.70666667e+00 -7.90551181e+00  2.31475239e+00  1.08997371e+01  8.95632868e+00
 2.70666667e+00 -7.77165354e+00  2.44855588e+00  1.08996128e+01  8.95120669e+00
 2.70666667e+00 -7.63779528e+00  2.58235794e+00  1.08994906e+01  8.94602433e+00
 2.70666667e+00 -7.50393701e+00  2.71615867e+00  1.08993706e+01  8.94077678e+00
 2.70666667e+00 -7.37007874e+00  2.84995817e+00  1.08992527e+01  8.93543765e+00
 2.70666667e+00 -7.23622047e+00  2.98375691e+00  1.08991369e+01  8.93001672e+00
 2.70666667e+00 -7.10236220e+00  3.11757081e+00  1.08990497e+01  8.92458335e+00
 2.70666667e+00 -6.96850394e+00  3.25128624e+00  1.08987887e+01  8.91907280e+00
 2.70666667e+00 -6.83464567e+00  3.38504480e+00  1.08986349e+01  8.91352243e+00
 2.70666667e+00 -6.70078740e+00  3.51880547e+00  1.08984856e+01  8.90783830e+00
 2.70666667e+00 -6.56692913e+00  3.65256843e+00  1.08983406e+01  8.90204361e+00
 2.70666667e+00 -6.43307087e+00  3.78633375e+00  1.08981997e+01  8.89623943e+00
 2.70666667e+00 -6.29921260e+00  3.92010174e+00  1.08980629e+01  8.89054584e+00
 2.70666667e+00 -6.16535433e+00  4.05387262e+00  1.08979301e+01  8.88486065e+00
 2.70666667e+00 -6.03149606e+00  4.18764666e+00  1.08978015e+01  8.87909942e+00
 2.70666667e+00 -5.89763780e+00  4.32142412e+00  1.08976770e+01  8.87329001e+00
 2.70666667e+00 -5.76377953e+00  4.45520520e+00  1.08975566e+01  8.86739357e+00
 2.70666667e+00 -5.62992126e+00  4.58899022e+00  1.08974398e+01  8.86140209e+00
 2.70666667e+00 -5.49606299e+00  4.72281438e+00  1.08973523e+01  8.85536825e+00
 2.70666667e+00 -5.36220472e+00  4.85602387e+00  1.08960176e+01  8.84890039e+00
 2.70666667e+00 -5.22834646e+00  4.98912714e+00  1.08951442e+01  8.84237123e+00
 2.70666667e+00 -5.09448819e+00  5.12243510e+00  1.08945812e+01  8.83585612e+00
 2.70666667e+00 -4.96062992e+00  5.25582368e+00  1.08940453e+01  8.82928855e+00
 2.70666667e+00 -4.82677165e+00  5.38930042e+00  1.08935340e+01  8.82264651e+00
 2.70666667e+00 -4.69291339e+00  5.52290377e+00  1.08930483e+01  8.81591630e+00
 2.70666667e+00 -4.55905512e+00  5.65654042e+00  1.08925759e+01  8.80913771e+00
 2.70666667e+00 -4.42519685e+00  5.79017297e+00  1.08921186e+01  8.80228920e+00
 2.70666667e+00 -4.29133858e+00  5.92387136e+00  1.08916963e+01  8.79528241e+00
 2.70666667e+00 -4.15748031e+00  6.05764359e+00  1.08912950e+01  8.78817185e+00
 2.70666667e+00 -4.02362205e+00  6.19132464e+00  1.08902357e+01  8.78087818e+00
 2.70666667e+00 -3.88976378e+00  6.32511603e+00  1.08893059e+01  8.77347722e+00
 2.70666667e+00 -3.75590551e+00  6.45899377e+00  1.08884971e+01  8.76600365e+00
 2.70666667e+00 -3.62204724e+00  6.59293118e+00  1.08877263e+01  8.75842162e+00
 2.70666667e+00 -3.48818898e+00  6.72692241e+00  1.08870010e+01  8.75067291e+00
 2.70666667e+00 -3.35433071e+00  6.86105055e+00  1.08863155e+01  8.74281732e+00
 2.70666667e+00 -3.22047244e+00  6.99533703e+00  1.08856622e+01  8.73487338e+00
 2.70666667e+00 -3.08661417e+00  7.12975146e+00  1.08850781e+01  8.72678309e+00
 2.70666667e+00 -2.95275591e+00  7.26438883e+00  1.08843433e+01  8.71848748e+00
 2.70666667e+00 -2.81889764e+00  7.39937793e+00  1.08837194e+01  8.71001463e+00
 2.70666667e+00 -2.68503937e+00  7.53471513e+00  1.08831505e+01  8.70138315e+00
 2.70666667e+00 -2.55118110e+00  7.67058228e+00  1.08826230e+01  8.69258396e+00
 2.70666667e+00 -2.41732283e+00  7.80721387e+00  1.08821256e+01  8.68356045e+00
 2.70666667e+00 -2.28346457e+00  7.94486866e+00  1.08816868e+01  8.67424440e+00
 2.70666667e+00 -2.14960630e+00  8.08385024e+00  1.08812537e+01  8.66464238e+00
 2.70666667e+00 -2.01574803e+00  8.22472904e+00  1.08808816e+01  8.65473331e+00
 2.70666667e+00 -1.88188976e+00  8.36830940e+00  1.08805618e+01  8.64442886e+00
 2.70666667e+00 -1.74803150e+00  8.51554372e+00  1.08802965e+01  8.63359331e+00
 2.70666667e+00 -1.61417323e+00  8.66792276e+00  1.08801433e+01  8.62208649e+00
 2.70666667e+00 -1.48031496e+00  8.82786750e+00  1.08802269e+01  8.60972344e+00
 2.70666667e+00 -1.34645669e+00  8.99904853e+00  1.08808068e+01  8.59621171e+00
 2.70666667e+00 -1.21259843e+00  9.18642817e+00  1.08823138e+01  8.58109414e+00
 2.70666667e+00 -1.07874016e+00  9.39736862e+00  1.08859612e+01  8.56365437e+00
 2.70666667e+00 -9.44881890e-01  9.64217631e+00  1.08947166e+01  8.54273794e+00
 2.70666667e+00 -8.11023622e-01  9.93422358e+00  1.09147012e+01  8.51700598e+00
 2.70666667e+00 -6.77165354e-01  1.02768045e+01  1.09616481e+01  8.48463914e+00
 2.70666667e+00 -5.43307087e-01  1.06644610e+01  1.10617905e+01  8.44434404e+00
 2.70666667e+00 -4.09448819e-01  1.10667588e+01  1.12309170e+01  8.39714951e+00
 2.70666667e+00 -2.75590551e-01  1.14690566e+01  1.14000435e+01  8.34995498e+00
 2.70666667e+00 -1.41732283e-01  1.18713544e+01  1.15691700e+01  8.30276045e+00
 2.70666667e+00 -7.87401575e-03  1.22736522e+01  1.17382965e+01  8.25556592e+00
 2.70666667e+00  1.25984252e-01  1.26759500e+01  1.19074230e+01  8.20837139e+00
 2.70666667e+00  2.59842520e-01  1.30782478e+01  1.20765495e+01  8.16117686e+00
 2.70666667e+00  3.93700787e-01  1.34805456e+01  1.22456760e+01  8.11398233e+00
 2.70666667e+00  5.27559055e-01  1.38828434e+01  1.24148025e+01  8.06678780e+00
 2.70666667e+00  6.61417323e-01  1.42851412e+01  1.25839290e+01  8.01959327e+00
 2.70666667e+00  7.95275591e-01  1.46874390e+01  1.27530555e+01  7.97239874e+00
 2.70666667e+00  9.29133858e-01  1.50897368e+01  1.29221820e+01  7.92520421e+00
 2.70666667e+00  1.06299213e+00  1.54920346e+01  1.30913085e+01  7.87800968e+00
 2.70666667e+00  1.19685039e+00  1.58943324e+01  1.32604350e+01  7.83081515e+00
 2.70666667e+00  1.33070866e+00  1.62966302e+01  1.34295615e+01  7.78362062e+00
 2.70666667e+00  1.46456693e+00  1.66989280e+01  1.35986880e+01  7.73642609e+00
 2.70666667e+00  1.59842520e+00  1.71012258e+01  1.37678145e+01  7.68923156e+00
 2.70666667e+00  1.73228346e+00  1.75035236e+01  1.39369410e+01  7.64203703e+00
 2.70666667e+00  1.86614173e+00  1.79058214e+01  1.41060675e+01  7.59484250e+00
 2.70666667e+00  2.00000000e+00  1.83081192e+01  1.42751940e+01  7.54764797e+00
 2.78507937e+00 -1.50000000e+01 -4.71010785e+00  1.09503503e+01  9.17085574e+00
 2.78507937e+00 -1.48661417e+01 -4.57621648e+00  1.09503270e+01  9.16780046e+00
 2.78507937e+00 -1.47322835e+01 -4.44230084e+00  1.09502976e+01  9.16477359e+00
 2.78507937e+00 -1.45984252e+01 -4.30835239e+00  1.09502650e+01  9.16158412e+00
 2.78507937e+00 -1.44645669e+01 -4.17435992e+00  1.09502301e+01  9.15835854e+00
 2.78507937e+00 -1.43307087e+01 -4.04030808e+00  1.09501931e+01  9.15527294e+00
 2.78507937e+00 -1.41968504e+01 -3.90617569e+00  1.09501561e+01  9.15214599e+00
 2.78507937e+00 -1.40629921e+01 -3.77193525e+00  1.09503647e+01  9.14892382e+00
 2.78507937e+00 -1.39291339e+01 -3.63754898e+00  1.09501821e+01  9.14558066e+00
 2.78507937e+00 -1.37952756e+01 -3.50296336e+00  1.09499063e+01  9.14218544e+00
 2.78507937e+00 -1.36614173e+01 -3.36810661e+00  1.09496353e+01  9.13877287e+00
 2.78507937e+00 -1.35275591e+01 -3.23288118e+00  1.09493669e+01  9.13538024e+00
 2.78507937e+00 -1.33937008e+01 -3.09714275e+00  1.09491006e+01  9.13197999e+00
 2.78507937e+00 -1.32598425e+01 -2.96094575e+00  1.09488382e+01  9.12848632e+00
 2.78507937e+00 -1.31259843e+01 -2.82543418e+00  1.09485834e+01  9.12491217e+00
 2.78507937e+00 -1.29921260e+01 -2.69125629e+00  1.09483364e+01  9.12140562e+00
 2.78507937e+00 -1.28582677e+01 -2.55744174e+00  1.09480950e+01  9.11791205e+00
 2.78507937e+00 -1.27244094e+01 -2.42361871e+00  1.09478583e+01  9.11437852e+00
 2.78507937e+00 -1.25905512e+01 -2.28979905e+00  1.09476265e+01  9.11084577e+00
 2.78507937e+00 -1.24566929e+01 -2.15597773e+00  1.09473993e+01  9.10726223e+00
 2.78507937e+00 -1.23228346e+01 -2.02215693e+00  1.09471766e+01  9.10359427e+00
 2.78507937e+00 -1.21889764e+01 -1.88833581e+00  1.09469575e+01  9.09989978e+00
 2.78507937e+00 -1.20551181e+01 -1.75451520e+00  1.09467414e+01  9.09622289e+00
 2.78507937e+00 -1.19212598e+01 -1.62069567e+00  1.09465280e+01  9.09252592e+00
 2.78507937e+00 -1.17874016e+01 -1.48687688e+00  1.09463183e+01  9.08869976e+00
 2.78507937e+00 -1.16535433e+01 -1.35305913e+00  1.09461112e+01  9.08488055e+00
 2.78507937e+00 -1.15196850e+01 -1.21924145e+00  1.09459076e+01  9.08112252e+00
 2.78507937e+00 -1.13858268e+01 -1.08542558e+00  1.09457049e+01  9.07725163e+00
 2.78507937e+00 -1.12519685e+01 -9.51610395e-01  1.09455042e+01  9.07335631e+00
 2.78507937e+00 -1.11181102e+01 -8.17795909e-01  1.09453050e+01  9.06949548e+00
 2.78507937e+00 -1.09842520e+01 -6.83983083e-01  1.09451072e+01  9.06555422e+00
 2.78507937e+00 -1.08503937e+01 -5.50171557e-01  1.09449105e+01  9.06155029e+00
 2.78507937e+00 -1.07165354e+01 -4.16361014e-01  1.09447149e+01  9.05751122e+00
 2.78507937e+00 -1.05826772e+01 -2.82551816e-01  1.09445206e+01  9.05341377e+00
 2.78507937e+00 -1.04488189e+01 -1.48743712e-01  1.09443272e+01  9.04930178e+00
 2.78507937e+00 -1.03149606e+01 -1.49365089e-02  1.09441348e+01  9.04517297e+00
 2.78507937e+00 -1.01811024e+01  1.18869628e-01  1.09439435e+01  9.04095355e+00
 2.78507937e+00 -1.00472441e+01  2.52674832e-01  1.09437531e+01  9.03671056e+00
 2.78507937e+00 -9.91338583e+00  3.86479241e-01  1.09435637e+01  9.03246688e+00
 2.78507937e+00 -9.77952756e+00  5.20282859e-01  1.09433756e+01  9.02814377e+00
 2.78507937e+00 -9.64566929e+00  6.54085742e-01  1.09431892e+01  9.02379097e+00
 2.78507937e+00 -9.51181102e+00  7.87887946e-01  1.09430043e+01  9.01941426e+00
 2.78507937e+00 -9.37795276e+00  9.21689476e-01  1.09428208e+01  9.01493790e+00
 2.78507937e+00 -9.24409449e+00  1.05548994e+00  1.09426387e+01  9.01046036e+00
 2.78507937e+00 -9.11023622e+00  1.18928687e+00  1.09424522e+01  9.00598240e+00
 2.78507937e+00 -8.97637795e+00  1.32308361e+00  1.09422751e+01  9.00136680e+00
 2.78507937e+00 -8.84251969e+00  1.45687928e+00  1.09420984e+01  8.99671435e+00
 2.78507937e+00 -8.70866142e+00  1.59067415e+00  1.09419236e+01  8.99207540e+00
 2.78507937e+00 -8.57480315e+00  1.72446846e+00  1.09417511e+01  8.98736135e+00
 2.78507937e+00 -8.44094488e+00  1.85826203e+00  1.09415809e+01  8.98260266e+00
 2.78507937e+00 -8.30708661e+00  1.99205481e+00  1.09414133e+01  8.97780575e+00
 2.78507937e+00 -8.17322835e+00  2.12584690e+00  1.09412483e+01  8.97291288e+00
 2.78507937e+00 -8.03937008e+00  2.25963811e+00  1.09410858e+01  8.96792123e+00
 2.78507937e+00 -7.90551181e+00  2.39342836e+00  1.09409257e+01  8.96289688e+00
 2.78507937e+00 -7.77165354e+00  2.52721780e+00  1.09407683e+01  8.95791346e+00
 2.78507937e+00 -7.63779528e+00  2.66100631e+00  1.09406137e+01  8.95281382e+00
 2.78507937e+00 -7.50393701e+00  2.79479390e+00  1.09404617e+01  8.94757783e+00
 2.78507937e+00 -7.37007874e+00  2.92858081e+00  1.09403125e+01  8.94235987e+00
 2.78507937e+00 -7.23622047e+00  3.06236690e+00  1.09401665e+01  8.93707351e+00
 2.78507937e+00 -7.10236220e+00  3.19616120e+00  1.09400413e+01  8.93171863e+00
 2.78507937e+00 -6.96850394e+00  3.32994853e+00  1.09398991e+01  8.92638001e+00
 2.78507937e+00 -6.83464567e+00  3.46373773e+00  1.09397661e+01  8.92088121e+00
 2.78507937e+00 -6.70078740e+00  3.59752671e+00  1.09396366e+01  8.91522310e+00
 2.78507937e+00 -6.56692913e+00  3.73131573e+00  1.09395101e+01  8.90962491e+00
 2.78507937e+00 -6.43307087e+00  3.86510498e+00  1.09393868e+01  8.90404901e+00
 2.78507937e+00 -6.29921260e+00  3.99889473e+00  1.09392667e+01  8.89845081e+00
 2.78507937e+00 -6.16535433e+00  4.13268535e+00  1.09391500e+01  8.89284075e+00
 2.78507937e+00 -6.03149606e+00  4.26647717e+00  1.09390366e+01  8.88719577e+00
 2.78507937e+00 -5.89763780e+00  4.40027051e+00  1.09389266e+01  8.88150517e+00
 2.78507937e+00 -5.76377953e+00  4.53406565e+00  1.09388199e+01  8.87575973e+00
 2.78507937e+00 -5.62992126e+00  4.66786363e+00  1.09387208e+01  8.86989656e+00
 2.78507937e+00 -5.49606299e+00  4.80172083e+00  1.09386800e+01  8.86394148e+00
 2.78507937e+00 -5.36220472e+00  4.93520515e+00  1.09381547e+01  8.85777415e+00
 2.78507937e+00 -5.22834646e+00  5.06885253e+00  1.09379504e+01  8.85162056e+00
 2.78507937e+00 -5.09448819e+00  5.20252588e+00  1.09377660e+01  8.84538010e+00
 2.78507937e+00 -4.96062992e+00  5.33621812e+00  1.09375890e+01  8.83906589e+00
 2.78507937e+00 -4.82677165e+00  5.46993826e+00  1.09374188e+01  8.83265923e+00
 2.78507937e+00 -4.69291339e+00  5.60369920e+00  1.09372570e+01  8.82616198e+00
 2.78507937e+00 -4.55905512e+00  5.73749849e+00  1.09371054e+01  8.81958618e+00
 2.78507937e+00 -4.42519685e+00  5.87127662e+00  1.09369590e+01  8.81288342e+00
 2.78507937e+00 -4.29133858e+00  6.00506135e+00  1.09368191e+01  8.80607794e+00
 2.78507937e+00 -4.15748031e+00  6.13876850e+00  1.09363080e+01  8.79913795e+00
 2.78507937e+00 -4.02362205e+00  6.27236842e+00  1.09352948e+01  8.79192062e+00
 2.78507937e+00 -3.88976378e+00  6.40615010e+00  1.09346149e+01  8.78463393e+00
 2.78507937e+00 -3.75590551e+00  6.53997417e+00  1.09339612e+01  8.77727257e+00
 2.78507937e+00 -3.62204724e+00  6.67384352e+00  1.09333368e+01  8.76982005e+00
 2.78507937e+00 -3.48818898e+00  6.80780871e+00  1.09327418e+01  8.76224509e+00
 2.78507937e+00 -3.35433071e+00  6.94192921e+00  1.09321788e+01  8.75452969e+00
 2.78507937e+00 -3.22047244e+00  7.07617172e+00  1.09316507e+01  8.74669915e+00
 2.78507937e+00 -3.08661417e+00  7.21038605e+00  1.09306464e+01  8.73867990e+00
 2.78507937e+00 -2.95275591e+00  7.34492970e+00  1.09297334e+01  8.73052808e+00
 2.78507937e+00 -2.81889764e+00  7.47978409e+00  1.09289039e+01  8.72220394e+00
 2.78507937e+00 -2.68503937e+00  7.61503229e+00  1.09281247e+01  8.71370760e+00
 2.78507937e+00 -2.55118110e+00  7.75085269e+00  1.09273984e+01  8.70507125e+00
 2.78507937e+00 -2.41732283e+00  7.88746297e+00  1.09267741e+01  8.69625085e+00
 2.78507937e+00 -2.28346457e+00  8.02494557e+00  1.09260486e+01  8.68716383e+00
 2.78507937e+00 -2.14960630e+00  8.16377043e+00  1.09254727e+01  8.67779920e+00
 2.78507937e+00 -2.01574803e+00  8.30451461e+00  1.09249436e+01  8.66814467e+00
 2.78507937e+00 -1.88188976e+00  8.44786157e+00  1.09245246e+01  8.65812520e+00
 2.78507937e+00 -1.74803150e+00  8.59477634e+00  1.09242671e+01  8.64763643e+00
 2.78507937e+00 -1.61417323e+00  8.74675781e+00  1.09241947e+01  8.63657656e+00
 2.78507937e+00 -1.48031496e+00  8.90599813e+00  1.09244314e+01  8.62472919e+00
 2.78507937e+00 -1.34645669e+00  9.07580278e+00  1.09252577e+01  8.61183042e+00
 2.78507937e+00 -1.21259843e+00  9.26078698e+00  1.09271876e+01  8.59752660e+00
 2.78507937e+00 -1.07874016e+00  9.46743411e+00  1.09315049e+01  8.58117581e+00
 2.78507937e+00 -9.44881890e-01  9.70532637e+00  1.09409059e+01  8.56183617e+00
 2.78507937e+00 -8.11023622e-01  9.98622094e+00  1.09608196e+01  8.53826670e+00
 2.78507937e+00 -6.77165354e-01  1.03142585e+01  1.10059402e+01  8.50904033e+00
 2.78507937e+00 -5.43307087e-01  1.06846962e+01  1.11005769e+01  8.47289879e+00
 2.78507937e+00 -4.09448819e-01  1.10715416e+01  1.12581968e+01  8.43051002e+00
 2.78507937e+00 -2.75590551e-01  1.14583870e+01  1.14158167e+01  8.38812125e+00
 2.78507937e+00 -1.41732283e-01  1.18452324e+01  1.15734366e+01  8.34573248e+00
 2.78507937e+00 -7.87401575e-03  1.22320778e+01  1.17310565e+01  8.30334371e+00
 2.78507937e+00  1.25984252e-01  1.26189232e+01  1.18886764e+01  8.26095494e+00
 2.78507937e+00  2.59842520e-01  1.30057686e+01  1.20462963e+01  8.21856617e+00
 2.78507937e+00  3.93700787e-01  1.33926140e+01  1.22039162e+01  8.17617740e+00
 2.78507937e+00  5.27559055e-01  1.37794594e+01  1.23615361e+01  8.13378863e+00
 2.78507937e+00  6.61417323e-01  1.41663048e+01  1.25191560e+01  8.09139986e+00
 2.78507937e+00  7.95275591e-01  1.45531502e+01  1.26767759e+01  8.04901109e+00
 2.78507937e+00  9.29133858e-01  1.49399956e+01  1.28343958e+01  8.00662232e+00
 2.78507937e+00  1.06299213e+00  1.53268410e+01  1.29920157e+01  7.96423355e+00
 2.78507937e+00  1.19685039e+00  1.57136864e+01  1.31496356e+01  7.92184478e+00
 2.78507937e+00  1.33070866e+00  1.61005318e+01  1.33072555e+01  7.87945601e+00
 2.78507937e+00  1.46456693e+00  1.64873772e+01  1.34648754e+01  7.83706724e+00
 2.78507937e+00  1.59842520e+00  1.68742226e+01  1.36224953e+01  7.79467847e+00
 2.78507937e+00  1.73228346e+00  1.72610680e+01  1.37801152e+01  7.75228970e+00
 2.78507937e+00  1.86614173e+00  1.76479134e+01  1.39377351e+01  7.70990093e+00
 2.78507937e+00  2.00000000e+00  1.80347588e+01  1.40953550e+01  7.66751216e+00
 2.86349206e+00 -1.50000000e+01 -4.63229277e+00  1.09953071e+01  9.17439054e+00
 2.86349206e+00 -1.48661417e+01 -4.49826729e+00  1.09954146e+01  9.17148958e+00
 2.86349206e+00 -1.47322835e+01 -4.36422655e+00  1.09955397e+01  9.16855554e+00
 2.86349206e+00 -1.45984252e+01 -4.23016320e+00  1.09956741e+01  9.16551735e+00
 2.86349206e+00 -1.44645669e+01 -4.09606635e+00  1.09958179e+01  9.16249790e+00
 2.86349206e+00 -1.43307087e+01 -3.96192271e+00  1.09959655e+01  9.15951165e+00
 2.86349206e+00 -1.41968504e+01 -3.82771162e+00  1.09961123e+01  9.15648184e+00
 2.86349206e+00 -1.40629921e+01 -3.69340094e+00  1.09964907e+01  9.15323073e+00
 2.86349206e+00 -1.39291339e+01 -3.55895383e+00  1.09963548e+01  9.14994281e+00
 2.86349206e+00 -1.37952756e+01 -3.42431993e+00  1.09962067e+01  9.14672165e+00
 2.86349206e+00 -1.36614173e+01 -3.28942591e+00  1.09960522e+01  9.14339154e+00
 2.86349206e+00 -1.35275591e+01 -3.15417123e+00  1.09958932e+01  9.13999291e+00
 2.86349206e+00 -1.33937008e+01 -3.01842190e+00  1.09957267e+01  9.13659046e+00
 2.86349206e+00 -1.32598425e+01 -2.88210955e+00  1.09955442e+01  9.13313555e+00
 2.86349206e+00 -1.31259843e+01 -2.74630607e+00  1.09953478e+01  9.12964683e+00
 2.86349206e+00 -1.29921260e+01 -2.61192903e+00  1.09951416e+01  9.12616181e+00
 2.86349206e+00 -1.28582677e+01 -2.47813429e+00  1.09949246e+01  9.12267258e+00
 2.86349206e+00 -1.27244094e+01 -2.34434211e+00  1.09946963e+01  9.11915630e+00
 2.86349206e+00 -1.25905512e+01 -2.21055403e+00  1.09944566e+01  9.11560408e+00
 2.86349206e+00 -1.24566929e+01 -2.07676699e+00  1.09942063e+01  9.11201674e+00
 2.86349206e+00 -1.23228346e+01 -1.94298171e+00  1.09939476e+01  9.10840740e+00
 2.86349206e+00 -1.21889764e+01 -1.80919810e+00  1.09936839e+01  9.10476895e+00
 2.86349206e+00 -1.20551181e+01 -1.67541254e+00  1.09934175e+01  9.10107174e+00
 2.86349206e+00 -1.19212598e+01 -1.54162562e+00  1.09931455e+01  9.09731933e+00
 2.86349206e+00 -1.17874016e+01 -1.40783799e+00  1.09928678e+01  9.09356593e+00
 2.86349206e+00 -1.16535433e+01 -1.27404885e+00  1.09925890e+01  9.08987099e+00
 2.86349206e+00 -1.15196850e+01 -1.14025711e+00  1.09923105e+01  9.08609989e+00
 2.86349206e+00 -1.13858268e+01 -1.00646367e+00  1.09920327e+01  9.08221580e+00
 2.86349206e+00 -1.12519685e+01 -8.72670599e-01  1.09917563e+01  9.07833739e+00
 2.86349206e+00 -1.11181102e+01 -7.38874914e-01  1.09914826e+01  9.07447164e+00
 2.86349206e+00 -1.09842520e+01 -6.05075729e-01  1.09912125e+01  9.07057278e+00
 2.86349206e+00 -1.08503937e+01 -4.71275437e-01  1.09909465e+01  9.06659695e+00
 2.86349206e+00 -1.07165354e+01 -3.37473202e-01  1.09906845e+01  9.06259443e+00
 2.86349206e+00 -1.05826772e+01 -2.03668976e-01  1.09904271e+01  9.05857661e+00
 2.86349206e+00 -1.04488189e+01 -6.98641933e-02  1.09901747e+01  9.05450219e+00
 2.86349206e+00 -1.03149606e+01  6.39414224e-02  1.09899271e+01  9.05040878e+00
 2.86349206e+00 -1.01811024e+01  1.97747785e-01  1.09896847e+01  9.04630345e+00
 2.86349206e+00 -1.00472441e+01  3.31554043e-01  1.09894479e+01  9.04214154e+00
 2.86349206e+00 -9.91338583e+00  4.65359944e-01  1.09892161e+01  9.03789843e+00
 2.86349206e+00 -9.77952756e+00  5.99165240e-01  1.09889878e+01  9.03361080e+00
 2.86349206e+00 -9.64566929e+00  7.32969544e-01  1.09887625e+01  9.02934125e+00
 2.86349206e+00 -9.51181102e+00  8.66772566e-01  1.09885415e+01  9.02502901e+00
 2.86349206e+00 -9.37795276e+00  1.00057434e+00  1.09883246e+01  9.02064466e+00
 2.86349206e+00 -9.24409449e+00  1.13437479e+00  1.09881100e+01  9.01621457e+00
 2.86349206e+00 -9.11023622e+00  1.26817404e+00  1.09878990e+01  9.01173673e+00
 2.86349206e+00 -8.97637795e+00  1.40197119e+00  1.09876904e+01  9.00722791e+00
 2.86349206e+00 -8.84251969e+00  1.53576701e+00  1.09874840e+01  9.00270756e+00
 2.86349206e+00 -8.70866142e+00  1.66956093e+00  1.09872799e+01  8.99810368e+00
 2.86349206e+00 -8.57480315e+00  1.80335293e+00  1.09870778e+01  8.99341822e+00
 2.86349206e+00 -8.44094488e+00  1.93714354e+00  1.09868778e+01  8.98871770e+00
 2.86349206e+00 -8.30708661e+00  2.07093223e+00  1.09866792e+01  8.98397081e+00
 2.86349206e+00 -8.17322835e+00  2.20471916e+00  1.09864823e+01  8.97914748e+00
 2.86349206e+00 -8.03937008e+00  2.33850505e+00  1.09862885e+01  8.97425555e+00
 2.86349206e+00 -7.90551181e+00  2.47228944e+00  1.09860970e+01  8.96935132e+00
 2.86349206e+00 -7.77165354e+00  2.60607248e+00  1.09859078e+01  8.96439609e+00
 2.86349206e+00 -7.63779528e+00  2.73985471e+00  1.09857212e+01  8.95931386e+00
 2.86349206e+00 -7.50393701e+00  2.87363572e+00  1.09855374e+01  8.95422223e+00
 2.86349206e+00 -7.37007874e+00  3.00741548e+00  1.09853566e+01  8.94911936e+00
 2.86349206e+00 -7.23622047e+00  3.14119461e+00  1.09851792e+01  8.94390758e+00
 2.86349206e+00 -7.10236220e+00  3.27497187e+00  1.09850037e+01  8.93864123e+00
 2.86349206e+00 -6.96850394e+00  3.40874892e+00  1.09848323e+01  8.93332061e+00
 2.86349206e+00 -6.83464567e+00  3.54252607e+00  1.09846642e+01  8.92789632e+00
 2.86349206e+00 -6.70078740e+00  3.67630292e+00  1.09845001e+01  8.92241092e+00
 2.86349206e+00 -6.56692913e+00  3.81007965e+00  1.09843400e+01  8.91693513e+00
 2.86349206e+00 -6.43307087e+00  3.94385689e+00  1.09841836e+01  8.91151490e+00
 2.86349206e+00 -6.29921260e+00  4.07763475e+00  1.09840310e+01  8.90609626e+00
 2.86349206e+00 -6.16535433e+00  4.21141340e+00  1.09838826e+01  8.90061728e+00
 2.86349206e+00 -6.03149606e+00  4.34519319e+00  1.09837385e+01  8.89505208e+00
 2.86349206e+00 -5.89763780e+00  4.47897465e+00  1.09835987e+01  8.88945043e+00
 2.86349206e+00 -5.76377953e+00  4.61275807e+00  1.09834632e+01  8.88379336e+00
 2.86349206e+00 -5.62992126e+00  4.74654377e+00  1.09833321e+01  8.87802342e+00
 2.86349206e+00 -5.49606299e+00  4.88033625e+00  1.09832109e+01  8.87216921e+00
 2.86349206e+00 -5.36220472e+00  5.01412854e+00  1.09830873e+01  8.86625407e+00
 2.86349206e+00 -5.22834646e+00  5.14792466e+00  1.09829703e+01  8.86027877e+00
 2.86349206e+00 -5.09448819e+00  5.28172952e+00  1.09828572e+01  8.85419500e+00
 2.86349206e+00 -4.96062992e+00  5.41552891e+00  1.09827481e+01  8.84801561e+00
 2.86349206e+00 -4.82677165e+00  5.54932343e+00  1.09826430e+01  8.84177825e+00
 2.86349206e+00 -4.69291339e+00  5.68319047e+00  1.09825409e+01  8.83544750e+00
 2.86349206e+00 -4.55905512e+00  5.81707534e+00  1.09824421e+01  8.82901783e+00
 2.86349206e+00 -4.42519685e+00  5.95089566e+00  1.09823481e+01  8.82249851e+00
 2.86349206e+00 -4.29133858e+00  6.08479148e+00  1.09822722e+01  8.81586282e+00
 2.86349206e+00 -4.15748031e+00  6.21851969e+00  1.09818540e+01  8.80902803e+00
 2.86349206e+00 -4.02362205e+00  6.35231105e+00  1.09816042e+01  8.80216897e+00
 2.86349206e+00 -3.88976378e+00  6.48619091e+00  1.09813611e+01  8.79517723e+00
 2.86349206e+00 -3.75590551e+00  6.62014404e+00  1.09811300e+01  8.78805708e+00
 2.86349206e+00 -3.62204724e+00  6.75410537e+00  1.09809056e+01  8.78084497e+00
 2.86349206e+00 -3.48818898e+00  6.88819599e+00  1.09806911e+01  8.77349256e+00
 2.86349206e+00 -3.35433071e+00  7.02240473e+00  1.09804828e+01  8.76601286e+00
 2.86349206e+00 -3.22047244e+00  7.15651032e+00  1.09799707e+01  8.75836680e+00
 2.86349206e+00 -3.08661417e+00  7.29051293e+00  1.09788046e+01  8.75041058e+00
 2.86349206e+00 -2.95275591e+00  7.42498813e+00  1.09780082e+01  8.74237183e+00
 2.86349206e+00 -2.81889764e+00  7.55976741e+00  1.09772494e+01  8.73419486e+00
 2.86349206e+00 -2.68503937e+00  7.69497816e+00  1.09765372e+01  8.72588143e+00
 2.86349206e+00 -2.55118110e+00  7.83077284e+00  1.09758713e+01  8.71743490e+00
 2.86349206e+00 -2.41732283e+00  7.96683547e+00  1.09745575e+01  8.70872606e+00
 2.86349206e+00 -2.28346457e+00  8.10388044e+00  1.09737342e+01  8.69983230e+00
 2.86349206e+00 -2.14960630e+00  8.24231106e+00  1.09729536e+01  8.69067404e+00
 2.86349206e+00 -2.01574803e+00  8.38265560e+00  1.09722861e+01  8.68124836e+00
 2.86349206e+00 -1.88188976e+00  8.52549601e+00  1.09717739e+01  8.67150664e+00
 2.86349206e+00 -1.74803150e+00  8.67187175e+00  1.09714653e+01  8.66136141e+00
 2.86349206e+00 -1.61417323e+00  8.82318607e+00  1.09714216e+01  8.65068771e+00
 2.86349206e+00 -1.48031496e+00  8.98142203e+00  1.09718027e+01  8.63931806e+00
 2.86349206e+00 -1.34645669e+00  9.14968339e+00  1.09728930e+01  8.62701754e+00
 2.86349206e+00 -1.21259843e+00  9.33217772e+00  1.09752240e+01  8.61349350e+00
 2.86349206e+00 -1.07874016e+00  9.53494460e+00  1.09801386e+01  8.59809298e+00
 2.86349206e+00 -9.44881890e-01  9.76648362e+00  1.09901336e+01  8.58013942e+00
 2.86349206e+00 -8.11023622e-01  1.00375717e+01  1.10099849e+01  8.55853396e+00
 2.86349206e+00 -6.77165354e-01  1.03531988e+01  1.10532430e+01  8.53206205e+00
 2.86349206e+00 -5.43307087e-01  1.07124638e+01  1.11418218e+01  8.49958751e+00
 2.86349206e+00 -4.09448819e-01  1.10970423e+01  1.12888730e+01  8.46136709e+00
 2.86349206e+00 -2.75590551e-01  1.14816208e+01  1.14359242e+01  8.42314667e+00
 2.86349206e+00 -1.41732283e-01  1.18661993e+01  1.15829754e+01  8.38492625e+00
 2.86349206e+00 -7.87401575e-03  1.22507778e+01  1.17300266e+01  8.34670583e+00
 2.86349206e+00  1.25984252e-01  1.26353563e+01  1.18770778e+01  8.30848541e+00
 2.86349206e+00  2.59842520e-01  1.30199348e+01  1.20241290e+01  8.27026499e+00
 2.86349206e+00  3.93700787e-01  1.34045133e+01  1.21711802e+01  8.23204457e+00
 2.86349206e+00  5.27559055e-01  1.37890918e+01  1.23182314e+01  8.19382415e+00
 2.86349206e+00  6.61417323e-01  1.41736703e+01  1.24652826e+01  8.15560373e+00
 2.86349206e+00  7.95275591e-01  1.45582488e+01  1.26123338e+01  8.11738331e+00
 2.86349206e+00  9.29133858e-01  1.49428273e+01  1.27593850e+01  8.07916289e+00
 2.86349206e+00  1.06299213e+00  1.53274058e+01  1.29064362e+01  8.04094247e+00
 2.86349206e+00  1.19685039e+00  1.57119843e+01  1.30534874e+01  8.00272205e+00
 2.86349206e+00  1.33070866e+00  1.60965628e+01  1.32005386e+01  7.96450163e+00
 2.86349206e+00  1.46456693e+00  1.64811413e+01  1.33475898e+01  7.92628121e+00
 2.86349206e+00  1.59842520e+00  1.68657198e+01  1.34946410e+01  7.88806079e+00
 2.86349206e+00  1.73228346e+00  1.72502983e+01  1.36416922e+01  7.84984037e+00
 2.86349206e+00  1.86614173e+00  1.76348768e+01  1.37887434e+01  7.81161995e+00
 2.86349206e+00  2.00000000e+00  1.80194553e+01  1.39357946e+01  7.77339953e+00
 2.94190476e+00 -1.50000000e+01 -4.55198101e+00  1.10548988e+01  9.18036821e+00
 2.94190476e+00 -1.48661417e+01 -4.41842824e+00  1.10544120e+01  9.17705686e+00
 2.94190476e+00 -1.47322835e+01 -4.28482416e+00  1.10538858e+01  9.17376928e+00
 2.94190476e+00 -1.45984252e+01 -4.15115967e+00  1.10533241e+01  9.17050275e+00
 2.94190476e+00 -1.44645669e+01 -4.01741977e+00  1.10527351e+01  9.16724706e+00
 2.94190476e+00 -1.43307087e+01 -3.88358310e+00  1.10521531e+01  9.16400337e+00
 2.94190476e+00 -1.41968504e+01 -3.74964091e+00  1.10519760e+01  9.16070917e+00
 2.94190476e+00 -1.40629921e+01 -3.61556982e+00  1.10510497e+01  9.15731947e+00
 2.94190476e+00 -1.39291339e+01 -3.48131918e+00  1.10501641e+01  9.15394496e+00
 2.94190476e+00 -1.37952756e+01 -3.34683781e+00  1.10493203e+01  9.15054246e+00
 2.94190476e+00 -1.36614173e+01 -3.21205935e+00  1.10485008e+01  9.14710251e+00
 2.94190476e+00 -1.35275591e+01 -3.07689025e+00  1.10477017e+01  9.14368158e+00
 2.94190476e+00 -1.33937008e+01 -2.94118071e+00  1.10469586e+01  9.14025643e+00
 2.94190476e+00 -1.32598425e+01 -2.80480120e+00  1.10462888e+01  9.13680955e+00
 2.94190476e+00 -1.31259843e+01 -2.66864674e+00  1.10456795e+01  9.13337541e+00
 2.94190476e+00 -1.29921260e+01 -2.53395222e+00  1.10451318e+01  9.12994140e+00
 2.94190476e+00 -1.28582677e+01 -2.40007795e+00  1.10446422e+01  9.12650808e+00
 2.94190476e+00 -1.27244094e+01 -2.26617859e+00  1.10442056e+01  9.12311439e+00
 2.94190476e+00 -1.25905512e+01 -2.13228705e+00  1.10438206e+01  9.11969685e+00
 2.94190476e+00 -1.24566929e+01 -1.99839130e+00  1.10434816e+01  9.11623036e+00
 2.94190476e+00 -1.23228346e+01 -1.86448882e+00  1.10431767e+01  9.11274737e+00
 2.94190476e+00 -1.21889764e+01 -1.73059070e+00  1.10428893e+01  9.10922991e+00
 2.94190476e+00 -1.20551181e+01 -1.59670208e+00  1.10426237e+01  9.10566676e+00
 2.94190476e+00 -1.19212598e+01 -1.46281806e+00  1.10423983e+01  9.10207011e+00
 2.94190476e+00 -1.17874016e+01 -1.32894035e+00  1.10421937e+01  9.09846696e+00
 2.94190476e+00 -1.16535433e+01 -1.19507294e+00  1.10419966e+01  9.09484278e+00
 2.94190476e+00 -1.15196850e+01 -1.06121702e+00  1.10418068e+01  9.09115113e+00
 2.94190476e+00 -1.13858268e+01 -9.27363709e-01  1.10416221e+01  9.08738054e+00
 2.94190476e+00 -1.12519685e+01 -7.93516390e-01  1.10414381e+01  9.08357011e+00
 2.94190476e+00 -1.11181102e+01 -6.59686079e-01  1.10412505e+01  9.07976800e+00
 2.94190476e+00 -1.09842520e+01 -5.25865205e-01  1.10410569e+01  9.07592591e+00
 2.94190476e+00 -1.08503937e+01 -3.92051878e-01  1.10408566e+01  9.07203899e+00
 2.94190476e+00 -1.07165354e+01 -2.58250013e-01  1.10406494e+01  9.06813302e+00
 2.94190476e+00 -1.05826772e+01 -1.24454786e-01  1.10404327e+01  9.06415280e+00
 2.94190476e+00 -1.04488189e+01  9.33529818e-03  1.10402065e+01  9.06010534e+00
 2.94190476e+00 -1.03149606e+01  1.43118668e-01  1.10399714e+01  9.05604137e+00
 2.94190476e+00 -1.01811024e+01  2.76898004e-01  1.10397244e+01  9.05193662e+00
 2.94190476e+00 -1.00472441e+01  4.10675035e-01  1.10394668e+01  9.04777785e+00
 2.94190476e+00 -9.91338583e+00  5.44450207e-01  1.10392035e+01  9.04358038e+00
 2.94190476e+00 -9.77952756e+00  6.78224731e-01  1.10389391e+01  9.03937721e+00
 2.94190476e+00 -9.64566929e+00  8.11999687e-01  1.10386715e+01  9.03515512e+00
 2.94190476e+00 -9.51181102e+00  9.45775431e-01  1.10383969e+01  9.03086801e+00
 2.94190476e+00 -9.37795276e+00  1.07955098e+00  1.10381216e+01  9.02649572e+00
 2.94190476e+00 -9.24409449e+00  1.21332821e+00  1.10378484e+01  9.02209370e+00
 2.94190476e+00 -9.11023622e+00  1.34710786e+00  1.10375744e+01  9.01771743e+00
 2.94190476e+00 -8.97637795e+00  1.48088812e+00  1.10373029e+01  9.01327082e+00
 2.94190476e+00 -8.84251969e+00  1.61466912e+00  1.10370349e+01  9.00873372e+00
 2.94190476e+00 -8.70866142e+00  1.74845253e+00  1.10367707e+01  9.00415609e+00
 2.94190476e+00 -8.57480315e+00  1.88223603e+00  1.10365108e+01  8.99955632e+00
 2.94190476e+00 -8.44094488e+00  2.01601994e+00  1.10362576e+01  8.99492937e+00
 2.94190476e+00 -8.30708661e+00  2.14980550e+00  1.10360125e+01  8.99025865e+00
 2.94190476e+00 -8.17322835e+00  2.28358971e+00  1.10357700e+01  8.98553093e+00
 2.94190476e+00 -8.03937008e+00  2.41737248e+00  1.10355305e+01  8.98072640e+00
 2.94190476e+00 -7.90551181e+00  2.55115508e+00  1.10352974e+01  8.97584157e+00
 2.94190476e+00 -7.77165354e+00  2.68493519e+00  1.10350689e+01  8.97092685e+00
 2.94190476e+00 -7.63779528e+00  2.81871313e+00  1.10348443e+01  8.96597937e+00
 2.94190476e+00 -7.50393701e+00  2.95249047e+00  1.10346242e+01  8.96097385e+00
 2.94190476e+00 -7.37007874e+00  3.08626631e+00  1.10344083e+01  8.95593670e+00
 2.94190476e+00 -7.23622047e+00  3.22003925e+00  1.10341944e+01  8.95083406e+00
 2.94190476e+00 -7.10236220e+00  3.35381243e+00  1.10339861e+01  8.94563229e+00
 2.94190476e+00 -6.96850394e+00  3.48758239e+00  1.10337822e+01  8.94040028e+00
 2.94190476e+00 -6.83464567e+00  3.62135044e+00  1.10335822e+01  8.93509603e+00
 2.94190476e+00 -6.70078740e+00  3.75511857e+00  1.10333846e+01  8.92968392e+00
 2.94190476e+00 -6.56692913e+00  3.88888566e+00  1.10331918e+01  8.92434165e+00
 2.94190476e+00 -6.43307087e+00  4.02265202e+00  1.10330040e+01  8.91905735e+00
 2.94190476e+00 -6.29921260e+00  4.15641889e+00  1.10328204e+01  8.91372127e+00
 2.94190476e+00 -6.16535433e+00  4.29018679e+00  1.10326410e+01  8.90833447e+00
 2.94190476e+00 -6.03149606e+00  4.42395579e+00  1.10324660e+01  8.90289349e+00
 2.94190476e+00 -5.89763780e+00  4.55772598e+00  1.10322956e+01  8.89738339e+00
 2.94190476e+00 -5.76377953e+00  4.69149825e+00  1.10321301e+01  8.89178536e+00
 2.94190476e+00 -5.62992126e+00  4.82527330e+00  1.10319727e+01  8.88610803e+00
 2.94190476e+00 -5.49606299e+00  4.95905790e+00  1.10318228e+01  8.88037476e+00
 2.94190476e+00 -5.36220472e+00  5.09284235e+00  1.10316732e+01  8.87458715e+00
 2.94190476e+00 -5.22834646e+00  5.22663049e+00  1.10315288e+01  8.86869946e+00
 2.94190476e+00 -5.09448819e+00  5.36042228e+00  1.10313903e+01  8.86268903e+00
 2.94190476e+00 -4.96062992e+00  5.49421680e+00  1.10312567e+01  8.85664444e+00
 2.94190476e+00 -4.82677165e+00  5.62802274e+00  1.10311281e+01  8.85055154e+00
 2.94190476e+00 -4.69291339e+00  5.76185099e+00  1.10310046e+01  8.84435262e+00
 2.94190476e+00 -4.55905512e+00  5.89570283e+00  1.10308854e+01  8.83804566e+00
 2.94190476e+00 -4.42519685e+00  6.02955881e+00  1.10307696e+01  8.83163039e+00
 2.94190476e+00 -4.29133858e+00  6.16339889e+00  1.10306493e+01  8.82511762e+00
 2.94190476e+00 -4.15748031e+00  6.29725192e+00  1.10305316e+01  8.81854667e+00
 2.94190476e+00 -4.02362205e+00  6.43114237e+00  1.10304222e+01  8.81188631e+00
 2.94190476e+00 -3.88976378e+00  6.56508487e+00  1.10303184e+01  8.80508578e+00
 2.94190476e+00 -3.75590551e+00  6.69906528e+00  1.10302103e+01  8.79815344e+00
 2.94190476e+00 -3.62204724e+00  6.83311163e+00  1.10301188e+01  8.79113570e+00
 2.94190476e+00 -3.48818898e+00  6.96724104e+00  1.10300552e+01  8.78403675e+00
 2.94190476e+00 -3.35433071e+00  7.10143419e+00  1.10299837e+01  8.77676436e+00
 2.94190476e+00 -3.22047244e+00  7.23546058e+00  1.10294425e+01  8.76922210e+00
 2.94190476e+00 -3.08661417e+00  7.36986121e+00  1.10290739e+01  8.76161949e+00
 2.94190476e+00 -2.95275591e+00  7.50448135e+00  1.10287641e+01  8.75386937e+00
 2.94190476e+00 -2.81889764e+00  7.63940849e+00  1.10285027e+01  8.74598317e+00
 2.94190476e+00 -2.68503937e+00  7.77478484e+00  1.10282575e+01  8.73796836e+00
 2.94190476e+00 -2.55118110e+00  7.91035987e+00  1.10274083e+01  8.72963186e+00
 2.94190476e+00 -2.41732283e+00  8.04532225e+00  1.10256696e+01  8.72091198e+00
 2.94190476e+00 -2.28346457e+00  8.18186652e+00  1.10247679e+01  8.71217025e+00
 2.94190476e+00 -2.14960630e+00  8.31987136e+00  1.10240120e+01  8.70323166e+00
 2.94190476e+00 -2.01574803e+00  8.45957116e+00  1.10230134e+01  8.69402888e+00
 2.94190476e+00 -1.88188976e+00  8.60158482e+00  1.10221495e+01  8.68455818e+00
 2.94190476e+00 -1.74803150e+00  8.74706818e+00  1.10216090e+01  8.67470525e+00
 2.94190476e+00 -1.61417323e+00  8.89737407e+00  1.10215504e+01  8.66439058e+00
 2.94190476e+00 -1.48031496e+00  9.05441275e+00  1.10220663e+01  8.65348519e+00
 2.94190476e+00 -1.34645669e+00  9.22097040e+00  1.10234614e+01  8.64177582e+00
 2.94190476e+00 -1.21259843e+00  9.40103920e+00  1.10262878e+01  8.62892149e+00
 2.94190476e+00 -1.07874016e+00  9.60012298e+00  1.10317802e+01  8.61448599e+00
 2.94190476e+00 -9.44881890e-01  9.82587721e+00  1.10423443e+01  8.59783635e+00
 2.94190476e+00 -8.11023622e-01  1.00881672e+01  1.10621318e+01  8.57793594e+00
 2.94190476e+00 -6.77165354e-01  1.03929417e+01  1.11036442e+01  8.55390567e+00
 2.94190476e+00 -5.43307087e-01  1.07405838e+01  1.11862968e+01  8.52458548e+00
 2.94190476e+00 -4.09448819e-01  1.11234352e+01  1.13225789e+01  8.49029666e+00
 2.94190476e+00 -2.75590551e-01  1.15062866e+01  1.14588610e+01  8.45600784e+00
 2.94190476e+00 -1.41732283e-01  1.18891380e+01  1.15951431e+01  8.42171902e+00
 2.94190476e+00 -7.87401575e-03  1.22719894e+01  1.17314252e+01  8.38743020e+00
 2.94190476e+00  1.25984252e-01  1.26548408e+01  1.18677073e+01  8.35314138e+00
 2.94190476e+00  2.59842520e-01  1.30376922e+01  1.20039894e+01  8.31885256e+00
 2.94190476e+00  3.93700787e-01  1.34205436e+01  1.21402715e+01  8.28456374e+00
 2.94190476e+00  5.27559055e-01  1.38033950e+01  1.22765536e+01  8.25027492e+00
 2.94190476e+00  6.61417323e-01  1.41862464e+01  1.24128357e+01  8.21598610e+00
 2.94190476e+00  7.95275591e-01  1.45690978e+01  1.25491178e+01  8.18169728e+00
 2.94190476e+00  9.29133858e-01  1.49519492e+01  1.26853999e+01  8.14740846e+00
 2.94190476e+00  1.06299213e+00  1.53348006e+01  1.28216820e+01  8.11311964e+00
 2.94190476e+00  1.19685039e+00  1.57176520e+01  1.29579641e+01  8.07883082e+00
 2.94190476e+00  1.33070866e+00  1.61005034e+01  1.30942462e+01  8.04454200e+00
 2.94190476e+00  1.46456693e+00  1.64833548e+01  1.32305283e+01  8.01025318e+00
 2.94190476e+00  1.59842520e+00  1.68662062e+01  1.33668104e+01  7.97596436e+00
 2.94190476e+00  1.73228346e+00  1.72490576e+01  1.35030925e+01  7.94167554e+00
 2.94190476e+00  1.86614173e+00  1.76319090e+01  1.36393746e+01  7.90738672e+00
 2.94190476e+00  2.00000000e+00  1.80147604e+01  1.37756567e+01  7.87309790e+00
 3.02031746e+00 -1.50000000e+01 -4.47924605e+00  1.10849305e+01  9.17985680e+00
 3.02031746e+00 -1.48661417e+01 -4.34406159e+00  1.10862342e+01  9.17792312e+00
 3.02031746e+00 -1.47322835e+01 -4.20896340e+00  1.10878078e+01  9.17588042e+00
 3.02031746e+00 -1.45984252e+01 -4.07394390e+00  1.10895493e+01  9.17376839e+00
 3.02031746e+00 -1.44645669e+01 -3.93902655e+00  1.10914342e+01  9.17151890e+00
 3.02031746e+00 -1.43307087e+01 -3.80418068e+00  1.10934052e+01  9.16913108e+00
 3.02031746e+00 -1.41968504e+01 -3.66932550e+00  1.10955548e+01  9.16657438e+00
 3.02031746e+00 -1.40629921e+01 -3.53447619e+00  1.10970719e+01  9.16390152e+00
 3.02031746e+00 -1.39291339e+01 -3.39961925e+00  1.10985425e+01  9.16107344e+00
 3.02031746e+00 -1.37952756e+01 -3.26467762e+00  1.10999383e+01  9.15809123e+00
 3.02031746e+00 -1.36614173e+01 -3.12955653e+00  1.11012038e+01  9.15500819e+00
 3.02031746e+00 -1.35275591e+01 -2.99416036e+00  1.11023122e+01  9.15182589e+00
 3.02031746e+00 -1.33937008e+01 -2.85837283e+00  1.11032577e+01  9.14850421e+00
 3.02031746e+00 -1.32598425e+01 -2.72204071e+00  1.11039998e+01  9.14507203e+00
 3.02031746e+00 -1.31259843e+01 -2.58580673e+00  1.11045297e+01  9.14156636e+00
 3.02031746e+00 -1.29921260e+01 -2.45104844e+00  1.11048684e+01  9.13801304e+00
 3.02031746e+00 -1.28582677e+01 -2.31741172e+00  1.11050179e+01  9.13437633e+00
 3.02031746e+00 -1.27244094e+01 -2.18393479e+00  1.11049720e+01  9.13067871e+00
 3.02031746e+00 -1.25905512e+01 -2.05044831e+00  1.11047446e+01  9.12697619e+00
 3.02031746e+00 -1.24566929e+01 -1.91699366e+00  1.11044044e+01  9.12321235e+00
 3.02031746e+00 -1.23228346e+01 -1.78354805e+00  1.11039449e+01  9.11939483e+00
 3.02031746e+00 -1.21889764e+01 -1.65006169e+00  1.11033374e+01  9.11557448e+00
 3.02031746e+00 -1.20551181e+01 -1.51655454e+00  1.11026659e+01  9.11175164e+00
 3.02031746e+00 -1.19212598e+01 -1.38303278e+00  1.11019586e+01  9.10792623e+00
 3.02031746e+00 -1.17874016e+01 -1.24948215e+00  1.11012057e+01  9.10409527e+00
 3.02031746e+00 -1.16535433e+01 -1.11588841e+00  1.11004329e+01  9.10023453e+00
 3.02031746e+00 -1.15196850e+01 -9.82275792e-01  1.10996530e+01  9.09636681e+00
 3.02031746e+00 -1.13858268e+01 -8.48665542e-01  1.10988703e+01  9.09251968e+00
 3.02031746e+00 -1.12519685e+01 -7.15001544e-01  1.10981090e+01  9.08864145e+00
 3.02031746e+00 -1.11181102e+01 -5.81285707e-01  1.10973813e+01  9.08474001e+00
 3.02031746e+00 -1.09842520e+01 -4.47550629e-01  1.10966890e+01  9.08085458e+00
 3.02031746e+00 -1.08503937e+01 -3.13779675e-01  1.10960328e+01  9.07697207e+00
 3.02031746e+00 -1.07165354e+01 -1.79978032e-01  1.10954198e+01  9.07308231e+00
 3.02031746e+00 -1.05826772e+01 -4.61622996e-02  1.10948567e+01  9.06917548e+00
 3.02031746e+00 -1.04488189e+01  8.76738213e-02  1.10943380e+01  9.06522614e+00
 3.02031746e+00 -1.03149606e+01  2.21526279e-01  1.10938730e+01  9.06125589e+00
 3.02031746e+00 -1.01811024e+01  3.55384895e-01  1.10934701e+01  9.05728104e+00
 3.02031746e+00 -1.00472441e+01  4.89247499e-01  1.10931101e+01  9.05323134e+00
 3.02031746e+00 -9.91338583e+00  6.23110572e-01  1.10927696e+01  9.04913513e+00
 3.02031746e+00 -9.77952756e+00  7.56969424e-01  1.10924420e+01  9.04504810e+00
 3.02031746e+00 -9.64566929e+00  8.90821040e-01  1.10921550e+01  9.04092057e+00
 3.02031746e+00 -9.51181102e+00  1.02466745e+00  1.10918984e+01  9.03673152e+00
 3.02031746e+00 -9.37795276e+00  1.15850907e+00  1.10916474e+01  9.03248615e+00
 3.02031746e+00 -9.24409449e+00  1.29233542e+00  1.10914070e+01  9.02818781e+00
 3.02031746e+00 -9.11023622e+00  1.42615120e+00  1.10911755e+01  9.02387135e+00
 3.02031746e+00 -8.97637795e+00  1.55996195e+00  1.10909450e+01  9.01954017e+00
 3.02031746e+00 -8.84251969e+00  1.69375906e+00  1.10907132e+01  9.01510007e+00
 3.02031746e+00 -8.70866142e+00  1.82754607e+00  1.10904800e+01  9.01058606e+00
 3.02031746e+00 -8.57480315e+00  1.96132831e+00  1.10902402e+01  9.00606699e+00
 3.02031746e+00 -8.44094488e+00  2.09509824e+00  1.10899779e+01  9.00150289e+00
 3.02031746e+00 -8.30708661e+00  2.22886173e+00  1.10897102e+01  8.99686816e+00
 3.02031746e+00 -8.17322835e+00  2.36262616e+00  1.10894557e+01  8.99216479e+00
 3.02031746e+00 -8.03937008e+00  2.49638478e+00  1.10891950e+01  8.98741642e+00
 3.02031746e+00 -7.90551181e+00  2.63014191e+00  1.10889276e+01  8.98263164e+00
 3.02031746e+00 -7.77165354e+00  2.76390271e+00  1.10886619e+01  8.97779809e+00
 3.02031746e+00 -7.63779528e+00  2.89766011e+00  1.10883961e+01  8.97288819e+00
 3.02031746e+00 -7.50393701e+00  3.03141523e+00  1.10881304e+01  8.96794290e+00
 3.02031746e+00 -7.37007874e+00  3.16517076e+00  1.10878673e+01  8.96298426e+00
 3.02031746e+00 -7.23622047e+00  3.29892371e+00  1.10876101e+01  8.95793181e+00
 3.02031746e+00 -7.10236220e+00  3.43267865e+00  1.10873538e+01  8.95281737e+00
 3.02031746e+00 -6.96850394e+00  3.56643964e+00  1.10870982e+01  8.94767402e+00
 3.02031746e+00 -6.83464567e+00  3.70019835e+00  1.10868534e+01  8.94242072e+00
 3.02031746e+00 -6.70078740e+00  3.83395637e+00  1.10866155e+01  8.93712183e+00
 3.02031746e+00 -6.56692913e+00  3.96771747e+00  1.10863785e+01  8.93185886e+00
 3.02031746e+00 -6.43307087e+00  4.10147858e+00  1.10861469e+01  8.92659440e+00
 3.02031746e+00 -6.29921260e+00  4.23523842e+00  1.10859224e+01  8.92134309e+00
 3.02031746e+00 -6.16535433e+00  4.36899781e+00  1.10857049e+01  8.91609392e+00
 3.02031746e+00 -6.03149606e+00  4.50275880e+00  1.10854942e+01  8.91074047e+00
 3.02031746e+00 -5.89763780e+00  4.63652125e+00  1.10852895e+01  8.90529673e+00
 3.02031746e+00 -5.76377953e+00  4.77028686e+00  1.10850921e+01  8.89980813e+00
 3.02031746e+00 -5.62992126e+00  4.90404659e+00  1.10848925e+01  8.89425173e+00
 3.02031746e+00 -5.49606299e+00  5.03781164e+00  1.10847060e+01  8.88860947e+00
 3.02031746e+00 -5.36220472e+00  5.17157942e+00  1.10845288e+01  8.88287827e+00
 3.02031746e+00 -5.22834646e+00  5.30534995e+00  1.10843544e+01  8.87708980e+00
 3.02031746e+00 -5.09448819e+00  5.43912780e+00  1.10841840e+01  8.87123065e+00
 3.02031746e+00 -4.96062992e+00  5.57290823e+00  1.10840200e+01  8.86529574e+00
 3.02031746e+00 -4.82677165e+00  5.70667676e+00  1.10838610e+01  8.85931921e+00
 3.02031746e+00 -4.69291339e+00  5.84049163e+00  1.10837074e+01  8.85323037e+00
 3.02031746e+00 -4.55905512e+00  5.97436065e+00  1.10835599e+01  8.84699907e+00
 3.02031746e+00 -4.42519685e+00  6.10817230e+00  1.10834157e+01  8.84072937e+00
 3.02031746e+00 -4.29133858e+00  6.24200839e+00  1.10832924e+01  8.83441827e+00
 3.02031746e+00 -4.15748031e+00  6.37591052e+00  1.10831645e+01  8.82799210e+00
 3.02031746e+00 -4.02362205e+00  6.50980993e+00  1.10830379e+01  8.82140847e+00
 3.02031746e+00 -3.88976378e+00  6.64371675e+00  1.10829323e+01  8.81473062e+00
 3.02031746e+00 -3.75590551e+00  6.77766925e+00  1.10828527e+01  8.80800537e+00
 3.02031746e+00 -3.62204724e+00  6.91168315e+00  1.10827690e+01  8.80117947e+00
 3.02031746e+00 -3.48818898e+00  7.04576972e+00  1.10826786e+01  8.79418322e+00
 3.02031746e+00 -3.35433071e+00  7.17994521e+00  1.10825637e+01  8.78703135e+00
 3.02031746e+00 -3.22047244e+00  7.31426954e+00  1.10824333e+01  8.77984445e+00
 3.02031746e+00 -3.08661417e+00  7.44876272e+00  1.10823447e+01  8.77251755e+00
 3.02031746e+00 -2.95275591e+00  7.58346851e+00  1.10822934e+01  8.76498123e+00
 3.02031746e+00 -2.81889764e+00  7.71852474e+00  1.10822637e+01  8.75736198e+00
 3.02031746e+00 -2.68503937e+00  7.85410761e+00  1.10822421e+01  8.74960003e+00
 3.02031746e+00 -2.55118110e+00  7.98884001e+00  1.10811174e+01  8.74133219e+00
 3.02031746e+00 -2.41732283e+00  8.12458623e+00  1.10806719e+01  8.73303733e+00
 3.02031746e+00 -2.28346457e+00  8.26147957e+00  1.10803481e+01  8.72459190e+00
 3.02031746e+00 -2.14960630e+00  8.39957873e+00  1.10798084e+01  8.71590573e+00
 3.02031746e+00 -2.01574803e+00  8.53758438e+00  1.10777850e+01  8.70674229e+00
 3.02031746e+00 -1.88188976e+00  8.67845997e+00  1.10764739e+01  8.69742537e+00
 3.02031746e+00 -1.74803150e+00  8.82297359e+00  1.10756175e+01  8.68782085e+00
 3.02031746e+00 -1.61417323e+00  8.97217388e+00  1.10753521e+01  8.67785871e+00
 3.02031746e+00 -1.48031496e+00  9.12789260e+00  1.10759514e+01  8.66738384e+00
 3.02031746e+00 -1.34645669e+00  9.29271596e+00  1.10776597e+01  8.65617870e+00
 3.02031746e+00 -1.21259843e+00  9.47037533e+00  1.10809777e+01  8.64400186e+00
 3.02031746e+00 -1.07874016e+00  9.66577527e+00  1.10871173e+01  8.63044443e+00
 3.02031746e+00 -9.44881890e-01  9.88587452e+00  1.10980976e+01  8.61489744e+00
 3.02031746e+00 -8.11023622e-01  1.01398353e+01  1.11177624e+01  8.59661515e+00
 3.02031746e+00 -6.77165354e-01  1.04339429e+01  1.11573817e+01  8.57465462e+00
 3.02031746e+00 -5.43307087e-01  1.07700788e+01  1.12342966e+01  8.54819411e+00
 3.02031746e+00 -4.09448819e-01  1.11397435e+01  1.13602463e+01  8.51722383e+00
 3.02031746e+00 -2.75590551e-01  1.15094082e+01  1.14861960e+01  8.48625355e+00
 3.02031746e+00 -1.41732283e-01  1.18790729e+01  1.16121457e+01  8.45528327e+00
 3.02031746e+00 -7.87401575e-03  1.22487376e+01  1.17380954e+01  8.42431299e+00
 3.02031746e+00  1.25984252e-01  1.26184023e+01  1.18640451e+01  8.39334271e+00
 3.02031746e+00  2.59842520e-01  1.29880670e+01  1.19899948e+01  8.36237243e+00
 3.02031746e+00  3.93700787e-01  1.33577317e+01  1.21159445e+01  8.33140215e+00
 3.02031746e+00  5.27559055e-01  1.37273964e+01  1.22418942e+01  8.30043187e+00
 3.02031746e+00  6.61417323e-01  1.40970611e+01  1.23678439e+01  8.26946159e+00
 3.02031746e+00  7.95275591e-01  1.44667258e+01  1.24937936e+01  8.23849131e+00
 3.02031746e+00  9.29133858e-01  1.48363905e+01  1.26197433e+01  8.20752103e+00
 3.02031746e+00  1.06299213e+00  1.52060552e+01  1.27456930e+01  8.17655075e+00
 3.02031746e+00  1.19685039e+00  1.55757199e+01  1.28716427e+01  8.14558047e+00
 3.02031746e+00  1.33070866e+00  1.59453846e+01  1.29975924e+01  8.11461019e+00
 3.02031746e+00  1.46456693e+00  1.63150493e+01  1.31235421e+01  8.08363991e+00
 3.02031746e+00  1.59842520e+00  1.66847140e+01  1.32494918e+01  8.05266963e+00
 3.02031746e+00  1.73228346e+00  1.70543787e+01  1.33754415e+01  8.02169935e+00
 3.02031746e+00  1.86614173e+00  1.74240434e+01  1.35013912e+01  7.99072907e+00
 3.02031746e+00  2.00000000e+00  1.77937081e+01  1.36273409e+01  7.95975879e+00
 3.09873016e+00 -1.50000000e+01 -4.36915845e+00  1.13796062e+01  9.21336334e+00
 3.09873016e+00 -1.48661417e+01 -4.24128277e+00  1.13570233e+01  9.20529861e+00
 3.09873016e+00 -1.47322835e+01 -4.11281000e+00  1.13353714e+01  9.19767740e+00
 3.09873016e+00 -1.45984252e+01 -3.98373167e+00  1.13147772e+01  9.19053319e+00
 3.09873016e+00 -1.44645669e+01 -3.85406065e+00  1.12953542e+01  9.18386553e+00
 3.09873016e+00 -1.43307087e+01 -3.72377002e+00  1.12773764e+01  9.17753703e+00
 3.09873016e+00 -1.41968504e+01 -3.59284920e+00  1.12600555e+01  9.17154028e+00
 3.09873016e+00 -1.40629921e+01 -3.46130958e+00  1.12440232e+01  9.16596572e+00
 3.09873016e+00 -1.39291339e+01 -3.32917056e+00  1.12293323e+01  9.16077557e+00
 3.09873016e+00 -1.37952756e+01 -3.19638414e+00  1.12160069e+01  9.15592446e+00
 3.09873016e+00 -1.36614173e+01 -3.06284544e+00  1.12040282e+01  9.15139072e+00
 3.09873016e+00 -1.35275591e+01 -2.92848003e+00  1.11933884e+01  9.14721167e+00
 3.09873016e+00 -1.33937008e+01 -2.79320510e+00  1.11840684e+01  9.14337884e+00
 3.09873016e+00 -1.32598425e+01 -2.65681135e+00  1.11760404e+01  9.13983546e+00
 3.09873016e+00 -1.31259843e+01 -2.51973338e+00  1.11693384e+01  9.13657366e+00
 3.09873016e+00 -1.29921260e+01 -2.38355326e+00  1.11639277e+01  9.13354815e+00
 3.09873016e+00 -1.28582677e+01 -2.24869571e+00  1.11596340e+01  9.13068268e+00
 3.09873016e+00 -1.27244094e+01 -2.11396505e+00  1.11562977e+01  9.12800008e+00
 3.09873016e+00 -1.25905512e+01 -1.97908571e+00  1.11538326e+01  9.12541006e+00
 3.09873016e+00 -1.24566929e+01 -1.84424540e+00  1.11521481e+01  9.12278106e+00
 3.09873016e+00 -1.23228346e+01 -1.70938549e+00  1.11510863e+01  9.12012389e+00
 3.09873016e+00 -1.21889764e+01 -1.57453481e+00  1.11505192e+01  9.11741859e+00
 3.09873016e+00 -1.20551181e+01 -1.43975277e+00  1.11503549e+01  9.11462206e+00
 3.09873016e+00 -1.19212598e+01 -1.30505789e+00  1.11505308e+01  9.11172079e+00
 3.09873016e+00 -1.17874016e+01 -1.17047626e+00  1.11509810e+01  9.10873521e+00
 3.09873016e+00 -1.16535433e+01 -1.03602807e+00  1.11516177e+01  9.10567207e+00
 3.09873016e+00 -1.15196850e+01 -9.01703237e-01  1.11523269e+01  9.10247823e+00
 3.09873016e+00 -1.13858268e+01 -7.67485762e-01  1.11530877e+01  9.09915036e+00
 3.09873016e+00 -1.12519685e+01 -6.33361208e-01  1.11538773e+01  9.09569801e+00
 3.09873016e+00 -1.11181102e+01 -4.99325097e-01  1.11545781e+01  9.09210057e+00
 3.09873016e+00 -1.09842520e+01 -3.65413249e-01  1.11551690e+01  9.08838731e+00
 3.09873016e+00 -1.08503937e+01 -2.31634370e-01  1.11556557e+01  9.08458902e+00
 3.09873016e+00 -1.07165354e+01 -9.79176637e-02  1.11559926e+01  9.08068986e+00
 3.09873016e+00 -1.05826772e+01  3.57336601e-02  1.11561677e+01  9.07669593e+00
 3.09873016e+00 -1.04488189e+01  1.69307971e-01  1.11561936e+01  9.07262727e+00
 3.09873016e+00 -1.03149606e+01  3.02850243e-01  1.11560897e+01  9.06850202e+00
 3.09873016e+00 -1.01811024e+01  4.36375242e-01  1.11558732e+01  9.06431907e+00
 3.09873016e+00 -1.00472441e+01  5.69886896e-01  1.11555468e+01  9.06007840e+00
 3.09873016e+00 -9.91338583e+00  7.03402111e-01  1.11550956e+01  9.05580018e+00
 3.09873016e+00 -9.77952756e+00  8.36939696e-01  1.11545581e+01  9.05151511e+00
 3.09873016e+00 -9.64566929e+00  9.70501448e-01  1.11539835e+01  9.04721962e+00
 3.09873016e+00 -9.51181102e+00  1.10406516e+00  1.11533886e+01  9.04285450e+00
 3.09873016e+00 -9.37795276e+00  1.23766368e+00  1.11527689e+01  9.03846382e+00
 3.09873016e+00 -9.24409449e+00  1.37131560e+00  1.11521266e+01  9.03410403e+00
 3.09873016e+00 -9.11023622e+00  1.50497553e+00  1.11514897e+01  9.02975855e+00
 3.09873016e+00 -8.97637795e+00  1.63866548e+00  1.11508674e+01  9.02538577e+00
 3.09873016e+00 -8.84251969e+00  1.77240524e+00  1.11502711e+01  9.02095545e+00
 3.09873016e+00 -8.70866142e+00  1.90615693e+00  1.11497255e+01  9.01647567e+00
 3.09873016e+00 -8.57480315e+00  2.03993495e+00  1.11491951e+01  9.01198633e+00
 3.09873016e+00 -8.44094488e+00  2.17374708e+00  1.11486679e+01  9.00749675e+00
 3.09873016e+00 -8.30708661e+00  2.30755177e+00  1.11482088e+01  9.00295257e+00
 3.09873016e+00 -8.17322835e+00  2.44136085e+00  1.11478145e+01  8.99836899e+00
 3.09873016e+00 -8.03937008e+00  2.57518089e+00  1.11474553e+01  8.99375911e+00
 3.09873016e+00 -7.90551181e+00  2.70897510e+00  1.11471152e+01  8.98908314e+00
 3.09873016e+00 -7.77165354e+00  2.84276378e+00  1.11467925e+01  8.98434488e+00
 3.09873016e+00 -7.63779528e+00  2.97656561e+00  1.11464883e+01  8.97956111e+00
 3.09873016e+00 -7.50393701e+00  3.11035855e+00  1.11461981e+01  8.97473375e+00
 3.09873016e+00 -7.37007874e+00  3.24414986e+00  1.11459094e+01  8.96985242e+00
 3.09873016e+00 -7.23622047e+00  3.37793949e+00  1.11456265e+01  8.96490209e+00
 3.09873016e+00 -7.10236220e+00  3.51169899e+00  1.11453727e+01  8.95986943e+00
 3.09873016e+00 -6.96850394e+00  3.64544854e+00  1.11451127e+01  8.95476134e+00
 3.09873016e+00 -6.83464567e+00  3.77920374e+00  1.11448304e+01  8.94962418e+00
 3.09873016e+00 -6.70078740e+00  3.91294550e+00  1.11445684e+01  8.94453427e+00
 3.09873016e+00 -6.56692913e+00  4.04667929e+00  1.11443201e+01  8.93945503e+00
 3.09873016e+00 -6.43307087e+00  4.18041589e+00  1.11440691e+01  8.93433356e+00
 3.09873016e+00 -6.29921260e+00  4.31415665e+00  1.11438170e+01  8.92916539e+00
 3.09873016e+00 -6.16535433e+00  4.44789663e+00  1.11435649e+01  8.92396022e+00
 3.09873016e+00 -6.03149606e+00  4.58163421e+00  1.11433154e+01  8.91870309e+00
 3.09873016e+00 -5.89763780e+00  4.71537488e+00  1.11430736e+01  8.91335540e+00
 3.09873016e+00 -5.76377953e+00  4.84911947e+00  1.11428428e+01  8.90794765e+00
 3.09873016e+00 -5.62992126e+00  4.98286582e+00  1.11426108e+01  8.90248885e+00
 3.09873016e+00 -5.49606299e+00  5.11661808e+00  1.11423657e+01  8.89694142e+00
 3.09873016e+00 -5.36220472e+00  5.25037370e+00  1.11421316e+01  8.89132537e+00
 3.09873016e+00 -5.22834646e+00  5.38413355e+00  1.11419224e+01  8.88565296e+00
 3.09873016e+00 -5.09448819e+00  5.51790200e+00  1.11417195e+01  8.87990090e+00
 3.09873016e+00 -4.96062992e+00  5.65166674e+00  1.11415236e+01  8.87408489e+00
 3.09873016e+00 -4.82677165e+00  5.78544523e+00  1.11413379e+01  8.86819517e+00
 3.09873016e+00 -4.69291339e+00  5.91928279e+00  1.11411585e+01  8.86218710e+00
 3.09873016e+00 -4.55905512e+00  6.05311395e+00  1.11409819e+01  8.85612266e+00
 3.09873016e+00 -4.42519685e+00  6.18690710e+00  1.11408084e+01  8.85001206e+00
 3.09873016e+00 -4.29133858e+00  6.32072868e+00  1.11406493e+01  8.84377272e+00
 3.09873016e+00 -4.15748031e+00  6.45459351e+00  1.11404918e+01  8.83742898e+00
 3.09873016e+00 -4.02362205e+00  6.58848366e+00  1.11403401e+01  8.83101837e+00
 3.09873016e+00 -3.88976378e+00  6.72237107e+00  1.11402170e+01  8.82453611e+00
 3.09873016e+00 -3.75590551e+00  6.85629430e+00  1.11401069e+01  8.81793411e+00
 3.09873016e+00 -3.62204724e+00  6.99029334e+00  1.11399927e+01  8.81119031e+00
 3.09873016e+00 -3.48818898e+00  7.12437755e+00  1.11398664e+01  8.80433177e+00
 3.09873016e+00 -3.35433071e+00  7.25858348e+00  1.11397558e+01  8.79740864e+00
 3.09873016e+00 -3.22047244e+00  7.39289507e+00  1.11396551e+01  8.79039662e+00
 3.09873016e+00 -3.08661417e+00  7.52734234e+00  1.11396066e+01  8.78323530e+00
 3.09873016e+00 -2.95275591e+00  7.66202360e+00  1.11395814e+01  8.77593880e+00
 3.09873016e+00 -2.81889764e+00  7.79704048e+00  1.11395583e+01  8.76850777e+00
 3.09873016e+00 -2.68503937e+00  7.93240704e+00  1.11394320e+01  8.76087696e+00
 3.09873016e+00 -2.55118110e+00  8.06811675e+00  1.11393731e+01  8.75309725e+00
 3.09873016e+00 -2.41732283e+00  8.20462990e+00  1.11394417e+01  8.74518507e+00
 3.09873016e+00 -2.28346457e+00  8.34231538e+00  1.11395995e+01  8.73708248e+00
 3.09873016e+00 -2.14960630e+00  8.47909391e+00  1.11384436e+01  8.72844953e+00
 3.09873016e+00 -2.01574803e+00  8.61671583e+00  1.11373155e+01  8.71961918e+00
 3.09873016e+00 -1.88188976e+00  8.75729723e+00  1.11366374e+01  8.71061136e+00
 3.09873016e+00 -1.74803150e+00  8.90058305e+00  1.11353373e+01  8.70117436e+00
 3.09873016e+00 -1.61417323e+00  9.04876552e+00  1.11349670e+01  8.69146742e+00
 3.09873016e+00 -1.48031496e+00  9.20329817e+00  1.11355393e+01  8.68133863e+00
 3.09873016e+00 -1.34645669e+00  9.36651371e+00  1.11373042e+01  8.67061219e+00
 3.09873016e+00 -1.21259843e+00  9.54156940e+00  1.11407325e+01  8.65901707e+00
 3.09873016e+00 -1.07874016e+00  9.73312414e+00  1.11469862e+01  8.64615553e+00
 3.09873016e+00 -9.44881890e-01  9.94763763e+00  1.11580683e+01  8.63166115e+00
 3.09873016e+00 -8.11023622e-01  1.01934812e+01  1.11773270e+01  8.61478423e+00
 3.09873016e+00 -6.77165354e-01  1.04769624e+01  1.12148171e+01  8.59468877e+00
 3.09873016e+00 -5.43307087e-01  1.08013290e+01  1.12858338e+01  8.57070673e+00
 3.09873016e+00 -4.09448819e-01  1.11595186e+01  1.14023808e+01  8.54276054e+00
 3.09873016e+00 -2.75590551e-01  1.15177082e+01  1.15189278e+01  8.51481435e+00
 3.09873016e+00 -1.41732283e-01  1.18758978e+01  1.16354748e+01  8.48686816e+00
 3.09873016e+00 -7.87401575e-03  1.22340874e+01  1.17520218e+01  8.45892197e+00
 3.09873016e+00  1.25984252e-01  1.25922770e+01  1.18685688e+01  8.43097578e+00
 3.09873016e+00  2.59842520e-01  1.29504666e+01  1.19851158e+01  8.40302959e+00
 3.09873016e+00  3.93700787e-01  1.33086562e+01  1.21016628e+01  8.37508340e+00
 3.09873016e+00  5.27559055e-01  1.36668458e+01  1.22182098e+01  8.34713721e+00
 3.09873016e+00  6.61417323e-01  1.40250354e+01  1.23347568e+01  8.31919102e+00
 3.09873016e+00  7.95275591e-01  1.43832250e+01  1.24513038e+01  8.29124483e+00
 3.09873016e+00  9.29133858e-01  1.47414146e+01  1.25678508e+01  8.26329864e+00
 3.09873016e+00  1.06299213e+00  1.50996042e+01  1.26843978e+01  8.23535245e+00
 3.09873016e+00  1.19685039e+00  1.54577938e+01  1.28009448e+01  8.20740626e+00
 3.09873016e+00  1.33070866e+00  1.58159834e+01  1.29174918e+01  8.17946007e+00
 3.09873016e+00  1.46456693e+00  1.61741730e+01  1.30340388e+01  8.15151388e+00
 3.09873016e+00  1.59842520e+00  1.65323626e+01  1.31505858e+01  8.12356769e+00
 3.09873016e+00  1.73228346e+00  1.68905522e+01  1.32671328e+01  8.09562150e+00
 3.09873016e+00  1.86614173e+00  1.72487418e+01  1.33836798e+01  8.06767531e+00
 3.09873016e+00  2.00000000e+00  1.76069314e+01  1.35002268e+01  8.03972912e+00
 3.17714286e+00 -1.50000000e+01 -4.15380872e+00  1.19622124e+01  9.33204866e+00
 3.17714286e+00 -1.48661417e+01 -4.02620982e+00  1.19343784e+01  9.32365010e+00
 3.17714286e+00 -1.47322835e+01 -3.89815352e+00  1.19069822e+01  9.31564721e+00
 3.17714286e+00 -1.45984252e+01 -3.76971391e+00  1.18801535e+01  9.30790548e+00
 3.17714286e+00 -1.44645669e+01 -3.64096718e+00  1.18536955e+01  9.30023471e+00
 3.17714286e+00 -1.43307087e+01 -3.51199190e+00  1.18277247e+01  9.29271237e+00
 3.17714286e+00 -1.41968504e+01 -3.38295171e+00  1.18022195e+01  9.28524564e+00
 3.17714286e+00 -1.40629921e+01 -3.25399490e+00  1.17770726e+01  9.27767736e+00
 3.17714286e+00 -1.39291339e+01 -3.12509683e+00  1.17521003e+01  9.26986992e+00
 3.17714286e+00 -1.37952756e+01 -2.99631511e+00  1.17271227e+01  9.26172884e+00
 3.17714286e+00 -1.36614173e+01 -2.86775758e+00  1.17019757e+01  9.25319913e+00
 3.17714286e+00 -1.35275591e+01 -2.73939827e+00  1.16765053e+01  9.24425284e+00
 3.17714286e+00 -1.33937008e+01 -2.61108546e+00  1.16505981e+01  9.23486144e+00
 3.17714286e+00 -1.32598425e+01 -2.48263109e+00  1.16242033e+01  9.22502352e+00
 3.17714286e+00 -1.31259843e+01 -2.35464923e+00  1.15974970e+01  9.21495916e+00
 3.17714286e+00 -1.29921260e+01 -2.22796958e+00  1.15708135e+01  9.20488526e+00
 3.17714286e+00 -1.28582677e+01 -2.10205312e+00  1.15443100e+01  9.19481784e+00
 3.17714286e+00 -1.27244094e+01 -1.97605697e+00  1.15180215e+01  9.18484422e+00
 3.17714286e+00 -1.25905512e+01 -1.84977614e+00  1.14921116e+01  9.17511759e+00
 3.17714286e+00 -1.24566929e+01 -1.72306408e+00  1.14668062e+01  9.16571934e+00
 3.17714286e+00 -1.23228346e+01 -1.59583370e+00  1.14422924e+01  9.15667170e+00
 3.17714286e+00 -1.21889764e+01 -1.46807596e+00  1.14187258e+01  9.14799083e+00
 3.17714286e+00 -1.20551181e+01 -1.33975974e+00  1.13962459e+01  9.13980144e+00
 3.17714286e+00 -1.19212598e+01 -1.21085328e+00  1.13749798e+01  9.13212430e+00
 3.17714286e+00 -1.17874016e+01 -1.08133585e+00  1.13550308e+01  9.12486313e+00
 3.17714286e+00 -1.16535433e+01 -9.51223142e-01  1.13364432e+01  9.11805484e+00
 3.17714286e+00 -1.15196850e+01 -8.20526475e-01  1.13192718e+01  9.11171997e+00
 3.17714286e+00 -1.13858268e+01 -6.89245702e-01  1.13036007e+01  9.10580180e+00
 3.17714286e+00 -1.12519685e+01 -5.57455745e-01  1.12894349e+01  9.10029907e+00
 3.17714286e+00 -1.11181102e+01 -4.25188814e-01  1.12767662e+01  9.09520614e+00
 3.17714286e+00 -1.09842520e+01 -2.92379791e-01  1.12656104e+01  9.09047354e+00
 3.17714286e+00 -1.08503937e+01 -1.59127514e-01  1.12559174e+01  9.08605936e+00
 3.17714286e+00 -1.07165354e+01 -2.55502698e-02  1.12476057e+01  9.08193583e+00
 3.17714286e+00 -1.05826772e+01  1.08332487e-01  1.12405976e+01  9.07808132e+00
 3.17714286e+00 -1.04488189e+01  2.42500818e-01  1.12348108e+01  9.07439790e+00
 3.17714286e+00 -1.03149606e+01  3.76887853e-01  1.12301179e+01  9.07079623e+00
 3.17714286e+00 -1.01811024e+01  5.11361866e-01  1.12263363e+01  9.06725499e+00
 3.17714286e+00 -1.00472441e+01  6.45820694e-01  1.12233850e+01  9.06374153e+00
 3.17714286e+00 -9.91338583e+00  7.80262740e-01  1.12211573e+01  9.06021302e+00
 3.17714286e+00 -9.77952756e+00  9.14776587e-01  1.12194624e+01  9.05662545e+00
 3.17714286e+00 -9.64566929e+00  1.04920995e+00  1.12182322e+01  9.05295549e+00
 3.17714286e+00 -9.51181102e+00  1.18348078e+00  1.12173992e+01  9.04918080e+00
 3.17714286e+00 -9.37795276e+00  1.31770700e+00  1.12168348e+01  9.04528120e+00
 3.17714286e+00 -9.24409449e+00  1.45180392e+00  1.12164371e+01  9.04131128e+00
 3.17714286e+00 -9.11023622e+00  1.58573418e+00  1.12161427e+01  9.03727563e+00
 3.17714286e+00 -8.97637795e+00  1.71961299e+00  1.12159184e+01  9.03308970e+00
 3.17714286e+00 -8.84251969e+00  1.85346691e+00  1.12156939e+01  9.02874967e+00
 3.17714286e+00 -8.70866142e+00  1.98723952e+00  1.12154320e+01  9.02431386e+00
 3.17714286e+00 -8.57480315e+00  2.12085214e+00  1.12151469e+01  9.01985240e+00
 3.17714286e+00 -8.44094488e+00  2.25443661e+00  1.12148067e+01  9.01528237e+00
 3.17714286e+00 -8.30708661e+00  2.38806113e+00  1.12143945e+01  9.01059118e+00
 3.17714286e+00 -8.17322835e+00  2.52163614e+00  1.12139318e+01  9.00589260e+00
 3.17714286e+00 -8.03937008e+00  2.65514216e+00  1.12134322e+01  9.00115162e+00
 3.17714286e+00 -7.90551181e+00  2.78863697e+00  1.12128975e+01  8.99635112e+00
 3.17714286e+00 -7.77165354e+00  2.92221673e+00  1.12123230e+01  8.99154489e+00
 3.17714286e+00 -7.63779528e+00  3.05584753e+00  1.12117237e+01  8.98670401e+00
 3.17714286e+00 -7.50393701e+00  3.18946556e+00  1.12111209e+01  8.98181196e+00
 3.17714286e+00 -7.37007874e+00  3.32305095e+00  1.12105349e+01  8.97689338e+00
 3.17714286e+00 -7.23622047e+00  3.45671850e+00  1.12099791e+01  8.97192706e+00
 3.17714286e+00 -7.10236220e+00  3.59047800e+00  1.12094509e+01  8.96691053e+00
 3.17714286e+00 -6.96850394e+00  3.72419767e+00  1.12089390e+01  8.96189206e+00
 3.17714286e+00 -6.83464567e+00  3.85793184e+00  1.12084682e+01  8.95696038e+00
 3.17714286e+00 -6.70078740e+00  3.99171568e+00  1.12080405e+01  8.95210600e+00
 3.17714286e+00 -6.56692913e+00  4.12549582e+00  1.12076262e+01  8.94720249e+00
 3.17714286e+00 -6.43307087e+00  4.25925286e+00  1.12072419e+01  8.94219336e+00
 3.17714286e+00 -6.29921260e+00  4.39299973e+00  1.12068998e+01  8.93711540e+00
 3.17714286e+00 -6.16535433e+00  4.52676360e+00  1.12065870e+01  8.93204436e+00
 3.17714286e+00 -6.03149606e+00  4.66052858e+00  1.12062762e+01  8.92686356e+00
 3.17714286e+00 -5.89763780e+00  4.79428518e+00  1.12059695e+01  8.92156709e+00
 3.17714286e+00 -5.76377953e+00  4.92804094e+00  1.12056897e+01  8.91629203e+00
 3.17714286e+00 -5.62992126e+00  5.06179122e+00  1.12053947e+01  8.91096739e+00
 3.17714286e+00 -5.49606299e+00  5.19553575e+00  1.12050894e+01  8.90552543e+00
 3.17714286e+00 -5.36220472e+00  5.32928312e+00  1.12048330e+01  8.89998022e+00
 3.17714286e+00 -5.22834646e+00  5.46303039e+00  1.12045960e+01  8.89438877e+00
 3.17714286e+00 -5.09448819e+00  5.59677420e+00  1.12043523e+01  8.88876039e+00
 3.17714286e+00 -4.96062992e+00  5.73051988e+00  1.12041078e+01  8.88305036e+00
 3.17714286e+00 -4.82677165e+00  5.86429462e+00  1.12038679e+01  8.87725351e+00
 3.17714286e+00 -4.69291339e+00  5.99809066e+00  1.12036449e+01  8.87137992e+00
 3.17714286e+00 -4.55905512e+00  6.13186902e+00  1.12034478e+01  8.86543907e+00
 3.17714286e+00 -4.42519685e+00  6.26564070e+00  1.12032423e+01  8.85942187e+00
 3.17714286e+00 -4.29133858e+00  6.39943893e+00  1.12030298e+01  8.85331170e+00
 3.17714286e+00 -4.15748031e+00  6.53329347e+00  1.12028469e+01  8.84710176e+00
 3.17714286e+00 -4.02362205e+00  6.66717632e+00  1.12026697e+01  8.84082763e+00
 3.17714286e+00 -3.88976378e+00  6.80106861e+00  1.12025036e+01  8.83447557e+00
 3.17714286e+00 -3.75590551e+00  6.93498507e+00  1.12023781e+01  8.82799455e+00
 3.17714286e+00 -3.62204724e+00  7.06897652e+00  1.12022433e+01  8.82141901e+00
 3.17714286e+00 -3.48818898e+00  7.20304910e+00  1.12020877e+01  8.81475260e+00
 3.17714286e+00 -3.35433071e+00  7.33718401e+00  1.12019532e+01  8.80796691e+00
 3.17714286e+00 -3.22047244e+00  7.47142455e+00  1.12018395e+01  8.80108753e+00
 3.17714286e+00 -3.08661417e+00  7.60584102e+00  1.12017490e+01  8.79410606e+00
 3.17714286e+00 -2.95275591e+00  7.74050525e+00  1.12016866e+01  8.78698356e+00
 3.17714286e+00 -2.81889764e+00  7.87546049e+00  1.12016346e+01  8.77972834e+00
 3.17714286e+00 -2.68503937e+00  8.01084119e+00  1.12016376e+01  8.77236058e+00
 3.17714286e+00 -2.55118110e+00  8.14670672e+00  1.12016834e+01  8.76484723e+00
 3.17714286e+00 -2.41732283e+00  8.28329772e+00  1.12018287e+01  8.75715104e+00
 3.17714286e+00 -2.28346457e+00  8.42083077e+00  1.12019907e+01  8.74924868e+00
 3.17714286e+00 -2.14960630e+00  8.55854440e+00  1.12018424e+01  8.74106856e+00
 3.17714286e+00 -2.01574803e+00  8.69816197e+00  1.12020581e+01  8.73271277e+00
 3.17714286e+00 -1.88188976e+00  8.83820134e+00  1.12013832e+01  8.72387462e+00
 3.17714286e+00 -1.74803150e+00  8.98069934e+00  1.12007408e+01  8.71477479e+00
 3.17714286e+00 -1.61417323e+00  9.12790529e+00  1.12007698e+01  8.70539918e+00
 3.17714286e+00 -1.48031496e+00  9.28103051e+00  1.12014450e+01  8.69560582e+00
 3.17714286e+00 -1.34645669e+00  9.44210940e+00  1.12029461e+01  8.68525434e+00
 3.17714286e+00 -1.21259843e+00  9.61417435e+00  1.12059222e+01  8.67414208e+00
 3.17714286e+00 -1.07874016e+00  9.80172494e+00  1.12117129e+01  8.66191980e+00
 3.17714286e+00 -9.44881890e-01  1.00106517e+01  1.12223368e+01  8.64826529e+00
 3.17714286e+00 -8.11023622e-01  1.02486400e+01  1.12410008e+01  8.63261007e+00
 3.17714286e+00 -6.77165354e-01  1.05219080e+01  1.12761429e+01  8.61423814e+00
 3.17714286e+00 -5.43307087e-01  1.08341127e+01  1.13410066e+01  8.59238692e+00
 3.17714286e+00 -4.09448819e-01  1.11797976e+01  1.14479921e+01  8.56719477e+00
 3.17714286e+00 -2.75590551e-01  1.15254825e+01  1.15549776e+01  8.54200262e+00
 3.17714286e+00 -1.41732283e-01  1.18711674e+01  1.16619631e+01  8.51681047e+00
 3.17714286e+00 -7.87401575e-03  1.22168523e+01  1.17689486e+01  8.49161832e+00
 3.17714286e+00  1.25984252e-01  1.25625372e+01  1.18759341e+01  8.46642617e+00
 3.17714286e+00  2.59842520e-01  1.29082221e+01  1.19829196e+01  8.44123402e+00
 3.17714286e+00  3.93700787e-01  1.32539070e+01  1.20899051e+01  8.41604187e+00
 3.17714286e+00  5.27559055e-01  1.35995919e+01  1.21968906e+01  8.39084972e+00
 3.17714286e+00  6.61417323e-01  1.39452768e+01  1.23038761e+01  8.36565757e+00
 3.17714286e+00  7.95275591e-01  1.42909617e+01  1.24108616e+01  8.34046542e+00
 3.17714286e+00  9.29133858e-01  1.46366466e+01  1.25178471e+01  8.31527327e+00
 3.17714286e+00  1.06299213e+00  1.49823315e+01  1.26248326e+01  8.29008112e+00
 3.17714286e+00  1.19685039e+00  1.53280164e+01  1.27318181e+01  8.26488897e+00
 3.17714286e+00  1.33070866e+00  1.56737013e+01  1.28388036e+01  8.23969682e+00
 3.17714286e+00  1.46456693e+00  1.60193862e+01  1.29457891e+01  8.21450467e+00
 3.17714286e+00  1.59842520e+00  1.63650711e+01  1.30527746e+01  8.18931252e+00
 3.17714286e+00  1.73228346e+00  1.67107560e+01  1.31597601e+01  8.16412037e+00
 3.17714286e+00  1.86614173e+00  1.70564409e+01  1.32667456e+01  8.13892822e+00
 3.17714286e+00  2.00000000e+00  1.74021258e+01  1.33737311e+01  8.11373607e+00
 3.25555556e+00 -1.50000000e+01 -3.95833062e+00  1.22492034e+01  9.42986731e+00
 3.25555556e+00 -1.48661417e+01 -3.82430804e+00  1.22530742e+01  9.42686307e+00
 3.25555556e+00 -1.47322835e+01 -3.69069832e+00  1.22560774e+01  9.42340424e+00
 3.25555556e+00 -1.45984252e+01 -3.55758213e+00  1.22578346e+01  9.41947327e+00
 3.25555556e+00 -1.44645669e+01 -3.42509205e+00  1.22582047e+01  9.41502190e+00
 3.25555556e+00 -1.43307087e+01 -3.29337303e+00  1.22569774e+01  9.40997073e+00
 3.25555556e+00 -1.41968504e+01 -3.16238196e+00  1.22538425e+01  9.40421835e+00
 3.25555556e+00 -1.40629921e+01 -3.03211270e+00  1.22484718e+01  9.39767425e+00
 3.25555556e+00 -1.39291339e+01 -2.90273446e+00  1.22406041e+01  9.39029117e+00
 3.25555556e+00 -1.37952756e+01 -2.77424523e+00  1.22300715e+01  9.38206376e+00
 3.25555556e+00 -1.36614173e+01 -2.64650261e+00  1.22167721e+01  9.37301863e+00
 3.25555556e+00 -1.35275591e+01 -2.51925854e+00  1.22006679e+01  9.36321825e+00
 3.25555556e+00 -1.33937008e+01 -2.39223874e+00  1.21818739e+01  9.35279139e+00
 3.25555556e+00 -1.32598425e+01 -2.26576211e+00  1.21607186e+01  9.34195335e+00
 3.25555556e+00 -1.31259843e+01 -2.14037974e+00  1.21376441e+01  9.33091947e+00
 3.25555556e+00 -1.29921260e+01 -2.01569690e+00  1.21129573e+01  9.31985725e+00
 3.25555556e+00 -1.28582677e+01 -1.89097738e+00  1.20868966e+01  9.30891746e+00
 3.25555556e+00 -1.27244094e+01 -1.76601072e+00  1.20598378e+01  9.29814395e+00
 3.25555556e+00 -1.25905512e+01 -1.64067909e+00  1.20321197e+01  9.28757605e+00
 3.25555556e+00 -1.24566929e+01 -1.51493600e+00  1.20039622e+01  9.27732977e+00
 3.25555556e+00 -1.23228346e+01 -1.38882604e+00  1.19755765e+01  9.26742613e+00
 3.25555556e+00 -1.21889764e+01 -1.26240388e+00  1.19471571e+01  9.25781377e+00
 3.25555556e+00 -1.20551181e+01 -1.13559718e+00  1.19188352e+01  9.24842464e+00
 3.25555556e+00 -1.19212598e+01 -1.00851078e+00  1.18906625e+01  9.23918042e+00
 3.25555556e+00 -1.17874016e+01 -8.81402765e-01  1.18626188e+01  9.22999777e+00
 3.25555556e+00 -1.16535433e+01 -7.54305169e-01  1.18346558e+01  9.22080879e+00
 3.25555556e+00 -1.15196850e+01 -6.27293818e-01  1.18067286e+01  9.21153338e+00
 3.25555556e+00 -1.13858268e+01 -5.00578303e-01  1.17787963e+01  9.20207153e+00
 3.25555556e+00 -1.12519685e+01 -3.74139524e-01  1.17507325e+01  9.19235206e+00
 3.25555556e+00 -1.11181102e+01 -2.47930687e-01  1.17224570e+01  9.18235152e+00
 3.25555556e+00 -1.09842520e+01 -1.22066899e-01  1.16940699e+01  9.17212299e+00
 3.25555556e+00 -1.08503937e+01  3.53669144e-03  1.16656336e+01  9.16174487e+00
 3.25555556e+00 -1.07165354e+01  1.29100397e-01  1.16372120e+01  9.15129831e+00
 3.25555556e+00 -1.05826772e+01  2.54765130e-01  1.16090286e+01  9.14084110e+00
 3.25555556e+00 -1.04488189e+01  3.80646156e-01  1.15812930e+01  9.13048553e+00
 3.25555556e+00 -1.03149606e+01  5.06846522e-01  1.15541692e+01  9.12040080e+00
 3.25555556e+00 -1.01811024e+01  6.33439870e-01  1.15278899e+01  9.11066774e+00
 3.25555556e+00 -1.00472441e+01  7.60520390e-01  1.15026704e+01  9.10131168e+00
 3.25555556e+00 -9.91338583e+00  8.88231703e-01  1.14786466e+01  9.09233112e+00
 3.25555556e+00 -9.77952756e+00  1.01659888e+00  1.14559357e+01  9.08381789e+00
 3.25555556e+00 -9.64566929e+00  1.14559027e+00  1.14346605e+01  9.07584907e+00
 3.25555556e+00 -9.51181102e+00  1.27522981e+00  1.14149741e+01  9.06830741e+00
 3.25555556e+00 -9.37795276e+00  1.40551013e+00  1.13969075e+01  9.06120562e+00
 3.25555556e+00 -9.24409449e+00  1.53639767e+00  1.13804282e+01  9.05463795e+00
 3.25555556e+00 -9.11023622e+00  1.66788867e+00  1.13656335e+01  9.04850964e+00
 3.25555556e+00 -8.97637795e+00  1.79998044e+00  1.13525052e+01  9.04273871e+00
 3.25555556e+00 -8.84251969e+00  1.93262271e+00  1.13409257e+01  9.03730227e+00
 3.25555556e+00 -8.70866142e+00  2.06560435e+00  1.13309175e+01  9.03219295e+00
 3.25555556e+00 -8.57480315e+00  2.19888645e+00  1.13223681e+01  9.02734722e+00
 3.25555556e+00 -8.44094488e+00  2.33256742e+00  1.13150447e+01  9.02265481e+00
 3.25555556e+00 -8.30708661e+00  2.46640750e+00  1.13088824e+01  9.01805881e+00
 3.25555556e+00 -8.17322835e+00  2.60027963e+00  1.13037616e+01  9.01353639e+00
 3.25555556e+00 -8.03937008e+00  2.73423956e+00  1.12994926e+01  9.00906664e+00
 3.25555556e+00 -7.90551181e+00  2.86824790e+00  1.12959715e+01  9.00455842e+00
 3.25555556e+00 -7.77165354e+00  3.00227008e+00  1.12930756e+01  8.99999910e+00
 3.25555556e+00 -7.63779528e+00  3.13626760e+00  1.12906628e+01  8.99542671e+00
 3.25555556e+00 -7.50393701e+00  3.27008541e+00  1.12886648e+01  8.99072270e+00
 3.25555556e+00 -7.37007874e+00  3.40380202e+00  1.12869754e+01  8.98590190e+00
 3.25555556e+00 -7.23622047e+00  3.53762589e+00  1.12854744e+01  8.98107114e+00
 3.25555556e+00 -7.10236220e+00  3.67135579e+00  1.12841703e+01  8.97609989e+00
 3.25555556e+00 -6.96850394e+00  3.80493150e+00  1.12830219e+01  8.97104809e+00
 3.25555556e+00 -6.83464567e+00  3.93848406e+00  1.12819368e+01  8.96611290e+00
 3.25555556e+00 -6.70078740e+00  4.07205069e+00  1.12808961e+01  8.96118372e+00
 3.25555556e+00 -6.56692913e+00  4.20559889e+00  1.12799224e+01  8.95617327e+00
 3.25555556e+00 -6.43307087e+00  4.33909298e+00  1.12790399e+01  8.95108818e+00
 3.25555556e+00 -6.29921260e+00  4.47263017e+00  1.12782018e+01  8.94596328e+00
 3.25555556e+00 -6.16535433e+00  4.60623600e+00  1.12773919e+01  8.94079460e+00
 3.25555556e+00 -6.03149606e+00  4.73985711e+00  1.12766342e+01  8.93555839e+00
 3.25555556e+00 -5.89763780e+00  4.87348243e+00  1.12759453e+01  8.93031913e+00
 3.25555556e+00 -5.76377953e+00  5.00712969e+00  1.12753144e+01  8.92506894e+00
 3.25555556e+00 -5.62992126e+00  5.14081752e+00  1.12747202e+01  8.91974062e+00
 3.25555556e+00 -5.49606299e+00  5.27451413e+00  1.12741820e+01  8.91436189e+00
 3.25555556e+00 -5.36220472e+00  5.40822085e+00  1.12736895e+01  8.90893266e+00
 3.25555556e+00 -5.22834646e+00  5.54196164e+00  1.12732192e+01  8.90343116e+00
 3.25555556e+00 -5.09448819e+00  5.67571075e+00  1.12728094e+01  8.89790013e+00
 3.25555556e+00 -4.96062992e+00  5.80945622e+00  1.12724362e+01  8.89231294e+00
 3.25555556e+00 -4.82677165e+00  5.94320247e+00  1.12720494e+01  8.88660981e+00
 3.25555556e+00 -4.69291339e+00  6.07694159e+00  1.12717133e+01  8.88084624e+00
 3.25555556e+00 -4.55905512e+00  6.21069119e+00  1.12714174e+01  8.87503063e+00
 3.25555556e+00 -4.42519685e+00  6.34447894e+00  1.12711059e+01  8.86912670e+00
 3.25555556e+00 -4.29133858e+00  6.47829256e+00  1.12708332e+01  8.86314128e+00
 3.25555556e+00 -4.15748031e+00  6.61211905e+00  1.12705924e+01  8.85707344e+00
 3.25555556e+00 -4.02362205e+00  6.74595348e+00  1.12703375e+01  8.85091651e+00
 3.25555556e+00 -3.88976378e+00  6.87979986e+00  1.12701068e+01  8.84468580e+00
 3.25555556e+00 -3.75590551e+00  7.01370349e+00  1.12699064e+01  8.83838063e+00
 3.25555556e+00 -3.62204724e+00  7.14770248e+00  1.12697107e+01  8.83197729e+00
 3.25555556e+00 -3.48818898e+00  7.28172908e+00  1.12695128e+01  8.82543466e+00
 3.25555556e+00 -3.35433071e+00  7.41581818e+00  1.12693211e+01  8.81877176e+00
 3.25555556e+00 -3.22047244e+00  7.55006269e+00  1.12691548e+01  8.81203477e+00
 3.25555556e+00 -3.08661417e+00  7.68446676e+00  1.12690416e+01  8.80521398e+00
 3.25555556e+00 -2.95275591e+00  7.81907055e+00  1.12689587e+01  8.79828998e+00
 3.25555556e+00 -2.81889764e+00  7.95395513e+00  1.12688799e+01  8.79124200e+00
 3.25555556e+00 -2.68503937e+00  8.08920481e+00  1.12688538e+01  8.78404374e+00
 3.25555556e+00 -2.55118110e+00  8.22494960e+00  1.12688869e+01  8.77669599e+00
 3.25555556e+00 -2.41732283e+00  8.36137461e+00  1.12689741e+01  8.76920659e+00
 3.25555556e+00 -2.28346457e+00  8.49871443e+00  1.12691722e+01  8.76155689e+00
 3.25555556e+00 -2.14960630e+00  8.63727452e+00  1.12695220e+01  8.75371300e+00
 3.25555556e+00 -2.01574803e+00  8.77730351e+00  1.12699481e+01  8.74562395e+00
 3.25555556e+00 -1.88188976e+00  8.91810048e+00  1.12701047e+01  8.73723317e+00
 3.25555556e+00 -1.74803150e+00  9.06174360e+00  1.12706579e+01  8.72859342e+00
 3.25555556e+00 -1.61417323e+00  9.20874268e+00  1.12714152e+01  8.71955024e+00
 3.25555556e+00 -1.48031496e+00  9.36029657e+00  1.12722318e+01  8.71005935e+00
 3.25555556e+00 -1.34645669e+00  9.51859784e+00  1.12732471e+01  8.70004007e+00
 3.25555556e+00 -1.21259843e+00  9.68740634e+00  1.12756870e+01  8.68934681e+00
 3.25555556e+00 -1.07874016e+00  9.87076275e+00  1.12808823e+01  8.67772251e+00
 3.25555556e+00 -9.44881890e-01  1.00742442e+01  1.12908962e+01  8.66487829e+00
 3.25555556e+00 -8.11023622e-01  1.03047625e+01  1.13087645e+01  8.65031877e+00
 3.25555556e+00 -6.77165354e-01  1.05683804e+01  1.13414523e+01  8.63340759e+00
 3.25555556e+00 -5.43307087e-01  1.08686448e+01  1.14002436e+01  8.61352631e+00
 3.25555556e+00 -4.09448819e-01  1.12011150e+01  1.14966590e+01  8.59067723e+00
 3.25555556e+00 -2.75590551e-01  1.15335852e+01  1.15930744e+01  8.56782815e+00
 3.25555556e+00 -1.41732283e-01  1.18660554e+01  1.16894898e+01  8.54497907e+00
 3.25555556e+00 -7.87401575e-03  1.21985256e+01  1.17859052e+01  8.52212999e+00
 3.25555556e+00  1.25984252e-01  1.25309958e+01  1.18823206e+01  8.49928091e+00
 3.25555556e+00  2.59842520e-01  1.28634660e+01  1.19787360e+01  8.47643183e+00
 3.25555556e+00  3.93700787e-01  1.31959362e+01  1.20751514e+01  8.45358275e+00
 3.25555556e+00  5.27559055e-01  1.35284064e+01  1.21715668e+01  8.43073367e+00
 3.25555556e+00  6.61417323e-01  1.38608766e+01  1.22679822e+01  8.40788459e+00
 3.25555556e+00  7.95275591e-01  1.41933468e+01  1.23643976e+01  8.38503551e+00
 3.25555556e+00  9.29133858e-01  1.45258170e+01  1.24608130e+01  8.36218643e+00
 3.25555556e+00  1.06299213e+00  1.48582872e+01  1.25572284e+01  8.33933735e+00
 3.25555556e+00  1.19685039e+00  1.51907574e+01  1.26536438e+01  8.31648827e+00
 3.25555556e+00  1.33070866e+00  1.55232276e+01  1.27500592e+01  8.29363919e+00
 3.25555556e+00  1.46456693e+00  1.58556978e+01  1.28464746e+01  8.27079011e+00
 3.25555556e+00  1.59842520e+00  1.61881680e+01  1.29428900e+01  8.24794103e+00
 3.25555556e+00  1.73228346e+00  1.65206382e+01  1.30393054e+01  8.22509195e+00
 3.25555556e+00  1.86614173e+00  1.68531084e+01  1.31357208e+01  8.20224287e+00
 3.25555556e+00  2.00000000e+00  1.71855786e+01  1.32321362e+01  8.17939379e+00
 3.33396825e+00 -1.50000000e+01 -3.90291765e+00  1.22008500e+01  9.41349271e+00
 3.33396825e+00 -1.48661417e+01 -3.76907963e+00  1.21998165e+01  9.41025828e+00
 3.33396825e+00 -1.47322835e+01 -3.63510382e+00  1.21988456e+01  9.40698061e+00
 3.33396825e+00 -1.45984252e+01 -3.50096827e+00  1.21980659e+01  9.40379096e+00
 3.33396825e+00 -1.44645669e+01 -3.36665872e+00  1.21976128e+01  9.40069894e+00
 3.33396825e+00 -1.43307087e+01 -3.23213326e+00  1.21975880e+01  9.39771195e+00
 3.33396825e+00 -1.41968504e+01 -3.09729857e+00  1.21979936e+01  9.39488542e+00
 3.33396825e+00 -1.40629921e+01 -2.96214011e+00  1.21988945e+01  9.39218267e+00
 3.33396825e+00 -1.39291339e+01 -2.82663958e+00  1.22003791e+01  9.38958103e+00
 3.33396825e+00 -1.37952756e+01 -2.69070266e+00  1.22025022e+01  9.38716243e+00
 3.33396825e+00 -1.36614173e+01 -2.55429930e+00  1.22052378e+01  9.38493274e+00
 3.33396825e+00 -1.35275591e+01 -2.41737010e+00  1.22085665e+01  9.38279976e+00
 3.33396825e+00 -1.33937008e+01 -2.27988140e+00  1.22125035e+01  9.38061849e+00
 3.33396825e+00 -1.32598425e+01 -2.14256431e+00  1.22168687e+01  9.37846648e+00
 3.33396825e+00 -1.31259843e+01 -2.00636374e+00  1.22214480e+01  9.37632860e+00
 3.33396825e+00 -1.29921260e+01 -1.87097400e+00  1.22261204e+01  9.37400503e+00
 3.33396825e+00 -1.28582677e+01 -1.73580508e+00  1.22307551e+01  9.37149907e+00
 3.33396825e+00 -1.27244094e+01 -1.60094585e+00  1.22351568e+01  9.36875426e+00
 3.33396825e+00 -1.25905512e+01 -1.46646867e+00  1.22390921e+01  9.36562168e+00
 3.33396825e+00 -1.24566929e+01 -1.33246233e+00  1.22423165e+01  9.36214241e+00
 3.33396825e+00 -1.23228346e+01 -1.19899532e+00  1.22446182e+01  9.35825560e+00
 3.33396825e+00 -1.21889764e+01 -1.06614676e+00  1.22457738e+01  9.35378942e+00
 3.33396825e+00 -1.20551181e+01 -9.34092421e-01  1.22453896e+01  9.34871100e+00
 3.33396825e+00 -1.19212598e+01 -8.02929723e-01  1.22431358e+01  9.34295605e+00
 3.33396825e+00 -1.17874016e+01 -6.72681591e-01  1.22387732e+01  9.33640634e+00
 3.33396825e+00 -1.16535433e+01 -5.43462504e-01  1.22320299e+01  9.32899747e+00
 3.33396825e+00 -1.15196850e+01 -4.15331185e-01  1.22226777e+01  9.32074313e+00
 3.33396825e+00 -1.13858268e+01 -2.88244737e-01  1.22105696e+01  9.31171293e+00
 3.33396825e+00 -1.12519685e+01 -1.62084354e-01  1.21957119e+01  9.30190493e+00
 3.33396825e+00 -1.11181102e+01 -3.67010316e-02  1.21782086e+01  9.29139475e+00
 3.33396825e+00 -1.09842520e+01  8.80706356e-02  1.21582522e+01  9.28041984e+00
 3.33396825e+00 -1.08503937e+01  2.12439484e-01  1.21361351e+01  9.26913495e+00
 3.33396825e+00 -1.07165354e+01  3.36621633e-01  1.21121891e+01  9.25765084e+00
 3.33396825e+00 -1.05826772e+01  4.60788099e-01  1.20867233e+01  9.24611433e+00
 3.33396825e+00 -1.04488189e+01  5.85086126e-01  1.20600449e+01  9.23465717e+00
 3.33396825e+00 -1.03149606e+01  7.09626284e-01  1.20324598e+01  9.22337360e+00
 3.33396825e+00 -1.01811024e+01  8.34394542e-01  1.20042406e+01  9.21226669e+00
 3.33396825e+00 -1.00472441e+01  9.59373608e-01  1.19755850e+01  9.20132347e+00
 3.33396825e+00 -9.91338583e+00  1.08461082e+00  1.19465761e+01  9.19055383e+00
 3.33396825e+00 -9.77952756e+00  1.21004453e+00  1.19173052e+01  9.17988968e+00
 3.33396825e+00 -9.64566929e+00  1.33554726e+00  1.18878573e+01  9.16923279e+00
 3.33396825e+00 -9.51181102e+00  1.46101777e+00  1.18582538e+01  9.15855037e+00
 3.33396825e+00 -9.37795276e+00  1.58638453e+00  1.18284964e+01  9.14781765e+00
 3.33396825e+00 -9.24409449e+00  1.71161144e+00  1.17985905e+01  9.13700119e+00
 3.33396825e+00 -9.11023622e+00  1.83671963e+00  1.17685991e+01  9.12604600e+00
 3.33396825e+00 -8.97637795e+00  1.96176754e+00  1.17386308e+01  9.11496059e+00
 3.33396825e+00 -8.84251969e+00  2.08684596e+00  1.17088402e+01  9.10387236e+00
 3.33396825e+00 -8.70866142e+00  2.21205764e+00  1.16794096e+01  9.09289865e+00
 3.33396825e+00 -8.57480315e+00  2.33751592e+00  1.16505565e+01  9.08213390e+00
 3.33396825e+00 -8.44094488e+00  2.46334894e+00  1.16225583e+01  9.07164082e+00
 3.33396825e+00 -8.30708661e+00  2.58966239e+00  1.15956010e+01  9.06146260e+00
 3.33396825e+00 -8.17322835e+00  2.71653855e+00  1.15697956e+01  9.05163999e+00
 3.33396825e+00 -8.03937008e+00  2.84406750e+00  1.15453811e+01  9.04226750e+00
 3.33396825e+00 -7.90551181e+00  2.97230454e+00  1.15225636e+01  9.03340045e+00
 3.33396825e+00 -7.77165354e+00  3.10124544e+00  1.15014321e+01  9.02500953e+00
 3.33396825e+00 -7.63779528e+00  3.23087842e+00  1.14820227e+01  9.01708557e+00
 3.33396825e+00 -7.50393701e+00  3.36118928e+00  1.14643755e+01  9.00963453e+00
 3.33396825e+00 -7.37007874e+00  3.49215434e+00  1.14485526e+01  9.00265501e+00
 3.33396825e+00 -7.23622047e+00  3.62367705e+00  1.14343526e+01  8.99602733e+00
 3.33396825e+00 -7.10236220e+00  3.75570680e+00  1.14218273e+01  8.98971023e+00
 3.33396825e+00 -6.96850394e+00  3.88837318e+00  1.14118351e+01  8.98397431e+00
 3.33396825e+00 -6.83464567e+00  4.02140264e+00  1.14034202e+01  8.97858789e+00
 3.33396825e+00 -6.70078740e+00  4.15444613e+00  1.13952536e+01  8.97316354e+00
 3.33396825e+00 -6.56692913e+00  4.28766472e+00  1.13881303e+01  8.96782284e+00
 3.33396825e+00 -6.43307087e+00  4.42105487e+00  1.13821717e+01  8.96258194e+00
 3.33396825e+00 -6.29921260e+00  4.55449672e+00  1.13769827e+01  8.95734988e+00
 3.33396825e+00 -6.16535433e+00  4.68798512e+00  1.13725232e+01  8.95207976e+00
 3.33396825e+00 -6.03149606e+00  4.82148477e+00  1.13687155e+01  8.94676230e+00
 3.33396825e+00 -5.89763780e+00  4.95495331e+00  1.13654276e+01  8.94140148e+00
 3.33396825e+00 -5.76377953e+00  5.08840865e+00  1.13625502e+01  8.93598351e+00
 3.33396825e+00 -5.62992126e+00  5.22185765e+00  1.13600131e+01  8.93054661e+00
 3.33396825e+00 -5.49606299e+00  5.35530152e+00  1.13577660e+01  8.92511510e+00
 3.33396825e+00 -5.36220472e+00  5.48875982e+00  1.13557539e+01  8.91960219e+00
 3.33396825e+00 -5.22834646e+00  5.62224116e+00  1.13539636e+01  8.91399808e+00
 3.33396825e+00 -5.09448819e+00  5.75574184e+00  1.13523936e+01  8.90834384e+00
 3.33396825e+00 -4.96062992e+00  5.88925341e+00  1.13510031e+01  8.90265412e+00
 3.33396825e+00 -4.82677165e+00  6.02280263e+00  1.13497418e+01  8.89694725e+00
 3.33396825e+00 -4.69291339e+00  6.15641314e+00  1.13485950e+01  8.89121497e+00
 3.33396825e+00 -4.55905512e+00  6.29004934e+00  1.13476298e+01  8.88538363e+00
 3.33396825e+00 -4.42519685e+00  6.42371969e+00  1.13468003e+01  8.87949902e+00
 3.33396825e+00 -4.29133858e+00  6.55744068e+00  1.13460204e+01  8.87361319e+00
 3.33396825e+00 -4.15748031e+00  6.69117275e+00  1.13453004e+01  8.86761225e+00
 3.33396825e+00 -4.02362205e+00  6.82493087e+00  1.13446785e+01  8.86152408e+00
 3.33396825e+00 -3.88976378e+00  6.95875609e+00  1.13441645e+01  8.85541705e+00
 3.33396825e+00 -3.75590551e+00  7.09265527e+00  1.13436879e+01  8.84921914e+00
 3.33396825e+00 -3.62204724e+00  7.22659440e+00  1.13432413e+01  8.84290910e+00
 3.33396825e+00 -3.48818898e+00  7.36056534e+00  1.13428433e+01  8.83650565e+00
 3.33396825e+00 -3.35433071e+00  7.49466186e+00  1.13424787e+01  8.83002058e+00
 3.33396825e+00 -3.22047244e+00  7.62887609e+00  1.13421646e+01  8.82345212e+00
 3.33396825e+00 -3.08661417e+00  7.76318689e+00  1.13419147e+01  8.81678134e+00
 3.33396825e+00 -2.95275591e+00  7.89769311e+00  1.13416929e+01  8.80997441e+00
 3.33396825e+00 -2.81889764e+00  8.03249009e+00  1.13415034e+01  8.80305160e+00
 3.33396825e+00 -2.68503937e+00  8.16768122e+00  1.13413825e+01  8.79604365e+00
 3.33396825e+00 -2.55118110e+00  8.30331537e+00  1.13413327e+01  8.78891480e+00
 3.33396825e+00 -2.41732283e+00  8.43956484e+00  1.13413644e+01  8.78163020e+00
 3.33396825e+00 -2.28346457e+00  8.57670882e+00  1.13415035e+01  8.77417091e+00
 3.33396825e+00 -2.14960630e+00  8.71503301e+00  1.13418057e+01  8.76654603e+00
 3.33396825e+00 -2.01574803e+00  8.85476651e+00  1.13422357e+01  8.75873134e+00
 3.33396825e+00 -1.88188976e+00  8.99646816e+00  1.13429008e+01  8.75070752e+00
 3.33396825e+00 -1.74803150e+00  9.14050087e+00  1.13437956e+01  8.74237249e+00
 3.33396825e+00 -1.61417323e+00  9.28752358e+00  1.13449470e+01  8.73368178e+00
 3.33396825e+00 -1.48031496e+00  9.43704537e+00  1.13454742e+01  8.72446231e+00
 3.33396825e+00 -1.34645669e+00  9.59343042e+00  1.13465986e+01  8.71484001e+00
 3.33396825e+00 -1.21259843e+00  9.75977205e+00  1.13491383e+01  8.70463941e+00
 3.33396825e+00 -1.07874016e+00  9.93978330e+00  1.13542806e+01  8.69360443e+00
 3.33396825e+00 -9.44881890e-01  1.01383396e+01  1.13638158e+01  8.68152586e+00
 3.33396825e+00 -8.11023622e-01  1.03617653e+01  1.13804957e+01  8.66797450e+00
 3.33396825e+00 -6.77165354e-01  1.06161256e+01  1.14106160e+01  8.65237823e+00
 3.33396825e+00 -5.43307087e-01  1.09050736e+01  1.14633649e+01  8.63411671e+00
 3.33396825e+00 -4.09448819e-01  1.12234012e+01  1.15494483e+01  8.61333176e+00
 3.33396825e+00 -2.75590551e-01  1.15417288e+01  1.16355317e+01  8.59254681e+00
 3.33396825e+00 -1.41732283e-01  1.18600564e+01  1.17216151e+01  8.57176186e+00
 3.33396825e+00 -7.87401575e-03  1.21783840e+01  1.18076985e+01  8.55097691e+00
 3.33396825e+00  1.25984252e-01  1.24967116e+01  1.18937819e+01  8.53019196e+00
 3.33396825e+00  2.59842520e-01  1.28150392e+01  1.19798653e+01  8.50940701e+00
 3.33396825e+00  3.93700787e-01  1.31333668e+01  1.20659487e+01  8.48862206e+00
 3.33396825e+00  5.27559055e-01  1.34516944e+01  1.21520321e+01  8.46783711e+00
 3.33396825e+00  6.61417323e-01  1.37700220e+01  1.22381155e+01  8.44705216e+00
 3.33396825e+00  7.95275591e-01  1.40883496e+01  1.23241989e+01  8.42626721e+00
 3.33396825e+00  9.29133858e-01  1.44066772e+01  1.24102823e+01  8.40548226e+00
 3.33396825e+00  1.06299213e+00  1.47250048e+01  1.24963657e+01  8.38469731e+00
 3.33396825e+00  1.19685039e+00  1.50433324e+01  1.25824491e+01  8.36391236e+00
 3.33396825e+00  1.33070866e+00  1.53616600e+01  1.26685325e+01  8.34312741e+00
 3.33396825e+00  1.46456693e+00  1.56799876e+01  1.27546159e+01  8.32234246e+00
 3.33396825e+00  1.59842520e+00  1.59983152e+01  1.28406993e+01  8.30155751e+00
 3.33396825e+00  1.73228346e+00  1.63166428e+01  1.29267827e+01  8.28077256e+00
 3.33396825e+00  1.86614173e+00  1.66349704e+01  1.30128661e+01  8.25998761e+00
 3.33396825e+00  2.00000000e+00  1.69532980e+01  1.30989495e+01  8.23920266e+00
 3.41238095e+00 -1.50000000e+01 -3.81801473e+00  1.22297155e+01  9.41899809e+00
 3.41238095e+00 -1.48661417e+01 -3.68404445e+00  1.22301680e+01  9.41580132e+00
 3.41238095e+00 -1.47322835e+01 -3.55008332e+00  1.22304361e+01  9.41260123e+00
 3.41238095e+00 -1.45984252e+01 -3.41608858e+00  1.22306247e+01  9.40938720e+00
 3.41238095e+00 -1.44645669e+01 -3.28212030e+00  1.22306924e+01  9.40601195e+00
 3.41238095e+00 -1.43307087e+01 -3.14819587e+00  1.22306369e+01  9.40260549e+00
 3.41238095e+00 -1.41968504e+01 -3.01426303e+00  1.22304471e+01  9.39919335e+00
 3.41238095e+00 -1.40629921e+01 -2.88022745e+00  1.22300852e+01  9.39557706e+00
 3.41238095e+00 -1.39291339e+01 -2.74614024e+00  1.22295499e+01  9.39185504e+00
 3.41238095e+00 -1.37952756e+01 -2.61196563e+00  1.22288239e+01  9.38812853e+00
 3.41238095e+00 -1.36614173e+01 -2.47751329e+00  1.22278716e+01  9.38435734e+00
 3.41238095e+00 -1.35275591e+01 -2.34272276e+00  1.22267616e+01  9.38048012e+00
 3.41238095e+00 -1.33937008e+01 -2.20752578e+00  1.22255389e+01  9.37649703e+00
 3.41238095e+00 -1.32598425e+01 -2.07229666e+00  1.22241945e+01  9.37249120e+00
 3.41238095e+00 -1.31259843e+01 -1.93797525e+00  1.22227877e+01  9.36850436e+00
 3.41238095e+00 -1.29921260e+01 -1.80445864e+00  1.22213443e+01  9.36455467e+00
 3.41238095e+00 -1.28582677e+01 -1.67106195e+00  1.22198624e+01  9.36064706e+00
 3.41238095e+00 -1.27244094e+01 -1.53758896e+00  1.22184593e+01  9.35670011e+00
 3.41238095e+00 -1.25905512e+01 -1.40401030e+00  1.22171884e+01  9.35276258e+00
 3.41238095e+00 -1.24566929e+01 -1.27029743e+00  1.22160236e+01  9.34898318e+00
 3.41238095e+00 -1.23228346e+01 -1.13651289e+00  1.22150541e+01  9.34522532e+00
 3.41238095e+00 -1.21889764e+01 -1.00261559e+00  1.22143615e+01  9.34148297e+00
 3.41238095e+00 -1.20551181e+01 -8.68477158e-01  1.22139899e+01  9.33791984e+00
 3.41238095e+00 -1.19212598e+01 -7.34150575e-01  1.22140050e+01  9.33446177e+00
 3.41238095e+00 -1.17874016e+01 -5.99656392e-01  1.22144917e+01  9.33107351e+00
 3.41238095e+00 -1.16535433e+01 -4.64942228e-01  1.22155255e+01  9.32782745e+00
 3.41238095e+00 -1.15196850e+01 -3.30008616e-01  1.22170921e+01  9.32478434e+00
 3.41238095e+00 -1.13858268e+01 -1.94902017e-01  1.22191770e+01  9.32186506e+00
 3.41238095e+00 -1.12519685e+01 -5.96819808e-02  1.22217707e+01  9.31891671e+00
 3.41238095e+00 -1.11181102e+01  7.56458846e-02  1.22248009e+01  9.31598503e+00
 3.41238095e+00 -1.09842520e+01  2.10935093e-01  1.22281513e+01  9.31309133e+00
 3.41238095e+00 -1.08503937e+01  3.45994322e-01  1.22316376e+01  9.31013240e+00
 3.41238095e+00 -1.07165354e+01  4.80885878e-01  1.22349561e+01  9.30682618e+00
 3.41238095e+00 -1.05826772e+01  6.15460070e-01  1.22379133e+01  9.30317205e+00
 3.41238095e+00 -1.04488189e+01  7.49453826e-01  1.22403230e+01  9.29927184e+00
 3.41238095e+00 -1.03149606e+01  8.82837452e-01  1.22417387e+01  9.29484584e+00
 3.41238095e+00 -1.01811024e+01  1.01550548e+00  1.22418578e+01  9.28978923e+00
 3.41238095e+00 -1.00472441e+01  1.14729236e+00  1.22404378e+01  9.28410893e+00
 3.41238095e+00 -9.91338583e+00  1.27809323e+00  1.22370285e+01  9.27764447e+00
 3.41238095e+00 -9.77952756e+00  1.40781409e+00  1.22313303e+01  9.27033851e+00
 3.41238095e+00 -9.64566929e+00  1.53638584e+00  1.22231712e+01  9.26221669e+00
 3.41238095e+00 -9.51181102e+00  1.66381786e+00  1.22123339e+01  9.25325028e+00
 3.41238095e+00 -9.37795276e+00  1.79019636e+00  1.21987224e+01  9.24343816e+00
 3.41238095e+00 -9.24409449e+00  1.91565919e+00  1.21823858e+01  9.23284491e+00
 3.41238095e+00 -9.11023622e+00  2.04032352e+00  1.21634972e+01  9.22168052e+00
 3.41238095e+00 -8.97637795e+00  2.16438674e+00  1.21423089e+01  9.21012534e+00
 3.41238095e+00 -8.84251969e+00  2.28816282e+00  1.21191341e+01  9.19825719e+00
 3.41238095e+00 -8.70866142e+00  2.41178814e+00  1.20942758e+01  9.18624375e+00
 3.41238095e+00 -8.57480315e+00  2.53532051e+00  1.20680205e+01  9.17424511e+00
 3.41238095e+00 -8.44094488e+00  2.65889326e+00  1.20406168e+01  9.16223309e+00
 3.41238095e+00 -8.30708661e+00  2.78259462e+00  1.20123104e+01  9.15022984e+00
 3.41238095e+00 -8.17322835e+00  2.90643978e+00  1.19833397e+01  9.13832728e+00
 3.41238095e+00 -8.03937008e+00  3.03037892e+00  1.19538506e+01  9.12648810e+00
 3.41238095e+00 -7.90551181e+00  3.15436591e+00  1.19239380e+01  9.11466377e+00
 3.41238095e+00 -7.77165354e+00  3.27840521e+00  1.18936693e+01  9.10287996e+00
 3.41238095e+00 -7.63779528e+00  3.40247435e+00  1.18631733e+01  9.09112737e+00
 3.41238095e+00 -7.50393701e+00  3.52655231e+00  1.18326089e+01  9.07936778e+00
 3.41238095e+00 -7.37007874e+00  3.65071144e+00  1.18020849e+01  9.06757590e+00
 3.41238095e+00 -7.23622047e+00  3.77511029e+00  1.17718953e+01  9.05596289e+00
 3.41238095e+00 -7.10236220e+00  3.89995101e+00  1.17425114e+01  9.04495269e+00
 3.41238095e+00 -6.96850394e+00  4.02514500e+00  1.17138974e+01  9.03434244e+00
 3.41238095e+00 -6.83464567e+00  4.15064803e+00  1.16860004e+01  9.02386249e+00
 3.41238095e+00 -6.70078740e+00  4.27679748e+00  1.16592384e+01  9.01373787e+00
 3.41238095e+00 -6.56692913e+00  4.40367998e+00  1.16339506e+01  9.00408208e+00
 3.41238095e+00 -6.43307087e+00  4.53119916e+00  1.16103270e+01  8.99488190e+00
 3.41238095e+00 -6.29921260e+00  4.65945113e+00  1.15884295e+01  8.98617028e+00
 3.41238095e+00 -6.16535433e+00  4.78848764e+00  1.15683273e+01  8.97791236e+00
 3.41238095e+00 -6.03149606e+00  4.91825175e+00  1.15501001e+01  8.97000901e+00
 3.41238095e+00 -5.89763780e+00  5.04866222e+00  1.15336985e+01  8.96252100e+00
 3.41238095e+00 -5.76377953e+00  5.17965125e+00  1.15190565e+01  8.95545055e+00
 3.41238095e+00 -5.62992126e+00  5.31116931e+00  1.15061297e+01  8.94864819e+00
 3.41238095e+00 -5.49606299e+00  5.44309921e+00  1.14947665e+01  8.94207573e+00
 3.41238095e+00 -5.36220472e+00  5.57533609e+00  1.14847765e+01  8.93569202e+00
 3.41238095e+00 -5.22834646e+00  5.70783708e+00  1.14759954e+01  8.92938801e+00
 3.41238095e+00 -5.09448819e+00  5.84053851e+00  1.14683724e+01  8.92319471e+00
 3.41238095e+00 -4.96062992e+00  5.97339427e+00  1.14617912e+01  8.91711208e+00
 3.41238095e+00 -4.82677165e+00  6.10639663e+00  1.14559803e+01  8.91100083e+00
 3.41238095e+00 -4.69291339e+00  6.23946203e+00  1.14508866e+01  8.90486098e+00
 3.41238095e+00 -4.55905512e+00  6.37255304e+00  1.14464808e+01  8.89872537e+00
 3.41238095e+00 -4.42519685e+00  6.50575834e+00  1.14426083e+01  8.89256804e+00
 3.41238095e+00 -4.29133858e+00  6.63905383e+00  1.14391881e+01  8.88638770e+00
 3.41238095e+00 -4.15748031e+00  6.77239467e+00  1.14361861e+01  8.88019877e+00
 3.41238095e+00 -4.02362205e+00  6.90580192e+00  1.14335789e+01  8.87401159e+00
 3.41238095e+00 -3.88976378e+00  7.03930990e+00  1.14313238e+01  8.86778452e+00
 3.41238095e+00 -3.75590551e+00  7.17292083e+00  1.14293648e+01  8.86148593e+00
 3.41238095e+00 -3.62204724e+00  7.30658784e+00  1.14276433e+01  8.85513990e+00
 3.41238095e+00 -3.48818898e+00  7.44034865e+00  1.14261346e+01  8.84875245e+00
 3.41238095e+00 -3.35433071e+00  7.57424659e+00  1.14248259e+01  8.84230161e+00
 3.41238095e+00 -3.22047244e+00  7.70827113e+00  1.14236983e+01  8.83574578e+00
 3.41238095e+00 -3.08661417e+00  7.84244866e+00  1.14227262e+01  8.82910651e+00
 3.41238095e+00 -2.95275591e+00  7.97683899e+00  1.14218925e+01  8.82241474e+00
 3.41238095e+00 -2.81889764e+00  8.11151617e+00  1.14211922e+01  8.81565866e+00
 3.41238095e+00 -2.68503937e+00  8.24654800e+00  1.14206127e+01  8.80876830e+00
 3.41238095e+00 -2.55118110e+00  8.38202831e+00  1.14201582e+01  8.80171806e+00
 3.41238095e+00 -2.41732283e+00  8.51807515e+00  1.14198481e+01  8.79456671e+00
 3.41238095e+00 -2.28346457e+00  8.65493010e+00  1.14196888e+01  8.78730379e+00
 3.41238095e+00 -2.14960630e+00  8.79288160e+00  1.14197000e+01  8.77989115e+00
 3.41238095e+00 -2.01574803e+00  8.93234656e+00  1.14199473e+01  8.77230482e+00
 3.41238095e+00 -1.88188976e+00  9.07364797e+00  1.14204244e+01  8.76449915e+00
 3.41238095e+00 -1.74803150e+00  9.21736178e+00  1.14212329e+01  8.75644304e+00
 3.41238095e+00 -1.61417323e+00  9.36350721e+00  1.14222234e+01  8.74803643e+00
 3.41238095e+00 -1.48031496e+00  9.51288558e+00  1.14231979e+01  8.73920755e+00
 3.41238095e+00 -1.34645669e+00  9.66843464e+00  1.14249367e+01  8.73000253e+00
 3.41238095e+00 -1.21259843e+00  9.83272879e+00  1.14276825e+01  8.72023757e+00
 3.41238095e+00 -1.07874016e+00  1.00090154e+01  1.14322085e+01  8.70967892e+00
 3.41238095e+00 -9.44881890e-01  1.02027853e+01  1.14408617e+01  8.69829851e+00
 3.41238095e+00 -8.11023622e-01  1.04195096e+01  1.14561375e+01  8.68561335e+00
 3.41238095e+00 -6.77165354e-01  1.06654477e+01  1.14835885e+01  8.67121237e+00
 3.41238095e+00 -5.43307087e-01  1.09435779e+01  1.15303191e+01  8.65433601e+00
 3.41238095e+00 -4.09448819e-01  1.12473851e+01  1.16064063e+01  8.63537253e+00
 3.41238095e+00 -2.75590551e-01  1.15511923e+01  1.16824935e+01  8.61640905e+00
 3.41238095e+00 -1.41732283e-01  1.18549995e+01  1.17585807e+01  8.59744557e+00
 3.41238095e+00 -7.87401575e-03  1.21588067e+01  1.18346679e+01  8.57848209e+00
 3.41238095e+00  1.25984252e-01  1.24626139e+01  1.19107551e+01  8.55951861e+00
 3.41238095e+00  2.59842520e-01  1.27664211e+01  1.19868423e+01  8.54055513e+00
 3.41238095e+00  3.93700787e-01  1.30702283e+01  1.20629295e+01  8.52159165e+00
 3.41238095e+00  5.27559055e-01  1.33740355e+01  1.21390167e+01  8.50262817e+00
 3.41238095e+00  6.61417323e-01  1.36778427e+01  1.22151039e+01  8.48366469e+00
 3.41238095e+00  7.95275591e-01  1.39816499e+01  1.22911911e+01  8.46470121e+00
 3.41238095e+00  9.29133858e-01  1.42854571e+01  1.23672783e+01  8.44573773e+00
 3.41238095e+00  1.06299213e+00  1.45892643e+01  1.24433655e+01  8.42677425e+00
 3.41238095e+00  1.19685039e+00  1.48930715e+01  1.25194527e+01  8.40781077e+00
 3.41238095e+00  1.33070866e+00  1.51968787e+01  1.25955399e+01  8.38884729e+00
 3.41238095e+00  1.46456693e+00  1.55006859e+01  1.26716271e+01  8.36988381e+00
 3.41238095e+00  1.59842520e+00  1.58044931e+01  1.27477143e+01  8.35092033e+00
 3.41238095e+00  1.73228346e+00  1.61083003e+01  1.28238015e+01  8.33195685e+00
 3.41238095e+00  1.86614173e+00  1.64121075e+01  1.28998887e+01  8.31299337e+00
 3.41238095e+00  2.00000000e+00  1.67159147e+01  1.29759759e+01  8.29402989e+00
 3.49079365e+00 -1.50000000e+01 -3.73947001e+00  1.22469205e+01  9.41842841e+00
 3.49079365e+00 -1.48661417e+01 -3.60585094e+00  1.22460990e+01  9.41506606e+00
 3.49079365e+00 -1.47322835e+01 -3.47207711e+00  1.22452919e+01  9.41169150e+00
 3.49079365e+00 -1.45984252e+01 -3.33821587e+00  1.22445540e+01  9.40832535e+00
 3.49079365e+00 -1.44645669e+01 -3.20433292e+00  1.22439013e+01  9.40496616e+00
 3.49079365e+00 -1.43307087e+01 -3.07039267e+00  1.22432998e+01  9.40157863e+00
 3.49079365e+00 -1.41968504e+01 -2.93627530e+00  1.22428028e+01  9.39823016e+00
 3.49079365e+00 -1.40629921e+01 -2.80196927e+00  1.22424343e+01  9.39491799e+00
 3.49079365e+00 -1.39291339e+01 -2.66755002e+00  1.22421691e+01  9.39156117e+00
 3.49079365e+00 -1.37952756e+01 -2.53287799e+00  1.22420203e+01  9.38819590e+00
 3.49079365e+00 -1.36614173e+01 -2.39785341e+00  1.22419771e+01  9.38484576e+00
 3.49079365e+00 -1.35275591e+01 -2.26246453e+00  1.22420074e+01  9.38148540e+00
 3.49079365e+00 -1.33937008e+01 -2.12657566e+00  1.22421334e+01  9.37807566e+00
 3.49079365e+00 -1.32598425e+01 -1.99042531e+00  1.22423548e+01  9.37462819e+00
 3.49079365e+00 -1.31259843e+01 -1.85507965e+00  1.22426335e+01  9.37119487e+00
 3.49079365e+00 -1.29921260e+01 -1.72093249e+00  1.22429264e+01  9.36774862e+00
 3.49079365e+00 -1.28582677e+01 -1.58703082e+00  1.22432222e+01  9.36427280e+00
 3.49079365e+00 -1.27244094e+01 -1.45303336e+00  1.22435245e+01  9.36078456e+00
 3.49079365e+00 -1.25905512e+01 -1.31908048e+00  1.22438166e+01  9.35723787e+00
 3.49079365e+00 -1.24566929e+01 -1.18522730e+00  1.22440673e+01  9.35361707e+00
 3.49079365e+00 -1.23228346e+01 -1.05144946e+00  1.22442452e+01  9.34992840e+00
 3.49079365e+00 -1.21889764e+01 -9.17639056e-01  1.22443390e+01  9.34614487e+00
 3.49079365e+00 -1.20551181e+01 -7.83875666e-01  1.22443253e+01  9.34227968e+00
 3.49079365e+00 -1.19212598e+01 -6.50277799e-01  1.22441778e+01  9.33836414e+00
 3.49079365e+00 -1.17874016e+01 -5.16675301e-01  1.22438893e+01  9.33438262e+00
 3.49079365e+00 -1.16535433e+01 -3.83073522e-01  1.22434226e+01  9.33030380e+00
 3.49079365e+00 -1.15196850e+01 -2.49595993e-01  1.22427528e+01  9.32611543e+00
 3.49079365e+00 -1.13858268e+01 -1.16233854e-01  1.22419493e+01  9.32186648e+00
 3.49079365e+00 -1.12519685e+01  1.71274436e-02  1.22410375e+01  9.31755105e+00
 3.49079365e+00 -1.11181102e+01  1.50561327e-01  1.22400014e+01  9.31315574e+00
 3.49079365e+00 -1.09842520e+01  2.83890660e-01  1.22388369e+01  9.30876641e+00
 3.49079365e+00 -1.08503937e+01  4.17222588e-01  1.22376108e+01  9.30437204e+00
 3.49079365e+00 -1.07165354e+01  5.50747134e-01  1.22364191e+01  9.29993150e+00
 3.49079365e+00 -1.05826772e+01  6.84263801e-01  1.22353032e+01  9.29553719e+00
 3.49079365e+00 -1.04488189e+01  8.17817347e-01  1.22342806e+01  9.29121057e+00
 3.49079365e+00 -1.03149606e+01  9.51586622e-01  1.22333969e+01  9.28691613e+00
 3.49079365e+00 -1.01811024e+01  1.08551373e+00  1.22327919e+01  9.28264913e+00
 3.49079365e+00 -1.00472441e+01  1.21956467e+00  1.22325245e+01  9.27846663e+00
 3.49079365e+00 -9.91338583e+00  1.35377097e+00  1.22325888e+01  9.27442399e+00
 3.49079365e+00 -9.77952756e+00  1.48820716e+00  1.22329971e+01  9.27047204e+00
 3.49079365e+00 -9.64566929e+00  1.62283715e+00  1.22338580e+01  9.26658803e+00
 3.49079365e+00 -9.51181102e+00  1.75758733e+00  1.22352415e+01  9.26276985e+00
 3.49079365e+00 -9.37795276e+00  1.89246907e+00  1.22369764e+01  9.25899389e+00
 3.49079365e+00 -9.24409449e+00  2.02731669e+00  1.22389184e+01  9.25521909e+00
 3.49079365e+00 -9.11023622e+00  2.16196480e+00  1.22409350e+01  9.25135926e+00
 3.49079365e+00 -8.97637795e+00  2.29647272e+00  1.22428265e+01  9.24725427e+00
 3.49079365e+00 -8.84251969e+00  2.43058710e+00  1.22443100e+01  9.24279940e+00
 3.49079365e+00 -8.70866142e+00  2.56402625e+00  1.22450318e+01  9.23793022e+00
 3.49079365e+00 -8.57480315e+00  2.69680925e+00  1.22445826e+01  9.23257391e+00
 3.49079365e+00 -8.44094488e+00  2.82872795e+00  1.22426515e+01  9.22656863e+00
 3.49079365e+00 -8.30708661e+00  2.95954770e+00  1.22389271e+01  9.21977323e+00
 3.49079365e+00 -8.17322835e+00  3.08925257e+00  1.22329812e+01  9.21217318e+00
 3.49079365e+00 -8.03937008e+00  3.21777238e+00  1.22245642e+01  9.20371780e+00
 3.49079365e+00 -7.90551181e+00  3.34504200e+00  1.22135186e+01  9.19437971e+00
 3.49079365e+00 -7.77165354e+00  3.47112943e+00  1.21996409e+01  9.18425900e+00
 3.49079365e+00 -7.63779528e+00  3.59623163e+00  1.21832102e+01  9.17340736e+00
 3.49079365e+00 -7.50393701e+00  3.72055381e+00  1.21645412e+01  9.16187603e+00
 3.49079365e+00 -7.37007874e+00  3.84398952e+00  1.21424878e+01  9.14996057e+00
 3.49079365e+00 -7.23622047e+00  3.96673503e+00  1.21173820e+01  9.13791984e+00
 3.49079365e+00 -7.10236220e+00  4.08945595e+00  1.20918401e+01  9.12585527e+00
 3.49079365e+00 -6.96850394e+00  4.21224598e+00  1.20658297e+01  9.11373190e+00
 3.49079365e+00 -6.83464567e+00  4.33494741e+00  1.20383248e+01  9.10149871e+00
 3.49079365e+00 -6.70078740e+00  4.45762484e+00  1.20098245e+01  9.08925377e+00
 3.49079365e+00 -6.56692913e+00  4.58035548e+00  1.19807375e+01  9.07707959e+00
 3.49079365e+00 -6.43307087e+00  4.70318356e+00  1.19511019e+01  9.06499974e+00
 3.49079365e+00 -6.29921260e+00  4.82613728e+00  1.19211092e+01  9.05295969e+00
 3.49079365e+00 -6.16535433e+00  4.94925536e+00  1.18910051e+01  9.04094866e+00
 3.49079365e+00 -6.03149606e+00  5.07261191e+00  1.18610075e+01  9.02911224e+00
 3.49079365e+00 -5.89763780e+00  5.19629006e+00  1.18313709e+01  9.01750241e+00
 3.49079365e+00 -5.76377953e+00  5.32038327e+00  1.18023750e+01  9.00610575e+00
 3.49079365e+00 -5.62992126e+00  5.44501326e+00  1.17742721e+01  8.99501754e+00
 3.49079365e+00 -5.49606299e+00  5.57028307e+00  1.17473153e+01  8.98431686e+00
 3.49079365e+00 -5.36220472e+00  5.69625436e+00  1.17217607e+01  8.97401752e+00
 3.49079365e+00 -5.22834646e+00  5.82297106e+00  1.16977962e+01  8.96416972e+00
 3.49079365e+00 -5.09448819e+00  5.95046687e+00  1.16755503e+01  8.95480947e+00
 3.49079365e+00 -4.96062992e+00  6.07876320e+00  1.16550899e+01  8.94588668e+00
 3.49079365e+00 -4.82677165e+00  6.20781236e+00  1.16364514e+01  8.93733633e+00
 3.49079365e+00 -4.69291339e+00  6.33752808e+00  1.16196383e+01  8.92911190e+00
 3.49079365e+00 -4.55905512e+00  6.46786939e+00  1.16046053e+01  8.92123411e+00
 3.49079365e+00 -4.42519685e+00  6.59876093e+00  1.15912210e+01  8.91366283e+00
 3.49079365e+00 -4.29133858e+00  6.73009413e+00  1.15793048e+01  8.90630121e+00
 3.49079365e+00 -4.15748031e+00  6.86180314e+00  1.15687784e+01  8.89911866e+00
 3.49079365e+00 -4.02362205e+00  6.99382650e+00  1.15595438e+01  8.89207298e+00
 3.49079365e+00 -3.88976378e+00  7.12610475e+00  1.15514459e+01  8.88509828e+00
 3.49079365e+00 -3.75590551e+00  7.25862310e+00  1.15443039e+01  8.87816946e+00
 3.49079365e+00 -3.62204724e+00  7.39136500e+00  1.15380068e+01  8.87127992e+00
 3.49079365e+00 -3.48818898e+00  7.52430259e+00  1.15325183e+01  8.86442717e+00
 3.49079365e+00 -3.35433071e+00  7.65743424e+00  1.15277418e+01  8.85759225e+00
 3.49079365e+00 -3.22047244e+00  7.79078997e+00  1.15235733e+01  8.85074934e+00
 3.49079365e+00 -3.08661417e+00  7.92441476e+00  1.15199338e+01  8.84387762e+00
 3.49079365e+00 -2.95275591e+00  8.05828817e+00  1.15167959e+01  8.83699045e+00
 3.49079365e+00 -2.81889764e+00  8.19245002e+00  1.15141054e+01  8.83007841e+00
 3.49079365e+00 -2.68503937e+00  8.32702450e+00  1.15117773e+01  8.82309754e+00
 3.49079365e+00 -2.55118110e+00  8.46209641e+00  1.15098201e+01  8.81603209e+00
 3.49079365e+00 -2.41732283e+00  8.59777575e+00  1.15082331e+01  8.80889569e+00
 3.49079365e+00 -2.28346457e+00  8.73424395e+00  1.15069735e+01  8.80170319e+00
 3.49079365e+00 -2.14960630e+00  8.87176208e+00  1.15059804e+01  8.79436344e+00
 3.49079365e+00 -2.01574803e+00  9.01066534e+00  1.15053087e+01  8.78684006e+00
 3.49079365e+00 -1.88188976e+00  9.15133470e+00  1.15050666e+01  8.77915674e+00
 3.49079365e+00 -1.74803150e+00  9.29441939e+00  1.15052602e+01  8.77130393e+00
 3.49079365e+00 -1.61417323e+00  9.44007710e+00  1.15058084e+01  8.76315039e+00
 3.49079365e+00 -1.48031496e+00  9.58955927e+00  1.15069823e+01  8.75464707e+00
 3.49079365e+00 -1.34645669e+00  9.74418533e+00  1.15087453e+01  8.74574148e+00
 3.49079365e+00 -1.21259843e+00  9.90448809e+00  1.15105286e+01  8.73626850e+00
 3.49079365e+00 -1.07874016e+00  1.00768031e+01  1.15140452e+01  8.72617593e+00
 3.49079365e+00 -9.44881890e-01  1.02669212e+01  1.15219201e+01  8.71533868e+00
 3.49079365e+00 -8.11023622e-01  1.04780233e+01  1.15360373e+01  8.70345013e+00
 3.49079365e+00 -6.77165354e-01  1.07161729e+01  1.15605641e+01  8.69003446e+00
 3.49079365e+00 -5.43307087e-01  1.09847469e+01  1.16017315e+01  8.67460771e+00
 3.49079365e+00 -4.09448819e-01  1.12533209e+01  1.16428989e+01  8.65918096e+00
 3.49079365e+00 -2.75590551e-01  1.15218949e+01  1.16840663e+01  8.64375421e+00
 3.49079365e+00 -1.41732283e-01  1.17904689e+01  1.17252337e+01  8.62832746e+00
 3.49079365e+00 -7.87401575e-03  1.20590429e+01  1.17664011e+01  8.61290071e+00
 3.49079365e+00  1.25984252e-01  1.23276169e+01  1.18075685e+01  8.59747396e+00
 3.49079365e+00  2.59842520e-01  1.25961909e+01  1.18487359e+01  8.58204721e+00
 3.49079365e+00  3.93700787e-01  1.28647649e+01  1.18899033e+01  8.56662046e+00
 3.49079365e+00  5.27559055e-01  1.31333389e+01  1.19310707e+01  8.55119371e+00
 3.49079365e+00  6.61417323e-01  1.34019129e+01  1.19722381e+01  8.53576696e+00
 3.49079365e+00  7.95275591e-01  1.36704869e+01  1.20134055e+01  8.52034021e+00
 3.49079365e+00  9.29133858e-01  1.39390609e+01  1.20545729e+01  8.50491346e+00
 3.49079365e+00  1.06299213e+00  1.42076349e+01  1.20957403e+01  8.48948671e+00
 3.49079365e+00  1.19685039e+00  1.44762089e+01  1.21369077e+01  8.47405996e+00
 3.49079365e+00  1.33070866e+00  1.47447829e+01  1.21780751e+01  8.45863321e+00
 3.49079365e+00  1.46456693e+00  1.50133569e+01  1.22192425e+01  8.44320646e+00
 3.49079365e+00  1.59842520e+00  1.52819309e+01  1.22604099e+01  8.42777971e+00
 3.49079365e+00  1.73228346e+00  1.55505049e+01  1.23015773e+01  8.41235296e+00
 3.49079365e+00  1.86614173e+00  1.58190789e+01  1.23427447e+01  8.39692621e+00
 3.49079365e+00  2.00000000e+00  1.60876529e+01  1.23839121e+01  8.38149946e+00
 3.56920635e+00 -1.50000000e+01 -3.66316421e+00  1.22487755e+01  9.41918436e+00
 3.56920635e+00 -1.48661417e+01 -3.52842211e+00  1.22506205e+01  9.41659368e+00
 3.56920635e+00 -1.47322835e+01 -3.39380367e+00  1.22523582e+01  9.41390624e+00
 3.56920635e+00 -1.45984252e+01 -3.25925642e+00  1.22540396e+01  9.41114573e+00
 3.56920635e+00 -1.44645669e+01 -3.12476468e+00  1.22555421e+01  9.40824024e+00
 3.56920635e+00 -1.43307087e+01 -2.99030304e+00  1.22568290e+01  9.40519538e+00
 3.56920635e+00 -1.41968504e+01 -2.85584530e+00  1.22579423e+01  9.40207907e+00
 3.56920635e+00 -1.40629921e+01 -2.72141209e+00  1.22588353e+01  9.39888643e+00
 3.56920635e+00 -1.39291339e+01 -2.58698578e+00  1.22595008e+01  9.39558387e+00
 3.56920635e+00 -1.37952756e+01 -2.45247688e+00  1.22599493e+01  9.39215351e+00
 3.56920635e+00 -1.36614173e+01 -2.31770683e+00  1.22601127e+01  9.38865267e+00
 3.56920635e+00 -1.35275591e+01 -2.18261106e+00  1.22600465e+01  9.38508404e+00
 3.56920635e+00 -1.33937008e+01 -2.04713037e+00  1.22598569e+01  9.38141022e+00
 3.56920635e+00 -1.32598425e+01 -1.91126363e+00  1.22595016e+01  9.37763883e+00
 3.56920635e+00 -1.31259843e+01 -1.77612619e+00  1.22589794e+01  9.37385719e+00
 3.56920635e+00 -1.29921260e+01 -1.64222446e+00  1.22583535e+01  9.37011763e+00
 3.56920635e+00 -1.28582677e+01 -1.50866211e+00  1.22577204e+01  9.36633643e+00
 3.56920635e+00 -1.27244094e+01 -1.37510146e+00  1.22570688e+01  9.36252659e+00
 3.56920635e+00 -1.25905512e+01 -1.24153401e+00  1.22563676e+01  9.35874141e+00
 3.56920635e+00 -1.24566929e+01 -1.10790240e+00  1.22556958e+01  9.35496765e+00
 3.56920635e+00 -1.23228346e+01 -9.74240380e-01  1.22550680e+01  9.35117388e+00
 3.56920635e+00 -1.21889764e+01 -8.40579520e-01  1.22544758e+01  9.34734599e+00
 3.56920635e+00 -1.20551181e+01 -7.06820155e-01  1.22539652e+01  9.34351838e+00
 3.56920635e+00 -1.19212598e+01 -5.73011258e-01  1.22535439e+01  9.33970405e+00
 3.56920635e+00 -1.17874016e+01 -4.39226238e-01  1.22532016e+01  9.33590215e+00
 3.56920635e+00 -1.16535433e+01 -3.05379165e-01  1.22529525e+01  9.33211500e+00
 3.56920635e+00 -1.15196850e+01 -1.71463405e-01  1.22528128e+01  9.32830835e+00
 3.56920635e+00 -1.13858268e+01 -3.75283051e-02  1.22527758e+01  9.32445181e+00
 3.56920635e+00 -1.12519685e+01  9.63906604e-02  1.22527949e+01  9.32057117e+00
 3.56920635e+00 -1.11181102e+01  2.30327483e-01  1.22528780e+01  9.31670949e+00
 3.56920635e+00 -1.09842520e+01  3.64301060e-01  1.22530320e+01  9.31285328e+00
 3.56920635e+00 -1.08503937e+01  4.98233535e-01  1.22531978e+01  9.30888021e+00
 3.56920635e+00 -1.07165354e+01  6.32162287e-01  1.22533684e+01  9.30483970e+00
 3.56920635e+00 -1.05826772e+01  7.66112789e-01  1.22535461e+01  9.30079614e+00
 3.56920635e+00 -1.04488189e+01  8.99966312e-01  1.22536868e+01  9.29665732e+00
 3.56920635e+00 -1.03149606e+01  1.03374471e+00  1.22537607e+01  9.29244003e+00
 3.56920635e+00 -1.01811024e+01  1.16750510e+00  1.22537557e+01  9.28818149e+00
 3.56920635e+00 -1.00472441e+01  1.30121699e+00  1.22536685e+01  9.28383235e+00
 3.56920635e+00 -9.91338583e+00  1.43487046e+00  1.22534374e+01  9.27935879e+00
 3.56920635e+00 -9.77952756e+00  1.56846143e+00  1.22530323e+01  9.27477294e+00
 3.56920635e+00 -9.64566929e+00  1.70197149e+00  1.22525260e+01  9.27014097e+00
 3.56920635e+00 -9.51181102e+00  1.83541446e+00  1.22518877e+01  9.26546584e+00
 3.56920635e+00 -9.37795276e+00  1.96882856e+00  1.22510796e+01  9.26070688e+00
 3.56920635e+00 -9.24409449e+00  2.10225723e+00  1.22501590e+01  9.25582179e+00
 3.56920635e+00 -9.11023622e+00  2.23567292e+00  1.22491961e+01  9.25089417e+00
 3.56920635e+00 -8.97637795e+00  2.36908074e+00  1.22482508e+01  9.24600147e+00
 3.56920635e+00 -8.84251969e+00  2.50260070e+00  1.22473612e+01  9.24110148e+00
 3.56920635e+00 -8.70866142e+00  2.63626723e+00  1.22465572e+01  9.23620621e+00
 3.56920635e+00 -8.57480315e+00  2.77003846e+00  1.22458801e+01  9.23134955e+00
 3.56920635e+00 -8.44094488e+00  2.90384485e+00  1.22453968e+01  9.22654356e+00
 3.56920635e+00 -8.30708661e+00  3.03779703e+00  1.22451723e+01  9.22179359e+00
 3.56920635e+00 -8.17322835e+00  3.17197887e+00  1.22452453e+01  9.21709149e+00
 3.56920635e+00 -8.03937008e+00  3.30626990e+00  1.22455994e+01  9.21240899e+00
 3.56920635e+00 -7.90551181e+00  3.44056658e+00  1.22461520e+01  9.20772111e+00
 3.56920635e+00 -7.77165354e+00  3.57480955e+00  1.22468198e+01  9.20298811e+00
 3.56920635e+00 -7.63779528e+00  3.70894616e+00  1.22475074e+01  9.19813236e+00
 3.56920635e+00 -7.50393701e+00  3.84266520e+00  1.22477115e+01  9.19301600e+00
 3.56920635e+00 -7.37007874e+00  3.97578397e+00  1.22470936e+01  9.18756967e+00
 3.56920635e+00 -7.23622047e+00  4.10842589e+00  1.22457555e+01  9.18182534e+00
 3.56920635e+00 -7.10236220e+00  4.24024979e+00  1.22431804e+01  9.17553140e+00
 3.56920635e+00 -6.96850394e+00  4.37092903e+00  1.22387883e+01  9.16847326e+00
 3.56920635e+00 -6.83464567e+00  4.50047130e+00  1.22323211e+01  9.16067738e+00
 3.56920635e+00 -6.70078740e+00  4.62879222e+00  1.22234640e+01  9.15209947e+00
 3.56920635e+00 -6.56692913e+00  4.75582303e+00  1.22119888e+01  9.14271060e+00
 3.56920635e+00 -6.43307087e+00  4.88163432e+00  1.21979041e+01  9.13259005e+00
 3.56920635e+00 -6.29921260e+00  5.00634481e+00  1.21812647e+01  9.12178238e+00
 3.56920635e+00 -6.16535433e+00  5.13011436e+00  1.21621708e+01  9.11034660e+00
 3.56920635e+00 -6.03149606e+00  5.25317587e+00  1.21408417e+01  9.09850394e+00
 3.56920635e+00 -5.89763780e+00  5.37571571e+00  1.21175712e+01  9.08639847e+00
 3.56920635e+00 -5.76377953e+00  5.49786101e+00  1.20927078e+01  9.07405237e+00
 3.56920635e+00 -5.62992126e+00  5.61979862e+00  1.20665299e+01  9.06154478e+00
 3.56920635e+00 -5.49606299e+00  5.74168950e+00  1.20392885e+01  9.04898253e+00
 3.56920635e+00 -5.36220472e+00  5.86356946e+00  1.20112576e+01  9.03646673e+00
 3.56920635e+00 -5.22834646e+00  5.98552793e+00  1.19827087e+01  9.02403799e+00
 3.56920635e+00 -5.09448819e+00  6.10771309e+00  1.19539143e+01  9.01169424e+00
 3.56920635e+00 -4.96062992e+00  6.23022004e+00  1.19251914e+01  8.99950741e+00
 3.56920635e+00 -4.82677165e+00  6.35313682e+00  1.18968308e+01  8.98755726e+00
 3.56920635e+00 -4.69291339e+00  6.47657470e+00  1.18690502e+01  8.97588573e+00
 3.56920635e+00 -4.55905512e+00  6.60062182e+00  1.18421620e+01  8.96453303e+00
 3.56920635e+00 -4.42519685e+00  6.72535879e+00  1.18165089e+01  8.95354948e+00
 3.56920635e+00 -4.29133858e+00  6.85090724e+00  1.17922547e+01  8.94301661e+00
 3.56920635e+00 -4.15748031e+00  6.97731220e+00  1.17695353e+01  8.93294061e+00
 3.56920635e+00 -4.02362205e+00  7.10451056e+00  1.17484969e+01  8.92323151e+00
 3.56920635e+00 -3.88976378e+00  7.23249371e+00  1.17292430e+01  8.91390400e+00
 3.56920635e+00 -3.75590551e+00  7.36126334e+00  1.17117792e+01  8.90497134e+00
 3.56920635e+00 -3.62204724e+00  7.49078259e+00  1.16959658e+01  8.89635249e+00
 3.56920635e+00 -3.48818898e+00  7.62095472e+00  1.16817748e+01  8.88800061e+00
 3.56920635e+00 -3.35433071e+00  7.75167894e+00  1.16691755e+01  8.87987849e+00
 3.56920635e+00 -3.22047244e+00  7.88293064e+00  1.16579544e+01  8.87190941e+00
 3.56920635e+00 -3.08661417e+00  8.01467729e+00  1.16480103e+01  8.86406384e+00
 3.56920635e+00 -2.95275591e+00  8.14689800e+00  1.16392963e+01  8.85634718e+00
 3.56920635e+00 -2.81889764e+00  8.27964809e+00  1.16316403e+01  8.84875198e+00
 3.56920635e+00 -2.68503937e+00  8.41295268e+00  1.16249128e+01  8.84121814e+00
 3.56920635e+00 -2.55118110e+00  8.54684134e+00  1.16190494e+01  8.83367799e+00
 3.56920635e+00 -2.41732283e+00  8.68146860e+00  1.16140262e+01  8.82615762e+00
 3.56920635e+00 -2.28346457e+00  8.81699726e+00  1.16097462e+01  8.81863135e+00
 3.56920635e+00 -2.14960630e+00  8.95360867e+00  1.16061128e+01  8.81103859e+00
 3.56920635e+00 -2.01574803e+00  9.09157853e+00  1.16031957e+01  8.80337215e+00
 3.56920635e+00 -1.88188976e+00  9.23131215e+00  1.16009436e+01  8.79560959e+00
 3.56920635e+00 -1.74803150e+00  9.37333416e+00  1.15993046e+01  8.78771060e+00
 3.56920635e+00 -1.61417323e+00  9.51826740e+00  1.15984303e+01  8.77962450e+00
 3.56920635e+00 -1.48031496e+00  9.66674669e+00  1.15983598e+01  8.77123702e+00
 3.56920635e+00 -1.34645669e+00  9.81891355e+00  1.15988534e+01  8.76246010e+00
 3.56920635e+00 -1.21259843e+00  9.97538066e+00  1.15992087e+01  8.75317930e+00
 3.56920635e+00 -1.07874016e+00  1.01450734e+01  1.16016780e+01  8.74340209e+00
 3.56920635e+00 -9.44881890e-01  1.03320627e+01  1.16086534e+01  8.73307668e+00
 3.56920635e+00 -8.11023622e-01  1.05379346e+01  1.16209734e+01  8.72178349e+00
 3.56920635e+00 -6.77165354e-01  1.07682847e+01  1.16423457e+01  8.70925439e+00
 3.56920635e+00 -5.43307087e-01  1.10291492e+01  1.16783549e+01  8.69510548e+00
 3.56920635e+00 -4.09448819e-01  1.13078327e+01  1.17360544e+01  8.67868563e+00
 3.56920635e+00 -2.75590551e-01  1.20358228e+01  1.19288651e+01  8.65933527e+00
 3.56920635e+00 -1.41732283e-01  1.28255974e+01  1.21979979e+01  8.63520552e+00
 3.56920635e+00 -7.87401575e-03  1.35769112e+01  1.24868044e+01  8.60338982e+00
 3.56920635e+00  1.25984252e-01  1.43282250e+01  1.27756109e+01  8.57157412e+00
 3.56920635e+00  2.59842520e-01  1.50795388e+01  1.30644174e+01  8.53975842e+00
 3.56920635e+00  3.93700787e-01  1.58308526e+01  1.33532239e+01  8.50794272e+00
 3.56920635e+00  5.27559055e-01  1.65821664e+01  1.36420304e+01  8.47612702e+00
 3.56920635e+00  6.61417323e-01  1.73334802e+01  1.39308369e+01  8.44431132e+00
 3.56920635e+00  7.95275591e-01  1.80847940e+01  1.42196434e+01  8.41249562e+00
 3.56920635e+00  9.29133858e-01  1.88361078e+01  1.45084499e+01  8.38067992e+00
 3.56920635e+00  1.06299213e+00  1.95874216e+01  1.47972564e+01  8.34886422e+00
 3.56920635e+00  1.19685039e+00  2.03387354e+01  1.50860629e+01  8.31704852e+00
 3.56920635e+00  1.33070866e+00  2.10900492e+01  1.53748694e+01  8.28523282e+00
 3.56920635e+00  1.46456693e+00  2.18413630e+01  1.56636759e+01  8.25341712e+00
 3.56920635e+00  1.59842520e+00  2.25926768e+01  1.59524824e+01  8.22160142e+00
 3.56920635e+00  1.73228346e+00  2.33439906e+01  1.62412889e+01  8.18978572e+00
 3.56920635e+00  1.86614173e+00  2.40953044e+01  1.65300954e+01  8.15797002e+00
 3.56920635e+00  2.00000000e+00  2.48466182e+01  1.68189019e+01  8.12615432e+00
 3.64761905e+00 -1.50000000e+01 -3.57182848e+00  1.23491221e+01  9.43404011e+00
 3.64761905e+00 -1.48661417e+01 -3.44176527e+00  1.23363737e+01  9.42794848e+00
 3.64761905e+00 -1.47322835e+01 -3.31120704e+00  1.23246037e+01  9.42213497e+00
 3.64761905e+00 -1.45984252e+01 -3.18009207e+00  1.23139430e+01  9.41664558e+00
 3.64761905e+00 -1.44645669e+01 -3.04840398e+00  1.23044612e+01  9.41155789e+00
 3.64761905e+00 -1.43307087e+01 -2.91617363e+00  1.22960037e+01  9.40675126e+00
 3.64761905e+00 -1.41968504e+01 -2.78347341e+00  1.22886222e+01  9.40221233e+00
 3.64761905e+00 -1.40629921e+01 -2.65033800e+00  1.22824550e+01  9.39799968e+00
 3.64761905e+00 -1.39291339e+01 -2.51663299e+00  1.22774041e+01  9.39409317e+00
 3.64761905e+00 -1.37952756e+01 -2.38226053e+00  1.22733686e+01  9.39044380e+00
 3.64761905e+00 -1.36614173e+01 -2.24723948e+00  1.22702756e+01  9.38698669e+00
 3.64761905e+00 -1.35275591e+01 -2.11175076e+00  1.22680546e+01  9.38365039e+00
 3.64761905e+00 -1.33937008e+01 -1.97560700e+00  1.22666352e+01  9.38042449e+00
 3.64761905e+00 -1.32598425e+01 -1.83860153e+00  1.22659403e+01  9.37731223e+00
 3.64761905e+00 -1.31259843e+01 -1.70202187e+00  1.22658511e+01  9.37426612e+00
 3.64761905e+00 -1.29921260e+01 -1.56683263e+00  1.22661774e+01  9.37125060e+00
 3.64761905e+00 -1.28582677e+01 -1.43229122e+00  1.22667689e+01  9.36819658e+00
 3.64761905e+00 -1.27244094e+01 -1.29779739e+00  1.22675925e+01  9.36502675e+00
 3.64761905e+00 -1.25905512e+01 -1.16337615e+00  1.22685476e+01  9.36183059e+00
 3.64761905e+00 -1.24566929e+01 -1.02900832e+00  1.22695233e+01  9.35864951e+00
 3.64761905e+00 -1.23228346e+01 -8.94782935e-01  1.22704648e+01  9.35532290e+00
 3.64761905e+00 -1.21889764e+01 -7.60618153e-01  1.22713425e+01  9.35185113e+00
 3.64761905e+00 -1.20551181e+01 -6.26476717e-01  1.22721255e+01  9.34828328e+00
 3.64761905e+00 -1.19212598e+01 -4.92511160e-01  1.22727671e+01  9.34461109e+00
 3.64761905e+00 -1.17874016e+01 -3.58679290e-01  1.22732261e+01  9.34086964e+00
 3.64761905e+00 -1.16535433e+01 -2.24889980e-01  1.22735002e+01  9.33706235e+00
 3.64761905e+00 -1.15196850e+01 -9.11377643e-02  1.22736314e+01  9.33312175e+00
 3.64761905e+00 -1.13858268e+01  4.25171881e-02  1.22735644e+01  9.32909786e+00
 3.64761905e+00 -1.12519685e+01  1.76076305e-01  1.22733117e+01  9.32504921e+00
 3.64761905e+00 -1.11181102e+01  3.09661219e-01  1.22730292e+01  9.32095951e+00
 3.64761905e+00 -1.09842520e+01  4.43268986e-01  1.22726307e+01  9.31680042e+00
 3.64761905e+00 -1.08503937e+01  5.76871820e-01  1.22720701e+01  9.31258496e+00
 3.64761905e+00 -1.07165354e+01  7.10488099e-01  1.22715167e+01  9.30838028e+00
 3.64761905e+00 -1.05826772e+01  8.44095562e-01  1.22710057e+01  9.30415436e+00
 3.64761905e+00 -1.04488189e+01  9.77705380e-01  1.22705126e+01  9.29987596e+00
 3.64761905e+00 -1.03149606e+01  1.11139502e+00  1.22700241e+01  9.29558221e+00
 3.64761905e+00 -1.01811024e+01  1.24514248e+00  1.22695470e+01  9.29130524e+00
 3.64761905e+00 -1.00472441e+01  1.37889636e+00  1.22691215e+01  9.28704267e+00
 3.64761905e+00 -9.91338583e+00  1.51264391e+00  1.22688141e+01  9.28275143e+00
 3.64761905e+00 -9.77952756e+00  1.64648000e+00  1.22686087e+01  9.27842148e+00
 3.64761905e+00 -9.64566929e+00  1.78042060e+00  1.22684438e+01  9.27406252e+00
 3.64761905e+00 -9.51181102e+00  1.91432370e+00  1.22682668e+01  9.26968557e+00
 3.64761905e+00 -9.37795276e+00  2.04818781e+00  1.22681813e+01  9.26526259e+00
 3.64761905e+00 -9.24409449e+00  2.18206818e+00  1.22682263e+01  9.26078894e+00
 3.64761905e+00 -9.11023622e+00  2.31599468e+00  1.22682773e+01  9.25630209e+00
 3.64761905e+00 -8.97637795e+00  2.44987290e+00  1.22683169e+01  9.25175952e+00
 3.64761905e+00 -8.84251969e+00  2.58369256e+00  1.22683526e+01  9.24713332e+00
 3.64761905e+00 -8.70866142e+00  2.71757361e+00  1.22683582e+01  9.24244684e+00
 3.64761905e+00 -8.57480315e+00  2.85134956e+00  1.22682745e+01  9.23765503e+00
 3.64761905e+00 -8.44094488e+00  2.98496553e+00  1.22680878e+01  9.23274316e+00
 3.64761905e+00 -8.30708661e+00  3.11861332e+00  1.22678382e+01  9.22776439e+00
 3.64761905e+00 -8.17322835e+00  3.25222173e+00  1.22674465e+01  9.22273088e+00
 3.64761905e+00 -8.03937008e+00  3.38572098e+00  1.22669065e+01  9.21761191e+00
 3.64761905e+00 -7.90551181e+00  3.51917177e+00  1.22663282e+01  9.21235673e+00
 3.64761905e+00 -7.77165354e+00  3.65262255e+00  1.22656224e+01  9.20700137e+00
 3.64761905e+00 -7.63779528e+00  3.78611955e+00  1.22647842e+01  9.20162393e+00
 3.64761905e+00 -7.50393701e+00  3.91969921e+00  1.22639843e+01  9.19629736e+00
 3.64761905e+00 -7.37007874e+00  4.05330735e+00  1.22632261e+01  9.19098373e+00
 3.64761905e+00 -7.23622047e+00  4.18689742e+00  1.22624807e+01  9.18564470e+00
 3.64761905e+00 -7.10236220e+00  4.32048451e+00  1.22617752e+01  9.18029354e+00
 3.64761905e+00 -6.96850394e+00  4.45414213e+00  1.22612268e+01  9.17495655e+00
 3.64761905e+00 -6.83464567e+00  4.58788927e+00  1.22608272e+01  9.16961203e+00
 3.64761905e+00 -6.70078740e+00  4.72164429e+00  1.22603992e+01  9.16418972e+00
 3.64761905e+00 -6.56692913e+00  4.85528923e+00  1.22599214e+01  9.15870600e+00
 3.64761905e+00 -6.43307087e+00  4.98870152e+00  1.22592586e+01  9.15309637e+00
 3.64761905e+00 -6.29921260e+00  5.12175474e+00  1.22580766e+01  9.14718352e+00
 3.64761905e+00 -6.16535433e+00  5.25426761e+00  1.22560955e+01  9.14090718e+00
 3.64761905e+00 -6.03149606e+00  5.38600249e+00  1.22529901e+01  9.13418688e+00
 3.64761905e+00 -5.89763780e+00  5.51670187e+00  1.22483580e+01  9.12687853e+00
 3.64761905e+00 -5.76377953e+00  5.64624549e+00  1.22418072e+01  9.11889757e+00
 3.64761905e+00 -5.62992126e+00  5.77456254e+00  1.22330243e+01  9.11018708e+00
 3.64761905e+00 -5.49606299e+00  5.90159195e+00  1.22218162e+01  9.10070811e+00
 3.64761905e+00 -5.36220472e+00  6.02731719e+00  1.22081311e+01  9.09049101e+00
 3.64761905e+00 -5.22834646e+00  6.15181788e+00  1.21919966e+01  9.07961711e+00
 3.64761905e+00 -5.09448819e+00  6.27532318e+00  1.21734860e+01  9.06820855e+00
 3.64761905e+00 -4.96062992e+00  6.39802946e+00  1.21528132e+01  9.05636302e+00
 3.64761905e+00 -4.82677165e+00  6.52009835e+00  1.21302942e+01  9.04416271e+00
 3.64761905e+00 -4.69291339e+00  6.64169854e+00  1.21062638e+01  9.03171270e+00
 3.64761905e+00 -4.55905512e+00  6.76303390e+00  1.20810426e+01  9.01914109e+00
 3.64761905e+00 -4.42519685e+00  6.88434904e+00  1.20549303e+01  9.00659322e+00
 3.64761905e+00 -4.29133858e+00  7.00576651e+00  1.20282556e+01  8.99411545e+00
 3.64761905e+00 -4.15748031e+00  7.12736872e+00  1.20013664e+01  8.98171570e+00
 3.64761905e+00 -4.02362205e+00  7.24935923e+00  1.19746051e+01  8.96947501e+00
 3.64761905e+00 -3.88976378e+00  7.37190083e+00  1.19482716e+01  8.95749096e+00
 3.64761905e+00 -3.75590551e+00  7.49506905e+00  1.19226222e+01  8.94585104e+00
 3.64761905e+00 -3.62204724e+00  7.61895899e+00  1.18979779e+01  8.93455601e+00
 3.64761905e+00 -3.48818898e+00  7.74367410e+00  1.18746221e+01  8.92359792e+00
 3.64761905e+00 -3.35433071e+00  7.86929771e+00  1.18526609e+01  8.91305166e+00
 3.64761905e+00 -3.22047244e+00  7.99585361e+00  1.18322312e+01  8.90291073e+00
 3.64761905e+00 -3.08661417e+00  8.12332086e+00  1.18134823e+01  8.89309979e+00
 3.64761905e+00 -2.95275591e+00  8.25170755e+00  1.17963985e+01  8.88362087e+00
 3.64761905e+00 -2.81889764e+00  8.38101442e+00  1.17809206e+01  8.87444876e+00
 3.64761905e+00 -2.68503937e+00  8.51122923e+00  1.17669922e+01  8.86550328e+00
 3.64761905e+00 -2.55118110e+00  8.64240270e+00  1.17545559e+01  8.85677689e+00
 3.64761905e+00 -2.41732283e+00  8.77459738e+00  1.17435382e+01  8.84825405e+00
 3.64761905e+00 -2.28346457e+00  8.90787311e+00  1.17338403e+01  8.83985988e+00
 3.64761905e+00 -2.14960630e+00  9.04243040e+00  1.17253787e+01  8.83154209e+00
 3.64761905e+00 -2.01574803e+00  9.17853704e+00  1.17181003e+01  8.82326002e+00
 3.64761905e+00 -1.88188976e+00  9.31647827e+00  1.17119760e+01  8.81497461e+00
 3.64761905e+00 -1.74803150e+00  9.45671238e+00  1.17069238e+01  8.80667550e+00
 3.64761905e+00 -1.61417323e+00  9.59982531e+00  1.17029606e+01  8.79830027e+00
 3.64761905e+00 -1.48031496e+00  9.74656507e+00  1.17002144e+01  8.78973505e+00
 3.64761905e+00 -1.34645669e+00  9.89621879e+00  1.16982400e+01  8.78091363e+00
 3.64761905e+00 -1.21259843e+00  1.00505708e+01  1.16969088e+01  8.77169051e+00
 3.64761905e+00 -1.07874016e+00  1.02175151e+01  1.16976388e+01  8.76202894e+00
 3.64761905e+00 -9.44881890e-01  1.03999947e+01  1.17021914e+01  8.75195424e+00
 3.64761905e+00 -8.11023622e-01  1.05999399e+01  1.17117596e+01  8.74105411e+00
 3.64761905e+00 -6.77165354e-01  1.08225263e+01  1.17294127e+01  8.72909897e+00
 3.64761905e+00 -5.43307087e-01  1.10733885e+01  1.17595232e+01  8.71572975e+00
 3.64761905e+00 -4.09448819e-01  1.13549825e+01  1.18104686e+01  8.70046025e+00
 3.64761905e+00 -2.75590551e-01  1.16314409e+01  1.18840203e+01  8.68245509e+00
 3.64761905e+00 -1.41732283e-01  1.19092162e+01  1.19851467e+01  8.66261313e+00
 3.64761905e+00 -7.87401575e-03  1.21762287e+01  1.21064845e+01  8.64148108e+00
 3.64761905e+00  1.25984252e-01  1.24306525e+01  1.22417600e+01  8.61895455e+00
 3.64761905e+00  2.59842520e-01  1.26773924e+01  1.23882167e+01  8.59446705e+00
 3.64761905e+00  3.93700787e-01  1.29202894e+01  1.25420831e+01  8.56773701e+00
 3.64761905e+00  5.27559055e-01  1.31594453e+01  1.26986921e+01  8.53832330e+00
 3.64761905e+00  6.61417323e-01  1.34016780e+01  1.28546913e+01  8.50608274e+00
 3.64761905e+00  7.95275591e-01  1.36439107e+01  1.30106905e+01  8.47384218e+00
 3.64761905e+00  9.29133858e-01  1.38861434e+01  1.31666897e+01  8.44160162e+00
 3.64761905e+00  1.06299213e+00  1.41283761e+01  1.33226889e+01  8.40936106e+00
 3.64761905e+00  1.19685039e+00  1.43706088e+01  1.34786881e+01  8.37712050e+00
 3.64761905e+00  1.33070866e+00  1.46128415e+01  1.36346873e+01  8.34487994e+00
 3.64761905e+00  1.46456693e+00  1.48550742e+01  1.37906865e+01  8.31263938e+00
 3.64761905e+00  1.59842520e+00  1.50973069e+01  1.39466857e+01  8.28039882e+00
 3.64761905e+00  1.73228346e+00  1.53395396e+01  1.41026849e+01  8.24815826e+00
 3.64761905e+00  1.86614173e+00  1.55817723e+01  1.42586841e+01  8.21591770e+00
 3.64761905e+00  2.00000000e+00  1.58240050e+01  1.44146833e+01  8.18367714e+00
 3.72603175e+00 -1.50000000e+01 -3.37591863e+00  1.27065232e+01  9.52780158e+00
 3.72603175e+00 -1.48661417e+01 -3.24944529e+00  1.26834500e+01  9.51868720e+00
 3.72603175e+00 -1.47322835e+01 -3.12256949e+00  1.26613674e+01  9.50985131e+00
 3.72603175e+00 -1.45984252e+01 -2.99544229e+00  1.26401404e+01  9.50126103e+00
 3.72603175e+00 -1.44645669e+01 -2.86815039e+00  1.26195108e+01  9.49282529e+00
 3.72603175e+00 -1.43307087e+01 -2.74076307e+00  1.25994650e+01  9.48436207e+00
 3.72603175e+00 -1.41968504e+01 -2.61334867e+00  1.25798687e+01  9.47580295e+00
 3.72603175e+00 -1.40629921e+01 -2.48595853e+00  1.25604413e+01  9.46720710e+00
 3.72603175e+00 -1.39291339e+01 -2.35853975e+00  1.25411477e+01  9.45852899e+00
 3.72603175e+00 -1.37952756e+01 -2.23100378e+00  1.25219678e+01  9.44973343e+00
 3.72603175e+00 -1.36614173e+01 -2.10324684e+00  1.25028005e+01  9.44086680e+00
 3.72603175e+00 -1.35275591e+01 -1.97504620e+00  1.24838253e+01  9.43202221e+00
 3.72603175e+00 -1.33937008e+01 -1.84611345e+00  1.24652570e+01  9.42330155e+00
 3.72603175e+00 -1.32598425e+01 -1.71647920e+00  1.24471076e+01  9.41479857e+00
 3.72603175e+00 -1.31259843e+01 -1.58693469e+00  1.24295575e+01  9.40660218e+00
 3.72603175e+00 -1.29921260e+01 -1.45808905e+00  1.24128659e+01  9.39875792e+00
 3.72603175e+00 -1.28582677e+01 -1.32931945e+00  1.23972499e+01  9.39126140e+00
 3.72603175e+00 -1.27244094e+01 -1.19999940e+00  1.23826786e+01  9.38413948e+00
 3.72603175e+00 -1.25905512e+01 -1.07025475e+00  1.23690435e+01  9.37745833e+00
 3.72603175e+00 -1.24566929e+01 -9.39954830e-01  1.23565286e+01  9.37117172e+00
 3.72603175e+00 -1.23228346e+01 -8.09088157e-01  1.23452496e+01  9.36520122e+00
 3.72603175e+00 -1.21889764e+01 -6.77768611e-01  1.23351639e+01  9.35949147e+00
 3.72603175e+00 -1.20551181e+01 -5.45907158e-01  1.23262933e+01  9.35414212e+00
 3.72603175e+00 -1.19212598e+01 -4.13534907e-01  1.23186607e+01  9.34919293e+00
 3.72603175e+00 -1.17874016e+01 -2.80862600e-01  1.23122366e+01  9.34454795e+00
 3.72603175e+00 -1.16535433e+01 -1.47759024e-01  1.23069094e+01  9.34014237e+00
 3.72603175e+00 -1.15196850e+01 -1.42263358e-02  1.23025874e+01  9.33593886e+00
 3.72603175e+00 -1.13858268e+01  1.19446365e-01  1.22992270e+01  9.33190730e+00
 3.72603175e+00 -1.12519685e+01  2.53294672e-01  1.22967640e+01  9.32797080e+00
 3.72603175e+00 -1.11181102e+01  3.87373846e-01  1.22950190e+01  9.32407968e+00
 3.72603175e+00 -1.09842520e+01  5.21588988e-01  1.22937184e+01  9.32023461e+00
 3.72603175e+00 -1.08503937e+01  6.55757619e-01  1.22928528e+01  9.31640396e+00
 3.72603175e+00 -1.07165354e+01  7.89828422e-01  1.22923971e+01  9.31256455e+00
 3.72603175e+00 -1.05826772e+01  9.23921259e-01  1.22922008e+01  9.30870119e+00
 3.72603175e+00 -1.04488189e+01  1.05803675e+00  1.22921408e+01  9.30471565e+00
 3.72603175e+00 -1.03149606e+01  1.19209846e+00  1.22921101e+01  9.30061311e+00
 3.72603175e+00 -1.01811024e+01  1.32601374e+00  1.22920376e+01  9.29650957e+00
 3.72603175e+00 -1.00472441e+01  1.45981402e+00  1.22919877e+01  9.29231662e+00
 3.72603175e+00 -9.91338583e+00  1.59355556e+00  1.22919492e+01  9.28799021e+00
 3.72603175e+00 -9.77952756e+00  1.72727488e+00  1.22917995e+01  9.28359121e+00
 3.72603175e+00 -9.64566929e+00  1.86098339e+00  1.22915132e+01  9.27909879e+00
 3.72603175e+00 -9.51181102e+00  1.99466526e+00  1.22911279e+01  9.27453456e+00
 3.72603175e+00 -9.37795276e+00  2.12829178e+00  1.22907066e+01  9.26997176e+00
 3.72603175e+00 -9.24409449e+00  2.26187856e+00  1.22902640e+01  9.26537430e+00
 3.72603175e+00 -9.11023622e+00  2.39546260e+00  1.22897871e+01  9.26069772e+00
 3.72603175e+00 -8.97637795e+00  2.52907658e+00  1.22892641e+01  9.25595014e+00
 3.72603175e+00 -8.84251969e+00  2.66269393e+00  1.22887498e+01  9.25125127e+00
 3.72603175e+00 -8.70866142e+00  2.79633252e+00  1.22882635e+01  9.24655973e+00
 3.72603175e+00 -8.57480315e+00  2.93005616e+00  1.22877885e+01  9.24170162e+00
 3.72603175e+00 -8.44094488e+00  3.06384028e+00  1.22874043e+01  9.23682301e+00
 3.72603175e+00 -8.30708661e+00  3.19761809e+00  1.22871046e+01  9.23198932e+00
 3.72603175e+00 -8.17322835e+00  3.33134171e+00  1.22868068e+01  9.22711135e+00
 3.72603175e+00 -8.03937008e+00  3.46511551e+00  1.22865999e+01  9.22220894e+00
 3.72603175e+00 -7.90551181e+00  3.59898521e+00  1.22864539e+01  9.21726764e+00
 3.72603175e+00 -7.77165354e+00  3.73288654e+00  1.22862367e+01  9.21223586e+00
 3.72603175e+00 -7.63779528e+00  3.86673029e+00  1.22860968e+01  9.20718297e+00
 3.72603175e+00 -7.50393701e+00  4.00051087e+00  1.22860451e+01  9.20212611e+00
 3.72603175e+00 -7.37007874e+00  4.13429077e+00  1.22859188e+01  9.19700732e+00
 3.72603175e+00 -7.23622047e+00  4.26805004e+00  1.22857069e+01  9.19180528e+00
 3.72603175e+00 -7.10236220e+00  4.40173844e+00  1.22854381e+01  9.18653352e+00
 3.72603175e+00 -6.96850394e+00  4.53532247e+00  1.22851227e+01  9.18120659e+00
 3.72603175e+00 -6.83464567e+00  4.66886308e+00  1.22847032e+01  9.17575315e+00
 3.72603175e+00 -6.70078740e+00  4.80238195e+00  1.22841536e+01  9.17015619e+00
 3.72603175e+00 -6.56692913e+00  4.93584751e+00  1.22834985e+01  9.16447272e+00
 3.72603175e+00 -6.43307087e+00  5.06925245e+00  1.22827768e+01  9.15876399e+00
 3.72603175e+00 -6.29921260e+00  5.20261327e+00  1.22819835e+01  9.15300058e+00
 3.72603175e+00 -6.16535433e+00  5.33595914e+00  1.22810867e+01  9.14710439e+00
 3.72603175e+00 -6.03149606e+00  5.46930268e+00  1.22801205e+01  9.14115345e+00
 3.72603175e+00 -5.89763780e+00  5.60261371e+00  1.22791270e+01  9.13516188e+00
 3.72603175e+00 -5.76377953e+00  5.73582817e+00  1.22780927e+01  9.12906196e+00
 3.72603175e+00 -5.62992126e+00  5.86889271e+00  1.22768261e+01  9.12286164e+00
 3.72603175e+00 -5.49606299e+00  6.00174634e+00  1.22751749e+01  9.11650630e+00
 3.72603175e+00 -5.36220472e+00  6.13427011e+00  1.22730100e+01  9.10988035e+00
 3.72603175e+00 -5.22834646e+00  6.26616866e+00  1.22700005e+01  9.10293699e+00
 3.72603175e+00 -5.09448819e+00  6.39722281e+00  1.22658140e+01  9.09558633e+00
 3.72603175e+00 -4.96062992e+00  6.52731082e+00  1.22601420e+01  9.08768748e+00
 3.72603175e+00 -4.82677165e+00  6.65624481e+00  1.22525950e+01  9.07913455e+00
 3.72603175e+00 -4.69291339e+00  6.78388659e+00  1.22429053e+01  9.06990131e+00
 3.72603175e+00 -4.55905512e+00  6.91018979e+00  1.22309657e+01  9.06003462e+00
 3.72603175e+00 -4.42519685e+00  7.03520558e+00  1.22166851e+01  9.04955940e+00
 3.72603175e+00 -4.29133858e+00  7.15905321e+00  1.22001010e+01  9.03850894e+00
 3.72603175e+00 -4.15748031e+00  7.28191608e+00  1.21814596e+01  9.02695019e+00
 3.72603175e+00 -4.02362205e+00  7.40401235e+00  1.21609856e+01  9.01499225e+00
 3.72603175e+00 -3.88976378e+00  7.52556396e+00  1.21389195e+01  9.00276727e+00
 3.72603175e+00 -3.75590551e+00  7.64675316e+00  1.21156617e+01  8.99040725e+00
 3.72603175e+00 -3.62204724e+00  7.76779982e+00  1.20916014e+01  8.97802220e+00
 3.72603175e+00 -3.48818898e+00  7.88897823e+00  1.20670728e+01  8.96569401e+00
 3.72603175e+00 -3.35433071e+00  8.01046850e+00  1.20424330e+01  8.95349851e+00
 3.72603175e+00 -3.22047244e+00  8.13241731e+00  1.20180427e+01  8.94150711e+00
 3.72603175e+00 -3.08661417e+00  8.25502987e+00  1.19942247e+01  8.92978200e+00
 3.72603175e+00 -2.95275591e+00  8.37849058e+00  1.19712553e+01  8.91834811e+00
 3.72603175e+00 -2.81889764e+00  8.50293749e+00  1.19493623e+01  8.90719809e+00
 3.72603175e+00 -2.68503937e+00  8.62843986e+00  1.19287558e+01  8.89639122e+00
 3.72603175e+00 -2.55118110e+00  8.75507753e+00  1.19096018e+01  8.88595923e+00
 3.72603175e+00 -2.41732283e+00  8.88301225e+00  1.18919830e+01  8.87581759e+00
 3.72603175e+00 -2.28346457e+00  9.01239962e+00  1.18759217e+01  8.86594962e+00
 3.72603175e+00 -2.14960630e+00  9.14338156e+00  1.18614136e+01  8.85636836e+00
 3.72603175e+00 -2.01574803e+00  9.27611313e+00  1.18484822e+01  8.84699992e+00
 3.72603175e+00 -1.88188976e+00  9.41087789e+00  1.18371074e+01  8.83778687e+00
 3.72603175e+00 -1.74803150e+00  9.54812152e+00  1.18272422e+01  8.82868743e+00
 3.72603175e+00 -1.61417323e+00  9.68836526e+00  1.18188821e+01  8.81960761e+00
 3.72603175e+00 -1.48031496e+00  9.83221003e+00  1.18120381e+01  8.81049969e+00
 3.72603175e+00 -1.34645669e+00  9.98001753e+00  1.18066982e+01  8.80130675e+00
 3.72603175e+00 -1.21259843e+00  1.01313754e+01  1.18023969e+01  8.79177568e+00
 3.72603175e+00 -1.07874016e+00  1.02944092e+01  1.18002655e+01  8.78199767e+00
 3.72603175e+00 -9.44881890e-01  1.04714233e+01  1.18014176e+01  8.77182746e+00
 3.72603175e+00 -8.11023622e-01  1.06649411e+01  1.18074474e+01  8.76105320e+00
 3.72603175e+00 -6.77165354e-01  1.08797247e+01  1.18207172e+01  8.74946828e+00
 3.72603175e+00 -5.43307087e-01  1.11222203e+01  1.18448533e+01  8.73668737e+00
 3.72603175e+00 -4.09448819e-01  1.13923566e+01  1.18867654e+01  8.72202367e+00
 3.72603175e+00 -2.75590551e-01  1.16926421e+01  1.19547798e+01  8.70491412e+00
 3.72603175e+00 -1.41732283e-01  1.19968000e+01  1.20511099e+01  8.68594475e+00
 3.72603175e+00 -7.87401575e-03  1.22893159e+01  1.21694004e+01  8.66569045e+00
 3.72603175e+00  1.25984252e-01  1.25693812e+01  1.23045108e+01  8.64370593e+00
 3.72603175e+00  2.59842520e-01  1.28420382e+01  1.24521400e+01  8.61947278e+00
 3.72603175e+00  3.93700787e-01  1.31101401e+01  1.26063937e+01  8.59242371e+00
 3.72603175e+00  5.27559055e-01  1.33836868e+01  1.27645839e+01  8.56245389e+00
 3.72603175e+00  6.61417323e-01  1.36572335e+01  1.29227741e+01  8.53248407e+00
 3.72603175e+00  7.95275591e-01  1.39307802e+01  1.30809643e+01  8.50251425e+00
 3.72603175e+00  9.29133858e-01  1.42043269e+01  1.32391545e+01  8.47254443e+00
 3.72603175e+00  1.06299213e+00  1.44778736e+01  1.33973447e+01  8.44257461e+00
 3.72603175e+00  1.19685039e+00  1.47514203e+01  1.35555349e+01  8.41260479e+00
 3.72603175e+00  1.33070866e+00  1.50249670e+01  1.37137251e+01  8.38263497e+00
 3.72603175e+00  1.46456693e+00  1.52985137e+01  1.38719153e+01  8.35266515e+00
 3.72603175e+00  1.59842520e+00  1.55720604e+01  1.40301055e+01  8.32269533e+00
 3.72603175e+00  1.73228346e+00  1.58456071e+01  1.41882957e+01  8.29272551e+00
 3.72603175e+00  1.86614173e+00  1.61191538e+01  1.43464859e+01  8.26275569e+00
 3.72603175e+00  2.00000000e+00  1.63927005e+01  1.45046761e+01  8.23278587e+00
 3.80444444e+00 -1.50000000e+01 -3.13675854e+00  1.30698422e+01  9.65065285e+00
 3.80444444e+00 -1.48661417e+01 -3.00634124e+00  1.30652478e+01  9.64462118e+00
 3.80444444e+00 -1.47322835e+01 -2.87695615e+00  1.30584615e+01  9.63774063e+00
 3.80444444e+00 -1.45984252e+01 -2.74874850e+00  1.30491910e+01  9.62991998e+00
 3.80444444e+00 -1.44645669e+01 -2.62182638e+00  1.30372641e+01  9.62111258e+00
 3.80444444e+00 -1.43307087e+01 -2.49616143e+00  1.30226664e+01  9.61134299e+00
 3.80444444e+00 -1.41968504e+01 -2.37158172e+00  1.30054267e+01  9.60073077e+00
 3.80444444e+00 -1.40629921e+01 -2.24784339e+00  1.29856666e+01  9.58941507e+00
 3.80444444e+00 -1.39291339e+01 -2.12466166e+00  1.29636762e+01  9.57751166e+00
 3.80444444e+00 -1.37952756e+01 -2.00176482e+00  1.29397706e+01  9.56520652e+00
 3.80444444e+00 -1.36614173e+01 -1.87887855e+00  1.29142884e+01  9.55272244e+00
 3.80444444e+00 -1.35275591e+01 -1.75562964e+00  1.28876414e+01  9.54020596e+00
 3.80444444e+00 -1.33937008e+01 -1.63179258e+00  1.28602539e+01  9.52779839e+00
 3.80444444e+00 -1.32598425e+01 -1.50773724e+00  1.28326193e+01  9.51568595e+00
 3.80444444e+00 -1.31259843e+01 -1.38396377e+00  1.28051877e+01  9.50397059e+00
 3.80444444e+00 -1.29921260e+01 -1.26016803e+00  1.27781468e+01  9.49264312e+00
 3.80444444e+00 -1.28582677e+01 -1.13598829e+00  1.27515565e+01  9.48173259e+00
 3.80444444e+00 -1.27244094e+01 -1.01135823e+00  1.27255642e+01  9.47118907e+00
 3.80444444e+00 -1.25905512e+01 -8.86245012e-01  1.27003159e+01  9.46087554e+00
 3.80444444e+00 -1.24566929e+01 -7.60781761e-01  1.26757327e+01  9.45078409e+00
 3.80444444e+00 -1.23228346e+01 -6.35103169e-01  1.26517197e+01  9.44090641e+00
 3.80444444e+00 -1.21889764e+01 -5.09218848e-01  1.26282713e+01  9.43115960e+00
 3.80444444e+00 -1.20551181e+01 -3.83222010e-01  1.26053629e+01  9.42147345e+00
 3.80444444e+00 -1.19212598e+01 -2.57194876e-01  1.25829476e+01  9.41181500e+00
 3.80444444e+00 -1.17874016e+01 -1.31052416e-01  1.25609712e+01  9.40222092e+00
 3.80444444e+00 -1.16535433e+01 -4.74099618e-03  1.25394778e+01  9.39271265e+00
 3.80444444e+00 -1.15196850e+01  1.21754362e-01  1.25185867e+01  9.38330972e+00
 3.80444444e+00 -1.13858268e+01  2.48512323e-01  1.24983604e+01  9.37413178e+00
 3.80444444e+00 -1.12519685e+01  3.75645220e-01  1.24788791e+01  9.36525520e+00
 3.80444444e+00 -1.11181102e+01  5.03275174e-01  1.24602716e+01  9.35666594e+00
 3.80444444e+00 -1.09842520e+01  6.31441088e-01  1.24426786e+01  9.34841572e+00
 3.80444444e+00 -1.08503937e+01  7.60127596e-01  1.24262165e+01  9.34054667e+00
 3.80444444e+00 -1.07165354e+01  8.89297711e-01  1.24109475e+01  9.33302342e+00
 3.80444444e+00 -1.05826772e+01  1.01904279e+00  1.23969417e+01  9.32588488e+00
 3.80444444e+00 -1.04488189e+01  1.14944228e+00  1.23842709e+01  9.31917446e+00
 3.80444444e+00 -1.03149606e+01  1.28034028e+00  1.23729682e+01  9.31281325e+00
 3.80444444e+00 -1.01811024e+01  1.41176361e+00  1.23629941e+01  9.30678753e+00
 3.80444444e+00 -1.00472441e+01  1.54380893e+00  1.23542820e+01  9.30112146e+00
 3.80444444e+00 -9.91338583e+00  1.67626750e+00  1.23468114e+01  9.29575043e+00
 3.80444444e+00 -9.77952756e+00  1.80901133e+00  1.23405561e+01  9.29060052e+00
 3.80444444e+00 -9.64566929e+00  1.94204884e+00  1.23354228e+01  9.28562094e+00
 3.80444444e+00 -9.51181102e+00  2.07543329e+00  1.23311371e+01  9.28080642e+00
 3.80444444e+00 -9.37795276e+00  2.20899731e+00  1.23276201e+01  9.27607965e+00
 3.80444444e+00 -9.24409449e+00  2.34252226e+00  1.23248913e+01  9.27134541e+00
 3.80444444e+00 -9.11023622e+00  2.47624072e+00  1.23226749e+01  9.26666997e+00
 3.80444444e+00 -8.97637795e+00  2.61009165e+00  1.23208325e+01  9.26202002e+00
 3.80444444e+00 -8.84251969e+00  2.74380355e+00  1.23193474e+01  9.25729096e+00
 3.80444444e+00 -8.70866142e+00  2.87746774e+00  1.23180802e+01  9.25250492e+00
 3.80444444e+00 -8.57480315e+00  3.01116410e+00  1.23169875e+01  9.24767313e+00
 3.80444444e+00 -8.44094488e+00  3.14486692e+00  1.23160686e+01  9.24278254e+00
 3.80444444e+00 -8.30708661e+00  3.27845034e+00  1.23151624e+01  9.23783726e+00
 3.80444444e+00 -8.17322835e+00  3.41196009e+00  1.23142788e+01  9.23283369e+00
 3.80444444e+00 -8.03937008e+00  3.54552694e+00  1.23135096e+01  9.22776250e+00
 3.80444444e+00 -7.90551181e+00  3.67908486e+00  1.23127147e+01  9.22262688e+00
 3.80444444e+00 -7.77165354e+00  3.81264060e+00  1.23119131e+01  9.21746755e+00
 3.80444444e+00 -7.63779528e+00  3.94624924e+00  1.23112222e+01  9.21233087e+00
 3.80444444e+00 -7.50393701e+00  4.07985324e+00  1.23105733e+01  9.20719722e+00
 3.80444444e+00 -7.37007874e+00  4.21346861e+00  1.23099246e+01  9.20203297e+00
 3.80444444e+00 -7.23622047e+00  4.34714768e+00  1.23092993e+01  9.19681764e+00
 3.80444444e+00 -7.10236220e+00  4.48083446e+00  1.23087610e+01  9.19157035e+00
 3.80444444e+00 -6.96850394e+00  4.61451179e+00  1.23083047e+01  9.18627471e+00
 3.80444444e+00 -6.83464567e+00  4.74821326e+00  1.23078849e+01  9.18090703e+00
 3.80444444e+00 -6.70078740e+00  4.88198033e+00  1.23075077e+01  9.17551368e+00
 3.80444444e+00 -6.56692913e+00  5.01574109e+00  1.23071835e+01  9.17009681e+00
 3.80444444e+00 -6.43307087e+00  5.14941500e+00  1.23068998e+01  9.16461087e+00
 3.80444444e+00 -6.29921260e+00  5.28312441e+00  1.23065925e+01  9.15900292e+00
 3.80444444e+00 -6.16535433e+00  5.41682865e+00  1.23062424e+01  9.15330531e+00
 3.80444444e+00 -6.03149606e+00  5.55041035e+00  1.23058602e+01  9.14756745e+00
 3.80444444e+00 -5.89763780e+00  5.68393514e+00  1.23054272e+01  9.14171521e+00
 3.80444444e+00 -5.76377953e+00  5.81741957e+00  1.23048891e+01  9.13573713e+00
 3.80444444e+00 -5.62992126e+00  5.95083089e+00  1.23041966e+01  9.12966363e+00
 3.80444444e+00 -5.49606299e+00  6.08415954e+00  1.23033701e+01  9.12347725e+00
 3.80444444e+00 -5.36220472e+00  6.21739774e+00  1.23024133e+01  9.11716125e+00
 3.80444444e+00 -5.22834646e+00  6.35052920e+00  1.23012995e+01  9.11072356e+00
 3.80444444e+00 -5.09448819e+00  6.48351988e+00  1.22999757e+01  9.10421328e+00
 3.80444444e+00 -4.96062992e+00  6.61634596e+00  1.22984017e+01  9.09759127e+00
 3.80444444e+00 -4.82677165e+00  6.74895742e+00  1.22965051e+01  9.09077014e+00
 3.80444444e+00 -4.69291339e+00  6.88120737e+00  1.22940911e+01  9.08371784e+00
 3.80444444e+00 -4.55905512e+00  7.01294623e+00  1.22909530e+01  9.07642084e+00
 3.80444444e+00 -4.42519685e+00  7.14402083e+00  1.22868643e+01  9.06882965e+00
 3.80444444e+00 -4.29133858e+00  7.27423652e+00  1.22815216e+01  9.06077835e+00
 3.80444444e+00 -4.15748031e+00  7.40341141e+00  1.22746164e+01  9.05220362e+00
 3.80444444e+00 -4.02362205e+00  7.53138730e+00  1.22658721e+01  9.04311159e+00
 3.80444444e+00 -3.88976378e+00  7.65802982e+00  1.22550924e+01  9.03340269e+00
 3.80444444e+00 -3.75590551e+00  7.78335608e+00  1.22421710e+01  9.02307724e+00
 3.80444444e+00 -3.62204724e+00  7.90752077e+00  1.22271017e+01  9.01225411e+00
 3.80444444e+00 -3.48818898e+00  8.03061950e+00  1.22100740e+01  9.00099792e+00
 3.80444444e+00 -3.35433071e+00  8.15281342e+00  1.21913468e+01  8.98937286e+00
 3.80444444e+00 -3.22047244e+00  8.27442560e+00  1.21711830e+01  8.97748336e+00
 3.80444444e+00 -3.08661417e+00  8.39573616e+00  1.21499496e+01  8.96544659e+00
 3.80444444e+00 -2.95275591e+00  8.51698480e+00  1.21280611e+01  8.95337482e+00
 3.80444444e+00 -2.81889764e+00  8.63842256e+00  1.21058052e+01  8.94132930e+00
 3.80444444e+00 -2.68503937e+00  8.76032671e+00  1.20835245e+01  8.92938705e+00
 3.80444444e+00 -2.55118110e+00  8.88301081e+00  1.20616922e+01  8.91766799e+00
 3.80444444e+00 -2.41732283e+00  9.00673399e+00  1.20405711e+01  8.90621261e+00
 3.80444444e+00 -2.28346457e+00  9.13172571e+00  1.20203220e+01  8.89501386e+00
 3.80444444e+00 -2.14960630e+00  9.25823556e+00  1.20012377e+01  8.88408472e+00
 3.80444444e+00 -2.01574803e+00  9.38657837e+00  1.19835562e+01  8.87342027e+00
 3.80444444e+00 -1.88188976e+00  9.51712875e+00  1.19674009e+01  8.86299374e+00
 3.80444444e+00 -1.74803150e+00  9.65021497e+00  1.19527868e+01  8.85280626e+00
 3.80444444e+00 -1.61417323e+00  9.78633659e+00  1.19397807e+01  8.84280350e+00
 3.80444444e+00 -1.48031496e+00  9.92637053e+00  1.19285762e+01  8.83286170e+00
 3.80444444e+00 -1.34645669e+00  1.00702518e+01  1.19191457e+01  8.82296631e+00
 3.80444444e+00 -1.21259843e+00  1.02192801e+01  1.19114104e+01  8.81300251e+00
 3.80444444e+00 -1.07874016e+00  1.03770269e+01  1.19056124e+01  8.80275963e+00
 3.80444444e+00 -9.44881890e-01  1.05478213e+01  1.19029595e+01  8.79230498e+00
 3.80444444e+00 -8.11023622e-01  1.07342442e+01  1.19048326e+01  8.78141737e+00
 3.80444444e+00 -6.77165354e-01  1.09410305e+01  1.19133287e+01  8.76979508e+00
 3.80444444e+00 -5.43307087e-01  1.11747011e+01  1.19313583e+01  8.75721925e+00
 3.80444444e+00 -4.09448819e-01  1.14354137e+01  1.19648566e+01  8.74290541e+00
 3.80444444e+00 -2.75590551e-01  1.17148180e+01  1.20200499e+01  8.72632330e+00
 3.80444444e+00 -1.41732283e-01  1.19998186e+01  1.21009712e+01  8.70800351e+00
 3.80444444e+00 -7.87401575e-03  1.22774467e+01  1.22041553e+01  8.68842721e+00
 3.80444444e+00  1.25984252e-01  1.25454702e+01  1.23257239e+01  8.66732654e+00
 3.80444444e+00  2.59842520e-01  1.28064380e+01  1.24620849e+01  8.64414349e+00
 3.80444444e+00  3.93700787e-01  1.30638813e+01  1.26079728e+01  8.61863151e+00
 3.80444444e+00  5.27559055e-01  1.33282260e+01  1.27610970e+01  8.59065501e+00
 3.80444444e+00  6.61417323e-01  1.35809592e+01  1.29054210e+01  8.55961571e+00
 3.80444444e+00  7.95275591e-01  1.38336924e+01  1.30497450e+01  8.52857641e+00
 3.80444444e+00  9.29133858e-01  1.40864256e+01  1.31940690e+01  8.49753711e+00
 3.80444444e+00  1.06299213e+00  1.43391588e+01  1.33383930e+01  8.46649781e+00
 3.80444444e+00  1.19685039e+00  1.45918920e+01  1.34827170e+01  8.43545851e+00
 3.80444444e+00  1.33070866e+00  1.48446252e+01  1.36270410e+01  8.40441921e+00
 3.80444444e+00  1.46456693e+00  1.50973584e+01  1.37713650e+01  8.37337991e+00
 3.80444444e+00  1.59842520e+00  1.53500916e+01  1.39156890e+01  8.34234061e+00
 3.80444444e+00  1.73228346e+00  1.56028248e+01  1.40600130e+01  8.31130131e+00
 3.80444444e+00  1.86614173e+00  1.58555580e+01  1.42043370e+01  8.28026201e+00
 3.80444444e+00  2.00000000e+00  1.61082912e+01  1.43486610e+01  8.24922271e+00
 3.88285714e+00 -1.50000000e+01 -3.07078952e+00  1.30437486e+01  9.64435674e+00
 3.88285714e+00 -1.48661417e+01 -2.93655035e+00  1.30439476e+01  9.64097040e+00
 3.88285714e+00 -1.47322835e+01 -2.80212620e+00  1.30445577e+01  9.63773692e+00
 3.88285714e+00 -1.45984252e+01 -2.66732275e+00  1.30455859e+01  9.63466660e+00
 3.88285714e+00 -1.44645669e+01 -2.53227101e+00  1.30471795e+01  9.63170903e+00
 3.88285714e+00 -1.43307087e+01 -2.39703140e+00  1.30492830e+01  9.62887928e+00
 3.88285714e+00 -1.41968504e+01 -2.26152555e+00  1.30516855e+01  9.62621063e+00
 3.88285714e+00 -1.40629921e+01 -2.12576705e+00  1.30544800e+01  9.62350579e+00
 3.88285714e+00 -1.39291339e+01 -1.98985113e+00  1.30575114e+01  9.62074233e+00
 3.88285714e+00 -1.37952756e+01 -1.85388161e+00  1.30604469e+01  9.61799424e+00
 3.88285714e+00 -1.36614173e+01 -1.71784553e+00  1.30632915e+01  9.61500214e+00
 3.88285714e+00 -1.35275591e+01 -1.58180050e+00  1.30658213e+01  9.61168181e+00
 3.88285714e+00 -1.33937008e+01 -1.44620932e+00  1.30676282e+01  9.60805783e+00
 3.88285714e+00 -1.32598425e+01 -1.31189857e+00  1.30684427e+01  9.60395100e+00
 3.88285714e+00 -1.31259843e+01 -1.17899160e+00  1.30679983e+01  9.59928841e+00
 3.88285714e+00 -1.29921260e+01 -1.04711648e+00  1.30660147e+01  9.59401569e+00
 3.88285714e+00 -1.28582677e+01 -9.16281073e-01  1.30622301e+01  9.58794276e+00
 3.88285714e+00 -1.27244094e+01 -7.86575737e-01  1.30562668e+01  9.58099423e+00
 3.88285714e+00 -1.25905512e+01 -6.58073589e-01  1.30477655e+01  9.57315371e+00
 3.88285714e+00 -1.24566929e+01 -5.30964345e-01  1.30366509e+01  9.56433205e+00
 3.88285714e+00 -1.23228346e+01 -4.05198914e-01  1.30228624e+01  9.55451925e+00
 3.88285714e+00 -1.21889764e+01 -2.80555808e-01  1.30063352e+01  9.54380055e+00
 3.88285714e+00 -1.20551181e+01 -1.56963571e-01  1.29871954e+01  9.53236356e+00
 3.88285714e+00 -1.19212598e+01 -3.42446638e-02  1.29656862e+01  9.52037092e+00
 3.88285714e+00 -1.17874016e+01  8.79703062e-02  1.29421380e+01  9.50792012e+00
 3.88285714e+00 -1.16535433e+01  2.09888722e-01  1.29169584e+01  9.49521341e+00
 3.88285714e+00 -1.15196850e+01  3.31657411e-01  1.28905800e+01  9.48247518e+00
 3.88285714e+00 -1.13858268e+01  4.53530833e-01  1.28633788e+01  9.46980973e+00
 3.88285714e+00 -1.12519685e+01  5.75688352e-01  1.28356660e+01  9.45731487e+00
 3.88285714e+00 -1.11181102e+01  6.98196802e-01  1.28077037e+01  9.44509144e+00
 3.88285714e+00 -1.09842520e+01  8.21116396e-01  1.27798232e+01  9.43311464e+00
 3.88285714e+00 -1.08503937e+01  9.44476512e-01  1.27522893e+01  9.42136029e+00
 3.88285714e+00 -1.07165354e+01  1.06823116e+00  1.27251263e+01  9.40993474e+00
 3.88285714e+00 -1.05826772e+01  1.19232579e+00  1.26983971e+01  9.39879478e+00
 3.88285714e+00 -1.04488189e+01  1.31671758e+00  1.26722075e+01  9.38778544e+00
 3.88285714e+00 -1.03149606e+01  1.44140872e+00  1.26465506e+01  9.37693347e+00
 3.88285714e+00 -1.01811024e+01  1.56638845e+00  1.26214584e+01  9.36628502e+00
 3.88285714e+00 -1.00472441e+01  1.69161765e+00  1.25970689e+01  9.35582971e+00
 3.88285714e+00 -9.91338583e+00  1.81718184e+00  1.25734449e+01  9.34557418e+00
 3.88285714e+00 -9.77952756e+00  1.94317469e+00  1.25506370e+01  9.33555426e+00
 3.88285714e+00 -9.64566929e+00  2.06952976e+00  1.25287805e+01  9.32584582e+00
 3.88285714e+00 -9.51181102e+00  2.19631562e+00  1.25080054e+01  9.31646634e+00
 3.88285714e+00 -9.37795276e+00  2.32371132e+00  1.24884255e+01  9.30740081e+00
 3.88285714e+00 -9.24409449e+00  2.45174043e+00  1.24701350e+01  9.29873611e+00
 3.88285714e+00 -9.11023622e+00  2.58041511e+00  1.24532040e+01  9.29050999e+00
 3.88285714e+00 -8.97637795e+00  2.70977027e+00  1.24376798e+01  9.28267047e+00
 3.88285714e+00 -8.84251969e+00  2.83970433e+00  1.24236059e+01  9.27523620e+00
 3.88285714e+00 -8.70866142e+00  2.97015001e+00  1.24110280e+01  9.26819621e+00
 3.88285714e+00 -8.57480315e+00  3.10118105e+00  1.23999772e+01  9.26145411e+00
 3.88285714e+00 -8.44094488e+00  3.23275834e+00  1.23902627e+01  9.25502348e+00
 3.88285714e+00 -8.30708661e+00  3.36478198e+00  1.23817512e+01  9.24890468e+00
 3.88285714e+00 -8.17322835e+00  3.49716005e+00  1.23745882e+01  9.24296767e+00
 3.88285714e+00 -8.03937008e+00  3.62982052e+00  1.23684525e+01  9.23716467e+00
 3.88285714e+00 -7.90551181e+00  3.76273517e+00  1.23631344e+01  9.23150222e+00
 3.88285714e+00 -7.77165354e+00  3.89592645e+00  1.23591155e+01  9.22598135e+00
 3.88285714e+00 -7.63779528e+00  4.02923311e+00  1.23558294e+01  9.22052905e+00
 3.88285714e+00 -7.50393701e+00  4.16250438e+00  1.23525845e+01  9.21507956e+00
 3.88285714e+00 -7.37007874e+00  4.29582860e+00  1.23497490e+01  9.20966299e+00
 3.88285714e+00 -7.23622047e+00  4.42920052e+00  1.23473645e+01  9.20424486e+00
 3.88285714e+00 -7.10236220e+00  4.56257764e+00  1.23452568e+01  9.19877144e+00
 3.88285714e+00 -6.96850394e+00  4.69598127e+00  1.23433532e+01  9.19324287e+00
 3.88285714e+00 -6.83464567e+00  4.82937923e+00  1.23416297e+01  9.18768760e+00
 3.88285714e+00 -6.70078740e+00  4.96276067e+00  1.23400843e+01  9.18211364e+00
 3.88285714e+00 -6.56692913e+00  5.09621837e+00  1.23387155e+01  9.17646888e+00
 3.88285714e+00 -6.43307087e+00  5.22971293e+00  1.23374749e+01  9.17077300e+00
 3.88285714e+00 -6.29921260e+00  5.36318381e+00  1.23363315e+01  9.16506125e+00
 3.88285714e+00 -6.16535433e+00  5.49669097e+00  1.23353371e+01  9.15930260e+00
 3.88285714e+00 -6.03149606e+00  5.63023930e+00  1.23344534e+01  9.15351700e+00
 3.88285714e+00 -5.89763780e+00  5.76380769e+00  1.23336131e+01  9.14770995e+00
 3.88285714e+00 -5.76377953e+00  5.89739782e+00  1.23328114e+01  9.14178798e+00
 3.88285714e+00 -5.62992126e+00  6.03097076e+00  1.23321058e+01  9.13579743e+00
 3.88285714e+00 -5.49606299e+00  6.16451720e+00  1.23314985e+01  9.12978599e+00
 3.88285714e+00 -5.36220472e+00  6.29811682e+00  1.23308395e+01  9.12364603e+00
 3.88285714e+00 -5.22834646e+00  6.43167126e+00  1.23301580e+01  9.11742723e+00
 3.88285714e+00 -5.09448819e+00  6.56508175e+00  1.23294938e+01  9.11117919e+00
 3.88285714e+00 -4.96062992e+00  6.69843830e+00  1.23287064e+01  9.10477457e+00
 3.88285714e+00 -4.82677165e+00  6.83170755e+00  1.23277560e+01  9.09821294e+00
 3.88285714e+00 -4.69291339e+00  6.96482540e+00  1.23266394e+01  9.09152888e+00
 3.88285714e+00 -4.55905512e+00  7.09781189e+00  1.23252942e+01  9.08467805e+00
 3.88285714e+00 -4.42519685e+00  7.23060101e+00  1.23236617e+01  9.07770121e+00
 3.88285714e+00 -4.29133858e+00  7.36309089e+00  1.23216714e+01  9.07061438e+00
 3.88285714e+00 -4.15748031e+00  7.49521023e+00  1.23192138e+01  9.06329123e+00
 3.88285714e+00 -4.02362205e+00  7.62687925e+00  1.23161531e+01  9.05570246e+00
 3.88285714e+00 -3.88976378e+00  7.75798194e+00  1.23122823e+01  9.04784951e+00
 3.88285714e+00 -3.75590551e+00  7.88833768e+00  1.23072771e+01  9.03966247e+00
 3.88285714e+00 -3.62204724e+00  8.01774859e+00  1.23009124e+01  9.03105907e+00
 3.88285714e+00 -3.48818898e+00  8.14602449e+00  1.22930082e+01  9.02197212e+00
 3.88285714e+00 -3.35433071e+00  8.27301392e+00  1.22833189e+01  9.01237673e+00
 3.88285714e+00 -3.22047244e+00  8.39874496e+00  1.22717086e+01  9.00227771e+00
 3.88285714e+00 -3.08661417e+00  8.52335374e+00  1.22581616e+01  8.99170327e+00
 3.88285714e+00 -2.95275591e+00  8.64689340e+00  1.22427933e+01  8.98071224e+00
 3.88285714e+00 -2.81889764e+00  8.76954595e+00  1.22258280e+01  8.96938406e+00
 3.88285714e+00 -2.68503937e+00  8.89167634e+00  1.22075837e+01  8.95781479e+00
 3.88285714e+00 -2.55118110e+00  9.01358344e+00  1.21883783e+01  8.94610262e+00
 3.88285714e+00 -2.41732283e+00  9.13557543e+00  1.21685408e+01  8.93433995e+00
 3.88285714e+00 -2.28346457e+00  9.25809807e+00  1.21484437e+01  8.92260096e+00
 3.88285714e+00 -2.14960630e+00  9.38155576e+00  1.21284712e+01  8.91094788e+00
 3.88285714e+00 -2.01574803e+00  9.50630669e+00  1.21090067e+01  8.89943517e+00
 3.88285714e+00 -1.88188976e+00  9.63285531e+00  1.20903671e+01  8.88811961e+00
 3.88285714e+00 -1.74803150e+00  9.76175933e+00  1.20728132e+01  8.87702595e+00
 3.88285714e+00 -1.61417323e+00  9.89353949e+00  1.20565344e+01  8.86611031e+00
 3.88285714e+00 -1.48031496e+00  1.00288642e+01  1.20417750e+01  8.85534725e+00
 3.88285714e+00 -1.34645669e+00  1.01686362e+01  1.20287810e+01  8.84470233e+00
 3.88285714e+00 -1.21259843e+00  1.03132901e+01  1.20175675e+01  8.83405699e+00
 3.88285714e+00 -1.07874016e+00  1.04660008e+01  1.20083483e+01  8.82330453e+00
 3.88285714e+00 -9.44881890e-01  1.06302732e+01  1.20019863e+01  8.81237029e+00
 3.88285714e+00 -8.11023622e-01  1.08091082e+01  1.19998713e+01  8.80113059e+00
 3.88285714e+00 -6.77165354e-01  1.10076244e+01  1.20034528e+01  8.78932016e+00
 3.88285714e+00 -5.43307087e-01  1.12322004e+01  1.20149918e+01  8.77660196e+00
 3.88285714e+00 -4.09448819e-01  1.14834605e+01  1.20405522e+01  8.76243153e+00
 3.88285714e+00 -2.75590551e-01  1.17541983e+01  1.20867005e+01  8.74623004e+00
 3.88285714e+00 -1.41732283e-01  1.20304624e+01  1.21570169e+01  8.72854854e+00
 3.88285714e+00 -7.87401575e-03  1.23016356e+01  1.22491313e+01  8.70954192e+00
 3.88285714e+00  1.25984252e-01  1.25663355e+01  1.23607227e+01  8.68906905e+00
 3.88285714e+00  2.59842520e-01  1.28266914e+01  1.24889149e+01  8.66672438e+00
 3.88285714e+00  3.93700787e-01  1.30848049e+01  1.26284738e+01  8.64223846e+00
 3.88285714e+00  5.27559055e-01  1.33506926e+01  1.27770472e+01  8.61557018e+00
 3.88285714e+00  6.61417323e-01  1.50659723e+01  1.31668429e+01  8.58818613e+00
 3.88285714e+00  7.95275591e-01  1.67812520e+01  1.35566386e+01  8.56080208e+00
 3.88285714e+00  9.29133858e-01  1.84965317e+01  1.39464343e+01  8.53341803e+00
 3.88285714e+00  1.06299213e+00  2.02118114e+01  1.43362300e+01  8.50603398e+00
 3.88285714e+00  1.19685039e+00  2.19270910e+01  1.47260257e+01  8.47864993e+00
 3.88285714e+00  1.33070866e+00  2.36423708e+01  1.51158214e+01  8.45126588e+00
 3.88285714e+00  1.46456693e+00  2.53576505e+01  1.55056171e+01  8.42388183e+00
 3.88285714e+00  1.59842520e+00  2.70729302e+01  1.58954128e+01  8.39649778e+00
 3.88285714e+00  1.73228346e+00  2.87882098e+01  1.62852085e+01  8.36911373e+00
 3.88285714e+00  1.86614173e+00  3.05034895e+01  1.66750042e+01  8.34172968e+00
 3.88285714e+00  2.00000000e+00  3.22187693e+01  1.70647999e+01  8.31434563e+00
 3.96126984e+00 -1.50000000e+01 -2.98081859e+00  1.30870630e+01  9.65625793e+00
 3.96126984e+00 -1.48661417e+01 -2.84769413e+00  1.30843703e+01  9.65209379e+00
 3.96126984e+00 -1.47322835e+01 -2.71455140e+00  1.30818109e+01  9.64788171e+00
 3.96126984e+00 -1.45984252e+01 -2.58138062e+00  1.30793381e+01  9.64361030e+00
 3.96126984e+00 -1.44645669e+01 -2.44816325e+00  1.30769414e+01  9.63931651e+00
 3.96126984e+00 -1.43307087e+01 -2.31494405e+00  1.30746290e+01  9.63501414e+00
 3.96126984e+00 -1.41968504e+01 -2.18167961e+00  1.30723796e+01  9.63065912e+00
 3.96126984e+00 -1.40629921e+01 -2.04827350e+00  1.30701651e+01  9.62621560e+00
 3.96126984e+00 -1.39291339e+01 -1.91467728e+00  1.30680027e+01  9.62176500e+00
 3.96126984e+00 -1.37952756e+01 -1.78087915e+00  1.30659499e+01  9.61732593e+00
 3.96126984e+00 -1.36614173e+01 -1.64681645e+00  1.30640564e+01  9.61287077e+00
 3.96126984e+00 -1.35275591e+01 -1.51225562e+00  1.30622893e+01  9.60840579e+00
 3.96126984e+00 -1.33937008e+01 -1.37729646e+00  1.30606982e+01  9.60398069e+00
 3.96126984e+00 -1.32598425e+01 -1.24280598e+00  1.30593779e+01  9.59965526e+00
 3.96126984e+00 -1.31259843e+01 -1.10906566e+00  1.30583451e+01  9.59539917e+00
 3.96126984e+00 -1.29921260e+01 -9.75378043e-01  1.30575867e+01  9.59122295e+00
 3.96126984e+00 -1.28582677e+01 -8.41521333e-01  1.30571384e+01  9.58716790e+00
 3.96126984e+00 -1.27244094e+01 -7.07471068e-01  1.30571376e+01  9.58320243e+00
 3.96126984e+00 -1.25905512e+01 -5.73205706e-01  1.30575741e+01  9.57934674e+00
 3.96126984e+00 -1.24566929e+01 -4.38734079e-01  1.30583957e+01  9.57562195e+00
 3.96126984e+00 -1.23228346e+01 -3.04116030e-01  1.30596607e+01  9.57196928e+00
 3.96126984e+00 -1.21889764e+01 -1.69396596e-01  1.30612497e+01  9.56837473e+00
 3.96126984e+00 -1.20551181e+01 -3.46419434e-02  1.30629832e+01  9.56480410e+00
 3.96126984e+00 -1.19212598e+01  1.00012539e-01  1.30647703e+01  9.56112210e+00
 3.96126984e+00 -1.17874016e+01  2.34432780e-01  1.30663524e+01  9.55724713e+00
 3.96126984e+00 -1.16535433e+01  3.68475747e-01  1.30674231e+01  9.55308944e+00
 3.96126984e+00 -1.15196850e+01  5.01969210e-01  1.30677452e+01  9.54849063e+00
 3.96126984e+00 -1.13858268e+01  6.34723236e-01  1.30669281e+01  9.54339108e+00
 3.96126984e+00 -1.12519685e+01  7.66564292e-01  1.30645844e+01  9.53769368e+00
 3.96126984e+00 -1.11181102e+01  8.97355843e-01  1.30604591e+01  9.53116072e+00
 3.96126984e+00 -1.09842520e+01  1.02693368e+00  1.30541762e+01  9.52376016e+00
 3.96126984e+00 -1.08503937e+01  1.15517196e+00  1.30453822e+01  9.51549952e+00
 3.96126984e+00 -1.07165354e+01  1.28205451e+00  1.30339086e+01  9.50624452e+00
 3.96126984e+00 -1.05826772e+01  1.40761787e+00  1.30196878e+01  9.49602647e+00
 3.96126984e+00 -1.04488189e+01  1.53194856e+00  1.30027363e+01  9.48498413e+00
 3.96126984e+00 -1.03149606e+01  1.65521574e+00  1.29831836e+01  9.47322175e+00
 3.96126984e+00 -1.01811024e+01  1.77764100e+00  1.29612780e+01  9.46087021e+00
 3.96126984e+00 -1.00472441e+01  1.89948579e+00  1.29373738e+01  9.44810072e+00
 3.96126984e+00 -9.91338583e+00  2.02100462e+00  1.29118301e+01  9.43509954e+00
 3.96126984e+00 -9.77952756e+00  2.14242104e+00  1.28850160e+01  9.42202327e+00
 3.96126984e+00 -9.64566929e+00  2.26389700e+00  1.28573319e+01  9.40894966e+00
 3.96126984e+00 -9.51181102e+00  2.38557251e+00  1.28291116e+01  9.39599714e+00
 3.96126984e+00 -9.37795276e+00  2.50756045e+00  1.28006258e+01  9.38330521e+00
 3.96126984e+00 -9.24409449e+00  2.62988308e+00  1.27721537e+01  9.37085091e+00
 3.96126984e+00 -9.11023622e+00  2.75255685e+00  1.27439042e+01  9.35859220e+00
 3.96126984e+00 -8.97637795e+00  2.87564714e+00  1.27159432e+01  9.34656357e+00
 3.96126984e+00 -8.84251969e+00  2.99915308e+00  1.26883997e+01  9.33477985e+00
 3.96126984e+00 -8.70866142e+00  3.12303516e+00  1.26614591e+01  9.32324285e+00
 3.96126984e+00 -8.57480315e+00  3.24732345e+00  1.26352928e+01  9.31198857e+00
 3.96126984e+00 -8.44094488e+00  3.37209108e+00  1.26100612e+01  9.30104126e+00
 3.96126984e+00 -8.30708661e+00  3.49742894e+00  1.25858918e+01  9.29039489e+00
 3.96126984e+00 -8.17322835e+00  3.62329376e+00  1.25627092e+01  9.28002449e+00
 3.96126984e+00 -8.03937008e+00  3.74976477e+00  1.25407664e+01  9.27005737e+00
 3.96126984e+00 -7.90551181e+00  3.87732307e+00  1.25212211e+01  9.26095820e+00
 3.96126984e+00 -7.77165354e+00  4.00569077e+00  1.25035240e+01  9.25249106e+00
 3.96126984e+00 -7.63779528e+00  4.13423465e+00  1.24862869e+01  9.24405914e+00
 3.96126984e+00 -7.50393701e+00  4.26336784e+00  1.24703272e+01  9.23589939e+00
 3.96126984e+00 -7.37007874e+00  4.39328495e+00  1.24561762e+01  9.22818675e+00
 3.96126984e+00 -7.23622047e+00  4.52374223e+00  1.24435657e+01  9.22083426e+00
 3.96126984e+00 -7.10236220e+00  4.65470097e+00  1.24323802e+01  9.21376909e+00
 3.96126984e+00 -6.96850394e+00  4.78613481e+00  1.24225511e+01  9.20693513e+00
 3.96126984e+00 -6.83464567e+00  4.91795484e+00  1.24139815e+01  9.20028881e+00
 3.96126984e+00 -6.70078740e+00  5.05011579e+00  1.24065101e+01  9.19379998e+00
 3.96126984e+00 -6.56692913e+00  5.18254437e+00  1.23999822e+01  9.18743458e+00
 3.96126984e+00 -6.43307087e+00  5.31512438e+00  1.23942902e+01  9.18114739e+00
 3.96126984e+00 -6.29921260e+00  5.44785107e+00  1.23893898e+01  9.17489909e+00
 3.96126984e+00 -6.16535433e+00  5.58071888e+00  1.23851446e+01  9.16865589e+00
 3.96126984e+00 -6.03149606e+00  5.71366651e+00  1.23812995e+01  9.16239949e+00
 3.96126984e+00 -5.89763780e+00  5.84668042e+00  1.23778913e+01  9.15615662e+00
 3.96126984e+00 -5.76377953e+00  5.97975788e+00  1.23749749e+01  9.14992707e+00
 3.96126984e+00 -5.62992126e+00  6.11288918e+00  1.23724505e+01  9.14365470e+00
 3.96126984e+00 -5.49606299e+00  6.24610756e+00  1.23701685e+01  9.13734996e+00
 3.96126984e+00 -5.36220472e+00  6.37940187e+00  1.23680806e+01  9.13102665e+00
 3.96126984e+00 -5.22834646e+00  6.51268559e+00  1.23662808e+01  9.12466579e+00
 3.96126984e+00 -5.09448819e+00  6.64598009e+00  1.23646704e+01  9.11826717e+00
 3.96126984e+00 -4.96062992e+00  6.77932136e+00  1.23631639e+01  9.11181872e+00
 3.96126984e+00 -4.82677165e+00  6.91269553e+00  1.23618021e+01  9.10528616e+00
 3.96126984e+00 -4.69291339e+00  7.04606516e+00  1.23605330e+01  9.09868774e+00
 3.96126984e+00 -4.55905512e+00  7.17938900e+00  1.23592871e+01  9.09202697e+00
 3.96126984e+00 -4.42519685e+00  7.31263328e+00  1.23580278e+01  9.08525663e+00
 3.96126984e+00 -4.29133858e+00  7.44577355e+00  1.23566996e+01  9.07835332e+00
 3.96126984e+00 -4.15748031e+00  7.57878421e+00  1.23552471e+01  9.07131789e+00
 3.96126984e+00 -4.02362205e+00  7.71162645e+00  1.23536135e+01  9.06415987e+00
 3.96126984e+00 -3.88976378e+00  7.84422043e+00  1.23516528e+01  9.05681992e+00
 3.96126984e+00 -3.75590551e+00  7.97647853e+00  1.23492527e+01  9.04927155e+00
 3.96126984e+00 -3.62204724e+00  8.10831839e+00  1.23463797e+01  9.04156099e+00
 3.96126984e+00 -3.48818898e+00  8.23960934e+00  1.23428257e+01  9.03360058e+00
 3.96126984e+00 -3.35433071e+00  8.37022101e+00  1.23383465e+01  9.02530724e+00
 3.96126984e+00 -3.22047244e+00  8.50004809e+00  1.23327587e+01  9.01669379e+00
 3.96126984e+00 -3.08661417e+00  8.62892156e+00  1.23258547e+01  9.00771304e+00
 3.96126984e+00 -2.95275591e+00  8.75668130e+00  1.23174328e+01  8.99830302e+00
 3.96126984e+00 -2.81889764e+00  8.88325210e+00  1.23073320e+01  8.98843948e+00
 3.96126984e+00 -2.68503937e+00  9.00868705e+00  1.22954802e+01  8.97813630e+00
 3.96126984e+00 -2.55118110e+00  9.13313175e+00  1.22819112e+01  8.96744217e+00
 3.96126984e+00 -2.41732283e+00  9.25679774e+00  1.22668359e+01  8.95645026e+00
 3.96126984e+00 -2.28346457e+00  9.38000635e+00  1.22505028e+01  8.94521066e+00
 3.96126984e+00 -2.14960630e+00  9.50318856e+00  1.22331833e+01  8.93373680e+00
 3.96126984e+00 -2.01574803e+00  9.62680429e+00  1.22152794e+01  8.92216871e+00
 3.96126984e+00 -1.88188976e+00  9.75135894e+00  1.21972050e+01  8.91064017e+00
 3.96126984e+00 -1.74803150e+00  9.87744985e+00  1.21792906e+01  8.89915827e+00
 3.96126984e+00 -1.61417323e+00  1.00058249e+01  1.21619096e+01  8.88772195e+00
 3.96126984e+00 -1.48031496e+00  1.01373327e+01  1.21454482e+01  8.87634158e+00
 3.96126984e+00 -1.34645669e+00  1.02727332e+01  1.21301680e+01  8.86504271e+00
 3.96126984e+00 -1.21259843e+00  1.04130642e+01  1.21163613e+01  8.85380786e+00
 3.96126984e+00 -1.07874016e+00  1.05606648e+01  1.21043916e+01  8.84255769e+00
 3.96126984e+00 -9.44881890e-01  1.07184468e+01  1.20948743e+01  8.83118431e+00
 3.96126984e+00 -8.11023622e-01  1.08898778e+01  1.20895405e+01  8.81948341e+00
 3.96126984e+00 -6.77165354e-01  1.10799438e+01  1.20895643e+01  8.80735135e+00
 3.96126984e+00 -5.43307087e-01  1.12948423e+01  1.20953394e+01  8.79447213e+00
 3.96126984e+00 -4.09448819e-01  1.15358238e+01  1.21125543e+01  8.78016480e+00
 3.96126984e+00 -2.75590551e-01  1.17974340e+01  1.21499936e+01  8.76408661e+00
 3.96126984e+00 -1.41732283e-01  1.20647432e+01  1.22114538e+01  8.74667665e+00
 3.96126984e+00 -7.87401575e-03  1.23253232e+01  1.22935137e+01  8.72835111e+00
 3.96126984e+00  1.25984252e-01  1.25812951e+01  1.23952328e+01  8.70880532e+00
 3.96126984e+00  2.59842520e-01  1.28380254e+01  1.25149223e+01  8.68765064e+00
 3.96126984e+00  3.93700787e-01  1.30938874e+01  1.26474863e+01  8.66457500e+00
 3.96126984e+00  5.27559055e-01  1.33545528e+01  1.27899215e+01  8.63950504e+00
 3.96126984e+00  6.61417323e-01  1.36256703e+01  1.29356697e+01  8.61205193e+00
 3.96126984e+00  7.95275591e-01  1.38967878e+01  1.30814179e+01  8.58459882e+00
 3.96126984e+00  9.29133858e-01  1.41679053e+01  1.32271661e+01  8.55714571e+00
 3.96126984e+00  1.06299213e+00  1.44390228e+01  1.33729143e+01  8.52969260e+00
 3.96126984e+00  1.19685039e+00  1.47101403e+01  1.35186625e+01  8.50223949e+00
 3.96126984e+00  1.33070866e+00  1.49812578e+01  1.36644107e+01  8.47478638e+00
 3.96126984e+00  1.46456693e+00  1.52523753e+01  1.38101589e+01  8.44733327e+00
 3.96126984e+00  1.59842520e+00  1.55234928e+01  1.39559071e+01  8.41988016e+00
 3.96126984e+00  1.73228346e+00  1.57946103e+01  1.41016553e+01  8.39242705e+00
 3.96126984e+00  1.86614173e+00  1.60657278e+01  1.42474035e+01  8.36497394e+00
 3.96126984e+00  2.00000000e+00  1.63368453e+01  1.43931517e+01  8.33752083e+00
 4.03968254e+00 -1.50000000e+01 -2.88972323e+00  1.31362187e+01  9.66870521e+00
 4.03968254e+00 -1.48661417e+01 -2.75580880e+00  1.31365225e+01  9.66518913e+00
 4.03968254e+00 -1.47322835e+01 -2.62192323e+00  1.31366914e+01  9.66155314e+00
 4.03968254e+00 -1.45984252e+01 -2.48807469e+00  1.31366760e+01  9.65785848e+00
 4.03968254e+00 -1.44645669e+01 -2.35425628e+00  1.31364249e+01  9.65408171e+00
 4.03968254e+00 -1.43307087e+01 -2.22048715e+00  1.31358563e+01  9.65017948e+00
 4.03968254e+00 -1.41968504e+01 -2.08681584e+00  1.31348648e+01  9.64614025e+00
 4.03968254e+00 -1.40629921e+01 -1.95316297e+00  1.31334708e+01  9.64198123e+00
 4.03968254e+00 -1.39291339e+01 -1.81944862e+00  1.31316846e+01  9.63770138e+00
 4.03968254e+00 -1.37952756e+01 -1.68566003e+00  1.31294429e+01  9.63326951e+00
 4.03968254e+00 -1.36614173e+01 -1.55172413e+00  1.31267890e+01  9.62873182e+00
 4.03968254e+00 -1.35275591e+01 -1.41751018e+00  1.31238061e+01  9.62409830e+00
 4.03968254e+00 -1.33937008e+01 -1.28302398e+00  1.31205749e+01  9.61931079e+00
 4.03968254e+00 -1.32598425e+01 -1.14904252e+00  1.31171963e+01  9.61447601e+00
 4.03968254e+00 -1.31259843e+01 -1.01598987e+00  1.31137788e+01  9.60967158e+00
 4.03968254e+00 -1.29921260e+01 -8.83257616e-01  1.31104112e+01  9.60484957e+00
 4.03968254e+00 -1.28582677e+01 -7.50469804e-01  1.31071248e+01  9.59999871e+00
 4.03968254e+00 -1.27244094e+01 -6.17663748e-01  1.31039165e+01  9.59512573e+00
 4.03968254e+00 -1.25905512e+01 -4.84843230e-01  1.31007706e+01  9.59022568e+00
 4.03968254e+00 -1.24566929e+01 -3.51990008e-01  1.30977668e+01  9.58530226e+00
 4.03968254e+00 -1.23228346e+01 -2.19114912e-01  1.30949238e+01  9.58035760e+00
 4.03968254e+00 -1.21889764e+01 -8.62701515e-02  1.30921513e+01  9.57539047e+00
 4.03968254e+00 -1.20551181e+01  4.66275590e-02  1.30895414e+01  9.57042073e+00
 4.03968254e+00 -1.19212598e+01  1.79626207e-01  1.30871326e+01  9.56545298e+00
 4.03968254e+00 -1.17874016e+01  3.12653912e-01  1.30848110e+01  9.56046903e+00
 4.03968254e+00 -1.16535433e+01  4.45717402e-01  1.30826910e+01  9.55552676e+00
 4.03968254e+00 -1.15196850e+01  5.78876801e-01  1.30808404e+01  9.55064489e+00
 4.03968254e+00 -1.13858268e+01  7.12203637e-01  1.30791554e+01  9.54575401e+00
 4.03968254e+00 -1.12519685e+01  8.45665339e-01  1.30778157e+01  9.54089635e+00
 4.03968254e+00 -1.11181102e+01  9.79244871e-01  1.30768990e+01  9.53613496e+00
 4.03968254e+00 -1.09842520e+01  1.11300189e+00  1.30761911e+01  9.53147899e+00
 4.03968254e+00 -1.08503937e+01  1.24692111e+00  1.30757918e+01  9.52685303e+00
 4.03968254e+00 -1.07165354e+01  1.38096771e+00  1.30758200e+01  9.52224713e+00
 4.03968254e+00 -1.05826772e+01  1.51510843e+00  1.30761864e+01  9.51775390e+00
 4.03968254e+00 -1.04488189e+01  1.64920049e+00  1.30766009e+01  9.51320521e+00
 4.03968254e+00 -1.03149606e+01  1.78311050e+00  1.30768469e+01  9.50845531e+00
 4.03968254e+00 -1.01811024e+01  1.91675903e+00  1.30768555e+01  9.50351273e+00
 4.03968254e+00 -1.00472441e+01  2.04995783e+00  1.30762286e+01  9.49825017e+00
 4.03968254e+00 -9.91338583e+00  2.18247516e+00  1.30745441e+01  9.49250502e+00
 4.03968254e+00 -9.77952756e+00  2.31408633e+00  1.30715021e+01  9.48614444e+00
 4.03968254e+00 -9.64566929e+00  2.44462063e+00  1.30667095e+01  9.47905762e+00
 4.03968254e+00 -9.51181102e+00  2.57392773e+00  1.30597655e+01  9.47116017e+00
 4.03968254e+00 -9.37795276e+00  2.70187462e+00  1.30503351e+01  9.46239330e+00
 4.03968254e+00 -9.24409449e+00  2.82844704e+00  1.30382465e+01  9.45268591e+00
 4.03968254e+00 -9.11023622e+00  2.95369093e+00  1.30234171e+01  9.44202916e+00
 4.03968254e+00 -8.97637795e+00  3.07767752e+00  1.30058225e+01  9.43055010e+00
 4.03968254e+00 -8.84251969e+00  3.20056014e+00  1.29856811e+01  9.41838649e+00
 4.03968254e+00 -8.70866142e+00  3.32256813e+00  1.29633309e+01  9.40567777e+00
 4.03968254e+00 -8.57480315e+00  3.44402642e+00  1.29389768e+01  9.39259330e+00
 4.03968254e+00 -8.44094488e+00  3.56517285e+00  1.29129401e+01  9.37926558e+00
 4.03968254e+00 -8.30708661e+00  3.68611870e+00  1.28857370e+01  9.36578715e+00
 4.03968254e+00 -8.17322835e+00  3.80717073e+00  1.28575931e+01  9.35243066e+00
 4.03968254e+00 -8.03937008e+00  3.92861947e+00  1.28287055e+01  9.33944550e+00
 4.03968254e+00 -7.90551181e+00  4.05030865e+00  1.27997612e+01  9.32665138e+00
 4.03968254e+00 -7.77165354e+00  4.17219901e+00  1.27711043e+01  9.31397751e+00
 4.03968254e+00 -7.63779528e+00  4.29450107e+00  1.27425701e+01  9.30158873e+00
 4.03968254e+00 -7.50393701e+00  4.41728280e+00  1.27144128e+01  9.28950748e+00
 4.03968254e+00 -7.37007874e+00  4.54055836e+00  1.26870076e+01  9.27770504e+00
 4.03968254e+00 -7.23622047e+00  4.66440615e+00  1.26604689e+01  9.26622358e+00
 4.03968254e+00 -7.10236220e+00  4.78890211e+00  1.26349456e+01  9.25510259e+00
 4.03968254e+00 -6.96850394e+00  4.91409839e+00  1.26106498e+01  9.24436795e+00
 4.03968254e+00 -6.83464567e+00  5.03998687e+00  1.25877273e+01  9.23404956e+00
 4.03968254e+00 -6.70078740e+00  5.16657683e+00  1.25662674e+01  9.22415242e+00
 4.03968254e+00 -6.56692913e+00  5.29393242e+00  1.25463186e+01  9.21464374e+00
 4.03968254e+00 -6.43307087e+00  5.42203853e+00  1.25280314e+01  9.20554163e+00
 4.03968254e+00 -6.29921260e+00  5.55083937e+00  1.25115012e+01  9.19685859e+00
 4.03968254e+00 -6.16535433e+00  5.68029337e+00  1.24965459e+01  9.18851705e+00
 4.03968254e+00 -6.03149606e+00  5.81032129e+00  1.24829201e+01  9.18042265e+00
 4.03968254e+00 -5.89763780e+00  5.94084218e+00  1.24705042e+01  9.17251974e+00
 4.03968254e+00 -5.76377953e+00  6.07186190e+00  1.24596137e+01  9.16486074e+00
 4.03968254e+00 -5.62992126e+00  6.20330977e+00  1.24502455e+01  9.15745549e+00
 4.03968254e+00 -5.49606299e+00  6.33505042e+00  1.24420627e+01  9.15024294e+00
 4.03968254e+00 -5.36220472e+00  6.46702592e+00  1.24348530e+01  9.14309309e+00
 4.03968254e+00 -5.22834646e+00  6.59922041e+00  1.24284875e+01  9.13599232e+00
 4.03968254e+00 -5.09448819e+00  6.73162302e+00  1.24228811e+01  9.12901118e+00
 4.03968254e+00 -4.96062992e+00  6.86415194e+00  1.24179238e+01  9.12203642e+00
 4.03968254e+00 -4.82677165e+00  6.99679306e+00  1.24135461e+01  9.11502477e+00
 4.03968254e+00 -4.69291339e+00  7.12959600e+00  1.24097069e+01  9.10803744e+00
 4.03968254e+00 -4.55905512e+00  7.26249579e+00  1.24062716e+01  9.10105215e+00
 4.03968254e+00 -4.42519685e+00  7.39541990e+00  1.24031690e+01  9.09402365e+00
 4.03968254e+00 -4.29133858e+00  7.52834088e+00  1.24004056e+01  9.08692050e+00
 4.03968254e+00 -4.15748031e+00  7.66130969e+00  1.23978979e+01  9.07976625e+00
 4.03968254e+00 -4.02362205e+00  7.79431789e+00  1.23955354e+01  9.07257260e+00
 4.03968254e+00 -3.88976378e+00  7.92727245e+00  1.23932246e+01  9.06531384e+00
 4.03968254e+00 -3.75590551e+00  8.06010309e+00  1.23909483e+01  9.05793133e+00
 4.03968254e+00 -3.62204724e+00  8.19275486e+00  1.23886193e+01  9.05040923e+00
 4.03968254e+00 -3.48818898e+00  8.32518041e+00  1.23860666e+01  9.04276658e+00
 4.03968254e+00 -3.35433071e+00  8.45732717e+00  1.23832077e+01  9.03491682e+00
 4.03968254e+00 -3.22047244e+00  8.58908764e+00  1.23799129e+01  9.02683769e+00
 4.03968254e+00 -3.08661417e+00  8.72030556e+00  1.23759797e+01  9.01859182e+00
 4.03968254e+00 -2.95275591e+00  8.85088674e+00  1.23712712e+01  9.01010152e+00
 4.03968254e+00 -2.81889764e+00  8.98070159e+00  1.23655872e+01  9.00126836e+00
 4.03968254e+00 -2.68503937e+00  9.10957402e+00  1.23586375e+01  8.99204337e+00
 4.03968254e+00 -2.55118110e+00  9.23747500e+00  1.23502436e+01  8.98247169e+00
 4.03968254e+00 -2.41732283e+00  9.36441737e+00  1.23402979e+01  8.97255935e+00
 4.03968254e+00 -2.28346457e+00  9.49040836e+00  1.23287527e+01  8.96220821e+00
 4.03968254e+00 -2.14960630e+00  9.61563526e+00  1.23157105e+01  8.95148067e+00
 4.03968254e+00 -2.01574803e+00  9.74044417e+00  1.23013704e+01  8.94049632e+00
 4.03968254e+00 -1.88188976e+00  9.86536400e+00  1.22859967e+01  8.92928367e+00
 4.03968254e+00 -1.74803150e+00  9.99097926e+00  1.22699187e+01  8.91790825e+00
 4.03968254e+00 -1.61417323e+00  1.01179281e+01  1.22535421e+01  8.90646801e+00
 4.03968254e+00 -1.48031496e+00  1.02471104e+01  1.22373828e+01  8.89496350e+00
 4.03968254e+00 -1.34645669e+00  1.03794506e+01  1.22218026e+01  8.88339745e+00
 4.03968254e+00 -1.21259843e+00  1.05161015e+01  1.22068807e+01  8.87181219e+00
 4.03968254e+00 -1.07874016e+00  1.06590983e+01  1.21928520e+01  8.86015097e+00
 4.03968254e+00 -9.44881890e-01  1.08112298e+01  1.21811449e+01  8.84834384e+00
 4.03968254e+00 -8.11023622e-01  1.09754587e+01  1.21741529e+01  8.83632731e+00
 4.03968254e+00 -6.77165354e-01  1.11572053e+01  1.21714737e+01  8.82388061e+00
 4.03968254e+00 -5.43307087e-01  1.13628228e+01  1.21720037e+01  8.81073882e+00
 4.03968254e+00 -4.09448819e-01  1.15940235e+01  1.21823915e+01  8.79626744e+00
 4.03968254e+00 -2.75590551e-01  1.18460738e+01  1.22118232e+01  8.78019115e+00
 4.03968254e+00 -1.41732283e-01  1.21027456e+01  1.22642718e+01  8.76292881e+00
 4.03968254e+00 -7.87401575e-03  1.23511706e+01  1.23372545e+01  8.74508759e+00
 4.03968254e+00  1.25984252e-01  1.25980284e+01  1.24302305e+01  8.72632614e+00
 4.03968254e+00  2.59842520e-01  1.28532150e+01  1.25424089e+01  8.70628155e+00
 4.03968254e+00  3.93700787e-01  1.31099602e+01  1.26690667e+01  8.68466478e+00
 4.03968254e+00  5.27559055e-01  1.33636440e+01  1.28043521e+01  8.66123764e+00
 4.03968254e+00  6.61417323e-01  1.36222258e+01  1.29415404e+01  8.63595159e+00
 4.03968254e+00  7.95275591e-01  1.38554164e+01  1.30650969e+01  8.60820227e+00
 4.03968254e+00  9.29133858e-01  1.40886070e+01  1.31886534e+01  8.58045295e+00
 4.03968254e+00  1.06299213e+00  1.43217976e+01  1.33122099e+01  8.55270363e+00
 4.03968254e+00  1.19685039e+00  1.45549882e+01  1.34357664e+01  8.52495431e+00
 4.03968254e+00  1.33070866e+00  1.47881788e+01  1.35593229e+01  8.49720499e+00
 4.03968254e+00  1.46456693e+00  1.50213694e+01  1.36828794e+01  8.46945567e+00
 4.03968254e+00  1.59842520e+00  1.52545600e+01  1.38064359e+01  8.44170635e+00
 4.03968254e+00  1.73228346e+00  1.54877506e+01  1.39299924e+01  8.41395703e+00
 4.03968254e+00  1.86614173e+00  1.57209412e+01  1.40535489e+01  8.38620771e+00
 4.03968254e+00  2.00000000e+00  1.59541318e+01  1.41771054e+01  8.35845839e+00
 4.11809524e+00 -1.50000000e+01 -2.81079940e+00  1.31483797e+01  9.67115655e+00
 4.11809524e+00 -1.48661417e+01 -2.67691131e+00  1.31481361e+01  9.66767449e+00
 4.11809524e+00 -1.47322835e+01 -2.54299003e+00  1.31479023e+01  9.66413676e+00
 4.11809524e+00 -1.45984252e+01 -2.40901555e+00  1.31476872e+01  9.66052548e+00
 4.11809524e+00 -1.44645669e+01 -2.27500122e+00  1.31474805e+01  9.65690570e+00
 4.11809524e+00 -1.43307087e+01 -2.14095679e+00  1.31473138e+01  9.65327425e+00
 4.11809524e+00 -1.41968504e+01 -2.00683697e+00  1.31471980e+01  9.64960865e+00
 4.11809524e+00 -1.40629921e+01 -1.87255134e+00  1.31471151e+01  9.64590118e+00
 4.11809524e+00 -1.39291339e+01 -1.73808924e+00  1.31470929e+01  9.64219295e+00
 4.11809524e+00 -1.37952756e+01 -1.60341679e+00  1.31471426e+01  9.63848155e+00
 4.11809524e+00 -1.36614173e+01 -1.46845384e+00  1.31472486e+01  9.63472258e+00
 4.11809524e+00 -1.35275591e+01 -1.33309586e+00  1.31474264e+01  9.63096239e+00
 4.11809524e+00 -1.33937008e+01 -1.19736629e+00  1.31476449e+01  9.62717876e+00
 4.11809524e+00 -1.32598425e+01 -1.06199542e+00  1.31478487e+01  9.62330826e+00
 4.11809524e+00 -1.31259843e+01 -9.27682058e-01  1.31481007e+01  9.61942992e+00
 4.11809524e+00 -1.29921260e+01 -7.93796219e-01  1.31483849e+01  9.61554242e+00
 4.11809524e+00 -1.28582677e+01 -6.59911595e-01  1.31486109e+01  9.61159122e+00
 4.11809524e+00 -1.27244094e+01 -5.26084421e-01  1.31487654e+01  9.60756717e+00
 4.11809524e+00 -1.25905512e+01 -3.92313719e-01  1.31488056e+01  9.60346101e+00
 4.11809524e+00 -1.24566929e+01 -2.58610705e-01  1.31486550e+01  9.59925575e+00
 4.11809524e+00 -1.23228346e+01 -1.24995401e-01  1.31482643e+01  9.59492665e+00
 4.11809524e+00 -1.21889764e+01  8.50409171e-03  1.31475743e+01  9.59048989e+00
 4.11809524e+00 -1.20551181e+01  1.41864820e-01  1.31465208e+01  9.58596365e+00
 4.11809524e+00 -1.19212598e+01  2.75089532e-01  1.31450667e+01  9.58125959e+00
 4.11809524e+00 -1.17874016e+01  4.08178097e-01  1.31431893e+01  9.57638072e+00
 4.11809524e+00 -1.16535433e+01  5.41131564e-01  1.31408894e+01  9.57139433e+00
 4.11809524e+00 -1.15196850e+01  6.73975465e-01  1.31382194e+01  9.56626553e+00
 4.11809524e+00 -1.13858268e+01  8.06726713e-01  1.31352456e+01  9.56098142e+00
 4.11809524e+00 -1.12519685e+01  9.39403846e-01  1.31320357e+01  9.55558561e+00
 4.11809524e+00 -1.11181102e+01  1.07206039e+00  1.31286632e+01  9.55018176e+00
 4.11809524e+00 -1.09842520e+01  1.20469708e+00  1.31252166e+01  9.54473774e+00
 4.11809524e+00 -1.08503937e+01  1.33728793e+00  1.31217831e+01  9.53915041e+00
 4.11809524e+00 -1.07165354e+01  1.46989190e+00  1.31184049e+01  9.53353907e+00
 4.11809524e+00 -1.05826772e+01  1.60256035e+00  1.31151258e+01  9.52797656e+00
 4.11809524e+00 -1.04488189e+01  1.73530695e+00  1.31119908e+01  9.52242989e+00
 4.11809524e+00 -1.03149606e+01  1.86809731e+00  1.31090028e+01  9.51681914e+00
 4.11809524e+00 -1.01811024e+01  2.00093423e+00  1.31062165e+01  9.51117143e+00
 4.11809524e+00 -1.00472441e+01  2.13386606e+00  1.31037037e+01  9.50559142e+00
 4.11809524e+00 -9.91338583e+00  2.26693753e+00  1.31013734e+01  9.50004417e+00
 4.11809524e+00 -9.77952756e+00  2.40011878e+00  1.30992633e+01  9.49452145e+00
 4.11809524e+00 -9.64566929e+00  2.53334629e+00  1.30975171e+01  9.48904642e+00
 4.11809524e+00 -9.51181102e+00  2.66670951e+00  1.30960231e+01  9.48352712e+00
 4.11809524e+00 -9.37795276e+00  2.80018819e+00  1.30947050e+01  9.47798440e+00
 4.11809524e+00 -9.24409449e+00  2.93363379e+00  1.30935599e+01  9.47251568e+00
 4.11809524e+00 -9.11023622e+00  3.06697978e+00  1.30924713e+01  9.46695944e+00
 4.11809524e+00 -8.97637795e+00  3.20014840e+00  1.30912221e+01  9.46121480e+00
 4.11809524e+00 -8.84251969e+00  3.33299278e+00  1.30895003e+01  9.45525714e+00
 4.11809524e+00 -8.70866142e+00  3.46523225e+00  1.30869078e+01  9.44887358e+00
 4.11809524e+00 -8.57480315e+00  3.59675731e+00  1.30832839e+01  9.44198541e+00
 4.11809524e+00 -8.44094488e+00  3.72741163e+00  1.30783328e+01  9.43455781e+00
 4.11809524e+00 -8.30708661e+00  3.85607680e+00  1.30702372e+01  9.42602757e+00
 4.11809524e+00 -8.17322835e+00  3.98289412e+00  1.30591056e+01  9.41648314e+00
 4.11809524e+00 -8.03937008e+00  4.10927629e+00  1.30469898e+01  9.40666188e+00
 4.11809524e+00 -7.90551181e+00  4.23479746e+00  1.30330136e+01  9.39625930e+00
 4.11809524e+00 -7.77165354e+00  4.35887973e+00  1.30160818e+01  9.38492459e+00
 4.11809524e+00 -7.63779528e+00  4.48182986e+00  1.29965492e+01  9.37287347e+00
 4.11809524e+00 -7.50393701e+00  4.60387499e+00  1.29747497e+01  9.36030614e+00
 4.11809524e+00 -7.37007874e+00  4.72518560e+00  1.29509407e+01  9.34736171e+00
 4.11809524e+00 -7.23622047e+00  4.84609098e+00  1.29254544e+01  9.33411858e+00
 4.11809524e+00 -7.10236220e+00  4.96684276e+00  1.28986396e+01  9.32071129e+00
 4.11809524e+00 -6.96850394e+00  5.08755438e+00  1.28708578e+01  9.30735466e+00
 4.11809524e+00 -6.83464567e+00  5.20840276e+00  1.28424681e+01  9.29411178e+00
 4.11809524e+00 -6.70078740e+00  5.32956675e+00  1.28138053e+01  9.28098463e+00
 4.11809524e+00 -6.56692913e+00  5.45110118e+00  1.27851362e+01  9.26805553e+00
 4.11809524e+00 -6.43307087e+00  5.57311014e+00  1.27568284e+01  9.25541217e+00
 4.11809524e+00 -6.29921260e+00  5.69576554e+00  1.27293009e+01  9.24311189e+00
 4.11809524e+00 -6.16535433e+00  5.81902975e+00  1.27022291e+01  9.23107872e+00
 4.11809524e+00 -6.03149606e+00  5.94285689e+00  1.26754187e+01  9.21926893e+00
 4.11809524e+00 -5.89763780e+00  6.06744643e+00  1.26499185e+01  9.20788725e+00
 4.11809524e+00 -5.76377953e+00  6.19289555e+00  1.26263384e+01  9.19703990e+00
 4.11809524e+00 -5.62992126e+00  6.31916969e+00  1.26046460e+01  9.18668855e+00
 4.11809524e+00 -5.49606299e+00  6.44623959e+00  1.25845553e+01  9.17672749e+00
 4.11809524e+00 -5.36220472e+00  6.57405924e+00  1.25659690e+01  9.16709832e+00
 4.11809524e+00 -5.22834646e+00  6.70255993e+00  1.25491215e+01  9.15783240e+00
 4.11809524e+00 -5.09448819e+00  6.83172073e+00  1.25339114e+01  9.14890008e+00
 4.11809524e+00 -4.96062992e+00  6.96149768e+00  1.25201592e+01  9.14024814e+00
 4.11809524e+00 -4.82677165e+00  7.09176071e+00  1.25078532e+01  9.13183836e+00
 4.11809524e+00 -4.69291339e+00  7.22245098e+00  1.24969235e+01  9.12363223e+00
 4.11809524e+00 -4.55905512e+00  7.35354534e+00  1.24872383e+01  9.11557391e+00
 4.11809524e+00 -4.42519685e+00  7.48498561e+00  1.24786238e+01  9.10757712e+00
 4.11809524e+00 -4.29133858e+00  7.61668867e+00  1.24709339e+01  9.09967046e+00
 4.11809524e+00 -4.15748031e+00  7.74858585e+00  1.24640690e+01  9.09190159e+00
 4.11809524e+00 -4.02362205e+00  7.88068276e+00  1.24579906e+01  9.08414907e+00
 4.11809524e+00 -3.88976378e+00  8.01295053e+00  1.24525764e+01  9.07634936e+00
 4.11809524e+00 -3.75590551e+00  8.14531416e+00  1.24476789e+01  9.06852778e+00
 4.11809524e+00 -3.62204724e+00  8.27767582e+00  1.24432794e+01  9.06076765e+00
 4.11809524e+00 -3.48818898e+00  8.41005261e+00  1.24392332e+01  9.05298247e+00
 4.11809524e+00 -3.35433071e+00  8.54248641e+00  1.24353094e+01  9.04501795e+00
 4.11809524e+00 -3.22047244e+00  8.67480000e+00  1.24313850e+01  9.03695727e+00
 4.11809524e+00 -3.08661417e+00  8.80686580e+00  1.24273999e+01  9.02881846e+00
 4.11809524e+00 -2.95275591e+00  8.93862580e+00  1.24232694e+01  9.02052555e+00
 4.11809524e+00 -2.81889764e+00  9.06998939e+00  1.24187184e+01  9.01200978e+00
 4.11809524e+00 -2.68503937e+00  9.20083776e+00  1.24136058e+01  9.00326267e+00
 4.11809524e+00 -2.55118110e+00  9.33105703e+00  1.24078922e+01  8.99431027e+00
 4.11809524e+00 -2.41732283e+00  9.46061952e+00  1.24013195e+01  8.98510833e+00
 4.11809524e+00 -2.28346457e+00  9.58947090e+00  1.23936328e+01  8.97558677e+00
 4.11809524e+00 -2.14960630e+00  9.71753175e+00  1.23846419e+01  8.96568046e+00
 4.11809524e+00 -2.01574803e+00  9.84484811e+00  1.23741697e+01  8.95539075e+00
 4.11809524e+00 -1.88188976e+00  9.97165641e+00  1.23622016e+01  8.94476462e+00
 4.11809524e+00 -1.74803150e+00  1.00984326e+01  1.23489880e+01  8.93387790e+00
 4.11809524e+00 -1.61417323e+00  1.02257677e+01  1.23351419e+01  8.92275345e+00
 4.11809524e+00 -1.48031496e+00  1.03544036e+01  1.23210134e+01  8.91140308e+00
 4.11809524e+00 -1.34645669e+00  1.04852479e+01  1.23060827e+01  8.89987096e+00
 4.11809524e+00 -1.21259843e+00  1.06195854e+01  1.22908749e+01  8.88817103e+00
 4.11809524e+00 -1.07874016e+00  1.07593026e+01  1.22765593e+01  8.87629818e+00
 4.11809524e+00 -9.44881890e-01  1.09066117e+01  1.22636861e+01  8.86425933e+00
 4.11809524e+00 -8.11023622e-01  1.10645394e+01  1.22526872e+01  8.85194099e+00
 4.11809524e+00 -6.77165354e-01  1.12385316e+01  1.22447810e+01  8.83920440e+00
 4.11809524e+00 -5.43307087e-01  1.14363869e+01  1.22431353e+01  8.82590815e+00
 4.11809524e+00 -4.09448819e-01  1.16575549e+01  1.22529537e+01  8.81163312e+00
 4.11809524e+00 -2.75590551e-01  1.18900863e+01  1.22795854e+01  8.79621844e+00
 4.11809524e+00 -1.41732283e-01  1.21266984e+01  1.23253518e+01  8.77995447e+00
 4.11809524e+00 -7.87401575e-03  1.23681868e+01  1.23895785e+01  8.76287832e+00
 4.11809524e+00  1.25984252e-01  1.26152741e+01  1.24732888e+01  8.74485178e+00
 4.11809524e+00  2.59842520e-01  1.28676622e+01  1.25759723e+01  8.72555081e+00
 4.11809524e+00  3.93700787e-01  1.31209858e+01  1.26941779e+01  8.70481144e+00
 4.11809524e+00  5.27559055e-01  1.33736901e+01  1.28229665e+01  8.68242030e+00
 4.11809524e+00  6.61417323e-01  1.36317138e+01  1.29557168e+01  8.65836537e+00
 4.11809524e+00  7.95275591e-01  1.39019216e+01  1.30914998e+01  8.63266174e+00
 4.11809524e+00  9.29133858e-01  1.41531490e+01  1.32210182e+01  8.60510197e+00
 4.11809524e+00  1.06299213e+00  1.43730173e+01  1.33485088e+01  8.57567222e+00
 4.11809524e+00  1.19685039e+00  1.45928856e+01  1.34759994e+01  8.54624247e+00
 4.11809524e+00  1.33070866e+00  1.48127539e+01  1.36034900e+01  8.51681272e+00
 4.11809524e+00  1.46456693e+00  1.50326222e+01  1.37309806e+01  8.48738297e+00
 4.11809524e+00  1.59842520e+00  1.52524905e+01  1.38584712e+01  8.45795322e+00
 4.11809524e+00  1.73228346e+00  1.54723588e+01  1.39859618e+01  8.42852348e+00
 4.11809524e+00  1.86614173e+00  1.56922270e+01  1.41134524e+01  8.39909373e+00
 4.11809524e+00  2.00000000e+00  1.59120953e+01  1.42409430e+01  8.36966398e+00
 4.19650794e+00 -1.50000000e+01 -2.73548702e+00  1.31595751e+01  9.67257565e+00
 4.19650794e+00 -1.48661417e+01 -2.60154821e+00  1.31594970e+01  9.66910786e+00
 4.19650794e+00 -1.47322835e+01 -2.46757268e+00  1.31594584e+01  9.66566737e+00
 4.19650794e+00 -1.45984252e+01 -2.33355342e+00  1.31594550e+01  9.66216012e+00
 4.19650794e+00 -1.44645669e+01 -2.19950828e+00  1.31594706e+01  9.65857609e+00
 4.19650794e+00 -1.43307087e+01 -2.06545155e+00  1.31594875e+01  9.65499180e+00
 4.19650794e+00 -1.41968504e+01 -1.93129059e+00  1.31595209e+01  9.65138442e+00
 4.19650794e+00 -1.40629921e+01 -1.79698709e+00  1.31595674e+01  9.64772218e+00
 4.19650794e+00 -1.39291339e+01 -1.66255802e+00  1.31596021e+01  9.64400208e+00
 4.19650794e+00 -1.37952756e+01 -1.52793556e+00  1.31596187e+01  9.64026418e+00
 4.19650794e+00 -1.36614173e+01 -1.39304678e+00  1.31596113e+01  9.63649661e+00
 4.19650794e+00 -1.35275591e+01 -1.25780873e+00  1.31595715e+01  9.63265971e+00
 4.19650794e+00 -1.33937008e+01 -1.12211672e+00  1.31594966e+01  9.62880931e+00
 4.19650794e+00 -1.32598425e+01 -9.86603203e-01  1.31593876e+01  9.62492837e+00
 4.19650794e+00 -1.31259843e+01 -8.52170093e-01  1.31592482e+01  9.62097158e+00
 4.19650794e+00 -1.29921260e+01 -7.18330963e-01  1.31590800e+01  9.61701650e+00
 4.19650794e+00 -1.28582677e+01 -5.84522538e-01  1.31588873e+01  9.61305556e+00
 4.19650794e+00 -1.27244094e+01 -4.50718270e-01  1.31586793e+01  9.60903843e+00
 4.19650794e+00 -1.25905512e+01 -3.16914828e-01  1.31584687e+01  9.60498424e+00
 4.19650794e+00 -1.24566929e+01 -1.83104285e-01  1.31582579e+01  9.60089812e+00
 4.19650794e+00 -1.23228346e+01 -4.92831576e-02  1.31580524e+01  9.59676785e+00
 4.19650794e+00 -1.21889764e+01  8.45477258e-02  1.31578812e+01  9.59258946e+00
 4.19650794e+00 -1.20551181e+01  2.18389408e-01  1.31577473e+01  9.58839983e+00
 4.19650794e+00 -1.19212598e+01  3.52245180e-01  1.31576415e+01  9.58422174e+00
 4.19650794e+00 -1.17874016e+01  4.86119140e-01  1.31575803e+01  9.57997559e+00
 4.19650794e+00 -1.16535433e+01  6.20006633e-01  1.31575718e+01  9.57568866e+00
 4.19650794e+00 -1.15196850e+01  7.53897937e-01  1.31576098e+01  9.57141466e+00
 4.19650794e+00 -1.13858268e+01  8.87786428e-01  1.31576742e+01  9.56706543e+00
 4.19650794e+00 -1.12519685e+01  1.02166810e+00  1.31577463e+01  9.56265152e+00
 4.19650794e+00 -1.11181102e+01  1.15553613e+00  1.31578095e+01  9.55821927e+00
 4.19650794e+00 -1.09842520e+01  1.28937336e+00  1.31578413e+01  9.55370656e+00
 4.19650794e+00 -1.08503937e+01  1.42316295e+00  1.31577564e+01  9.54908555e+00
 4.19650794e+00 -1.07165354e+01  1.55688608e+00  1.31574764e+01  9.54435828e+00
 4.19650794e+00 -1.05826772e+01  1.69051633e+00  1.31570261e+01  9.53951919e+00
 4.19650794e+00 -1.04488189e+01  1.82402706e+00  1.31563399e+01  9.53456277e+00
 4.19650794e+00 -1.03149606e+01  1.95740414e+00  1.31553114e+01  9.52948086e+00
 4.19650794e+00 -1.01811024e+01  2.09065436e+00  1.31538922e+01  9.52425533e+00
 4.19650794e+00 -1.00472441e+01  2.22372075e+00  1.31520403e+01  9.51884727e+00
 4.19650794e+00 -9.91338583e+00  2.35657947e+00  1.31497417e+01  9.51323772e+00
 4.19650794e+00 -9.77952756e+00  2.48936512e+00  1.31470498e+01  9.50747849e+00
 4.19650794e+00 -9.64566929e+00  2.62206649e+00  1.31440355e+01  9.50159229e+00
 4.19650794e+00 -9.51181102e+00  2.75462279e+00  1.31407772e+01  9.49558239e+00
 4.19650794e+00 -9.37795276e+00  2.88710871e+00  1.31373513e+01  9.48946729e+00
 4.19650794e+00 -9.24409449e+00  3.01959055e+00  1.31338093e+01  9.48328772e+00
 4.19650794e+00 -9.11023622e+00  3.15210858e+00  1.31302141e+01  9.47707481e+00
 4.19650794e+00 -8.97637795e+00  3.28467620e+00  1.31266952e+01  9.47080648e+00
 4.19650794e+00 -8.84251969e+00  3.41727883e+00  1.31233244e+01  9.46451901e+00
 4.19650794e+00 -8.70866142e+00  3.54990989e+00  1.31201114e+01  9.45824240e+00
 4.19650794e+00 -8.57480315e+00  3.68262027e+00  1.31170379e+01  9.45187822e+00
 4.19650794e+00 -8.44094488e+00  3.81540754e+00  1.31142368e+01  9.44554481e+00
 4.19650794e+00 -8.30708661e+00  3.94821624e+00  1.31118168e+01  9.43940159e+00
 4.19650794e+00 -8.17322835e+00  4.08097685e+00  1.31095130e+01  9.43324063e+00
 4.19650794e+00 -8.03937008e+00  4.21364013e+00  1.31071960e+01  9.42694877e+00
 4.19650794e+00 -7.90551181e+00  4.34615201e+00  1.31048088e+01  9.42052469e+00
 4.19650794e+00 -7.77165354e+00  4.47839544e+00  1.31020637e+01  9.41393717e+00
 4.19650794e+00 -7.63779528e+00  4.61013340e+00  1.30986383e+01  9.40703653e+00
 4.19650794e+00 -7.50393701e+00  4.74109286e+00  1.30941913e+01  9.39963523e+00
 4.19650794e+00 -7.37007874e+00  4.87113977e+00  1.30882883e+01  9.39169185e+00
 4.19650794e+00 -7.23622047e+00  5.00008357e+00  1.30805403e+01  9.38310761e+00
 4.19650794e+00 -7.10236220e+00  5.12771381e+00  1.30706257e+01  9.37374125e+00
 4.19650794e+00 -6.96850394e+00  5.25400218e+00  1.30582426e+01  9.36356248e+00
 4.19650794e+00 -6.83464567e+00  5.37896626e+00  1.30432813e+01  9.35258661e+00
 4.19650794e+00 -6.70078740e+00  5.50264438e+00  1.30258394e+01  9.34086254e+00
 4.19650794e+00 -6.56692913e+00  5.62519611e+00  1.30059574e+01  9.32852108e+00
 4.19650794e+00 -6.43307087e+00  5.74685474e+00  1.29837882e+01  9.31570986e+00
 4.19650794e+00 -6.29921260e+00  5.86791288e+00  1.29597829e+01  9.30254461e+00
 4.19650794e+00 -6.16535433e+00  5.98859158e+00  1.29342851e+01  9.28913885e+00
 4.19650794e+00 -6.03149606e+00  6.10906048e+00  1.29075450e+01  9.27561156e+00
 4.19650794e+00 -5.89763780e+00  6.22954948e+00  1.28799413e+01  9.26208846e+00
 4.19650794e+00 -5.76377953e+00  6.35027283e+00  1.28518645e+01  9.24867373e+00
 4.19650794e+00 -5.62992126e+00  6.47137425e+00  1.28236500e+01  9.23543058e+00
 4.19650794e+00 -5.49606299e+00  6.59295533e+00  1.27956273e+01  9.22242759e+00
 4.19650794e+00 -5.36220472e+00  6.71509686e+00  1.27681143e+01  9.20973395e+00
 4.19650794e+00 -5.22834646e+00  6.83790999e+00  1.27413658e+01  9.19738477e+00
 4.19650794e+00 -5.09448819e+00  6.96149630e+00  1.27156199e+01  9.18540014e+00
 4.19650794e+00 -4.96062992e+00  7.08591691e+00  1.26911065e+01  9.17379173e+00
 4.19650794e+00 -4.82677165e+00  7.21115494e+00  1.26679511e+01  9.16257594e+00
 4.19650794e+00 -4.69291339e+00  7.33716687e+00  1.26462430e+01  9.15176643e+00
 4.19650794e+00 -4.55905512e+00  7.46397281e+00  1.26261586e+01  9.14135745e+00
 4.19650794e+00 -4.42519685e+00  7.59153846e+00  1.26077403e+01  9.13129294e+00
 4.19650794e+00 -4.29133858e+00  7.71977882e+00  1.25908879e+01  9.12149199e+00
 4.19650794e+00 -4.15748031e+00  7.84870044e+00  1.25755662e+01  9.11198527e+00
 4.19650794e+00 -4.02362205e+00  7.97822743e+00  1.25617295e+01  9.10276654e+00
 4.19650794e+00 -3.88976378e+00  8.10816834e+00  1.25492591e+01  9.09373141e+00
 4.19650794e+00 -3.75590551e+00  8.23862186e+00  1.25379008e+01  9.08480074e+00
 4.19650794e+00 -3.62204724e+00  8.36955241e+00  1.25275512e+01  9.07595314e+00
 4.19650794e+00 -3.48818898e+00  8.50053108e+00  1.25184054e+01  9.06723769e+00
 4.19650794e+00 -3.35433071e+00  8.63162139e+00  1.25103482e+01  9.05866961e+00
 4.19650794e+00 -3.22047244e+00  8.76305741e+00  1.25031556e+01  9.05019366e+00
 4.19650794e+00 -3.08661417e+00  8.89485206e+00  1.24966915e+01  9.04166722e+00
 4.19650794e+00 -2.95275591e+00  9.02668484e+00  1.24906966e+01  9.03309102e+00
 4.19650794e+00 -2.81889764e+00  9.15823664e+00  1.24849486e+01  9.02449537e+00
 4.19650794e+00 -2.68503937e+00  9.28957781e+00  1.24794709e+01  9.01579339e+00
 4.19650794e+00 -2.55118110e+00  9.42085388e+00  1.24742096e+01  9.00699740e+00
 4.19650794e+00 -2.41732283e+00  9.55203479e+00  1.24688615e+01  8.99810856e+00
 4.19650794e+00 -2.28346457e+00  9.68265060e+00  1.24627070e+01  8.98893581e+00
 4.19650794e+00 -2.14960630e+00  9.81255962e+00  1.24553949e+01  8.97940948e+00
 4.19650794e+00 -2.01574803e+00  9.94189162e+00  1.24468695e+01  8.96955762e+00
 4.19650794e+00 -1.88188976e+00  1.00707786e+01  1.24370770e+01  8.95938989e+00
 4.19650794e+00 -1.74803150e+00  1.01994034e+01  1.24260916e+01  8.94889352e+00
 4.19650794e+00 -1.61417323e+00  1.03280663e+01  1.24140887e+01  8.93805516e+00
 4.19650794e+00 -1.48031496e+00  1.04573749e+01  1.24012065e+01  8.92692539e+00
 4.19650794e+00 -1.34645669e+00  1.05881498e+01  1.23876620e+01  8.91555242e+00
 4.19650794e+00 -1.21259843e+00  1.07214496e+01  1.23737906e+01  8.90394594e+00
 4.19650794e+00 -1.07874016e+00  1.08591171e+01  1.23599294e+01  8.89203198e+00
 4.19650794e+00 -9.44881890e-01  1.10030739e+01  1.23465577e+01  8.87980490e+00
 4.19650794e+00 -8.11023622e-01  1.11556584e+01  1.23345287e+01  8.86735967e+00
 4.19650794e+00 -6.77165354e-01  1.13238548e+01  1.23255750e+01  8.85458079e+00
 4.19650794e+00 -5.43307087e-01  1.15131015e+01  1.23222684e+01  8.84142603e+00
 4.19650794e+00 -4.09448819e-01  1.17182514e+01  1.23301868e+01  8.82785747e+00
 4.19650794e+00 -2.75590551e-01  1.19305006e+01  1.23559925e+01  8.81372865e+00
 4.19650794e+00 -1.41732283e-01  1.21520380e+01  1.23983626e+01  8.79873779e+00
 4.19650794e+00 -7.87401575e-03  1.23881463e+01  1.24537937e+01  8.78244648e+00
 4.19650794e+00  1.25984252e-01  1.26331637e+01  1.25253022e+01  8.76474264e+00
 4.19650794e+00  2.59842520e-01  1.28792841e+01  1.26161768e+01  8.74568260e+00
 4.19650794e+00  3.93700787e-01  1.31288285e+01  1.27241090e+01  8.72522353e+00
 4.19650794e+00  5.27559055e-01  1.33836167e+01  1.28446309e+01  8.70330441e+00
 4.19650794e+00  6.61417323e-01  1.36425644e+01  1.29713890e+01  8.67993848e+00
 4.19650794e+00  7.95275591e-01  1.39002843e+01  1.30986347e+01  8.65523930e+00
 4.19650794e+00  9.29133858e-01  1.41592006e+01  1.32267526e+01  8.62945530e+00
 4.19650794e+00  1.06299213e+00  1.44154316e+01  1.33523413e+01  8.60249080e+00
 4.19650794e+00  1.19685039e+00  1.46443286e+01  1.34755556e+01  8.57350805e+00
 4.19650794e+00  1.33070866e+00  1.48606853e+01  1.35973974e+01  8.54234022e+00
 4.19650794e+00  1.46456693e+00  1.50770420e+01  1.37192392e+01  8.51117239e+00
 4.19650794e+00  1.59842520e+00  1.52933987e+01  1.38410810e+01  8.48000456e+00
 4.19650794e+00  1.73228346e+00  1.55097554e+01  1.39629228e+01  8.44883673e+00
 4.19650794e+00  1.86614173e+00  1.57261121e+01  1.40847646e+01  8.41766890e+00
 4.19650794e+00  2.00000000e+00  1.59424688e+01  1.42066064e+01  8.38650107e+00
 4.27492063e+00 -1.50000000e+01 -2.65434339e+00  1.31888487e+01  9.67825551e+00
 4.27492063e+00 -1.48661417e+01 -2.52060973e+00  1.31879969e+01  9.67459694e+00
 4.27492063e+00 -1.47322835e+01 -2.38685421e+00  1.31871533e+01  9.67093980e+00
 4.27492063e+00 -1.45984252e+01 -2.25308059e+00  1.31862919e+01  9.66729913e+00
 4.27492063e+00 -1.44645669e+01 -2.11932778e+00  1.31853500e+01  9.66356599e+00
 4.27492063e+00 -1.43307087e+01 -1.98554083e+00  1.31843630e+01  9.65975943e+00
 4.27492063e+00 -1.41968504e+01 -1.85162426e+00  1.31834092e+01  9.65596811e+00
 4.27492063e+00 -1.40629921e+01 -1.71758671e+00  1.31824623e+01  9.65214820e+00
 4.27492063e+00 -1.39291339e+01 -1.58340141e+00  1.31815284e+01  9.64826729e+00
 4.27492063e+00 -1.37952756e+01 -1.44899586e+00  1.31806442e+01  9.64434322e+00
 4.27492063e+00 -1.36614173e+01 -1.31428538e+00  1.31798267e+01  9.64044952e+00
 4.27492063e+00 -1.35275591e+01 -1.17918523e+00  1.31790907e+01  9.63654643e+00
 4.27492063e+00 -1.33937008e+01 -1.04355106e+00  1.31784467e+01  9.63257295e+00
 4.27492063e+00 -1.32598425e+01 -9.07913302e-01  1.31778957e+01  9.62864559e+00
 4.27492063e+00 -1.31259843e+01 -7.73269624e-01  1.31774420e+01  9.62473497e+00
 4.27492063e+00 -1.29921260e+01 -6.39429874e-01  1.31770800e+01  9.62075417e+00
 4.27492063e+00 -1.28582677e+01 -5.05639463e-01  1.31767873e+01  9.61678658e+00
 4.27492063e+00 -1.27244094e+01 -3.71817293e-01  1.31765578e+01  9.61282940e+00
 4.27492063e+00 -1.25905512e+01 -2.37996526e-01  1.31763889e+01  9.60882798e+00
 4.27492063e+00 -1.24566929e+01 -1.04164559e-01  1.31762671e+01  9.60477488e+00
 4.27492063e+00 -1.23228346e+01  2.96823698e-02  1.31761807e+01  9.60068769e+00
 4.27492063e+00 -1.21889764e+01  1.63537903e-01  1.31761216e+01  9.59657598e+00
 4.27492063e+00 -1.20551181e+01  2.97383888e-01  1.31760860e+01  9.59241675e+00
 4.27492063e+00 -1.19212598e+01  4.31229797e-01  1.31760581e+01  9.58824236e+00
 4.27492063e+00 -1.17874016e+01  5.65082449e-01  1.31760245e+01  9.58405793e+00
 4.27492063e+00 -1.16535433e+01  6.98915041e-01  1.31759897e+01  9.57976564e+00
 4.27492063e+00 -1.15196850e+01  8.32737794e-01  1.31759406e+01  9.57542941e+00
 4.27492063e+00 -1.13858268e+01  9.66565489e-01  1.31758632e+01  9.57110604e+00
 4.27492063e+00 -1.12519685e+01  1.10038142e+00  1.31757636e+01  9.56667569e+00
 4.27492063e+00 -1.11181102e+01  1.23419177e+00  1.31756392e+01  9.56218638e+00
 4.27492063e+00 -1.09842520e+01  1.36800315e+00  1.31754876e+01  9.55770540e+00
 4.27492063e+00 -1.08503937e+01  1.50180027e+00  1.31753176e+01  9.55315881e+00
 4.27492063e+00 -1.07165354e+01  1.63559802e+00  1.31751354e+01  9.54853772e+00
 4.27492063e+00 -1.05826772e+01  1.76941059e+00  1.31749495e+01  9.54386540e+00
 4.27492063e+00 -1.04488189e+01  1.90322312e+00  1.31747749e+01  9.53914853e+00
 4.27492063e+00 -1.03149606e+01  2.03704169e+00  1.31746116e+01  9.53438870e+00
 4.27492063e+00 -1.01811024e+01  2.17087667e+00  1.31744594e+01  9.52959933e+00
 4.27492063e+00 -1.00472441e+01  2.30472409e+00  1.31743302e+01  9.52480524e+00
 4.27492063e+00 -9.91338583e+00  2.43857396e+00  1.31742284e+01  9.51993257e+00
 4.27492063e+00 -9.77952756e+00  2.57241791e+00  1.31741395e+01  9.51495679e+00
 4.27492063e+00 -9.64566929e+00  2.70625287e+00  1.31740286e+01  9.50999327e+00
 4.27492063e+00 -9.51181102e+00  2.84006642e+00  1.31738859e+01  9.50494655e+00
 4.27492063e+00 -9.37795276e+00  2.97384307e+00  1.31736716e+01  9.49974225e+00
 4.27492063e+00 -9.24409449e+00  3.10756269e+00  1.31732868e+01  9.49449069e+00
 4.27492063e+00 -9.11023622e+00  3.24115422e+00  1.31727303e+01  9.48912061e+00
 4.27492063e+00 -8.97637795e+00  3.37459042e+00  1.31719641e+01  9.48356588e+00
 4.27492063e+00 -8.84251969e+00  3.50794085e+00  1.31708358e+01  9.47789887e+00
 4.27492063e+00 -8.70866142e+00  3.64118989e+00  1.31693507e+01  9.47207806e+00
 4.27492063e+00 -8.57480315e+00  3.77420394e+00  1.31673863e+01  9.46602038e+00
 4.27492063e+00 -8.44094488e+00  3.90679185e+00  1.31646345e+01  9.45969521e+00
 4.27492063e+00 -8.30708661e+00  4.03918921e+00  1.31615528e+01  9.45325315e+00
 4.27492063e+00 -8.17322835e+00  4.17159034e+00  1.31584588e+01  9.44678852e+00
 4.27492063e+00 -8.03937008e+00  4.30384767e+00  1.31550555e+01  9.44019789e+00
 4.27492063e+00 -7.90551181e+00  4.43599706e+00  1.31514300e+01  9.43350059e+00
 4.27492063e+00 -7.77165354e+00  4.56812524e+00  1.31477623e+01  9.42674074e+00
 4.27492063e+00 -7.63779528e+00  4.70023620e+00  1.31440833e+01  9.41989464e+00
 4.27492063e+00 -7.50393701e+00  4.83233129e+00  1.31404392e+01  9.41296109e+00
 4.27492063e+00 -7.37007874e+00  4.96441128e+00  1.31368633e+01  9.40598222e+00
 4.27492063e+00 -7.23622047e+00  5.09646447e+00  1.31333407e+01  9.39903545e+00
 4.27492063e+00 -7.10236220e+00  5.22841194e+00  1.31298170e+01  9.39200085e+00
 4.27492063e+00 -6.96850394e+00  5.36015651e+00  1.31261742e+01  9.38474880e+00
 4.27492063e+00 -6.83464567e+00  5.49162640e+00  1.31221933e+01  9.37734838e+00
 4.27492063e+00 -6.70078740e+00  5.62261612e+00  1.31175978e+01  9.36971282e+00
 4.27492063e+00 -6.56692913e+00  5.75288001e+00  1.31120515e+01  9.36167076e+00
 4.27492063e+00 -6.43307087e+00  5.88226306e+00  1.31051406e+01  9.35310474e+00
 4.27492063e+00 -6.29921260e+00  6.01057948e+00  1.30965041e+01  9.34389436e+00
 4.27492063e+00 -6.16535433e+00  6.13765152e+00  1.30858402e+01  9.33396372e+00
 4.27492063e+00 -6.03149606e+00  6.26340863e+00  1.30728839e+01  9.32337063e+00
 4.27492063e+00 -5.89763780e+00  6.38786286e+00  1.30575172e+01  9.31210693e+00
 4.27492063e+00 -5.76377953e+00  6.51110509e+00  1.30397665e+01  9.30011947e+00
 4.27492063e+00 -5.62992126e+00  6.63334270e+00  1.30197412e+01  9.28756109e+00
 4.27492063e+00 -5.49606299e+00  6.75479275e+00  1.29976495e+01  9.27459076e+00
 4.27492063e+00 -5.36220472e+00  6.87563952e+00  1.29738410e+01  9.26127149e+00
 4.27492063e+00 -5.22834646e+00  6.99615153e+00  1.29486717e+01  9.24774492e+00
 4.27492063e+00 -5.09448819e+00  7.11662682e+00  1.29224885e+01  9.23419131e+00
 4.27492063e+00 -4.96062992e+00  7.23722724e+00  1.28956378e+01  9.22068933e+00
 4.27492063e+00 -4.82677165e+00  7.35809512e+00  1.28684821e+01  9.20730080e+00
 4.27492063e+00 -4.69291339e+00  7.47940058e+00  1.28414054e+01  9.19410499e+00
 4.27492063e+00 -4.55905512e+00  7.60128816e+00  1.28147309e+01  9.18117149e+00
 4.27492063e+00 -4.42519685e+00  7.72387025e+00  1.27887179e+01  9.16854999e+00
 4.27492063e+00 -4.29133858e+00  7.84720453e+00  1.27635315e+01  9.15623840e+00
 4.27492063e+00 -4.15748031e+00  7.97131486e+00  1.27394047e+01  9.14425816e+00
 4.27492063e+00 -4.02362205e+00  8.09620019e+00  1.27166731e+01  9.13267215e+00
 4.27492063e+00 -3.88976378e+00  8.22190258e+00  1.26954894e+01  9.12146925e+00
 4.27492063e+00 -3.75590551e+00  8.34839760e+00  1.26759727e+01  9.11064231e+00
 4.27492063e+00 -3.62204724e+00  8.47545663e+00  1.26583772e+01  9.10027740e+00
 4.27492063e+00 -3.48818898e+00  8.60311909e+00  1.26428870e+01  9.09034317e+00
 4.27492063e+00 -3.35433071e+00  8.73167603e+00  1.26295102e+01  9.08070858e+00
 4.27492063e+00 -3.22047244e+00  8.86142739e+00  1.26178085e+01  9.07125279e+00
 4.27492063e+00 -3.08661417e+00  8.99201078e+00  1.26072784e+01  9.06191782e+00
 4.27492063e+00 -2.95275591e+00  9.12250825e+00  1.25974387e+01  9.05268486e+00
 4.27492063e+00 -2.81889764e+00  9.25291736e+00  1.25877992e+01  9.04341401e+00
 4.27492063e+00 -2.68503937e+00  9.38337004e+00  1.25780667e+01  9.03401331e+00
 4.27492063e+00 -2.55118110e+00  9.51381321e+00  1.25682269e+01  9.02449282e+00
 4.27492063e+00 -2.41732283e+00  9.64424926e+00  1.25584575e+01  9.01483005e+00
 4.27492063e+00 -2.28346457e+00  9.77470152e+00  1.25489119e+01  9.00503615e+00
 4.27492063e+00 -2.14960630e+00  9.90517419e+00  1.25396013e+01  8.99518587e+00
 4.27492063e+00 -2.01574803e+00  1.00355763e+01  1.25304730e+01  8.98528773e+00
 4.27492063e+00 -1.88188976e+00  1.01658151e+01  1.25213238e+01  8.97527374e+00
 4.27492063e+00 -1.74803150e+00  1.02958875e+01  1.25117245e+01  8.96500388e+00
 4.27492063e+00 -1.61417323e+00  1.04259754e+01  1.25012674e+01  8.95441822e+00
 4.27492063e+00 -1.48031496e+00  1.05564826e+01  1.24898216e+01  8.94353066e+00
 4.27492063e+00 -1.34645669e+00  1.06881229e+01  1.24777845e+01  8.93240499e+00
 4.27492063e+00 -1.21259843e+00  1.08215285e+01  1.24650849e+01  8.92096226e+00
 4.27492063e+00 -1.07874016e+00  1.09578153e+01  1.24518199e+01  8.90912772e+00
 4.27492063e+00 -9.44881890e-01  1.10995687e+01  1.24396663e+01  8.89713084e+00
 4.27492063e+00 -8.11023622e-01  1.12476084e+01  1.24321079e+01  8.88549866e+00
 4.27492063e+00 -6.77165354e-01  1.14034791e+01  1.24295563e+01  8.87419816e+00
 4.27492063e+00 -5.43307087e-01  1.15730354e+01  1.24268344e+01  8.86197428e+00
 4.27492063e+00 -4.09448819e-01  1.17594368e+01  1.24276823e+01  8.84827772e+00
 4.27492063e+00 -2.75590551e-01  1.19611538e+01  1.24410976e+01  8.83325944e+00
 4.27492063e+00 -1.41732283e-01  1.21773897e+01  1.24697546e+01  8.81735330e+00
 4.27492063e+00 -7.87401575e-03  1.24091762e+01  1.25134946e+01  8.80050273e+00
 4.27492063e+00  1.25984252e-01  1.26502163e+01  1.25750563e+01  8.78262224e+00
 4.27492063e+00  2.59842520e-01  1.28933132e+01  1.26560236e+01  8.76366465e+00
 4.27492063e+00  3.93700787e-01  1.31416873e+01  1.27550349e+01  8.74357933e+00
 4.27492063e+00  5.27559055e-01  1.33970921e+01  1.28685132e+01  8.72251272e+00
 4.27492063e+00  6.61417323e-01  1.36550418e+01  1.29895556e+01  8.70042161e+00
 4.27492063e+00  7.95275591e-01  1.39121575e+01  1.31135530e+01  8.67728414e+00
 4.27492063e+00  9.29133858e-01  1.41648751e+01  1.32379365e+01  8.65276216e+00
 4.27492063e+00  1.06299213e+00  1.44131167e+01  1.33609170e+01  8.62699418e+00
 4.27492063e+00  1.19685039e+00  1.46647637e+01  1.34820492e+01  8.60005552e+00
 4.27492063e+00  1.33070866e+00  1.49141032e+01  1.36021875e+01  8.57165302e+00
 4.27492063e+00  1.46456693e+00  1.51497895e+01  1.37216611e+01  8.54089133e+00
 4.27492063e+00  1.59842520e+00  1.53557112e+01  1.38392348e+01  8.50764343e+00
 4.27492063e+00  1.73228346e+00  1.55616329e+01  1.39568085e+01  8.47439553e+00
 4.27492063e+00  1.86614173e+00  1.57675546e+01  1.40743822e+01  8.44114763e+00
 4.27492063e+00  2.00000000e+00  1.59734763e+01  1.41919559e+01  8.40789973e+00
 4.35333333e+00 -1.50000000e+01 -2.56089367e+00  1.32809477e+01  9.69330503e+00
 4.35333333e+00 -1.48661417e+01 -2.42792467e+00  1.32765423e+01  9.68903274e+00
 4.35333333e+00 -1.47322835e+01 -2.29506675e+00  1.32714216e+01  9.68468451e+00
 4.35333333e+00 -1.45984252e+01 -2.16233385e+00  1.32656793e+01  9.68024892e+00
 4.35333333e+00 -1.44645669e+01 -2.02968545e+00  1.32594773e+01  9.67570167e+00
 4.35333333e+00 -1.43307087e+01 -1.89696229e+00  1.32530295e+01  9.67110961e+00
 4.35333333e+00 -1.41968504e+01 -1.76411954e+00  1.32465537e+01  9.66650264e+00
 4.35333333e+00 -1.40629921e+01 -1.63113176e+00  1.32402684e+01  9.66188889e+00
 4.35333333e+00 -1.39291339e+01 -1.49789951e+00  1.32343897e+01  9.65728492e+00
 4.35333333e+00 -1.37952756e+01 -1.36434063e+00  1.32290650e+01  9.65275792e+00
 4.35333333e+00 -1.36614173e+01 -1.23037659e+00  1.32243757e+01  9.64832402e+00
 4.35333333e+00 -1.35275591e+01 -1.09590863e+00  1.32203436e+01  9.64387978e+00
 4.35333333e+00 -1.33937008e+01 -9.60815926e-01  1.32169427e+01  9.63949986e+00
 4.35333333e+00 -1.32598425e+01 -8.25437186e-01  1.32141220e+01  9.63524770e+00
 4.35333333e+00 -1.31259843e+01 -6.90940811e-01  1.32118120e+01  9.63102097e+00
 4.35333333e+00 -1.29921260e+01 -5.57342721e-01  1.32099247e+01  9.62683964e+00
 4.35333333e+00 -1.28582677e+01 -4.23815091e-01  1.32083580e+01  9.62271174e+00
 4.35333333e+00 -1.27244094e+01 -2.90256237e-01  1.32070079e+01  9.61857007e+00
 4.35333333e+00 -1.25905512e+01 -1.56677778e-01  1.32058095e+01  9.61436799e+00
 4.35333333e+00 -1.24566929e+01 -2.30908939e-02  1.32047147e+01  9.61010456e+00
 4.35333333e+00 -1.23228346e+01  1.10507003e-01  1.32036796e+01  9.60583085e+00
 4.35333333e+00 -1.21889764e+01  2.44108226e-01  1.32026855e+01  9.60158406e+00
 4.35333333e+00 -1.20551181e+01  3.77710212e-01  1.32017234e+01  9.59733557e+00
 4.35333333e+00 -1.19212598e+01  5.11323551e-01  1.32007865e+01  9.59298705e+00
 4.35333333e+00 -1.17874016e+01  6.44950320e-01  1.31998857e+01  9.58857421e+00
 4.35333333e+00 -1.16535433e+01  7.78591570e-01  1.31990340e+01  9.58416253e+00
 4.35333333e+00 -1.15196850e+01  9.12252683e-01  1.31982394e+01  9.57976552e+00
 4.35333333e+00 -1.13858268e+01  1.04593862e+00  1.31975206e+01  9.57533517e+00
 4.35333333e+00 -1.12519685e+01  1.17964955e+00  1.31968892e+01  9.57083679e+00
 4.35333333e+00 -1.11181102e+01  1.31338065e+00  1.31963407e+01  9.56629962e+00
 4.35333333e+00 -1.09842520e+01  1.44713734e+00  1.31958735e+01  9.56180649e+00
 4.35333333e+00 -1.08503937e+01  1.58091739e+00  1.31954868e+01  9.55734820e+00
 4.35333333e+00 -1.07165354e+01  1.71470491e+00  1.31951768e+01  9.55277745e+00
 4.35333333e+00 -1.05826772e+01  1.84850586e+00  1.31949274e+01  9.54809988e+00
 4.35333333e+00 -1.04488189e+01  1.98232182e+00  1.31947244e+01  9.54337327e+00
 4.35333333e+00 -1.03149606e+01  2.11613848e+00  1.31945621e+01  9.53863738e+00
 4.35333333e+00 -1.01811024e+01  2.24995906e+00  1.31944296e+01  9.53391744e+00
 4.35333333e+00 -1.00472441e+01  2.38378442e+00  1.31943131e+01  9.52917312e+00
 4.35333333e+00 -9.91338583e+00  2.51760423e+00  1.31941996e+01  9.52430203e+00
 4.35333333e+00 -9.77952756e+00  2.65141910e+00  1.31940830e+01  9.51932943e+00
 4.35333333e+00 -9.64566929e+00  2.78523043e+00  1.31939604e+01  9.51433122e+00
 4.35333333e+00 -9.51181102e+00  2.91903529e+00  1.31938294e+01  9.50935413e+00
 4.35333333e+00 -9.37795276e+00  3.05283357e+00  1.31936897e+01  9.50426630e+00
 4.35333333e+00 -9.24409449e+00  3.18663152e+00  1.31935333e+01  9.49906594e+00
 4.35333333e+00 -9.11023622e+00  3.32043717e+00  1.31933495e+01  9.49393589e+00
 4.35333333e+00 -8.97637795e+00  3.45423167e+00  1.31931746e+01  9.48870151e+00
 4.35333333e+00 -8.84251969e+00  3.58802736e+00  1.31929818e+01  9.48330101e+00
 4.35333333e+00 -8.70866142e+00  3.72185569e+00  1.31926843e+01  9.47792127e+00
 4.35333333e+00 -8.57480315e+00  3.85558286e+00  1.31924061e+01  9.47246065e+00
 4.35333333e+00 -8.44094488e+00  3.98918115e+00  1.31921824e+01  9.46687616e+00
 4.35333333e+00 -8.30708661e+00  4.12278397e+00  1.31918749e+01  9.46129054e+00
 4.35333333e+00 -8.17322835e+00  4.25633403e+00  1.31914697e+01  9.45566857e+00
 4.35333333e+00 -8.03937008e+00  4.38979044e+00  1.31909485e+01  9.44994632e+00
 4.35333333e+00 -7.90551181e+00  4.52318661e+00  1.31902352e+01  9.44409500e+00
 4.35333333e+00 -7.77165354e+00  4.65643445e+00  1.31892628e+01  9.43810649e+00
 4.35333333e+00 -7.63779528e+00  4.78948257e+00  1.31880032e+01  9.43194837e+00
 4.35333333e+00 -7.50393701e+00  4.92235705e+00  1.31864441e+01  9.42557107e+00
 4.35333333e+00 -7.37007874e+00  5.05500953e+00  1.31844454e+01  9.41902448e+00
 4.35333333e+00 -7.23622047e+00  5.18742777e+00  1.31819732e+01  9.41232935e+00
 4.35333333e+00 -7.10236220e+00  5.31966308e+00  1.31791428e+01  9.40543940e+00
 4.35333333e+00 -6.96850394e+00  5.45171017e+00  1.31758898e+01  9.39836156e+00
 4.35333333e+00 -6.83464567e+00  5.58355977e+00  1.31722268e+01  9.39111290e+00
 4.35333333e+00 -6.70078740e+00  5.71522766e+00  1.31683283e+01  9.38370125e+00
 4.35333333e+00 -6.56692913e+00  5.84676253e+00  1.31642136e+01  9.37615257e+00
 4.35333333e+00 -6.43307087e+00  5.97816875e+00  1.31598985e+01  9.36849032e+00
 4.35333333e+00 -6.29921260e+00  6.10937140e+00  1.31554577e+01  9.36071629e+00
 4.35333333e+00 -6.16535433e+00  6.24031029e+00  1.31507431e+01  9.35281177e+00
 4.35333333e+00 -6.03149606e+00  6.37090821e+00  1.31455766e+01  9.34472769e+00
 4.35333333e+00 -5.89763780e+00  6.50104021e+00  1.31398695e+01  9.33637002e+00
 4.35333333e+00 -5.76377953e+00  6.63054219e+00  1.31333607e+01  9.32766278e+00
 4.35333333e+00 -5.62992126e+00  6.75923481e+00  1.31256820e+01  9.31853092e+00
 4.35333333e+00 -5.49606299e+00  6.88694324e+00  1.31164369e+01  9.30887998e+00
 4.35333333e+00 -5.36220472e+00  7.01353957e+00  1.31053500e+01  9.29863904e+00
 4.35333333e+00 -5.22834646e+00  7.13894524e+00  1.30922508e+01  9.28777284e+00
 4.35333333e+00 -5.09448819e+00  7.26314260e+00  1.30770399e+01  9.27630025e+00
 4.35333333e+00 -4.96062992e+00  7.38625804e+00  1.30596466e+01  9.26424875e+00
 4.35333333e+00 -4.82677165e+00  7.50850737e+00  1.30400870e+01  9.25166672e+00
 4.35333333e+00 -4.69291339e+00  7.62994315e+00  1.30188130e+01  9.23873431e+00
 4.35333333e+00 -4.55905512e+00  7.75079656e+00  1.29961253e+01  9.22556235e+00
 4.35333333e+00 -4.42519685e+00  7.87170133e+00  1.29717980e+01  9.21206491e+00
 4.35333333e+00 -4.29133858e+00  7.99262818e+00  1.29465007e+01  9.19847491e+00
 4.35333333e+00 -4.15748031e+00  8.11311084e+00  1.29216391e+01  9.18526645e+00
 4.35333333e+00 -4.02362205e+00  8.23322933e+00  1.28984524e+01  9.17277893e+00
 4.35333333e+00 -3.88976378e+00  8.35384899e+00  1.28769693e+01  9.16089637e+00
 4.35333333e+00 -3.75590551e+00  8.47687982e+00  1.28552796e+01  9.14881044e+00
 4.35333333e+00 -3.62204724e+00  8.60194508e+00  1.28335393e+01  9.13659554e+00
 4.35333333e+00 -3.48818898e+00  8.72715046e+00  1.28131965e+01  9.12487428e+00
 4.35333333e+00 -3.35433071e+00  8.85247738e+00  1.27938495e+01  9.11348088e+00
 4.35333333e+00 -3.22047244e+00  8.97813897e+00  1.27749167e+01  9.10219902e+00
 4.35333333e+00 -3.08661417e+00  9.10407177e+00  1.27561807e+01  9.09098778e+00
 4.35333333e+00 -2.95275591e+00  9.23036450e+00  1.27376886e+01  9.07981869e+00
 4.35333333e+00 -2.81889764e+00  9.35719382e+00  1.27196807e+01  9.06869750e+00
 4.35333333e+00 -2.68503937e+00  9.48475130e+00  1.27025713e+01  9.05769493e+00
 4.35333333e+00 -2.55118110e+00  9.61301234e+00  1.26866504e+01  9.04684753e+00
 4.35333333e+00 -2.41732283e+00  9.74184778e+00  1.26720923e+01  9.03616570e+00
 4.35333333e+00 -2.28346457e+00  9.87125549e+00  1.26590105e+01  9.02566527e+00
 4.35333333e+00 -2.14960630e+00  1.00011634e+01  1.26471791e+01  9.01533003e+00
 4.35333333e+00 -2.01574803e+00  1.01314305e+01  1.26361057e+01  9.00509244e+00
 4.35333333e+00 -1.88188976e+00  1.02619865e+01  1.26254185e+01  8.99480471e+00
 4.35333333e+00 -1.74803150e+00  1.03928577e+01  1.26148320e+01  8.98437296e+00
 4.35333333e+00 -1.61417323e+00  1.05241176e+01  1.26041751e+01  8.97378572e+00
 4.35333333e+00 -1.48031496e+00  1.06556710e+01  1.25935449e+01  8.96305011e+00
 4.35333333e+00 -1.34645669e+00  1.07874201e+01  1.25831525e+01  8.95218399e+00
 4.35333333e+00 -1.21259843e+00  1.09197430e+01  1.25731266e+01  8.94118255e+00
 4.35333333e+00 -1.07874016e+00  1.10552254e+01  1.25630128e+01  8.92989356e+00
 4.35333333e+00 -9.44881890e-01  1.11913106e+01  1.25560774e+01  8.91900501e+00
 4.35333333e+00 -8.11023622e-01  1.13218797e+01  1.25576020e+01  8.90967193e+00
 4.35333333e+00 -6.77165354e-01  1.14588716e+01  1.25634449e+01  8.90060365e+00
 4.35333333e+00 -5.43307087e-01  1.16168027e+01  1.25685992e+01  8.89008402e+00
 4.35333333e+00 -4.09448819e-01  1.18000054e+01  1.25707971e+01  8.87679599e+00
 4.35333333e+00 -2.75590551e-01  1.19925467e+01  1.25762856e+01  8.86137409e+00
 4.35333333e+00 -1.41732283e-01  1.21991704e+01  1.25880891e+01  8.84407905e+00
 4.35333333e+00 -7.87401575e-03  1.24278468e+01  1.26100897e+01  8.82524796e+00
 4.35333333e+00  1.25984252e-01  1.26684508e+01  1.26487540e+01  8.80518765e+00
 4.35333333e+00  2.59842520e-01  1.29097634e+01  1.27096119e+01  8.78424268e+00
 4.35333333e+00  3.93700787e-01  1.31566452e+01  1.27929046e+01  8.76261852e+00
 4.35333333e+00  5.27559055e-01  1.34125818e+01  1.28955028e+01  8.74085446e+00
 4.35333333e+00  6.61417323e-01  1.36692361e+01  1.30094480e+01  8.71930712e+00
 4.35333333e+00  7.95275591e-01  1.39222399e+01  1.31287934e+01  8.69766958e+00
 4.35333333e+00  9.29133858e-01  1.41726523e+01  1.32498114e+01  8.67484925e+00
 4.35333333e+00  1.06299213e+00  1.44207664e+01  1.33698581e+01  8.65045794e+00
 4.35333333e+00  1.19685039e+00  1.46645337e+01  1.34888336e+01  8.62485656e+00
 4.35333333e+00  1.33070866e+00  1.49054395e+01  1.36074914e+01  8.59792370e+00
 4.35333333e+00  1.46456693e+00  1.51487120e+01  1.37256246e+01  8.56954079e+00
 4.35333333e+00  1.59842520e+00  1.53930961e+01  1.38421671e+01  8.53939646e+00
 4.35333333e+00  1.73228346e+00  1.56133581e+01  1.39568128e+01  8.50696665e+00
 4.35333333e+00  1.86614173e+00  1.58336201e+01  1.40714585e+01  8.47453684e+00
 4.35333333e+00  2.00000000e+00  1.60538821e+01  1.41861042e+01  8.44210703e+00
 4.43174603e+00 -1.50000000e+01 -2.48032732e+00  1.33077174e+01  9.69780605e+00
 4.43174603e+00 -1.48661417e+01 -2.34631425e+00  1.33079934e+01  9.69440936e+00
 4.43174603e+00 -1.47322835e+01 -2.21226024e+00  1.33083332e+01  9.69098625e+00
 4.43174603e+00 -1.45984252e+01 -2.07823082e+00  1.33086857e+01  9.68757699e+00
 4.43174603e+00 -1.44645669e+01 -1.94414401e+00  1.33090909e+01  9.68412934e+00
 4.43174603e+00 -1.43307087e+01 -1.80995073e+00  1.33095533e+01  9.68062868e+00
 4.43174603e+00 -1.41968504e+01 -1.67569480e+00  1.33099996e+01  9.67712746e+00
 4.43174603e+00 -1.40629921e+01 -1.54136461e+00  1.33103763e+01  9.67358538e+00
 4.43174603e+00 -1.39291339e+01 -1.40692454e+00  1.33106301e+01  9.66996271e+00
 4.43174603e+00 -1.37952756e+01 -1.27233046e+00  1.33107001e+01  9.66625508e+00
 4.43174603e+00 -1.36614173e+01 -1.13752553e+00  1.33105324e+01  9.66245174e+00
 4.43174603e+00 -1.35275591e+01 -1.00242445e+00  1.33100613e+01  9.65856062e+00
 4.43174603e+00 -1.33937008e+01 -8.66906119e-01  1.33092043e+01  9.65459483e+00
 4.43174603e+00 -1.32598425e+01 -7.31258012e-01  1.33078801e+01  9.65050661e+00
 4.43174603e+00 -1.31259843e+01 -5.96634341e-01  1.33060335e+01  9.64633027e+00
 4.43174603e+00 -1.29921260e+01 -4.63202753e-01  1.33036112e+01  9.64210510e+00
 4.43174603e+00 -1.28582677e+01 -3.30080885e-01  1.33005116e+01  9.63770285e+00
 4.43174603e+00 -1.27244094e+01 -1.97104573e-01  1.32966903e+01  9.63310885e+00
 4.43174603e+00 -1.25905512e+01 -6.42676900e-02  1.32921632e+01  9.62840324e+00
 4.43174603e+00 -1.24566929e+01  6.84315752e-02  1.32869679e+01  9.62357424e+00
 4.43174603e+00 -1.23228346e+01  2.01017554e-01  1.32812139e+01  9.61861087e+00
 4.43174603e+00 -1.21889764e+01  3.33538148e-01  1.32750781e+01  9.61353468e+00
 4.43174603e+00 -1.20551181e+01  4.66048551e-01  1.32687779e+01  9.60840449e+00
 4.43174603e+00 -1.19212598e+01  5.98591518e-01  1.32625491e+01  9.60325567e+00
 4.43174603e+00 -1.17874016e+01  7.31199708e-01  1.32566158e+01  9.59810577e+00
 4.43174603e+00 -1.16535433e+01  8.63915867e-01  1.32511397e+01  9.59302783e+00
 4.43174603e+00 -1.15196850e+01  9.96762216e-01  1.32462305e+01  9.58802083e+00
 4.43174603e+00 -1.13858268e+01  1.12973768e+00  1.32419481e+01  9.58302193e+00
 4.43174603e+00 -1.12519685e+01  1.26283819e+00  1.32382823e+01  9.57810252e+00
 4.43174603e+00 -1.11181102e+01  1.39605435e+00  1.32351862e+01  9.57325477e+00
 4.43174603e+00 -1.09842520e+01  1.52937020e+00  1.32325933e+01  9.56838222e+00
 4.43174603e+00 -1.08503937e+01  1.66276380e+00  1.32304343e+01  9.56355128e+00
 4.43174603e+00 -1.07165354e+01  1.79621527e+00  1.32286202e+01  9.55876588e+00
 4.43174603e+00 -1.05826772e+01  1.92970960e+00  1.32270532e+01  9.55393434e+00
 4.43174603e+00 -1.04488189e+01  2.06323638e+00  1.32256843e+01  9.54906330e+00
 4.43174603e+00 -1.03149606e+01  2.19679027e+00  1.32244682e+01  9.54416753e+00
 4.43174603e+00 -1.01811024e+01  2.33036924e+00  1.32233575e+01  9.53924249e+00
 4.43174603e+00 -1.00472441e+01  2.46396801e+00  1.32223353e+01  9.53429406e+00
 4.43174603e+00 -9.91338583e+00  2.59758383e+00  1.32213962e+01  9.52933081e+00
 4.43174603e+00 -9.77952756e+00  2.73121919e+00  1.32205390e+01  9.52434722e+00
 4.43174603e+00 -9.64566929e+00  2.86488342e+00  1.32197643e+01  9.51928406e+00
 4.43174603e+00 -9.51181102e+00  2.99857387e+00  1.32190707e+01  9.51417280e+00
 4.43174603e+00 -9.37795276e+00  3.13227954e+00  1.32184561e+01  9.50910034e+00
 4.43174603e+00 -9.24409449e+00  3.26601170e+00  1.32179270e+01  9.50393886e+00
 4.43174603e+00 -9.11023622e+00  3.39976466e+00  1.32174773e+01  9.49868053e+00
 4.43174603e+00 -8.97637795e+00  3.53352162e+00  1.32170938e+01  9.49344739e+00
 4.43174603e+00 -8.84251969e+00  3.66731054e+00  1.32167926e+01  9.48816452e+00
 4.43174603e+00 -8.70866142e+00  3.80108670e+00  1.32165251e+01  9.48280233e+00
 4.43174603e+00 -8.57480315e+00  3.93476485e+00  1.32162023e+01  9.47741360e+00
 4.43174603e+00 -8.44094488e+00  4.06842303e+00  1.32158565e+01  9.47199533e+00
 4.43174603e+00 -8.30708661e+00  4.20209302e+00  1.32155477e+01  9.46651087e+00
 4.43174603e+00 -8.17322835e+00  4.33572448e+00  1.32153005e+01  9.46092787e+00
 4.43174603e+00 -8.03937008e+00  4.46927952e+00  1.32150227e+01  9.45529720e+00
 4.43174603e+00 -7.90551181e+00  4.60281754e+00  1.32146966e+01  9.44961943e+00
 4.43174603e+00 -7.77165354e+00  4.73642774e+00  1.32143729e+01  9.44384527e+00
 4.43174603e+00 -7.63779528e+00  4.86998293e+00  1.32139972e+01  9.43798860e+00
 4.43174603e+00 -7.50393701e+00  5.00343183e+00  1.32135638e+01  9.43204636e+00
 4.43174603e+00 -7.37007874e+00  5.13683569e+00  1.32131128e+01  9.42600340e+00
 4.43174603e+00 -7.23622047e+00  5.27022671e+00  1.32125935e+01  9.41990891e+00
 4.43174603e+00 -7.10236220e+00  5.40356351e+00  1.32119331e+01  9.41374004e+00
 4.43174603e+00 -6.96850394e+00  5.53676225e+00  1.32110866e+01  9.40741221e+00
 4.43174603e+00 -6.83464567e+00  5.66980794e+00  1.32101054e+01  9.40091294e+00
 4.43174603e+00 -6.70078740e+00  5.80269620e+00  1.32089137e+01  9.39425690e+00
 4.43174603e+00 -6.56692913e+00  5.93540029e+00  1.32073391e+01  9.38745558e+00
 4.43174603e+00 -6.43307087e+00  6.06783278e+00  1.32053678e+01  9.38047397e+00
 4.43174603e+00 -6.29921260e+00  6.19997626e+00  1.32029584e+01  9.37328616e+00
 4.43174603e+00 -6.16535433e+00  6.33188181e+00  1.32000378e+01  9.36589313e+00
 4.43174603e+00 -6.03149606e+00  6.46354781e+00  1.31966626e+01  9.35830295e+00
 4.43174603e+00 -5.89763780e+00  6.59490622e+00  1.31928395e+01  9.35049515e+00
 4.43174603e+00 -5.76377953e+00  6.72587634e+00  1.31885063e+01  9.34243882e+00
 4.43174603e+00 -5.62992126e+00  6.85655596e+00  1.31836854e+01  9.33417846e+00
 4.43174603e+00 -5.49606299e+00  6.98695074e+00  1.31783979e+01  9.32573796e+00
 4.43174603e+00 -5.36220472e+00  7.11691454e+00  1.31726173e+01  9.31709020e+00
 4.43174603e+00 -5.22834646e+00  7.24638361e+00  1.31662155e+01  9.30819623e+00
 4.43174603e+00 -5.09448819e+00  7.37527795e+00  1.31590008e+01  9.29900239e+00
 4.43174603e+00 -4.96062992e+00  7.50344237e+00  1.31507557e+01  9.28944365e+00
 4.43174603e+00 -4.82677165e+00  7.63065829e+00  1.31413392e+01  9.27948655e+00
 4.43174603e+00 -4.69291339e+00  7.75696535e+00  1.31304418e+01  9.26904063e+00
 4.43174603e+00 -4.55905512e+00  7.88279146e+00  1.31174333e+01  9.25791703e+00
 4.43174603e+00 -4.42519685e+00  8.00690263e+00  1.31028141e+01  9.24647916e+00
 4.43174603e+00 -4.29133858e+00  8.12817593e+00  1.30875030e+01  9.23519323e+00
 4.43174603e+00 -4.15748031e+00  8.24886484e+00  1.30711840e+01  9.22371005e+00
 4.43174603e+00 -4.02362205e+00  8.37058373e+00  1.30534801e+01  9.21171655e+00
 4.43174603e+00 -3.88976378e+00  8.49330934e+00  1.30343584e+01  9.19919346e+00
 4.43174603e+00 -3.75590551e+00  8.61615459e+00  1.30142462e+01  9.18648949e+00
 4.43174603e+00 -3.62204724e+00  8.73833933e+00  1.29936516e+01  9.17393855e+00
 4.43174603e+00 -3.48818898e+00  8.86037532e+00  1.29726416e+01  9.16136250e+00
 4.43174603e+00 -3.35433071e+00  8.98250959e+00  1.29512117e+01  9.14871525e+00
 4.43174603e+00 -3.22047244e+00  9.10457941e+00  1.29293837e+01  9.13613700e+00
 4.43174603e+00 -3.08661417e+00  9.22683679e+00  1.29072788e+01  9.12357473e+00
 4.43174603e+00 -2.95275591e+00  9.34962852e+00  1.28851228e+01  9.11096645e+00
 4.43174603e+00 -2.81889764e+00  9.47315014e+00  1.28632966e+01  9.09839974e+00
 4.43174603e+00 -2.68503937e+00  9.59760149e+00  1.28422882e+01  9.08603925e+00
 4.43174603e+00 -2.55118110e+00  9.72315247e+00  1.28225856e+01  9.07404154e+00
 4.43174603e+00 -2.41732283e+00  9.84974474e+00  1.28043422e+01  9.06231822e+00
 4.43174603e+00 -2.28346457e+00  9.97730982e+00  1.27875156e+01  9.05082503e+00
 4.43174603e+00 -2.14960630e+00  1.01058523e+01  1.27719408e+01  9.03964158e+00
 4.43174603e+00 -2.01574803e+00  1.02353633e+01  1.27575586e+01  9.02864059e+00
 4.43174603e+00 -1.88188976e+00  1.03655537e+01  1.27442187e+01  9.01768912e+00
 4.43174603e+00 -1.74803150e+00  1.04956858e+01  1.27315516e+01  9.00681190e+00
 4.43174603e+00 -1.61417323e+00  1.06254745e+01  1.27196271e+01  8.99596921e+00
 4.43174603e+00 -1.48031496e+00  1.07549796e+01  1.27084972e+01  8.98510433e+00
 4.43174603e+00 -1.34645669e+00  1.08844349e+01  1.26977066e+01  8.97422320e+00
 4.43174603e+00 -1.21259843e+00  1.10141412e+01  1.26879146e+01  8.96338457e+00
 4.43174603e+00 -1.07874016e+00  1.11441644e+01  1.26798724e+01  8.95262533e+00
 4.43174603e+00 -9.44881890e-01  1.12739084e+01  1.26723136e+01  8.94183130e+00
 4.43174603e+00 -8.11023622e-01  1.14042321e+01  1.26644617e+01  8.93087487e+00
 4.43174603e+00 -6.77165354e-01  1.15383370e+01  1.26567576e+01  8.91961906e+00
 4.43174603e+00 -5.43307087e-01  1.16842131e+01  1.26516795e+01  8.90780617e+00
 4.43174603e+00 -4.09448819e-01  1.18470715e+01  1.26493878e+01  8.89464071e+00
 4.43174603e+00 -2.75590551e-01  1.20270575e+01  1.26481659e+01  8.87927639e+00
 4.43174603e+00 -1.41732283e-01  1.22279004e+01  1.26522494e+01  8.86184274e+00
 4.43174603e+00 -7.87401575e-03  1.24510673e+01  1.26698920e+01  8.84270672e+00
 4.43174603e+00  1.25984252e-01  1.26875258e+01  1.27039515e+01  8.82235553e+00
 4.43174603e+00  2.59842520e-01  1.29286370e+01  1.27561154e+01  8.80105487e+00
 4.43174603e+00  3.93700787e-01  1.31763771e+01  1.28297882e+01  8.77931328e+00
 4.43174603e+00  5.27559055e-01  1.34313336e+01  1.29242498e+01  8.75777374e+00
 4.43174603e+00  6.61417323e-01  1.36852397e+01  1.30320942e+01  8.73718610e+00
 4.43174603e+00  7.95275591e-01  1.39345525e+01  1.31465207e+01  8.71687138e+00
 4.43174603e+00  9.29133858e-01  1.41815993e+01  1.32636420e+01  8.69539899e+00
 4.43174603e+00  1.06299213e+00  1.44273383e+01  1.33805373e+01  8.67231616e+00
 4.43174603e+00  1.19685039e+00  1.46711587e+01  1.34969649e+01  8.64824241e+00
 4.43174603e+00  1.33070866e+00  1.49128107e+01  1.36136855e+01  8.62303980e+00
 4.43174603e+00  1.46456693e+00  1.51521822e+01  1.37304633e+01  8.59619471e+00
 4.43174603e+00  1.59842520e+00  1.53892288e+01  1.38458540e+01  8.56783732e+00
 4.43174603e+00  1.73228346e+00  1.56307970e+01  1.39596873e+01  8.53823424e+00
 4.43174603e+00  1.86614173e+00  1.58819322e+01  1.40757796e+01  8.50525128e+00
 4.43174603e+00  2.00000000e+00  1.61011755e+01  1.41900705e+01  8.47000493e+00
 4.51015873e+00 -1.50000000e+01 -2.40168063e+00  1.33324213e+01  9.70109550e+00
 4.51015873e+00 -1.48661417e+01 -2.26778603e+00  1.33321333e+01  9.69765200e+00
 4.51015873e+00 -1.47322835e+01 -2.13391279e+00  1.33317966e+01  9.69415307e+00
 4.51015873e+00 -1.45984252e+01 -2.00002958e+00  1.33314212e+01  9.69062208e+00
 4.51015873e+00 -1.44645669e+01 -1.86605297e+00  1.33310589e+01  9.68708976e+00
 4.51015873e+00 -1.43307087e+01 -1.73199893e+00  1.33307088e+01  9.68352094e+00
 4.51015873e+00 -1.41968504e+01 -1.59787121e+00  1.33303644e+01  9.67991567e+00
 4.51015873e+00 -1.40629921e+01 -1.46363713e+00  1.33300292e+01  9.67630899e+00
 4.51015873e+00 -1.39291339e+01 -1.32926807e+00  1.33297152e+01  9.67267488e+00
 4.51015873e+00 -1.37952756e+01 -1.19470128e+00  1.33294236e+01  9.66899234e+00
 4.51015873e+00 -1.36614173e+01 -1.05984037e+00  1.33291502e+01  9.66525887e+00
 4.51015873e+00 -1.35275591e+01 -9.24606048e-01  1.33289132e+01  9.66147229e+00
 4.51015873e+00 -1.33937008e+01 -7.88833299e-01  1.33287255e+01  9.65765038e+00
 4.51015873e+00 -1.32598425e+01 -6.52681759e-01  1.33285908e+01  9.65381968e+00
 4.51015873e+00 -1.31259843e+01 -5.17362261e-01  1.33285087e+01  9.64997784e+00
 4.51015873e+00 -1.29921260e+01 -3.83213072e-01  1.33284743e+01  9.64615588e+00
 4.51015873e+00 -1.28582677e+01 -2.49389827e-01  1.33284877e+01  9.64235539e+00
 4.51015873e+00 -1.27244094e+01 -1.15490932e-01  1.33285667e+01  9.63847413e+00
 4.51015873e+00 -1.25905512e+01  1.84037830e-02  1.33287107e+01  9.63453563e+00
 4.51015873e+00 -1.24566929e+01  1.52294788e-01  1.33288972e+01  9.63061156e+00
 4.51015873e+00 -1.23228346e+01  2.86191730e-01  1.33290876e+01  9.62665909e+00
 4.51015873e+00 -1.21889764e+01  4.20083619e-01  1.33292629e+01  9.62264948e+00
 4.51015873e+00 -1.20551181e+01  5.53945755e-01  1.33293994e+01  9.61857863e+00
 4.51015873e+00 -1.19212598e+01  6.87767710e-01  1.33294218e+01  9.61444528e+00
 4.51015873e+00 -1.17874016e+01  8.21541761e-01  1.33292718e+01  9.61023218e+00
 4.51015873e+00 -1.16535433e+01  9.55259163e-01  1.33288897e+01  9.60593132e+00
 4.51015873e+00 -1.15196850e+01  1.08890695e+00  1.33281735e+01  9.60157670e+00
 4.51015873e+00 -1.13858268e+01  1.22245966e+00  1.33270351e+01  9.59711410e+00
 4.51015873e+00 -1.12519685e+01  1.35588736e+00  1.33253951e+01  9.59248385e+00
 4.51015873e+00 -1.11181102e+01  1.48916917e+00  1.33231629e+01  9.58775250e+00
 4.51015873e+00 -1.09842520e+01  1.62230250e+00  1.33202643e+01  9.58287838e+00
 4.51015873e+00 -1.08503937e+01  1.75529067e+00  1.33166555e+01  9.57779960e+00
 4.51015873e+00 -1.07165354e+01  1.88812700e+00  1.33123373e+01  9.57259678e+00
 4.51015873e+00 -1.05826772e+01  2.02081875e+00  1.33073591e+01  9.56726095e+00
 4.51015873e+00 -1.04488189e+01  2.15339235e+00  1.33018287e+01  9.56175185e+00
 4.51015873e+00 -1.03149606e+01  2.28589730e+00  1.32959283e+01  9.55613311e+00
 4.51015873e+00 -1.01811024e+01  2.41839078e+00  1.32898760e+01  9.55045531e+00
 4.51015873e+00 -1.00472441e+01  2.55092142e+00  1.32838887e+01  9.54474640e+00
 4.51015873e+00 -9.91338583e+00  2.68351192e+00  1.32781538e+01  9.53902987e+00
 4.51015873e+00 -9.77952756e+00  2.81619819e+00  1.32728472e+01  9.53334823e+00
 4.51015873e+00 -9.64566929e+00  2.94901395e+00  1.32680963e+01  9.52772462e+00
 4.51015873e+00 -9.51181102e+00  3.08195720e+00  1.32639278e+01  9.52209720e+00
 4.51015873e+00 -9.37795276e+00  3.21502955e+00  1.32603370e+01  9.51651124e+00
 4.51015873e+00 -9.24409449e+00  3.34822540e+00  1.32572967e+01  9.51102561e+00
 4.51015873e+00 -9.11023622e+00  3.48150245e+00  1.32547433e+01  9.50548863e+00
 4.51015873e+00 -8.97637795e+00  3.61485719e+00  1.32525856e+01  9.49991029e+00
 4.51015873e+00 -8.84251969e+00  3.74829053e+00  1.32507527e+01  9.49440008e+00
 4.51015873e+00 -8.70866142e+00  3.88172460e+00  1.32492520e+01  9.48892134e+00
 4.51015873e+00 -8.57480315e+00  4.01514273e+00  1.32479621e+01  9.48343107e+00
 4.51015873e+00 -8.44094488e+00  4.14858131e+00  1.32467288e+01  9.47790641e+00
 4.51015873e+00 -8.30708661e+00  4.28206102e+00  1.32455718e+01  9.47233622e+00
 4.51015873e+00 -8.17322835e+00  4.41555634e+00  1.32445525e+01  9.46670204e+00
 4.51015873e+00 -8.03937008e+00  4.54903406e+00  1.32436974e+01  9.46099698e+00
 4.51015873e+00 -7.90551181e+00  4.68252670e+00  1.32429028e+01  9.45526162e+00
 4.51015873e+00 -7.77165354e+00  4.81604755e+00  1.32421675e+01  9.44949084e+00
 4.51015873e+00 -7.63779528e+00  4.94958293e+00  1.32415345e+01  9.44364862e+00
 4.51015873e+00 -7.50393701e+00  5.08310758e+00  1.32409178e+01  9.43772655e+00
 4.51015873e+00 -7.37007874e+00  5.21659820e+00  1.32403247e+01  9.43175466e+00
 4.51015873e+00 -7.23622047e+00  5.35004252e+00  1.32397999e+01  9.42574979e+00
 4.51015873e+00 -7.10236220e+00  5.48345014e+00  1.32392623e+01  9.41963149e+00
 4.51015873e+00 -6.96850394e+00  5.61682446e+00  1.32387100e+01  9.41339432e+00
 4.51015873e+00 -6.83464567e+00  5.75016098e+00  1.32381700e+01  9.40708162e+00
 4.51015873e+00 -6.70078740e+00  5.88345232e+00  1.32375562e+01  9.40068941e+00
 4.51015873e+00 -6.56692913e+00  6.01667984e+00  1.32368543e+01  9.39421351e+00
 4.51015873e+00 -6.43307087e+00  6.14981643e+00  1.32360994e+01  9.38764401e+00
 4.51015873e+00 -6.29921260e+00  6.28283531e+00  1.32352747e+01  9.38093779e+00
 4.51015873e+00 -6.16535433e+00  6.41574179e+00  1.32342969e+01  9.37410773e+00
 4.51015873e+00 -6.03149606e+00  6.54852968e+00  1.32330740e+01  9.36717608e+00
 4.51015873e+00 -5.89763780e+00  6.68110134e+00  1.32316038e+01  9.36006064e+00
 4.51015873e+00 -5.76377953e+00  6.81342479e+00  1.32298407e+01  9.35275769e+00
 4.51015873e+00 -5.62992126e+00  6.94550293e+00  1.32276963e+01  9.34529448e+00
 4.51015873e+00 -5.49606299e+00  7.07726896e+00  1.32250871e+01  9.33758167e+00
 4.51015873e+00 -5.36220472e+00  7.20873056e+00  1.32219523e+01  9.32961745e+00
 4.51015873e+00 -5.22834646e+00  7.33985788e+00  1.32182299e+01  9.32145751e+00
 4.51015873e+00 -5.09448819e+00  7.47031381e+00  1.32138136e+01  9.31306556e+00
 4.51015873e+00 -4.96062992e+00  7.60040228e+00  1.32088166e+01  9.30439640e+00
 4.51015873e+00 -4.82677165e+00  7.73063470e+00  1.32033757e+01  9.29543422e+00
 4.51015873e+00 -4.69291339e+00  7.85989246e+00  1.31969622e+01  9.28626553e+00
 4.51015873e+00 -4.55905512e+00  7.98709298e+00  1.31890762e+01  9.27690085e+00
 4.51015873e+00 -4.42519685e+00  8.11212983e+00  1.31796924e+01  9.26725910e+00
 4.51015873e+00 -4.29133858e+00  8.23739982e+00  1.31701512e+01  9.25734185e+00
 4.51015873e+00 -4.15748031e+00  8.36414740e+00  1.31608797e+01  9.24711263e+00
 4.51015873e+00 -4.02362205e+00  8.49031723e+00  1.31500754e+01  9.23646590e+00
 4.51015873e+00 -3.88976378e+00  8.61540825e+00  1.31373538e+01  9.22537937e+00
 4.51015873e+00 -3.75590551e+00  8.73983784e+00  1.31231459e+01  9.21390727e+00
 4.51015873e+00 -3.62204724e+00  8.86363477e+00  1.31076391e+01  9.20219870e+00
 4.51015873e+00 -3.48818898e+00  8.98673614e+00  1.30910078e+01  9.19027776e+00
 4.51015873e+00 -3.35433071e+00  9.10910185e+00  1.30734196e+01  9.17806711e+00
 4.51015873e+00 -3.22047244e+00  9.23093410e+00  1.30548579e+01  9.16565630e+00
 4.51015873e+00 -3.08661417e+00  9.35250244e+00  1.30353666e+01  9.15311534e+00
 4.51015873e+00 -2.95275591e+00  9.47406616e+00  1.30152289e+01  9.14038126e+00
 4.51015873e+00 -2.81889764e+00  9.59602221e+00  1.29947327e+01  9.12754437e+00
 4.51015873e+00 -2.68503937e+00  9.71881165e+00  1.29741687e+01  9.11478851e+00
 4.51015873e+00 -2.55118110e+00  9.84256710e+00  1.29539052e+01  9.10214486e+00
 4.51015873e+00 -2.41732283e+00  9.96732932e+00  1.29341954e+01  9.08963246e+00
 4.51015873e+00 -2.28346457e+00  1.00931256e+01  1.29151004e+01  9.07731737e+00
 4.51015873e+00 -2.14960630e+00  1.02199191e+01  1.28969256e+01  9.06525298e+00
 4.51015873e+00 -2.01574803e+00  1.03474766e+01  1.28799284e+01  9.05343575e+00
 4.51015873e+00 -1.88188976e+00  1.04751636e+01  1.28638636e+01  9.04174324e+00
 4.51015873e+00 -1.74803150e+00  1.06024317e+01  1.28484282e+01  9.03012271e+00
 4.51015873e+00 -1.61417323e+00  1.07290311e+01  1.28334580e+01  9.01858177e+00
 4.51015873e+00 -1.48031496e+00  1.08553297e+01  1.28192103e+01  9.00708825e+00
 4.51015873e+00 -1.34645669e+00  1.09819283e+01  1.28057652e+01  8.99561897e+00
 4.51015873e+00 -1.21259843e+00  1.11094861e+01  1.27928854e+01  8.98415504e+00
 4.51015873e+00 -1.07874016e+00  1.12381779e+01  1.27803807e+01  8.97257391e+00
 4.51015873e+00 -9.44881890e-01  1.13678473e+01  1.27675694e+01  8.96073804e+00
 4.51015873e+00 -8.11023622e-01  1.14983915e+01  1.27532471e+01  8.94856531e+00
 4.51015873e+00 -6.77165354e-01  1.16325855e+01  1.27391679e+01  8.93599425e+00
 4.51015873e+00 -5.43307087e-01  1.17749471e+01  1.27270404e+01  8.92300342e+00
 4.51015873e+00 -4.09448819e-01  1.19300717e+01  1.27145889e+01  8.90966882e+00
 4.51015873e+00 -2.75590551e-01  1.21002199e+01  1.27010282e+01  8.89582764e+00
 4.51015873e+00 -1.41732283e-01  1.22863493e+01  1.27021598e+01  8.88035002e+00
 4.51015873e+00 -7.87401575e-03  1.24897192e+01  1.27329470e+01  8.86207577e+00
 4.51015873e+00  1.25984252e-01  1.27113859e+01  1.27772665e+01  8.84148180e+00
 4.51015873e+00  2.59842520e-01  1.29499059e+01  1.28190302e+01  8.81943074e+00
 4.51015873e+00  3.93700787e-01  1.31996273e+01  1.28748159e+01  8.79695033e+00
 4.51015873e+00  5.27559055e-01  1.34531713e+01  1.29574462e+01  8.77475642e+00
 4.51015873e+00  6.61417323e-01  1.37032971e+01  1.30576869e+01  8.75425692e+00
 4.51015873e+00  7.95275591e-01  1.39483738e+01  1.31664103e+01  8.73481943e+00
 4.51015873e+00  9.29133858e-01  1.41921319e+01  1.32791948e+01  8.71476035e+00
 4.51015873e+00  1.06299213e+00  1.44355557e+01  1.33927252e+01  8.69314236e+00
 4.51015873e+00  1.19685039e+00  1.46771631e+01  1.35063753e+01  8.67021629e+00
 4.51015873e+00  1.33070866e+00  1.49170406e+01  1.36209471e+01  8.64620865e+00
 4.51015873e+00  1.46456693e+00  1.51558871e+01  1.37359183e+01  8.62116008e+00
 4.51015873e+00  1.59842520e+00  1.53939179e+01  1.38502206e+01  8.59476380e+00
 4.51015873e+00  1.73228346e+00  1.56292882e+01  1.39630496e+01  8.56670134e+00
 4.51015873e+00  1.86614173e+00  1.58776868e+01  1.40782866e+01  8.53582090e+00
 4.51015873e+00  2.00000000e+00  1.61379090e+01  1.41919388e+01  8.50293675e+00
 4.58857143e+00 -1.50000000e+01 -2.32299515e+00  1.33608337e+01  9.70466894e+00
 4.58857143e+00 -1.48661417e+01 -2.18907758e+00  1.33606599e+01  9.70128278e+00
 4.58857143e+00 -1.47322835e+01 -2.05518979e+00  1.33604746e+01  9.69786889e+00
 4.58857143e+00 -1.45984252e+01 -1.92123869e+00  1.33603007e+01  9.69438744e+00
 4.58857143e+00 -1.44645669e+01 -1.78720500e+00  1.33601388e+01  9.69087204e+00
 4.58857143e+00 -1.43307087e+01 -1.65312536e+00  1.33599725e+01  9.68737497e+00
 4.58857143e+00 -1.41968504e+01 -1.51897129e+00  1.33598029e+01  9.68382356e+00
 4.58857143e+00 -1.40629921e+01 -1.38470876e+00  1.33596296e+01  9.68023111e+00
 4.58857143e+00 -1.39291339e+01 -1.25030317e+00  1.33594498e+01  9.67665138e+00
 4.58857143e+00 -1.37952756e+01 -1.11570362e+00  1.33592630e+01  9.67301869e+00
 4.58857143e+00 -1.36614173e+01 -9.80837546e-01  1.33590675e+01  9.66932260e+00
 4.58857143e+00 -1.35275591e+01 -8.45607286e-01  1.33588607e+01  9.66558619e+00
 4.58857143e+00 -1.33937008e+01 -7.09870175e-01  1.33586411e+01  9.66177846e+00
 4.58857143e+00 -1.32598425e+01 -5.73651924e-01  1.33584076e+01  9.65792716e+00
 4.58857143e+00 -1.31259843e+01 -4.38048351e-01  1.33581615e+01  9.65409125e+00
 4.58857143e+00 -1.29921260e+01 -3.03831396e-01  1.33579037e+01  9.65023885e+00
 4.58857143e+00 -1.28582677e+01 -1.70036558e-01  1.33576301e+01  9.64637608e+00
 4.58857143e+00 -1.27244094e+01 -3.62267932e-02  1.33573392e+01  9.64251423e+00
 4.58857143e+00 -1.25905512e+01  9.75739016e-02  1.33570357e+01  9.63855956e+00
 4.58857143e+00 -1.24566929e+01  2.31369791e-01  1.33567103e+01  9.63454779e+00
 4.58857143e+00 -1.23228346e+01  3.65156269e-01  1.33563633e+01  9.63054492e+00
 4.58857143e+00 -1.21889764e+01  4.98949405e-01  1.33560258e+01  9.62651687e+00
 4.58857143e+00 -1.20551181e+01  6.32750415e-01  1.33556923e+01  9.62243461e+00
 4.58857143e+00 -1.19212598e+01  7.66553168e-01  1.33553539e+01  9.61829704e+00
 4.58857143e+00 -1.17874016e+01  9.00354562e-01  1.33550353e+01  9.61413287e+00
 4.58857143e+00 -1.16535433e+01  1.03415865e+00  1.33547415e+01  9.60991516e+00
 4.58857143e+00 -1.15196850e+01  1.16797186e+00  1.33544708e+01  9.60564382e+00
 4.58857143e+00 -1.13858268e+01  1.30179721e+00  1.33542312e+01  9.60140801e+00
 4.58857143e+00 -1.12519685e+01  1.43562783e+00  1.33540390e+01  9.59713028e+00
 4.58857143e+00 -1.11181102e+01  1.56945890e+00  1.33538935e+01  9.59275256e+00
 4.58857143e+00 -1.09842520e+01  1.70329722e+00  1.33537634e+01  9.58839458e+00
 4.58857143e+00 -1.08503937e+01  1.83714148e+00  1.33536687e+01  9.58399623e+00
 4.58857143e+00 -1.07165354e+01  1.97098754e+00  1.33536141e+01  9.57950066e+00
 4.58857143e+00 -1.05826772e+01  2.10483275e+00  1.33535364e+01  9.57501079e+00
 4.58857143e+00 -1.04488189e+01  2.23866195e+00  1.33534260e+01  9.57047172e+00
 4.58857143e+00 -1.03149606e+01  2.37245891e+00  1.33532627e+01  9.56581592e+00
 4.58857143e+00 -1.01811024e+01  2.50621506e+00  1.33529611e+01  9.56109025e+00
 4.58857143e+00 -1.00472441e+01  2.63991499e+00  1.33524543e+01  9.55628602e+00
 4.58857143e+00 -9.91338583e+00  2.77353858e+00  1.33516677e+01  9.55137707e+00
 4.58857143e+00 -9.77952756e+00  2.90706379e+00  1.33504953e+01  9.54636076e+00
 4.58857143e+00 -9.64566929e+00  3.04046925e+00  1.33488379e+01  9.54124309e+00
 4.58857143e+00 -9.51181102e+00  3.17373643e+00  1.33466080e+01  9.53598887e+00
 4.58857143e+00 -9.37795276e+00  3.30685124e+00  1.33437305e+01  9.53051177e+00
 4.58857143e+00 -9.24409449e+00  3.43980285e+00  1.33401392e+01  9.52488666e+00
 4.58857143e+00 -9.11023622e+00  3.57260061e+00  1.33358768e+01  9.51915569e+00
 4.58857143e+00 -8.97637795e+00  3.70527302e+00  1.33310858e+01  9.51320063e+00
 4.58857143e+00 -8.84251969e+00  3.83776510e+00  1.33254744e+01  9.50706490e+00
 4.58857143e+00 -8.70866142e+00  3.97010752e+00  1.33191879e+01  9.50085491e+00
 4.58857143e+00 -8.57480315e+00  4.10250924e+00  1.33131956e+01  9.49462980e+00
 4.58857143e+00 -8.44094488e+00  4.23495915e+00  1.33074889e+01  9.48840017e+00
 4.58857143e+00 -8.30708661e+00  4.36741844e+00  1.33019185e+01  9.48216442e+00
 4.58857143e+00 -8.17322835e+00  4.49999129e+00  1.32968279e+01  9.47592784e+00
 4.58857143e+00 -8.03937008e+00  4.63270292e+00  1.32922768e+01  9.46968232e+00
 4.58857143e+00 -7.90551181e+00  4.76552691e+00  1.32882329e+01  9.46343739e+00
 4.58857143e+00 -7.77165354e+00  4.89843303e+00  1.32847903e+01  9.45724104e+00
 4.58857143e+00 -7.63779528e+00  5.03143522e+00  1.32818630e+01  9.45106620e+00
 4.58857143e+00 -7.50393701e+00  5.16454093e+00  1.32793240e+01  9.44488017e+00
 4.58857143e+00 -7.37007874e+00  5.29769670e+00  1.32771769e+01  9.43871599e+00
 4.58857143e+00 -7.23622047e+00  5.43086747e+00  1.32753399e+01  9.43252400e+00
 4.58857143e+00 -7.10236220e+00  5.56405489e+00  1.32737128e+01  9.42624442e+00
 4.58857143e+00 -6.96850394e+00  5.69729833e+00  1.32722780e+01  9.41989976e+00
 4.58857143e+00 -6.83464567e+00  5.83056545e+00  1.32709799e+01  9.41353570e+00
 4.58857143e+00 -6.70078740e+00  5.96381229e+00  1.32697763e+01  9.40715460e+00
 4.58857143e+00 -6.56692913e+00  6.09705115e+00  1.32686979e+01  9.40066691e+00
 4.58857143e+00 -6.43307087e+00  6.23024649e+00  1.32677064e+01  9.39409401e+00
 4.58857143e+00 -6.29921260e+00  6.36337563e+00  1.32667345e+01  9.38746507e+00
 4.58857143e+00 -6.16535433e+00  6.49649118e+00  1.32657484e+01  9.38070990e+00
 4.58857143e+00 -6.03149606e+00  6.62952513e+00  1.32647600e+01  9.37385851e+00
 4.58857143e+00 -5.89763780e+00  6.76242184e+00  1.32637580e+01  9.36694551e+00
 4.58857143e+00 -5.76377953e+00  6.89528295e+00  1.32626442e+01  9.35990489e+00
 4.58857143e+00 -5.62992126e+00  7.02804246e+00  1.32614102e+01  9.35273256e+00
 4.58857143e+00 -5.49606299e+00  7.16060232e+00  1.32600764e+01  9.34544542e+00
 4.58857143e+00 -5.36220472e+00  7.29301262e+00  1.32585916e+01  9.33801686e+00
 4.58857143e+00 -5.22834646e+00  7.42522720e+00  1.32568257e+01  9.33044048e+00
 4.58857143e+00 -5.09448819e+00  7.55713833e+00  1.32546496e+01  9.32269506e+00
 4.58857143e+00 -4.96062992e+00  7.68869127e+00  1.32520508e+01  9.31470125e+00
 4.58857143e+00 -4.82677165e+00  7.82027009e+00  1.32492609e+01  9.30648906e+00
 4.58857143e+00 -4.69291339e+00  7.95164589e+00  1.32460380e+01  9.29809198e+00
 4.58857143e+00 -4.55905512e+00  8.08065071e+00  1.32408085e+01  9.28939149e+00
 4.58857143e+00 -4.42519685e+00  8.20799209e+00  1.32341721e+01  9.28041467e+00
 4.58857143e+00 -4.29133858e+00  8.33581173e+00  1.32277685e+01  9.27126178e+00
 4.58857143e+00 -4.15748031e+00  8.46423588e+00  1.32216005e+01  9.26195069e+00
 4.58857143e+00 -4.02362205e+00  8.59260676e+00  1.32148155e+01  9.25235733e+00
 4.58857143e+00 -3.88976378e+00  8.72011042e+00  1.32063389e+01  9.24229975e+00
 4.58857143e+00 -3.75590551e+00  8.84686013e+00  1.31964097e+01  9.23188630e+00
 4.58857143e+00 -3.62204724e+00  8.97300729e+00  1.31853814e+01  9.22120044e+00
 4.58857143e+00 -3.48818898e+00  9.09840378e+00  1.31732557e+01  9.21019446e+00
 4.58857143e+00 -3.35433071e+00  9.22302570e+00  1.31601269e+01  9.19892900e+00
 4.58857143e+00 -3.22047244e+00  9.34694803e+00  1.31461303e+01  9.18746008e+00
 4.58857143e+00 -3.08661417e+00  9.47032151e+00  1.31313714e+01  9.17571769e+00
 4.58857143e+00 -2.95275591e+00  9.59335909e+00  1.31158744e+01  9.16372769e+00
 4.58857143e+00 -2.81889764e+00  9.71630407e+00  1.30995941e+01  9.15158180e+00
 4.58857143e+00 -2.68503937e+00  9.83934242e+00  1.30824630e+01  9.13924751e+00
 4.58857143e+00 -2.55118110e+00  9.96269986e+00  1.30645250e+01  9.12671838e+00
 4.58857143e+00 -2.41732283e+00  1.00866747e+01  1.30460232e+01  9.11409117e+00
 4.58857143e+00 -2.28346457e+00  1.02113402e+01  1.30273004e+01  9.10147528e+00
 4.58857143e+00 -2.14960630e+00  1.03365036e+01  1.30087352e+01  9.08896737e+00
 4.58857143e+00 -2.01574803e+00  1.04616128e+01  1.29906315e+01  9.07661216e+00
 4.58857143e+00 -1.88188976e+00  1.05865451e+01  1.29730519e+01  9.06439082e+00
 4.58857143e+00 -1.74803150e+00  1.07115359e+01  1.29558219e+01  9.05222723e+00
 4.58857143e+00 -1.61417323e+00  1.08360216e+01  1.29387008e+01  9.04002016e+00
 4.58857143e+00 -1.48031496e+00  1.09598102e+01  1.29217311e+01  9.02776150e+00
 4.58857143e+00 -1.34645669e+00  1.10838300e+01  1.29054244e+01  9.01559398e+00
 4.58857143e+00 -1.21259843e+00  1.12094537e+01  1.28897460e+01  9.00343915e+00
 4.58857143e+00 -1.07874016e+00  1.13377435e+01  1.28741108e+01  8.99108905e+00
 4.58857143e+00 -9.44881890e-01  1.14676292e+01  1.28575009e+01  8.97844036e+00
 4.58857143e+00 -8.11023622e-01  1.15987584e+01  1.28395240e+01  8.96537060e+00
 4.58857143e+00 -6.77165354e-01  1.17326873e+01  1.28209565e+01  8.95178155e+00
 4.58857143e+00 -5.43307087e-01  1.18741417e+01  1.28045499e+01  8.93788972e+00
 4.58857143e+00 -4.09448819e-01  1.20256302e+01  1.27896510e+01  8.92386585e+00
 4.58857143e+00 -2.75590551e-01  1.21867449e+01  1.27751845e+01  8.90950647e+00
 4.58857143e+00 -1.41732283e-01  1.23621911e+01  1.27730210e+01  8.89389319e+00
 4.58857143e+00 -7.87401575e-03  1.25571936e+01  1.27955328e+01  8.87601884e+00
 4.58857143e+00  1.25984252e-01  1.27707715e+01  1.28324264e+01  8.85622355e+00
 4.58857143e+00  2.59842520e-01  1.29990416e+01  1.28700713e+01  8.83502920e+00
 4.58857143e+00  3.93700787e-01  1.32373604e+01  1.29215707e+01  8.81338412e+00
 4.58857143e+00  5.27559055e-01  1.34807212e+01  1.29964270e+01  8.79191944e+00
 4.58857143e+00  6.61417323e-01  1.37235514e+01  1.30881564e+01  8.77161088e+00
 4.58857143e+00  7.95275591e-01  1.39640157e+01  1.31893924e+01  8.75236587e+00
 4.58857143e+00  9.29133858e-01  1.42045101e+01  1.32968294e+01  8.73289532e+00
 4.58857143e+00  1.06299213e+00  1.44450478e+01  1.34066274e+01  8.71254179e+00
 4.58857143e+00  1.19685039e+00  1.46844728e+01  1.35173452e+01  8.69119964e+00
 4.58857143e+00  1.33070866e+00  1.49229857e+01  1.36294890e+01  8.66853524e+00
 4.58857143e+00  1.46456693e+00  1.51604435e+01  1.37425034e+01  8.64467224e+00
 4.58857143e+00  1.59842520e+00  1.53970695e+01  1.38552777e+01  8.61960191e+00
 4.58857143e+00  1.73228346e+00  1.56330969e+01  1.39669776e+01  8.59354328e+00
 4.58857143e+00  1.86614173e+00  1.58807207e+01  1.40813272e+01  8.56457830e+00
 4.58857143e+00  2.00000000e+00  1.61337739e+01  1.41942667e+01  8.53320720e+00
 4.66698413e+00 -1.50000000e+01 -2.24451937e+00  1.33909783e+01  9.70800465e+00
 4.66698413e+00 -1.48661417e+01 -2.11064623e+00  1.33907378e+01  9.70462762e+00
 4.66698413e+00 -1.47322835e+01 -1.97675911e+00  1.33904926e+01  9.70123727e+00
 4.66698413e+00 -1.45984252e+01 -1.84278642e+00  1.33902600e+01  9.69779798e+00
 4.66698413e+00 -1.44645669e+01 -1.70876555e+00  1.33900271e+01  9.69430289e+00
 4.66698413e+00 -1.43307087e+01 -1.57469625e+00  1.33897907e+01  9.69078528e+00
 4.66698413e+00 -1.41968504e+01 -1.44054704e+00  1.33895543e+01  9.68726751e+00
 4.66698413e+00 -1.40629921e+01 -1.30629185e+00  1.33893178e+01  9.68370220e+00
 4.66698413e+00 -1.39291339e+01 -1.17189248e+00  1.33890812e+01  9.68010654e+00
 4.66698413e+00 -1.37952756e+01 -1.03729542e+00  1.33888449e+01  9.67650703e+00
 4.66698413e+00 -1.36614173e+01 -9.02430014e-01  1.33886094e+01  9.67285818e+00
 4.66698413e+00 -1.35275591e+01 -7.67195834e-01  1.33883751e+01  9.66915531e+00
 4.66698413e+00 -1.33937008e+01 -6.31460202e-01  1.33881420e+01  9.66540057e+00
 4.66698413e+00 -1.32598425e+01 -4.95135755e-01  1.33879104e+01  9.66156445e+00
 4.66698413e+00 -1.31259843e+01 -3.59209678e-01  1.33876821e+01  9.65772149e+00
 4.66698413e+00 -1.29921260e+01 -2.24808955e-01  1.33874595e+01  9.65392669e+00
 4.66698413e+00 -1.28582677e+01 -9.09836108e-02  1.33872411e+01  9.65009051e+00
 4.66698413e+00 -1.27244094e+01  4.28435227e-02  1.33870261e+01  9.64624575e+00
 4.66698413e+00 -1.25905512e+01  1.76670466e-01  1.33868142e+01  9.64240399e+00
 4.66698413e+00 -1.24566929e+01  3.10499149e-01  1.33866053e+01  9.63845833e+00
 4.66698413e+00 -1.23228346e+01  4.44327446e-01  1.33863975e+01  9.63446602e+00
 4.66698413e+00 -1.21889764e+01  5.78153573e-01  1.33861890e+01  9.63048440e+00
 4.66698413e+00 -1.20551181e+01  7.11978355e-01  1.33859794e+01  9.62646268e+00
 4.66698413e+00 -1.19212598e+01  8.45802059e-01  1.33857666e+01  9.62238858e+00
 4.66698413e+00 -1.17874016e+01  9.79624088e-01  1.33855486e+01  9.61826984e+00
 4.66698413e+00 -1.16535433e+01  1.11344329e+00  1.33853239e+01  9.61411100e+00
 4.66698413e+00 -1.15196850e+01  1.24725979e+00  1.33850899e+01  9.60989310e+00
 4.66698413e+00 -1.13858268e+01  1.38107441e+00  1.33848462e+01  9.60563181e+00
 4.66698413e+00 -1.12519685e+01  1.51488711e+00  1.33845934e+01  9.60138459e+00
 4.66698413e+00 -1.11181102e+01  1.64869102e+00  1.33843170e+01  9.59707331e+00
 4.66698413e+00 -1.09842520e+01  1.78248665e+00  1.33840193e+01  9.59267115e+00
 4.66698413e+00 -1.08503937e+01  1.91628609e+00  1.33837263e+01  9.58827304e+00
 4.66698413e+00 -1.07165354e+01  2.05008635e+00  1.33834091e+01  9.58381561e+00
 4.66698413e+00 -1.05826772e+01  2.18388166e+00  1.33830589e+01  9.57927593e+00
 4.66698413e+00 -1.04488189e+01  2.31767142e+00  1.33827169e+01  9.57474647e+00
 4.66698413e+00 -1.03149606e+01  2.45145941e+00  1.33823837e+01  9.57016528e+00
 4.66698413e+00 -1.01811024e+01  2.58525094e+00  1.33820529e+01  9.56548662e+00
 4.66698413e+00 -1.00472441e+01  2.71904897e+00  1.33817285e+01  9.56075953e+00
 4.66698413e+00 -9.91338583e+00  2.85284282e+00  1.33814028e+01  9.55599718e+00
 4.66698413e+00 -9.77952756e+00  2.98663339e+00  1.33810723e+01  9.55119336e+00
 4.66698413e+00 -9.64566929e+00  3.12043750e+00  1.33807482e+01  9.54634102e+00
 4.66698413e+00 -9.51181102e+00  3.25424333e+00  1.33804573e+01  9.54145877e+00
 4.66698413e+00 -9.37795276e+00  3.38804000e+00  1.33801925e+01  9.53652104e+00
 4.66698413e+00 -9.24409449e+00  3.52183091e+00  1.33799063e+01  9.53146677e+00
 4.66698413e+00 -9.11023622e+00  3.65561878e+00  1.33795983e+01  9.52639881e+00
 4.66698413e+00 -8.97637795e+00  3.78936847e+00  1.33791968e+01  9.52130833e+00
 4.66698413e+00 -8.84251969e+00  3.92302068e+00  1.33785637e+01  9.51603401e+00
 4.66698413e+00 -8.70866142e+00  4.05662493e+00  1.33777675e+01  9.51068540e+00
 4.66698413e+00 -8.57480315e+00  4.19016813e+00  1.33768104e+01  9.50531596e+00
 4.66698413e+00 -8.44094488e+00  4.32355377e+00  1.33755415e+01  9.49982407e+00
 4.66698413e+00 -8.30708661e+00  4.45685569e+00  1.33738505e+01  9.49421422e+00
 4.66698413e+00 -8.17322835e+00  4.59006650e+00  1.33716407e+01  9.48847926e+00
 4.66698413e+00 -8.03937008e+00  4.72305312e+00  1.33688225e+01  9.48256168e+00
 4.66698413e+00 -7.90551181e+00  4.85586698e+00  1.33653330e+01  9.47643729e+00
 4.66698413e+00 -7.77165354e+00  4.98853605e+00  1.33611686e+01  9.47013074e+00
 4.66698413e+00 -7.63779528e+00  5.12100976e+00  1.33564043e+01  9.46369712e+00
 4.66698413e+00 -7.50393701e+00  5.25335422e+00  1.33511686e+01  9.45711070e+00
 4.66698413e+00 -7.37007874e+00  5.38564551e+00  1.33455971e+01  9.45038808e+00
 4.66698413e+00 -7.23622047e+00  5.51792437e+00  1.33398549e+01  9.44361739e+00
 4.66698413e+00 -7.10236220e+00  5.65023793e+00  1.33343093e+01  9.43678806e+00
 4.66698413e+00 -6.96850394e+00  5.78260391e+00  1.33291264e+01  9.42988571e+00
 4.66698413e+00 -6.83464567e+00  5.91500772e+00  1.33241987e+01  9.42294754e+00
 4.66698413e+00 -6.70078740e+00  6.04746572e+00  1.33196700e+01  9.41603268e+00
 4.66698413e+00 -6.56692913e+00  6.18002332e+00  1.33156538e+01  9.40914691e+00
 4.66698413e+00 -6.43307087e+00  6.31273008e+00  1.33121006e+01  9.40222290e+00
 4.66698413e+00 -6.29921260e+00  6.44548854e+00  1.33090033e+01  9.39526783e+00
 4.66698413e+00 -6.16535433e+00  6.57824418e+00  1.33063377e+01  9.38830781e+00
 4.66698413e+00 -6.03149606e+00  6.71107490e+00  1.33040120e+01  9.38133973e+00
 4.66698413e+00 -5.89763780e+00  6.84392516e+00  1.33019397e+01  9.37431363e+00
 4.66698413e+00 -5.76377953e+00  6.97672925e+00  1.33000418e+01  9.36719614e+00
 4.66698413e+00 -5.62992126e+00  7.10949470e+00  1.32982488e+01  9.36000097e+00
 4.66698413e+00 -5.49606299e+00  7.24221076e+00  1.32965202e+01  9.35270478e+00
 4.66698413e+00 -5.36220472e+00  7.37486984e+00  1.32948569e+01  9.34530944e+00
 4.66698413e+00 -5.22834646e+00  7.50746156e+00  1.32932688e+01  9.33786787e+00
 4.66698413e+00 -5.09448819e+00  7.63980668e+00  1.32914833e+01  9.33031549e+00
 4.66698413e+00 -4.96062992e+00  7.77196488e+00  1.32895014e+01  9.32260289e+00
 4.66698413e+00 -4.82677165e+00  7.90436638e+00  1.32878249e+01  9.31477604e+00
 4.66698413e+00 -4.69291339e+00  8.03628357e+00  1.32856911e+01  9.30675053e+00
 4.66698413e+00 -4.55905512e+00  8.16687187e+00  1.32822050e+01  9.29845778e+00
 4.66698413e+00 -4.42519685e+00  8.29618968e+00  1.32774500e+01  9.28996407e+00
 4.66698413e+00 -4.29133858e+00  8.42552347e+00  1.32727209e+01  9.28133558e+00
 4.66698413e+00 -4.15748031e+00  8.55576463e+00  1.32688888e+01  9.27258618e+00
 4.66698413e+00 -4.02362205e+00  8.68563013e+00  1.32645841e+01  9.26363637e+00
 4.66698413e+00 -3.88976378e+00  8.81474839e+00  1.32591247e+01  9.25439255e+00
 4.66698413e+00 -3.75590551e+00  8.94340896e+00  1.32525038e+01  9.24478580e+00
 4.66698413e+00 -3.62204724e+00  9.07152784e+00  1.32447688e+01  9.23483038e+00
 4.66698413e+00 -3.48818898e+00  9.19899508e+00  1.32359567e+01  9.22456323e+00
 4.66698413e+00 -3.35433071e+00  9.32575391e+00  1.32261426e+01  9.21403116e+00
 4.66698413e+00 -3.22047244e+00  9.45182176e+00  1.32156218e+01  9.20329547e+00
 4.66698413e+00 -3.08661417e+00  9.57732293e+00  1.32045333e+01  9.19236083e+00
 4.66698413e+00 -2.95275591e+00  9.70246800e+00  1.31927592e+01  9.18116898e+00
 4.66698413e+00 -2.81889764e+00  9.82730953e+00  1.31802370e+01  9.16974160e+00
 4.66698413e+00 -2.68503937e+00  9.95184154e+00  1.31668436e+01  9.15809638e+00
 4.66698413e+00 -2.55118110e+00  1.00761008e+01  1.31522890e+01  9.14617341e+00
 4.66698413e+00 -2.41732283e+00  1.02004194e+01  1.31366206e+01  9.13398614e+00
 4.66698413e+00 -2.28346457e+00  1.03251182e+01  1.31201155e+01  9.12161341e+00
 4.66698413e+00 -2.14960630e+00  1.04496127e+01  1.31029384e+01  9.10915602e+00
 4.66698413e+00 -2.01574803e+00  1.05735715e+01  1.30854054e+01  9.09668667e+00
 4.66698413e+00 -1.88188976e+00  1.06972776e+01  1.30679954e+01  9.08423073e+00
 4.66698413e+00 -1.74803150e+00  1.08210313e+01  1.30507741e+01  9.07179681e+00
 4.66698413e+00 -1.61417323e+00  1.09447289e+01  1.30335029e+01  9.05933791e+00
 4.66698413e+00 -1.48031496e+00  1.10674137e+01  1.30157274e+01  9.04670175e+00
 4.66698413e+00 -1.34645669e+00  1.11897023e+01  1.29975592e+01  9.03391409e+00
 4.66698413e+00 -1.21259843e+00  1.13135678e+01  1.29794952e+01  9.02111504e+00
 4.66698413e+00 -1.07874016e+00  1.14405130e+01  1.29615436e+01  9.00821109e+00
 4.66698413e+00 -9.44881890e-01  1.15708004e+01  1.29431008e+01  8.99500079e+00
 4.66698413e+00 -8.11023622e-01  1.17028006e+01  1.29230760e+01  8.98128219e+00
 4.66698413e+00 -6.77165354e-01  1.18370873e+01  1.29023463e+01  8.96705668e+00
 4.66698413e+00 -5.43307087e-01  1.19758222e+01  1.28822627e+01  8.95244727e+00
 4.66698413e+00 -4.09448819e-01  1.21218549e+01  1.28632142e+01  8.93763452e+00
 4.66698413e+00 -2.75590551e-01  1.22777990e+01  1.28464034e+01  8.92269881e+00
 4.66698413e+00 -1.41732283e-01  1.24468884e+01  1.28421550e+01  8.90713607e+00
 4.66698413e+00 -7.87401575e-03  1.26322692e+01  1.28629140e+01  8.89001440e+00
 4.66698413e+00  1.25984252e-01  1.28339637e+01  1.28973657e+01  8.87120076e+00
 4.66698413e+00  2.59842520e-01  1.30504144e+01  1.29314034e+01  8.85107251e+00
 4.66698413e+00  3.93700787e-01  1.32778824e+01  1.29760976e+01  8.83016070e+00
 4.66698413e+00  5.27559055e-01  1.35113699e+01  1.30414912e+01  8.80934697e+00
 4.66698413e+00  6.61417323e-01  1.37465657e+01  1.31232714e+01  8.78908570e+00
 4.66698413e+00  7.95275591e-01  1.39820455e+01  1.32159530e+01  8.76956589e+00
 4.66698413e+00  9.29133858e-01  1.42186435e+01  1.33170074e+01  8.75034277e+00
 4.66698413e+00  1.06299213e+00  1.44561017e+01  1.34225409e+01  8.73093137e+00
 4.66698413e+00  1.19685039e+00  1.46931316e+01  1.35299578e+01  8.71072581e+00
 4.66698413e+00  1.33070866e+00  1.49297338e+01  1.36394193e+01  8.68947502e+00
 4.66698413e+00  1.46456693e+00  1.51657616e+01  1.37502806e+01  8.66706102e+00
 4.66698413e+00  1.59842520e+00  1.54013013e+01  1.38612840e+01  8.64343490e+00
 4.66698413e+00  1.73228346e+00  1.56362494e+01  1.39716075e+01  8.61845327e+00
 4.66698413e+00  1.86614173e+00  1.58832283e+01  1.40849055e+01  8.59117360e+00
 4.66698413e+00  2.00000000e+00  1.61374923e+01  1.41969712e+01  8.56196434e+00
 4.74539683e+00 -1.50000000e+01 -2.16603079e+00  1.34249723e+01  9.71124044e+00
 4.74539683e+00 -1.48661417e+01 -2.03217335e+00  1.34247233e+01  9.70786036e+00
 4.74539683e+00 -1.47322835e+01 -1.89825854e+00  1.34244846e+01  9.70448820e+00
 4.74539683e+00 -1.45984252e+01 -1.76427776e+00  1.34242521e+01  9.70110143e+00
 4.74539683e+00 -1.44645669e+01 -1.63025281e+00  1.34240132e+01  9.69765392e+00
 4.74539683e+00 -1.43307087e+01 -1.49617748e+00  1.34237716e+01  9.69415281e+00
 4.74539683e+00 -1.41968504e+01 -1.36202831e+00  1.34235280e+01  9.69063522e+00
 4.74539683e+00 -1.40629921e+01 -1.22777191e+00  1.34232815e+01  9.68711223e+00
 4.74539683e+00 -1.39291339e+01 -1.09336934e+00  1.34230324e+01  9.68353765e+00
 4.74539683e+00 -1.37952756e+01 -9.58776741e-01  1.34227808e+01  9.67993688e+00
 4.74539683e+00 -1.36614173e+01 -8.23920367e-01  1.34225264e+01  9.67632731e+00
 4.74539683e+00 -1.35275591e+01 -6.88682494e-01  1.34222693e+01  9.67266051e+00
 4.74539683e+00 -1.33937008e+01 -5.52931627e-01  1.34220091e+01  9.66893747e+00
 4.74539683e+00 -1.32598425e+01 -4.16527598e-01  1.34217459e+01  9.66515558e+00
 4.74539683e+00 -1.31259843e+01 -2.80397713e-01  1.34214813e+01  9.66131539e+00
 4.74539683e+00 -1.29921260e+01 -1.45690062e-01  1.34212177e+01  9.65750471e+00
 4.74539683e+00 -1.28582677e+01 -1.19141472e-02  1.34209544e+01  9.65371967e+00
 4.74539683e+00 -1.27244094e+01  1.21904554e-01  1.34206900e+01  9.64987288e+00
 4.74539683e+00 -1.25905512e+01  2.55723083e-01  1.34204244e+01  9.64602514e+00
 4.74539683e+00 -1.24566929e+01  3.89554267e-01  1.34201579e+01  9.64217021e+00
 4.74539683e+00 -1.23228346e+01  5.23376988e-01  1.34198910e+01  9.63820643e+00
 4.74539683e+00 -1.21889764e+01  6.57195345e-01  1.34196238e+01  9.63420877e+00
 4.74539683e+00 -1.20551181e+01  7.91016038e-01  1.34193566e+01  9.63022053e+00
 4.74539683e+00 -1.19212598e+01  9.24837794e-01  1.34190899e+01  9.62618671e+00
 4.74539683e+00 -1.17874016e+01  1.05865157e+00  1.34188241e+01  9.62210220e+00
 4.74539683e+00 -1.16535433e+01  1.19246282e+00  1.34185595e+01  9.61797605e+00
 4.74539683e+00 -1.15196850e+01  1.32628941e+00  1.34182965e+01  9.61380935e+00
 4.74539683e+00 -1.13858268e+01  1.46011583e+00  1.34180352e+01  9.60958429e+00
 4.74539683e+00 -1.12519685e+01  1.59393367e+00  1.34177764e+01  9.60532566e+00
 4.74539683e+00 -1.11181102e+01  1.72775259e+00  1.34175202e+01  9.60108203e+00
 4.74539683e+00 -1.09842520e+01  1.86157416e+00  1.34172661e+01  9.59676396e+00
 4.74539683e+00 -1.08503937e+01  1.99539239e+00  1.34170139e+01  9.59236789e+00
 4.74539683e+00 -1.07165354e+01  2.12920144e+00  1.34167647e+01  9.58798831e+00
 4.74539683e+00 -1.05826772e+01  2.26301967e+00  1.34165170e+01  9.58353892e+00
 4.74539683e+00 -1.04488189e+01  2.39684751e+00  1.34162685e+01  9.57900720e+00
 4.74539683e+00 -1.03149606e+01  2.53066514e+00  1.34160182e+01  9.57448108e+00
 4.74539683e+00 -1.01811024e+01  2.66447958e+00  1.34157688e+01  9.56989942e+00
 4.74539683e+00 -1.00472441e+01  2.79829225e+00  1.34155117e+01  9.56523103e+00
 4.74539683e+00 -9.91338583e+00  2.93209510e+00  1.34152348e+01  9.56051258e+00
 4.74539683e+00 -9.77952756e+00  3.06589768e+00  1.34149600e+01  9.55574999e+00
 4.74539683e+00 -9.64566929e+00  3.19970446e+00  1.34146861e+01  9.55093973e+00
 4.74539683e+00 -9.51181102e+00  3.33350898e+00  1.34143872e+01  9.54608104e+00
 4.74539683e+00 -9.37795276e+00  3.46730182e+00  1.34140706e+01  9.54118452e+00
 4.74539683e+00 -9.24409449e+00  3.60109139e+00  1.34137543e+01  9.53622380e+00
 4.74539683e+00 -9.11023622e+00  3.73488719e+00  1.34134400e+01  9.53116191e+00
 4.74539683e+00 -8.97637795e+00  3.86863511e+00  1.34130600e+01  9.52607163e+00
 4.74539683e+00 -8.84251969e+00  4.00233764e+00  1.34126185e+01  9.52097876e+00
 4.74539683e+00 -8.70866142e+00  4.13605031e+00  1.34121839e+01  9.51583895e+00
 4.74539683e+00 -8.57480315e+00  4.26976600e+00  1.34117457e+01  9.51061559e+00
 4.74539683e+00 -8.44094488e+00  4.40348058e+00  1.34112971e+01  9.50531144e+00
 4.74539683e+00 -8.30708661e+00  4.53719384e+00  1.34108469e+01  9.49995749e+00
 4.74539683e+00 -8.17322835e+00  4.67085818e+00  1.34103794e+01  9.49455955e+00
 4.74539683e+00 -8.03937008e+00  4.80447242e+00  1.34098524e+01  9.48910242e+00
 4.74539683e+00 -7.90551181e+00  4.93807611e+00  1.34092234e+01  9.48355577e+00
 4.74539683e+00 -7.77165354e+00  5.07166243e+00  1.34085158e+01  9.47788764e+00
 4.74539683e+00 -7.63779528e+00  5.20518874e+00  1.34076749e+01  9.47211884e+00
 4.74539683e+00 -7.50393701e+00  5.33860833e+00  1.34065967e+01  9.46629017e+00
 4.74539683e+00 -7.37007874e+00  5.47193901e+00  1.34052957e+01  9.46034410e+00
 4.74539683e+00 -7.23622047e+00  5.60518487e+00  1.34036627e+01  9.45423723e+00
 4.74539683e+00 -7.10236220e+00  5.73830803e+00  1.34015105e+01  9.44797157e+00
 4.74539683e+00 -6.96850394e+00  5.87121545e+00  1.33988525e+01  9.44158901e+00
 4.74539683e+00 -6.83464567e+00  6.00389195e+00  1.33956162e+01  9.43504275e+00
 4.74539683e+00 -6.70078740e+00  6.13640948e+00  1.33917155e+01  9.42824699e+00
 4.74539683e+00 -6.56692913e+00  6.26885067e+00  1.33874045e+01  9.42129034e+00
 4.74539683e+00 -6.43307087e+00  6.40114952e+00  1.33826648e+01  9.41420298e+00
 4.74539683e+00 -6.29921260e+00  6.53319445e+00  1.33773260e+01  9.40694877e+00
 4.74539683e+00 -6.16535433e+00  6.66522988e+00  1.33717981e+01  9.39959933e+00
 4.74539683e+00 -6.03149606e+00  6.79740825e+00  1.33664248e+01  9.39218526e+00
 4.74539683e+00 -5.89763780e+00  6.92966754e+00  1.33612721e+01  9.38467286e+00
 4.74539683e+00 -5.76377953e+00  7.06183013e+00  1.33562314e+01  9.37707942e+00
 4.74539683e+00 -5.62992126e+00  7.19390634e+00  1.33513792e+01  9.36945510e+00
 4.74539683e+00 -5.49606299e+00  7.32608868e+00  1.33469845e+01  9.36184149e+00
 4.74539683e+00 -5.36220472e+00  7.45832291e+00  1.33430394e+01  9.35415752e+00
 4.74539683e+00 -5.22834646e+00  7.59052545e+00  1.33394461e+01  9.34639694e+00
 4.74539683e+00 -5.09448819e+00  7.72269026e+00  1.33361200e+01  9.33864565e+00
 4.74539683e+00 -4.96062992e+00  7.85492378e+00  1.33330713e+01  9.33080899e+00
 4.74539683e+00 -4.82677165e+00  7.98727710e+00  1.33303520e+01  9.32285525e+00
 4.74539683e+00 -4.69291339e+00  8.11953363e+00  1.33278230e+01  9.31486919e+00
 4.74539683e+00 -4.55905512e+00  8.25069104e+00  1.33243119e+01  9.30674859e+00
 4.74539683e+00 -4.42519685e+00  8.38079926e+00  1.33197716e+01  9.29842598e+00
 4.74539683e+00 -4.29133858e+00  8.51132910e+00  1.33157846e+01  9.28995720e+00
 4.74539683e+00 -4.15748031e+00  8.64226256e+00  1.33123875e+01  9.28141040e+00
 4.74539683e+00 -4.02362205e+00  8.77306097e+00  1.33089674e+01  9.27276319e+00
 4.74539683e+00 -3.88976378e+00  8.90340515e+00  1.33049827e+01  9.26386399e+00
 4.74539683e+00 -3.75590551e+00  9.03334375e+00  1.33002997e+01  9.25471150e+00
 4.74539683e+00 -3.62204724e+00  9.16294386e+00  1.32948620e+01  9.24533321e+00
 4.74539683e+00 -3.48818898e+00  9.29202416e+00  1.32884531e+01  9.23568270e+00
 4.74539683e+00 -3.35433071e+00  9.42049734e+00  1.32811766e+01  9.22578610e+00
 4.74539683e+00 -3.22047244e+00  9.54838324e+00  1.32732799e+01  9.21568053e+00
 4.74539683e+00 -3.08661417e+00  9.67579022e+00  1.32648825e+01  9.20532229e+00
 4.74539683e+00 -2.95275591e+00  9.80276169e+00  1.32559016e+01  9.19470609e+00
 4.74539683e+00 -2.81889764e+00  9.92929976e+00  1.32461396e+01  9.18385577e+00
 4.74539683e+00 -2.68503937e+00  1.00554714e+01  1.32354983e+01  9.17275758e+00
 4.74539683e+00 -2.55118110e+00  1.01812915e+01  1.32238677e+01  9.16138495e+00
 4.74539683e+00 -2.41732283e+00  1.03067166e+01  1.32111096e+01  9.14971855e+00
 4.74539683e+00 -2.28346457e+00  1.04318229e+01  1.31971594e+01  9.13780807e+00
 4.74539683e+00 -2.14960630e+00  1.05566144e+01  1.31820076e+01  9.12567673e+00
 4.74539683e+00 -2.01574803e+00  1.06808975e+01  1.31657547e+01  9.11326979e+00
 4.74539683e+00 -1.88188976e+00  1.08047883e+01  1.31491479e+01  9.10077239e+00
 4.74539683e+00 -1.74803150e+00  1.09285550e+01  1.31329921e+01  9.08841562e+00
 4.74539683e+00 -1.61417323e+00  1.10522327e+01  1.31168114e+01  9.07601602e+00
 4.74539683e+00 -1.48031496e+00  1.11754489e+01  1.30999289e+01  9.06337785e+00
 4.74539683e+00 -1.34645669e+00  1.12976922e+01  1.30818984e+01  9.05042883e+00
 4.74539683e+00 -1.21259843e+00  1.14204907e+01  1.30630403e+01  9.03724437e+00
 4.74539683e+00 -1.07874016e+00  1.15459686e+01  1.30438587e+01  9.02389900e+00
 4.74539683e+00 -9.44881890e-01  1.16752923e+01  1.30245413e+01  9.01032805e+00
 4.74539683e+00 -8.11023622e-01  1.18078395e+01  1.30044763e+01  8.99637741e+00
 4.74539683e+00 -6.77165354e-01  1.19419002e+01  1.29831269e+01  8.98189227e+00
 4.74539683e+00 -5.43307087e-01  1.20777222e+01  1.29622893e+01  8.96689040e+00
 4.74539683e+00 -4.09448819e-01  1.22184339e+01  1.29416862e+01  8.95155302e+00
 4.74539683e+00 -2.75590551e-01  1.23691425e+01  1.29219706e+01  8.93604836e+00
 4.74539683e+00 -1.41732283e-01  1.25327311e+01  1.29145879e+01  8.92011388e+00
 4.74539683e+00 -7.87401575e-03  1.27101201e+01  1.29295249e+01  8.90331451e+00
 4.74539683e+00  1.25984252e-01  1.29017119e+01  1.29591087e+01  8.88550014e+00
 4.74539683e+00  2.59842520e-01  1.31068319e+01  1.29913995e+01  8.86674421e+00
 4.74539683e+00  3.93700787e-01  1.33228154e+01  1.30331873e+01  8.84728795e+00
 4.74539683e+00  5.27559055e-01  1.35459920e+01  1.30924936e+01  8.82730653e+00
 4.74539683e+00  6.61417323e-01  1.37731904e+01  1.31646886e+01  8.80686199e+00
 4.74539683e+00  7.95275591e-01  1.40028709e+01  1.32468109e+01  8.78649292e+00
 4.74539683e+00  9.29133858e-01  1.42349985e+01  1.33398692e+01  8.76714568e+00
 4.74539683e+00  1.06299213e+00  1.44689187e+01  1.34407006e+01  8.74848558e+00
 4.74539683e+00  1.19685039e+00  1.47031920e+01  1.35445024e+01  8.72928673e+00
 4.74539683e+00  1.33070866e+00  1.49376262e+01  1.36507327e+01  8.70901221e+00
 4.74539683e+00  1.46456693e+00  1.51719877e+01  1.37591552e+01  8.68783997e+00
 4.74539683e+00  1.59842520e+00  1.54061719e+01  1.38682209e+01  8.66565678e+00
 4.74539683e+00  1.73228346e+00  1.56401265e+01  1.39771523e+01  8.64237229e+00
 4.74539683e+00  1.86614173e+00  1.58863998e+01  1.40890918e+01  8.61643758e+00
 4.74539683e+00  2.00000000e+00  1.61395479e+01  1.42001699e+01  8.58849980e+00
 4.82380952e+00 -1.50000000e+01 -2.08749811e+00  1.34627100e+01  9.71450082e+00
 4.82380952e+00 -1.48661417e+01 -1.95362262e+00  1.34624325e+01  9.71117223e+00
 4.82380952e+00 -1.47322835e+01 -1.81967259e+00  1.34621922e+01  9.70778620e+00
 4.82380952e+00 -1.45984252e+01 -1.68569511e+00  1.34619457e+01  9.70441336e+00
 4.82380952e+00 -1.44645669e+01 -1.55168235e+00  1.34616903e+01  9.70101995e+00
 4.82380952e+00 -1.43307087e+01 -1.41760910e+00  1.34614339e+01  9.69756337e+00
 4.82380952e+00 -1.41968504e+01 -1.28345849e+00  1.34611739e+01  9.69405560e+00
 4.82380952e+00 -1.40629921e+01 -1.14920264e+00  1.34609103e+01  9.69053531e+00
 4.82380952e+00 -1.39291339e+01 -1.01480224e+00  1.34606438e+01  9.68700483e+00
 4.82380952e+00 -1.37952756e+01 -8.80204695e-01  1.34603742e+01  9.68341912e+00
 4.82380952e+00 -1.36614173e+01 -7.45338751e-01  1.34601016e+01  9.67981092e+00
 4.82380952e+00 -1.35275591e+01 -6.10105492e-01  1.34598261e+01  9.67618804e+00
 4.82380952e+00 -1.33937008e+01 -4.74370321e-01  1.34595475e+01  9.67250047e+00
 4.82380952e+00 -1.32598425e+01 -3.37971893e-01  1.34592657e+01  9.66875456e+00
 4.82380952e+00 -1.31259843e+01 -2.01537303e-01  1.34589822e+01  9.66496419e+00
 4.82380952e+00 -1.29921260e+01 -6.66341727e-02  1.34587004e+01  9.66115325e+00
 4.82380952e+00 -1.28582677e+01  6.72189552e-02  1.34584199e+01  9.65736850e+00
 4.82380952e+00 -1.27244094e+01  2.01054688e-01  1.34581391e+01  9.65357721e+00
 4.82380952e+00 -1.25905512e+01  3.34874482e-01  1.34578576e+01  9.64972584e+00
 4.82380952e+00 -1.24566929e+01  4.68698528e-01  1.34575756e+01  9.64588085e+00
 4.82380952e+00 -1.23228346e+01  6.02521420e-01  1.34572928e+01  9.64201776e+00
 4.82380952e+00 -1.21889764e+01  7.36343892e-01  1.34570092e+01  9.63804362e+00
 4.82380952e+00 -1.20551181e+01  8.70165737e-01  1.34567248e+01  9.63404771e+00
 4.82380952e+00 -1.19212598e+01  1.00398714e+00  1.34564396e+01  9.63005752e+00
 4.82380952e+00 -1.17874016e+01  1.13780823e+00  1.34561534e+01  9.62601657e+00
 4.82380952e+00 -1.16535433e+01  1.27162830e+00  1.34558663e+01  9.62192531e+00
 4.82380952e+00 -1.15196850e+01  1.40544737e+00  1.34555780e+01  9.61779295e+00
 4.82380952e+00 -1.13858268e+01  1.53926611e+00  1.34552887e+01  9.61361857e+00
 4.82380952e+00 -1.12519685e+01  1.67308418e+00  1.34549981e+01  9.60938490e+00
 4.82380952e+00 -1.11181102e+01  1.80690140e+00  1.34547064e+01  9.60512437e+00
 4.82380952e+00 -1.09842520e+01  1.94071794e+00  1.34544136e+01  9.60087512e+00
 4.82380952e+00 -1.08503937e+01  2.07453407e+00  1.34541196e+01  9.59654062e+00
 4.82380952e+00 -1.07165354e+01  2.20834945e+00  1.34538245e+01  9.59213814e+00
 4.82380952e+00 -1.05826772e+01  2.34216357e+00  1.34535288e+01  9.58775173e+00
 4.82380952e+00 -1.04488189e+01  2.47597716e+00  1.34532325e+01  9.58328560e+00
 4.82380952e+00 -1.03149606e+01  2.60979042e+00  1.34529359e+01  9.57874723e+00
 4.82380952e+00 -1.01811024e+01  2.74360305e+00  1.34526391e+01  9.57421508e+00
 4.82380952e+00 -1.00472441e+01  2.87741537e+00  1.34523430e+01  9.56961902e+00
 4.82380952e+00 -9.91338583e+00  3.01122721e+00  1.34520474e+01  9.56493944e+00
 4.82380952e+00 -9.77952756e+00  3.14503833e+00  1.34517520e+01  9.56021393e+00
 4.82380952e+00 -9.64566929e+00  3.27884959e+00  1.34514586e+01  9.55545092e+00
 4.82380952e+00 -9.51181102e+00  3.41265912e+00  1.34511660e+01  9.55064482e+00
 4.82380952e+00 -9.37795276e+00  3.54646723e+00  1.34508735e+01  9.54578692e+00
 4.82380952e+00 -9.24409449e+00  3.68028506e+00  1.34505895e+01  9.54087852e+00
 4.82380952e+00 -9.11023622e+00  3.81408296e+00  1.34502920e+01  9.53592454e+00
 4.82380952e+00 -8.97637795e+00  3.94782631e+00  1.34499561e+01  9.53092862e+00
 4.82380952e+00 -8.84251969e+00  4.08155990e+00  1.34496158e+01  9.52588692e+00
 4.82380952e+00 -8.70866142e+00  4.21530223e+00  1.34492754e+01  9.52079968e+00
 4.82380952e+00 -8.57480315e+00  4.34904602e+00  1.34489182e+01  9.51566129e+00
 4.82380952e+00 -8.44094488e+00  4.48279514e+00  1.34485541e+01  9.51044040e+00
 4.82380952e+00 -8.30708661e+00  4.61651149e+00  1.34481881e+01  9.50513955e+00
 4.82380952e+00 -8.17322835e+00  4.75017194e+00  1.34478077e+01  9.49978550e+00
 4.82380952e+00 -8.03937008e+00  4.88387379e+00  1.34473766e+01  9.49439123e+00
 4.82380952e+00 -7.90551181e+00  5.01759119e+00  1.34469055e+01  9.48893910e+00
 4.82380952e+00 -7.77165354e+00  5.15124352e+00  1.34464274e+01  9.48339620e+00
 4.82380952e+00 -7.63779528e+00  5.28487964e+00  1.34459355e+01  9.47774636e+00
 4.82380952e+00 -7.50393701e+00  5.41852450e+00  1.34454106e+01  9.47202378e+00
 4.82380952e+00 -7.37007874e+00  5.55215761e+00  1.34448356e+01  9.46626322e+00
 4.82380952e+00 -7.23622047e+00  5.68572968e+00  1.34442074e+01  9.46041484e+00
 4.82380952e+00 -7.10236220e+00  5.81925703e+00  1.34435199e+01  9.45445307e+00
 4.82380952e+00 -6.96850394e+00  5.95277135e+00  1.34427500e+01  9.44839527e+00
 4.82380952e+00 -6.83464567e+00  6.08622008e+00  1.34418430e+01  9.44229369e+00
 4.82380952e+00 -6.70078740e+00  6.21957252e+00  1.34408032e+01  9.43609803e+00
 4.82380952e+00 -6.56692913e+00  6.35283560e+00  1.34396082e+01  9.42972666e+00
 4.82380952e+00 -6.43307087e+00  6.48604092e+00  1.34380652e+01  9.42320943e+00
 4.82380952e+00 -6.29921260e+00  6.61909911e+00  1.34361130e+01  9.41658919e+00
 4.82380952e+00 -6.16535433e+00  6.75196488e+00  1.34338590e+01  9.40986929e+00
 4.82380952e+00 -6.03149606e+00  6.88489379e+00  1.34315139e+01  9.40295847e+00
 4.82380952e+00 -5.89763780e+00  7.01774405e+00  1.34287772e+01  9.39586095e+00
 4.82380952e+00 -5.76377953e+00  7.15021847e+00  1.34252015e+01  9.38861536e+00
 4.82380952e+00 -5.62992126e+00  7.28242606e+00  1.34209101e+01  9.38114388e+00
 4.82380952e+00 -5.49606299e+00  7.41444139e+00  1.34161113e+01  9.37347397e+00
 4.82380952e+00 -5.36220472e+00  7.54628981e+00  1.34109666e+01  9.36568740e+00
 4.82380952e+00 -5.22834646e+00  7.67806510e+00  1.34055564e+01  9.35776361e+00
 4.82380952e+00 -5.09448819e+00  7.80973635e+00  1.33999478e+01  9.34967719e+00
 4.82380952e+00 -4.96062992e+00  7.94128744e+00  1.33942989e+01  9.34144210e+00
 4.82380952e+00 -4.82677165e+00  8.07306972e+00  1.33890696e+01  9.33315593e+00
 4.82380952e+00 -4.69291339e+00  8.20478382e+00  1.33839819e+01  9.32483549e+00
 4.82380952e+00 -4.55905512e+00  8.33574780e+00  1.33783280e+01  9.31642264e+00
 4.82380952e+00 -4.42519685e+00  8.46618158e+00  1.33724394e+01  9.30789100e+00
 4.82380952e+00 -4.29133858e+00  8.59672295e+00  1.33669688e+01  9.29926475e+00
 4.82380952e+00 -4.15748031e+00  8.72792987e+00  1.33624162e+01  9.29059389e+00
 4.82380952e+00 -4.02362205e+00  8.85905929e+00  1.33581835e+01  9.28185719e+00
 4.82380952e+00 -3.88976378e+00  8.98972624e+00  1.33538088e+01  9.27301535e+00
 4.82380952e+00 -3.75590551e+00  9.12027884e+00  1.33493029e+01  9.26402837e+00
 4.82380952e+00 -3.62204724e+00  9.25066500e+00  1.33444489e+01  9.25485279e+00
 4.82380952e+00 -3.48818898e+00  9.38072083e+00  1.33390466e+01  9.24546597e+00
 4.82380952e+00 -3.35433071e+00  9.51033640e+00  1.33330525e+01  9.23587617e+00
 4.82380952e+00 -3.22047244e+00  9.63950632e+00  1.33265871e+01  9.22610832e+00
 4.82380952e+00 -3.08661417e+00  9.76827250e+00  1.33197374e+01  9.21616523e+00
 4.82380952e+00 -2.95275591e+00  9.89668289e+00  1.33124334e+01  9.20600614e+00
 4.82380952e+00 -2.81889764e+00  1.00247167e+01  1.33045646e+01  9.19560473e+00
 4.82380952e+00 -2.68503937e+00  1.01523508e+01  1.32959940e+01  9.18494582e+00
 4.82380952e+00 -2.55118110e+00  1.02796177e+01  1.32865532e+01  9.17401735e+00
 4.82380952e+00 -2.41732283e+00  1.04063372e+01  1.32760787e+01  9.16281130e+00
 4.82380952e+00 -2.28346457e+00  1.05323315e+01  1.32644374e+01  9.15132353e+00
 4.82380952e+00 -2.14960630e+00  1.06579333e+01  1.32515484e+01  9.13954737e+00
 4.82380952e+00 -2.01574803e+00  1.07832310e+01  1.32373807e+01  9.12748625e+00
 4.82380952e+00 -1.88188976e+00  1.09079955e+01  1.32220408e+01  9.11517348e+00
 4.82380952e+00 -1.74803150e+00  1.10323639e+01  1.32061115e+01  9.10272884e+00
 4.82380952e+00 -1.61417323e+00  1.11566628e+01  1.31903487e+01  9.09027833e+00
 4.82380952e+00 -1.48031496e+00  1.12812205e+01  1.31753631e+01  9.07787594e+00
 4.82380952e+00 -1.34645669e+00  1.14050135e+01  1.31597784e+01  9.06524191e+00
 4.82380952e+00 -1.21259843e+00  1.15273196e+01  1.31418768e+01  9.05206471e+00
 4.82380952e+00 -1.07874016e+00  1.16515243e+01  1.31230134e+01  9.03858220e+00
 4.82380952e+00 -9.44881890e-01  1.17798595e+01  1.31041257e+01  9.02490449e+00
 4.82380952e+00 -8.11023622e-01  1.19114722e+01  1.30847705e+01  9.01084817e+00
 4.82380952e+00 -6.77165354e-01  1.20450336e+01  1.30643732e+01  8.99627870e+00
 4.82380952e+00 -5.43307087e-01  1.21801672e+01  1.30431133e+01  8.98117056e+00
 4.82380952e+00 -4.09448819e-01  1.23184614e+01  1.30224347e+01  8.96561042e+00
 4.82380952e+00 -2.75590551e-01  1.24632842e+01  1.30045942e+01  8.94971425e+00
 4.82380952e+00 -1.41732283e-01  1.26184287e+01  1.29922668e+01  8.93352667e+00
 4.82380952e+00 -7.87401575e-03  1.27864870e+01  1.29889767e+01  8.91700820e+00
 4.82380952e+00  1.25984252e-01  1.29677273e+01  1.30003371e+01  8.90018728e+00
 4.82380952e+00  2.59842520e-01  1.31616682e+01  1.30315193e+01  8.88301900e+00
 4.82380952e+00  3.93700787e-01  1.33674530e+01  1.30824047e+01  8.86537161e+00
 4.82380952e+00  5.27559055e-01  1.35831526e+01  1.31480753e+01  8.84674234e+00
 4.82380952e+00  6.61417323e-01  1.38037115e+01  1.32153132e+01  8.82584914e+00
 4.82380952e+00  7.95275591e-01  1.40270394e+01  1.32837278e+01  8.80359524e+00
 4.82380952e+00  9.29133858e-01  1.42538416e+01  1.33653890e+01  8.78330431e+00
 4.82380952e+00  1.06299213e+00  1.44837702e+01  1.34613006e+01  8.76534212e+00
 4.82380952e+00  1.19685039e+00  1.47149156e+01  1.35612929e+01  8.74703739e+00
 4.82380952e+00  1.33070866e+00  1.49469296e+01  1.36638057e+01  8.72755998e+00
 4.82380952e+00  1.46456693e+00  1.51793816e+01  1.37693532e+01  8.70737360e+00
 4.82380952e+00  1.59842520e+00  1.54120609e+01  1.38763960e+01  8.68635034e+00
 4.82380952e+00  1.73228346e+00  1.56447719e+01  1.39834834e+01  8.66441421e+00
 4.82380952e+00  1.86614173e+00  1.58901320e+01  1.40939950e+01  8.64010176e+00
 4.82380952e+00  2.00000000e+00  1.61425270e+01  1.42040750e+01  8.61389025e+00
 4.90222222e+00 -1.50000000e+01 -2.00905491e+00  1.35039735e+01  9.71765111e+00
 4.90222222e+00 -1.48661417e+01 -1.87514397e+00  1.35037112e+01  9.71436031e+00
 4.90222222e+00 -1.47322835e+01 -1.74119125e+00  1.35034449e+01  9.71101515e+00
 4.90222222e+00 -1.45984252e+01 -1.60721946e+00  1.35031753e+01  9.70761945e+00
 4.90222222e+00 -1.44645669e+01 -1.47320428e+00  1.35029023e+01  9.70425638e+00
 4.90222222e+00 -1.43307087e+01 -1.33913085e+00  1.35026260e+01  9.70085585e+00
 4.90222222e+00 -1.41968504e+01 -1.20498064e+00  1.35023467e+01  9.69738055e+00
 4.90222222e+00 -1.40629921e+01 -1.07072453e+00  1.35020645e+01  9.69387562e+00
 4.90222222e+00 -1.39291339e+01 -9.36324170e-01  1.35017794e+01  9.69035276e+00
 4.90222222e+00 -1.37952756e+01 -8.01727042e-01  1.35014914e+01  9.68680342e+00
 4.90222222e+00 -1.36614173e+01 -6.66861407e-01  1.35012007e+01  9.68321460e+00
 4.90222222e+00 -1.35275591e+01 -5.31626795e-01  1.35009071e+01  9.67959732e+00
 4.90222222e+00 -1.33937008e+01 -3.95899254e-01  1.35006105e+01  9.67594744e+00
 4.90222222e+00 -1.32598425e+01 -2.59458885e-01  1.35003106e+01  9.67224144e+00
 4.90222222e+00 -1.31259843e+01 -1.22810065e-01  1.35000087e+01  9.66849087e+00
 4.90222222e+00 -1.29921260e+01  1.23314542e-02  1.34997087e+01  9.66472425e+00
 4.90222222e+00 -1.28582677e+01  1.46264939e-01  1.34994108e+01  9.66092721e+00
 4.90222222e+00 -1.27244094e+01  2.80082405e-01  1.34991122e+01  9.65714154e+00
 4.90222222e+00 -1.25905512e+01  4.13906716e-01  1.34988124e+01  9.65334578e+00
 4.90222222e+00 -1.24566929e+01  5.47731894e-01  1.34985117e+01  9.64948905e+00
 4.90222222e+00 -1.23228346e+01  6.81555657e-01  1.34982099e+01  9.64565146e+00
 4.90222222e+00 -1.21889764e+01  8.15379219e-01  1.34979071e+01  9.64178515e+00
 4.90222222e+00 -1.20551181e+01  9.49202251e-01  1.34976034e+01  9.63780054e+00
 4.90222222e+00 -1.19212598e+01  1.08302471e+00  1.34972986e+01  9.63380633e+00
 4.90222222e+00 -1.17874016e+01  1.21684665e+00  1.34969929e+01  9.62981116e+00
 4.90222222e+00 -1.16535433e+01  1.35066814e+00  1.34966863e+01  9.62575398e+00
 4.90222222e+00 -1.15196850e+01  1.48448905e+00  1.34963787e+01  9.62165351e+00
 4.90222222e+00 -1.13858268e+01  1.61830935e+00  1.34960702e+01  9.61751740e+00
 4.90222222e+00 -1.12519685e+01  1.75212909e+00  1.34957607e+01  9.61333543e+00
 4.90222222e+00 -1.11181102e+01  1.88594824e+00  1.34954503e+01  9.60910076e+00
 4.90222222e+00 -1.09842520e+01  2.01976672e+00  1.34951390e+01  9.60484956e+00
 4.90222222e+00 -1.08503937e+01  2.15358453e+00  1.34948269e+01  9.60059672e+00
 4.90222222e+00 -1.07165354e+01  2.28740174e+00  1.34945137e+01  9.59624042e+00
 4.90222222e+00 -1.05826772e+01  2.42121828e+00  1.34941995e+01  9.59183279e+00
 4.90222222e+00 -1.04488189e+01  2.55503403e+00  1.34938844e+01  9.58745295e+00
 4.90222222e+00 -1.03149606e+01  2.68884900e+00  1.34935682e+01  9.58297238e+00
 4.90222222e+00 -1.01811024e+01  2.82266318e+00  1.34932510e+01  9.57842142e+00
 4.90222222e+00 -1.00472441e+01  2.95647649e+00  1.34929325e+01  9.57388554e+00
 4.90222222e+00 -9.91338583e+00  3.09028878e+00  1.34926129e+01  9.56928679e+00
 4.90222222e+00 -9.77952756e+00  3.22410055e+00  1.34922923e+01  9.56460221e+00
 4.90222222e+00 -9.64566929e+00  3.35791145e+00  1.34919706e+01  9.55986060e+00
 4.90222222e+00 -9.51181102e+00  3.49171900e+00  1.34916455e+01  9.55508934e+00
 4.90222222e+00 -9.37795276e+00  3.62553084e+00  1.34913240e+01  9.55027286e+00
 4.90222222e+00 -9.24409449e+00  3.75934239e+00  1.34910020e+01  9.54540107e+00
 4.90222222e+00 -9.11023622e+00  3.89311205e+00  1.34906426e+01  9.54052974e+00
 4.90222222e+00 -8.97637795e+00  4.02685453e+00  1.34902587e+01  9.53565057e+00
 4.90222222e+00 -8.84251969e+00  4.16060354e+00  1.34898813e+01  9.53071128e+00
 4.90222222e+00 -8.70866142e+00  4.29435322e+00  1.34895081e+01  9.52566791e+00
 4.90222222e+00 -8.57480315e+00  4.42809606e+00  1.34891255e+01  9.52055968e+00
 4.90222222e+00 -8.44094488e+00  4.56183267e+00  1.34887306e+01  9.51542184e+00
 4.90222222e+00 -8.30708661e+00  4.69557488e+00  1.34883489e+01  9.51018639e+00
 4.90222222e+00 -8.17322835e+00  4.82931915e+00  1.34879668e+01  9.50486790e+00
 4.90222222e+00 -8.03937008e+00  4.96305957e+00  1.34875718e+01  9.49951462e+00
 4.90222222e+00 -7.90551181e+00  5.09680180e+00  1.34871971e+01  9.49412661e+00
 4.90222222e+00 -7.77165354e+00  5.23051781e+00  1.34868053e+01  9.48867054e+00
 4.90222222e+00 -7.63779528e+00  5.36418744e+00  1.34863587e+01  9.48311464e+00
 4.90222222e+00 -7.50393701e+00  5.49784505e+00  1.34859010e+01  9.47746431e+00
 4.90222222e+00 -7.37007874e+00  5.63151037e+00  1.34854400e+01  9.47175546e+00
 4.90222222e+00 -7.23622047e+00  5.76517129e+00  1.34849622e+01  9.46599999e+00
 4.90222222e+00 -7.10236220e+00  5.89878186e+00  1.34844592e+01  9.46014318e+00
 4.90222222e+00 -6.96850394e+00  6.03235564e+00  1.34838931e+01  9.45421828e+00
 4.90222222e+00 -6.83464567e+00  6.16592497e+00  1.34832606e+01  9.44824936e+00
 4.90222222e+00 -6.70078740e+00  6.29949048e+00  1.34826426e+01  9.44215073e+00
 4.90222222e+00 -6.56692913e+00  6.43303632e+00  1.34819920e+01  9.43591617e+00
 4.90222222e+00 -6.43307087e+00  6.56651443e+00  1.34812154e+01  9.42959777e+00
 4.90222222e+00 -6.29921260e+00  6.69985169e+00  1.34802907e+01  9.42324565e+00
 4.90222222e+00 -6.16535433e+00  6.83318531e+00  1.34793645e+01  9.41677827e+00
 4.90222222e+00 -6.03149606e+00  6.96662059e+00  1.34784965e+01  9.41014766e+00
 4.90222222e+00 -5.89763780e+00  7.09999432e+00  1.34774355e+01  9.40347216e+00
 4.90222222e+00 -5.76377953e+00  7.23321298e+00  1.34760920e+01  9.39666706e+00
 4.90222222e+00 -5.62992126e+00  7.36626131e+00  1.34744738e+01  9.38965459e+00
 4.90222222e+00 -5.49606299e+00  7.49916765e+00  1.34725727e+01  9.38256793e+00
 4.90222222e+00 -5.36220472e+00  7.63190431e+00  1.34703116e+01  9.37533165e+00
 4.90222222e+00 -5.22834646e+00  7.76443406e+00  1.34675778e+01  9.36784888e+00
 4.90222222e+00 -5.09448819e+00  7.89676944e+00  1.34642780e+01  9.36020984e+00
 4.90222222e+00 -4.96062992e+00  8.02896770e+00  1.34605027e+01  9.35240886e+00
 4.90222222e+00 -4.82677165e+00  8.16101976e+00  1.34563201e+01  9.34439512e+00
 4.90222222e+00 -4.69291339e+00  8.29272299e+00  1.34515230e+01  9.33616278e+00
 4.90222222e+00 -4.55905512e+00  8.42377699e+00  1.34457857e+01  9.32774387e+00
 4.90222222e+00 -4.42519685e+00  8.55421037e+00  1.34391614e+01  9.31917253e+00
 4.90222222e+00 -4.29133858e+00  8.68484019e+00  1.34326379e+01  9.31044611e+00
 4.90222222e+00 -4.15748031e+00  8.81575053e+00  1.34264545e+01  9.30159741e+00
 4.90222222e+00 -4.02362205e+00  8.94655908e+00  1.34203193e+01  9.29265990e+00
 4.90222222e+00 -3.88976378e+00  9.07721364e+00  1.34142039e+01  9.28358731e+00
 4.90222222e+00 -3.75590551e+00  9.20774639e+00  1.34081477e+01  9.27438843e+00
 4.90222222e+00 -3.62204724e+00  9.33818314e+00  1.34021568e+01  9.26510949e+00
 4.90222222e+00 -3.48818898e+00  9.46845899e+00  1.33960656e+01  9.25573588e+00
 4.90222222e+00 -3.35433071e+00  9.59851667e+00  1.33897615e+01  9.24619791e+00
 4.90222222e+00 -3.22047244e+00  9.72832469e+00  1.33832339e+01  9.23642921e+00
 4.90222222e+00 -3.08661417e+00  9.85785423e+00  1.33765441e+01  9.22653400e+00
 4.90222222e+00 -2.95275591e+00  9.98709885e+00  1.33696707e+01  9.21653465e+00
 4.90222222e+00 -2.81889764e+00  1.01160723e+01  1.33624827e+01  9.20632992e+00
 4.90222222e+00 -2.68503937e+00  1.02447630e+01  1.33548980e+01  9.19592700e+00
 4.90222222e+00 -2.55118110e+00  1.03730980e+01  1.33467732e+01  9.18532524e+00
 4.90222222e+00 -2.41732283e+00  1.05009261e+01  1.33378532e+01  9.17446118e+00
 4.90222222e+00 -2.28346457e+00  1.06280916e+01  1.33279493e+01  9.16331238e+00
 4.90222222e+00 -2.14960630e+00  1.07546804e+01  1.33169644e+01  9.15187557e+00
 4.90222222e+00 -2.01574803e+00  1.08811872e+01  1.33048829e+01  9.14013952e+00
 4.90222222e+00 -1.88188976e+00  1.10070771e+01  1.32914567e+01  9.12808870e+00
 4.90222222e+00 -1.74803150e+00  1.11318012e+01  1.32766110e+01  9.11575194e+00
 4.90222222e+00 -1.61417323e+00  1.12570891e+01  1.32612445e+01  9.10327732e+00
 4.90222222e+00 -1.48031496e+00  1.13831619e+01  1.32460985e+01  9.09078299e+00
 4.90222222e+00 -1.34645669e+00  1.15082239e+01  1.32313618e+01  9.07828805e+00
 4.90222222e+00 -1.21259843e+00  1.16321032e+01  1.32162827e+01  9.06554944e+00
 4.90222222e+00 -1.07874016e+00  1.17560279e+01  1.32001250e+01  9.05237102e+00
 4.90222222e+00 -9.44881890e-01  1.18827145e+01  1.31827584e+01  9.03878738e+00
 4.90222222e+00 -8.11023622e-01  1.20133841e+01  1.31646567e+01  9.02481647e+00
 4.90222222e+00 -6.77165354e-01  1.21472798e+01  1.31462530e+01  9.01040263e+00
 4.90222222e+00 -5.43307087e-01  1.22817039e+01  1.31265154e+01  8.99534813e+00
 4.90222222e+00 -4.09448819e-01  1.24173467e+01  1.31062916e+01  8.97971560e+00
 4.90222222e+00 -2.75590551e-01  1.25579105e+01  1.30880535e+01  8.96372100e+00
 4.90222222e+00 -1.41732283e-01  1.27073536e+01  1.30745495e+01  8.94747820e+00
 4.90222222e+00 -7.87401575e-03  1.28682763e+01  1.30690344e+01  8.93088585e+00
 4.90222222e+00  1.25984252e-01  1.30412137e+01  1.30755382e+01  8.91383381e+00
 4.90222222e+00  2.59842520e-01  1.32254916e+01  1.30983334e+01  8.89642814e+00
 4.90222222e+00  3.93700787e-01  1.34208544e+01  1.31402244e+01  8.87891081e+00
 4.90222222e+00  5.27559055e-01  1.36259670e+01  1.31981878e+01  8.86106935e+00
 4.90222222e+00  6.61417323e-01  1.38378357e+01  1.32592008e+01  8.84108414e+00
 4.90222222e+00  7.95275591e-01  1.40545285e+01  1.33213934e+01  8.81953568e+00
 4.90222222e+00  9.29133858e-01  1.42758235e+01  1.33964088e+01  8.79970931e+00
 4.90222222e+00  1.06299213e+00  1.45010023e+01  1.34858591e+01  8.78209986e+00
 4.90222222e+00  1.19685039e+00  1.47285588e+01  1.35804379e+01  8.76410293e+00
 4.90222222e+00  1.33070866e+00  1.49577556e+01  1.36787378e+01  8.74518931e+00
 4.90222222e+00  1.46456693e+00  1.51879317e+01  1.37810843e+01  8.72584584e+00
 4.90222222e+00  1.59842520e+00  1.54187889e+01  1.38856743e+01  8.70597282e+00
 4.90222222e+00  1.73228346e+00  1.56503293e+01  1.39909650e+01  8.68499259e+00
 4.90222222e+00  1.86614173e+00  1.58946254e+01  1.40997703e+01  8.66203416e+00
 4.90222222e+00  2.00000000e+00  1.61460258e+01  1.42086270e+01  8.63737133e+00
 4.98063492e+00 -1.50000000e+01 -1.93080147e+00  1.35485724e+01  9.72117479e+00
 4.98063492e+00 -1.48661417e+01 -1.79687143e+00  1.35482898e+01  9.71786737e+00
 4.98063492e+00 -1.47322835e+01 -1.66292683e+00  1.35480045e+01  9.71457193e+00
 4.98063492e+00 -1.45984252e+01 -1.52895506e+00  1.35477168e+01  9.71122599e+00
 4.98063492e+00 -1.44645669e+01 -1.39493857e+00  1.35474266e+01  9.70783614e+00
 4.98063492e+00 -1.43307087e+01 -1.26086572e+00  1.35471342e+01  9.70446366e+00
 4.98063492e+00 -1.41968504e+01 -1.12671551e+00  1.35468395e+01  9.70105402e+00
 4.98063492e+00 -1.40629921e+01 -9.92459319e-01  1.35465428e+01  9.69757825e+00
 4.98063492e+00 -1.39291339e+01 -8.58058955e-01  1.35462439e+01  9.69405857e+00
 4.98063492e+00 -1.37952756e+01 -7.23461825e-01  1.35459429e+01  9.69053055e+00
 4.98063492e+00 -1.36614173e+01 -5.88595999e-01  1.35456399e+01  9.68697860e+00
 4.98063492e+00 -1.35275591e+01 -4.53362369e-01  1.35453345e+01  9.68336733e+00
 4.98063492e+00 -1.33937008e+01 -3.17628987e-01  1.35450268e+01  9.67973692e+00
 4.98063492e+00 -1.32598425e+01 -1.81172196e-01  1.35447163e+01  9.67607171e+00
 4.98063492e+00 -1.31259843e+01 -4.43783726e-02  1.35444040e+01  9.67234216e+00
 4.98063492e+00 -1.29921260e+01  9.11056617e-02  1.35440938e+01  9.66861164e+00
 4.98063492e+00 -1.28582677e+01  2.25078271e-01  1.35437862e+01  9.66487373e+00
 4.98063492e+00 -1.27244094e+01  3.58885755e-01  1.35434776e+01  9.66108622e+00
 4.98063492e+00 -1.25905512e+01  4.92715599e-01  1.35431677e+01  9.65730503e+00
 4.98063492e+00 -1.24566929e+01  6.26541751e-01  1.35428563e+01  9.65350249e+00
 4.98063492e+00 -1.23228346e+01  7.60367432e-01  1.35425435e+01  9.64964417e+00
 4.98063492e+00 -1.21889764e+01  8.94192758e-01  1.35422293e+01  9.64580246e+00
 4.98063492e+00 -1.20551181e+01  1.02801753e+00  1.35419137e+01  9.64191693e+00
 4.98063492e+00 -1.19212598e+01  1.16184179e+00  1.35415967e+01  9.63792468e+00
 4.98063492e+00 -1.17874016e+01  1.29566548e+00  1.35412783e+01  9.63393249e+00
 4.98063492e+00 -1.16535433e+01  1.42948862e+00  1.35409585e+01  9.62993478e+00
 4.98063492e+00 -1.15196850e+01  1.56331118e+00  1.35406373e+01  9.62587935e+00
 4.98063492e+00 -1.13858268e+01  1.69713315e+00  1.35403147e+01  9.62177719e+00
 4.98063492e+00 -1.12519685e+01  1.83095450e+00  1.35399908e+01  9.61763508e+00
 4.98063492e+00 -1.11181102e+01  1.96477523e+00  1.35396653e+01  9.61344708e+00
 4.98063492e+00 -1.09842520e+01  2.09859532e+00  1.35393385e+01  9.60920146e+00
 4.98063492e+00 -1.08503937e+01  2.23241474e+00  1.35390102e+01  9.60494306e+00
 4.98063492e+00 -1.07165354e+01  2.36623348e+00  1.35386805e+01  9.60068300e+00
 4.98063492e+00 -1.05826772e+01  2.50005151e+00  1.35383494e+01  9.59632324e+00
 4.98063492e+00 -1.04488189e+01  2.63386882e+00  1.35380170e+01  9.59192023e+00
 4.98063492e+00 -1.03149606e+01  2.76768539e+00  1.35376830e+01  9.58752586e+00
 4.98063492e+00 -1.01811024e+01  2.90150113e+00  1.35373478e+01  9.58303417e+00
 4.98063492e+00 -1.00472441e+01  3.03531621e+00  1.35370111e+01  9.57849167e+00
 4.98063492e+00 -9.91338583e+00  3.16913043e+00  1.35366730e+01  9.57395232e+00
 4.98063492e+00 -9.77952756e+00  3.30294314e+00  1.35363340e+01  9.56933353e+00
 4.98063492e+00 -9.64566929e+00  3.43675680e+00  1.35359922e+01  9.56463514e+00
 4.98063492e+00 -9.51181102e+00  3.57056892e+00  1.35356495e+01  9.55989700e+00
 4.98063492e+00 -9.37795276e+00  3.70437097e+00  1.35353124e+01  9.55513457e+00
 4.98063492e+00 -9.24409449e+00  3.83819867e+00  1.35349535e+01  9.55028673e+00
 4.98063492e+00 -9.11023622e+00  3.97206074e+00  1.35345551e+01  9.54533196e+00
 4.98063492e+00 -8.97637795e+00  4.10588694e+00  1.35341461e+01  9.54037154e+00
 4.98063492e+00 -8.84251969e+00  4.23965411e+00  1.35337688e+01  9.53544068e+00
 4.98063492e+00 -8.70866142e+00  4.37339846e+00  1.35334229e+01  9.53049601e+00
 4.98063492e+00 -8.57480315e+00  4.50719570e+00  1.35330382e+01  9.52544188e+00
 4.98063492e+00 -8.44094488e+00  4.64098947e+00  1.35326215e+01  9.52032395e+00
 4.98063492e+00 -8.30708661e+00  4.77472863e+00  1.35322036e+01  9.51517733e+00
 4.98063492e+00 -8.17322835e+00  4.90846623e+00  1.35317916e+01  9.50992567e+00
 4.98063492e+00 -8.03937008e+00  5.04221367e+00  1.35313930e+01  9.50460272e+00
 4.98063492e+00 -7.90551181e+00  5.17594576e+00  1.35309853e+01  9.49925284e+00
 4.98063492e+00 -7.77165354e+00  5.30962882e+00  1.35305148e+01  9.49385228e+00
 4.98063492e+00 -7.63779528e+00  5.44332487e+00  1.35300566e+01  9.48837845e+00
 4.98063492e+00 -7.50393701e+00  5.57705792e+00  1.35296502e+01  9.48281433e+00
 4.98063492e+00 -7.37007874e+00  5.71074240e+00  1.35292000e+01  9.47715383e+00
 4.98063492e+00 -7.23622047e+00  5.84439865e+00  1.35286858e+01  9.47143539e+00
 4.98063492e+00 -7.10236220e+00  5.97806531e+00  1.35281523e+01  9.46566812e+00
 4.98063492e+00 -6.96850394e+00  6.11173092e+00  1.35276643e+01  9.45980128e+00
 4.98063492e+00 -6.83464567e+00  6.24536052e+00  1.35271313e+01  9.45387184e+00
 4.98063492e+00 -6.70078740e+00  6.37894918e+00  1.35265231e+01  9.44789018e+00
 4.98063492e+00 -6.56692913e+00  6.51253836e+00  1.35259647e+01  9.44178122e+00
 4.98063492e+00 -6.43307087e+00  6.64609929e+00  1.35253611e+01  9.43555334e+00
 4.98063492e+00 -6.29921260e+00  6.77960604e+00  1.35246536e+01  9.42924614e+00
 4.98063492e+00 -6.16535433e+00  6.91308674e+00  1.35239660e+01  9.42288940e+00
 4.98063492e+00 -6.03149606e+00  7.04660188e+00  1.35233399e+01  9.41646014e+00
 4.98063492e+00 -5.89763780e+00  7.18013115e+00  1.35227058e+01  9.40992308e+00
 4.98063492e+00 -5.76377953e+00  7.31354450e+00  1.35219061e+01  9.40325942e+00
 4.98063492e+00 -5.62992126e+00  7.44687477e+00  1.35209100e+01  9.39643964e+00
 4.98063492e+00 -5.49606299e+00  7.58014067e+00  1.35197728e+01  9.38949197e+00
 4.98063492e+00 -5.36220472e+00  7.71326737e+00  1.35185744e+01  9.38250631e+00
 4.98063492e+00 -5.22834646e+00  7.84633781e+00  1.35172305e+01  9.37538151e+00
 4.98063492e+00 -5.09448819e+00  7.97936080e+00  1.35156441e+01  9.36805573e+00
 4.98063492e+00 -4.96062992e+00  8.11218573e+00  1.35138101e+01  9.36062175e+00
 4.98063492e+00 -4.82677165e+00  8.24494639e+00  1.35117881e+01  9.35305511e+00
 4.98063492e+00 -4.69291339e+00  8.37751870e+00  1.35093450e+01  9.34530467e+00
 4.98063492e+00 -4.55905512e+00  8.50934695e+00  1.35059067e+01  9.33736192e+00
 4.98063492e+00 -4.42519685e+00  8.64075815e+00  1.35017680e+01  9.32922839e+00
 4.98063492e+00 -4.29133858e+00  8.77220030e+00  1.34973563e+01  9.32090926e+00
 4.98063492e+00 -4.15748031e+00  8.90368019e+00  1.34926920e+01  9.31240862e+00
 4.98063492e+00 -4.02362205e+00  9.03494511e+00  1.34875470e+01  9.30367591e+00
 4.98063492e+00 -3.88976378e+00  9.16582822e+00  1.34817947e+01  9.29469870e+00
 4.98063492e+00 -3.75590551e+00  9.29649124e+00  1.34756645e+01  9.28557052e+00
 4.98063492e+00 -3.62204724e+00  9.42697462e+00  1.34692635e+01  9.27631663e+00
 4.98063492e+00 -3.48818898e+00  9.55725378e+00  1.34625810e+01  9.26690864e+00
 4.98063492e+00 -3.35433071e+00  9.68734408e+00  1.34555600e+01  9.25729928e+00
 4.98063492e+00 -3.22047244e+00  9.81726095e+00  1.34482806e+01  9.24750524e+00
 4.98063492e+00 -3.08661417e+00  9.94700747e+00  1.34408723e+01  9.23757162e+00
 4.98063492e+00 -2.95275591e+00  1.00765605e+01  1.34333462e+01  9.22750554e+00
 4.98063492e+00 -2.81889764e+00  1.02059186e+01  1.34257050e+01  9.21731308e+00
 4.98063492e+00 -2.68503937e+00  1.03350977e+01  1.34179338e+01  9.20698727e+00
 4.98063492e+00 -2.55118110e+00  1.04640890e+01  1.34099148e+01  9.19646198e+00
 4.98063492e+00 -2.41732283e+00  1.05927029e+01  1.34014732e+01  9.18571461e+00
 4.98063492e+00 -2.28346457e+00  1.07206978e+01  1.33924300e+01  9.17477054e+00
 4.98063492e+00 -2.14960630e+00  1.08483872e+01  1.33827314e+01  9.16360699e+00
 4.98063492e+00 -2.01574803e+00  1.09758077e+01  1.33721855e+01  9.15216199e+00
 4.98063492e+00 -1.88188976e+00  1.11024835e+01  1.33604099e+01  9.14036477e+00
 4.98063492e+00 -1.74803150e+00  1.12285006e+01  1.33472813e+01  9.12827559e+00
 4.98063492e+00 -1.61417323e+00  1.13543681e+01  1.33330314e+01  9.11598057e+00
 4.98063492e+00 -1.48031496e+00  1.14808724e+01  1.33183541e+01  9.10350324e+00
 4.98063492e+00 -1.34645669e+00  1.16074919e+01  1.33034858e+01  9.09083635e+00
 4.98063492e+00 -1.21259843e+00  1.17330921e+01  1.32884369e+01  9.07799002e+00
 4.98063492e+00 -1.07874016e+00  1.18578359e+01  1.32736042e+01  9.06504288e+00
 4.98063492e+00 -9.44881890e-01  1.19835394e+01  1.32588765e+01  9.05189681e+00
 4.98063492e+00 -8.11023622e-01  1.21132106e+01  1.32435041e+01  9.03825583e+00
 4.98063492e+00 -6.77165354e-01  1.22463650e+01  1.32269269e+01  9.02403377e+00
 4.98063492e+00 -5.43307087e-01  1.23809760e+01  1.32089883e+01  9.00919691e+00
 4.98063492e+00 -4.09448819e-01  1.25157836e+01  1.31901852e+01  8.99367253e+00
 4.98063492e+00 -2.75590551e-01  1.26533171e+01  1.31723293e+01  8.97761650e+00
 4.98063492e+00 -1.41732283e-01  1.27975811e+01  1.31580094e+01  8.96126128e+00
 4.98063492e+00 -7.87401575e-03  1.29522606e+01  1.31504899e+01  8.94476142e+00
 4.98063492e+00  1.25984252e-01  1.31177476e+01  1.31530866e+01  8.92777686e+00
 4.98063492e+00  2.59842520e-01  1.32932215e+01  1.31692262e+01  8.91028627e+00
 4.98063492e+00  3.93700787e-01  1.34785806e+01  1.32025542e+01  8.89269738e+00
 4.98063492e+00  5.27559055e-01  1.36736314e+01  1.32515418e+01  8.87488944e+00
 4.98063492e+00  6.61417323e-01  1.38766972e+01  1.33059547e+01  8.85563193e+00
 4.98063492e+00  7.95275591e-01  1.40861251e+01  1.33626104e+01  8.83498249e+00
 4.98063492e+00  9.29133858e-01  1.43012106e+01  1.34316294e+01  8.81579345e+00
 4.98063492e+00  1.06299213e+00  1.45210870e+01  1.35139629e+01  8.79843568e+00
 4.98063492e+00  1.19685039e+00  1.47444273e+01  1.36026470e+01  8.78076995e+00
 4.98063492e+00  1.33070866e+00  1.49703294e+01  1.36963685e+01  8.76240463e+00
 4.98063492e+00  1.46456693e+00  1.51979770e+01  1.37949535e+01  8.74362449e+00
 4.98063492e+00  1.59842520e+00  1.54268967e+01  1.38965345e+01  8.72444955e+00
 4.98063492e+00  1.73228346e+00  1.56567890e+01  1.39995892e+01  8.70452090e+00
 4.98063492e+00  1.86614173e+00  1.58997613e+01  1.41064936e+01  8.68269633e+00
 4.98063492e+00  2.00000000e+00  1.61500081e+01  1.42137476e+01  8.65928409e+00
 5.05904762e+00 -1.50000000e+01 -1.85231263e+00  1.35961702e+01  9.72417881e+00
 5.05904762e+00 -1.48661417e+01 -1.71838451e+00  1.35958921e+01  9.72089776e+00
 5.05904762e+00 -1.47322835e+01 -1.58444402e+00  1.35956089e+01  9.71759017e+00
 5.05904762e+00 -1.45984252e+01 -1.45047011e+00  1.35953234e+01  9.71429171e+00
 5.05904762e+00 -1.44645669e+01 -1.31645378e+00  1.35950355e+01  9.71093662e+00
 5.05904762e+00 -1.43307087e+01 -1.18238122e+00  1.35947447e+01  9.70754536e+00
 5.05904762e+00 -1.41968504e+01 -1.04823085e+00  1.35944515e+01  9.70417061e+00
 5.05904762e+00 -1.40629921e+01 -9.13974674e-01  1.35941559e+01  9.70075070e+00
 5.05904762e+00 -1.39291339e+01 -7.79574333e-01  1.35938579e+01  9.69726463e+00
 5.05904762e+00 -1.37952756e+01 -6.44977196e-01  1.35935575e+01  9.69373792e+00
 5.05904762e+00 -1.36614173e+01 -5.10111303e-01  1.35932547e+01  9.69020304e+00
 5.05904762e+00 -1.35275591e+01 -3.74877870e-01  1.35929493e+01  9.68663601e+00
 5.05904762e+00 -1.33937008e+01 -2.39141122e-01  1.35926412e+01  9.68300796e+00
 5.05904762e+00 -1.32598425e+01 -1.02713683e-01  1.35923301e+01  9.67935974e+00
 5.05904762e+00 -1.31259843e+01  3.42587510e-02  1.35920164e+01  9.67567514e+00
 5.05904762e+00 -1.29921260e+01  1.70011571e-01  1.35917043e+01  9.67196814e+00
 5.05904762e+00 -1.28582677e+01  3.04048965e-01  1.35913946e+01  9.66827313e+00
 5.05904762e+00 -1.27244094e+01  4.37878962e-01  1.35910838e+01  9.66453242e+00
 5.05904762e+00 -1.25905512e+01  5.71707709e-01  1.35907713e+01  9.66074268e+00
 5.05904762e+00 -1.24566929e+01  7.05536261e-01  1.35904568e+01  9.65696284e+00
 5.05904762e+00 -1.23228346e+01  8.39364286e-01  1.35901407e+01  9.65315416e+00
 5.05904762e+00 -1.21889764e+01  9.73191811e-01  1.35898228e+01  9.64929468e+00
 5.05904762e+00 -1.20551181e+01  1.10701882e+00  1.35895031e+01  9.64545400e+00
 5.05904762e+00 -1.19212598e+01  1.24084530e+00  1.35891817e+01  9.64155621e+00
 5.05904762e+00 -1.17874016e+01  1.37467123e+00  1.35888584e+01  9.63755809e+00
 5.05904762e+00 -1.16535433e+01  1.50849662e+00  1.35885333e+01  9.63356869e+00
 5.05904762e+00 -1.15196850e+01  1.64232143e+00  1.35882064e+01  9.62956632e+00
 5.05904762e+00 -1.13858268e+01  1.77614564e+00  1.35878777e+01  9.62550436e+00
 5.05904762e+00 -1.12519685e+01  1.90996925e+00  1.35875472e+01  9.62139752e+00
 5.05904762e+00 -1.11181102e+01  2.04379224e+00  1.35872148e+01  9.61725060e+00
 5.05904762e+00 -1.09842520e+01  2.17761458e+00  1.35868806e+01  9.61305607e+00
 5.05904762e+00 -1.08503937e+01  2.31143627e+00  1.35865445e+01  9.60880613e+00
 5.05904762e+00 -1.07165354e+01  2.44525726e+00  1.35862066e+01  9.60454938e+00
 5.05904762e+00 -1.05826772e+01  2.57907756e+00  1.35858668e+01  9.60028206e+00
 5.05904762e+00 -1.04488189e+01  2.71289715e+00  1.35855251e+01  9.59591127e+00
 5.05904762e+00 -1.03149606e+01  2.84671594e+00  1.35851816e+01  9.59150966e+00
 5.05904762e+00 -1.01811024e+01  2.98053399e+00  1.35848362e+01  9.58710907e+00
 5.05904762e+00 -1.00472441e+01  3.11435143e+00  1.35844887e+01  9.58260566e+00
 5.05904762e+00 -9.91338583e+00  3.24816740e+00  1.35841398e+01  9.57806305e+00
 5.05904762e+00 -9.77952756e+00  3.38198298e+00  1.35837887e+01  9.57351879e+00
 5.05904762e+00 -9.64566929e+00  3.51580023e+00  1.35834339e+01  9.56888869e+00
 5.05904762e+00 -9.51181102e+00  3.64960747e+00  1.35830834e+01  9.56418163e+00
 5.05904762e+00 -9.37795276e+00  3.78342091e+00  1.35827261e+01  9.55944015e+00
 5.05904762e+00 -9.24409449e+00  3.91728566e+00  1.35823281e+01  9.55469296e+00
 5.05904762e+00 -9.11023622e+00  4.05114682e+00  1.35819057e+01  9.54992892e+00
 5.05904762e+00 -8.97637795e+00  4.18494876e+00  1.35814953e+01  9.54510366e+00
 5.05904762e+00 -8.84251969e+00  4.31869791e+00  1.35811196e+01  9.54017160e+00
 5.05904762e+00 -8.70866142e+00  4.45246802e+00  1.35807235e+01  9.53522146e+00
 5.05904762e+00 -8.57480315e+00  4.58627159e+00  1.35803019e+01  9.53026971e+00
 5.05904762e+00 -8.44094488e+00  4.72002993e+00  1.35799276e+01  9.52520544e+00
 5.05904762e+00 -8.30708661e+00  4.85376797e+00  1.35795430e+01  9.52008395e+00
 5.05904762e+00 -8.17322835e+00  4.98751566e+00  1.35791116e+01  9.51492758e+00
 5.05904762e+00 -8.03937008e+00  5.12126166e+00  1.35786795e+01  9.50966218e+00
 5.05904762e+00 -7.90551181e+00  5.25499890e+00  1.35782617e+01  9.50433404e+00
 5.05904762e+00 -7.77165354e+00  5.38873081e+00  1.35778275e+01  9.49897866e+00
 5.05904762e+00 -7.63779528e+00  5.52246838e+00  1.35773305e+01  9.49356676e+00
 5.05904762e+00 -7.50393701e+00  5.65620854e+00  1.35768566e+01  9.48807941e+00
 5.05904762e+00 -7.37007874e+00  5.78993267e+00  1.35764265e+01  9.48250219e+00
 5.05904762e+00 -7.23622047e+00  5.92361767e+00  1.35759439e+01  9.47683013e+00
 5.05904762e+00 -7.10236220e+00  6.05728372e+00  1.35754003e+01  9.47110476e+00
 5.05904762e+00 -6.96850394e+00  6.19094865e+00  1.35748438e+01  9.46532535e+00
 5.05904762e+00 -6.83464567e+00  6.32461109e+00  1.35743319e+01  9.45944411e+00
 5.05904762e+00 -6.70078740e+00  6.45827027e+00  1.35738098e+01  9.45351340e+00
 5.05904762e+00 -6.56692913e+00  6.59191686e+00  1.35732374e+01  9.44752164e+00
 5.05904762e+00 -6.43307087e+00  6.72552703e+00  1.35726252e+01  9.44138195e+00
 5.05904762e+00 -6.29921260e+00  6.85906182e+00  1.35719486e+01  9.43517803e+00
 5.05904762e+00 -6.16535433e+00  6.99258190e+00  1.35712672e+01  9.42891707e+00
 5.05904762e+00 -6.03149606e+00  7.12621007e+00  1.35706983e+01  9.42249918e+00
 5.05904762e+00 -5.89763780e+00  7.25979791e+00  1.35701067e+01  9.41601963e+00
 5.05904762e+00 -5.76377953e+00  7.39326724e+00  1.35693998e+01  9.40949379e+00
 5.05904762e+00 -5.62992126e+00  7.52669460e+00  1.35686161e+01  9.40281155e+00
 5.05904762e+00 -5.49606299e+00  7.66006790e+00  1.35677694e+01  9.39602586e+00
 5.05904762e+00 -5.36220472e+00  7.79340259e+00  1.35668416e+01  9.38915164e+00
 5.05904762e+00 -5.22834646e+00  7.92673419e+00  1.35657955e+01  9.38212704e+00
 5.05904762e+00 -5.09448819e+00  8.05990593e+00  1.35646269e+01  9.37499633e+00
 5.05904762e+00 -4.96062992e+00  8.19296515e+00  1.35633823e+01  9.36777204e+00
 5.05904762e+00 -4.82677165e+00  8.32613854e+00  1.35620986e+01  9.36040009e+00
 5.05904762e+00 -4.69291339e+00  8.45911535e+00  1.35605568e+01  9.35286028e+00
 5.05904762e+00 -4.55905512e+00  8.59163509e+00  1.35585162e+01  9.34515831e+00
 5.05904762e+00 -4.42519685e+00  8.72375621e+00  1.35559060e+01  9.33731477e+00
 5.05904762e+00 -4.29133858e+00  8.85588948e+00  1.35531533e+01  9.32934565e+00
 5.05904762e+00 -4.15748031e+00  8.98812939e+00  1.35503594e+01  9.32122686e+00
 5.05904762e+00 -4.02362205e+00  9.12011850e+00  1.35471100e+01  9.31290051e+00
 5.05904762e+00 -3.88976378e+00  9.25181095e+00  1.35433309e+01  9.30436630e+00
 5.05904762e+00 -3.75590551e+00  9.38323281e+00  1.35390576e+01  9.29562922e+00
 5.05904762e+00 -3.62204724e+00  9.51436420e+00  1.35343006e+01  9.28667981e+00
 5.05904762e+00 -3.48818898e+00  9.64522045e+00  1.35290133e+01  9.27752913e+00
 5.05904762e+00 -3.35433071e+00  9.77581867e+00  1.35231450e+01  9.26817689e+00
 5.05904762e+00 -3.22047244e+00  9.90615595e+00  1.35166789e+01  9.25859992e+00
 5.05904762e+00 -3.08661417e+00  1.00362170e+01  1.35096710e+01  9.24881353e+00
 5.05904762e+00 -2.95275591e+00  1.01660233e+01  1.35022384e+01  9.23884197e+00
 5.05904762e+00 -2.81889764e+00  1.02956574e+01  1.34945384e+01  9.22869309e+00
 5.05904762e+00 -2.68503937e+00  1.04250904e+01  1.34865851e+01  9.21836074e+00
 5.05904762e+00 -2.55118110e+00  1.05542801e+01  1.34783357e+01  9.20783709e+00
 5.05904762e+00 -2.41732283e+00  1.06832829e+01  1.34697965e+01  9.19712644e+00
 5.05904762e+00 -2.28346457e+00  1.08120037e+01  1.34609117e+01  9.18625569e+00
 5.05904762e+00 -2.14960630e+00  1.09403197e+01  1.34515786e+01  9.17522792e+00
 5.05904762e+00 -2.01574803e+00  1.10683455e+01  1.34416865e+01  9.16393431e+00
 5.05904762e+00 -1.88188976e+00  1.11959207e+01  1.34310448e+01  9.15235060e+00
 5.05904762e+00 -1.74803150e+00  1.13227741e+01  1.34194255e+01  9.14052876e+00
 5.05904762e+00 -1.61417323e+00  1.14493911e+01  1.34067168e+01  9.12842498e+00
 5.05904762e+00 -1.48031496e+00  1.15762561e+01  1.33930198e+01  9.11602952e+00
 5.05904762e+00 -1.34645669e+00  1.17034785e+01  1.33786558e+01  9.10340521e+00
 5.05904762e+00 -1.21259843e+00  1.18303278e+01  1.33636965e+01  9.09053965e+00
 5.05904762e+00 -1.07874016e+00  1.19562634e+01  1.33483860e+01  9.07743831e+00
 5.05904762e+00 -9.44881890e-01  1.20820097e+01  1.33334811e+01  9.06418550e+00
 5.05904762e+00 -8.11023622e-01  1.22101939e+01  1.33195668e+01  9.05079439e+00
 5.05904762e+00 -6.77165354e-01  1.23433457e+01  1.33064668e+01  9.03712010e+00
 5.05904762e+00 -5.43307087e-01  1.24782499e+01  1.32917383e+01  9.02273120e+00
 5.05904762e+00 -4.09448819e-01  1.26130098e+01  1.32749874e+01  9.00747387e+00
 5.05904762e+00 -2.75590551e-01  1.27488935e+01  1.32580998e+01  8.99152049e+00
 5.05904762e+00 -1.41732283e-01  1.28896258e+01  1.32436873e+01  8.97523747e+00
 5.05904762e+00 -7.87401575e-03  1.30385314e+01  1.32347743e+01  8.95874034e+00
 5.05904762e+00  1.25984252e-01  1.31971124e+01  1.32344986e+01  8.94186941e+00
 5.05904762e+00  2.59842520e-01  1.33642329e+01  1.32454275e+01  8.92447432e+00
 5.05904762e+00  3.93700787e-01  1.35402850e+01  1.32709557e+01  8.90688519e+00
 5.05904762e+00  5.27559055e-01  1.37258598e+01  1.33107171e+01  8.88900114e+00
 5.05904762e+00  6.61417323e-01  1.39201758e+01  1.33571237e+01  8.86996837e+00
 5.05904762e+00  7.95275591e-01  1.41221802e+01  1.34081578e+01  8.85011424e+00
 5.05904762e+00  9.29133858e-01  1.43306020e+01  1.34708327e+01  8.83147977e+00
 5.05904762e+00  1.06299213e+00  1.45444271e+01  1.35454923e+01  8.81430797e+00
 5.05904762e+00  1.19685039e+00  1.47630151e+01  1.36278625e+01  8.79698549e+00
 5.05904762e+00  1.33070866e+00  1.49851833e+01  1.37167721e+01  8.77914846e+00
 5.05904762e+00  1.46456693e+00  1.52097610e+01  1.38112042e+01  8.76099227e+00
 5.05904762e+00  1.59842520e+00  1.54362972e+01  1.39092781e+01  8.74232357e+00
 5.05904762e+00  1.73228346e+00  1.56643439e+01  1.40095802e+01  8.72304037e+00
 5.05904762e+00  1.86614173e+00  1.59059414e+01  1.41142824e+01  8.70218775e+00
 5.05904762e+00  2.00000000e+00  1.61548043e+01  1.42199271e+01  8.68004143e+00
 5.13746032e+00 -1.50000000e+01 -1.77362986e+00  1.36464841e+01  9.72729853e+00
 5.13746032e+00 -1.48661417e+01 -1.63970971e+00  1.36462218e+01  9.72405421e+00
 5.13746032e+00 -1.47322835e+01 -1.50576806e+00  1.36459547e+01  9.72075827e+00
 5.13746032e+00 -1.45984252e+01 -1.37179331e+00  1.36456859e+01  9.71745323e+00
 5.13746032e+00 -1.44645669e+01 -1.23777756e+00  1.36454130e+01  9.71415184e+00
 5.13746032e+00 -1.43307087e+01 -1.10370490e+00  1.36451365e+01  9.71078803e+00
 5.13746032e+00 -1.41968504e+01 -9.69554477e-01  1.36448569e+01  9.70739613e+00
 5.13746032e+00 -1.40629921e+01 -8.35298345e-01  1.36445740e+01  9.70401780e+00
 5.13746032e+00 -1.39291339e+01 -7.00897999e-01  1.36442879e+01  9.70058484e+00
 5.13746032e+00 -1.37952756e+01 -5.66300841e-01  1.36439987e+01  9.69708691e+00
 5.13746032e+00 -1.36614173e+01 -4.31435040e-01  1.36437063e+01  9.69355353e+00
 5.13746032e+00 -1.35275591e+01 -2.96201120e-01  1.36434107e+01  9.69000980e+00
 5.13746032e+00 -1.33937008e+01 -1.60468086e-01  1.36431116e+01  9.68642392e+00
 5.13746032e+00 -1.32598425e+01 -2.40264737e-02  1.36428089e+01  9.68277494e+00
 5.13746032e+00 -1.31259843e+01  1.13070289e-01  1.36425026e+01  9.67910968e+00
 5.13746032e+00 -1.29921260e+01  2.49039888e-01  1.36421969e+01  9.67544631e+00
 5.13746032e+00 -1.28582677e+01  3.83196712e-01  1.36418933e+01  9.67177821e+00
 5.13746032e+00 -1.27244094e+01  5.17019778e-01  1.36415886e+01  9.66808513e+00
 5.13746032e+00 -1.25905512e+01  6.50848373e-01  1.36412816e+01  9.66433813e+00
 5.13746032e+00 -1.24566929e+01  7.84680661e-01  1.36409726e+01  9.66054789e+00
 5.13746032e+00 -1.23228346e+01  9.18511189e-01  1.36406616e+01  9.65676911e+00
 5.13746032e+00 -1.21889764e+01  1.05234135e+00  1.36403484e+01  9.65295438e+00
 5.13746032e+00 -1.20551181e+01  1.18617102e+00  1.36400331e+01  9.64909503e+00
 5.13746032e+00 -1.19212598e+01  1.32000017e+00  1.36397156e+01  9.64525452e+00
 5.13746032e+00 -1.17874016e+01  1.45382879e+00  1.36393960e+01  9.64134406e+00
 5.13746032e+00 -1.16535433e+01  1.58765687e+00  1.36390741e+01  9.63734205e+00
 5.13746032e+00 -1.15196850e+01  1.72148439e+00  1.36387502e+01  9.63335563e+00
 5.13746032e+00 -1.13858268e+01  1.85531134e+00  1.36384239e+01  9.62934817e+00
 5.13746032e+00 -1.12519685e+01  1.98913769e+00  1.36380955e+01  9.62528023e+00
 5.13746032e+00 -1.11181102e+01  2.12296343e+00  1.36377648e+01  9.62116930e+00
 5.13746032e+00 -1.09842520e+01  2.25678854e+00  1.36374319e+01  9.61701772e+00
 5.13746032e+00 -1.08503937e+01  2.39061301e+00  1.36370967e+01  9.61281691e+00
 5.13746032e+00 -1.07165354e+01  2.52443680e+00  1.36367592e+01  9.60856379e+00
 5.13746032e+00 -1.05826772e+01  2.65825990e+00  1.36364193e+01  9.60430892e+00
 5.13746032e+00 -1.04488189e+01  2.79208229e+00  1.36360771e+01  9.60003340e+00
 5.13746032e+00 -1.03149606e+01  2.92590397e+00  1.36357326e+01  9.59565300e+00
 5.13746032e+00 -1.01811024e+01  3.05972475e+00  1.36353857e+01  9.59125376e+00
 5.13746032e+00 -1.00472441e+01  3.19354490e+00  1.36350365e+01  9.58684577e+00
 5.13746032e+00 -9.91338583e+00  3.32736467e+00  1.36346848e+01  9.58233130e+00
 5.13746032e+00 -9.77952756e+00  3.46118157e+00  1.36343307e+01  9.57779188e+00
 5.13746032e+00 -9.64566929e+00  3.59499994e+00  1.36339741e+01  9.57324058e+00
 5.13746032e+00 -9.51181102e+00  3.72882330e+00  1.36336150e+01  9.56858960e+00
 5.13746032e+00 -9.37795276e+00  3.86261471e+00  1.36332538e+01  9.56390951e+00
 5.13746032e+00 -9.24409449e+00  3.99636474e+00  1.36328888e+01  9.55922823e+00
 5.13746032e+00 -9.11023622e+00  4.13011053e+00  1.36325192e+01  9.55449302e+00
 5.13746032e+00 -8.97637795e+00  4.26390477e+00  1.36321569e+01  9.54971816e+00
 5.13746032e+00 -8.84251969e+00  4.39771719e+00  1.36317798e+01  9.54488274e+00
 5.13746032e+00 -8.70866142e+00  4.53146781e+00  1.36313531e+01  9.53994268e+00
 5.13746032e+00 -8.57480315e+00  4.66524851e+00  1.36309514e+01  9.53499416e+00
 5.13746032e+00 -8.44094488e+00  4.79905746e+00  1.36305762e+01  9.53003346e+00
 5.13746032e+00 -8.30708661e+00  4.93279734e+00  1.36301506e+01  9.52495739e+00
 5.13746032e+00 -8.17322835e+00  5.06656620e+00  1.36297085e+01  9.51983136e+00
 5.13746032e+00 -8.03937008e+00  5.20037483e+00  1.36292738e+01  9.51466236e+00
 5.13746032e+00 -7.90551181e+00  5.33412789e+00  1.36288335e+01  9.50938459e+00
 5.13746032e+00 -7.77165354e+00  5.46786198e+00  1.36283889e+01  9.50405151e+00
 5.13746032e+00 -7.63779528e+00  5.60160811e+00  1.36279226e+01  9.49869064e+00
 5.13746032e+00 -7.50393701e+00  5.73535047e+00  1.36274191e+01  9.49327258e+00
 5.13746032e+00 -7.37007874e+00  5.86904692e+00  1.36269489e+01  9.48776446e+00
 5.13746032e+00 -7.23622047e+00  6.00272664e+00  1.36264957e+01  9.48218507e+00
 5.13746032e+00 -7.10236220e+00  6.13645458e+00  1.36259770e+01  9.47656953e+00
 5.13746032e+00 -6.96850394e+00  6.27015608e+00  1.36254491e+01  9.47083265e+00
 5.13746032e+00 -6.83464567e+00  6.40381133e+00  1.36249228e+01  9.46497324e+00
 5.13746032e+00 -6.70078740e+00  6.53747167e+00  1.36243563e+01  9.45907584e+00
 5.13746032e+00 -6.56692913e+00  6.67114381e+00  1.36237849e+01  9.45314979e+00
 5.13746032e+00 -6.43307087e+00  6.80479177e+00  1.36231881e+01  9.44713836e+00
 5.13746032e+00 -6.29921260e+00  6.93838421e+00  1.36225247e+01  9.44098196e+00
 5.13746032e+00 -6.16535433e+00  7.07200474e+00  1.36219177e+01  9.43477219e+00
 5.13746032e+00 -6.03149606e+00  7.20564897e+00  1.36213734e+01  9.42849565e+00
 5.13746032e+00 -5.89763780e+00  7.33923253e+00  1.36207782e+01  9.42206448e+00
 5.13746032e+00 -5.76377953e+00  7.47275416e+00  1.36200892e+01  9.41557946e+00
 5.13746032e+00 -5.62992126e+00  7.60624774e+00  1.36193244e+01  9.40903544e+00
 5.13746032e+00 -5.49606299e+00  7.73974406e+00  1.36185279e+01  9.40233905e+00
 5.13746032e+00 -5.36220472e+00  7.87321284e+00  1.36176948e+01  9.39554549e+00
 5.13746032e+00 -5.22834646e+00  8.00659681e+00  1.36167767e+01  9.38865540e+00
 5.13746032e+00 -5.09448819e+00  8.13987123e+00  1.36157437e+01  9.38161986e+00
 5.13746032e+00 -4.96062992e+00  8.27315621e+00  1.36147213e+01  9.37448254e+00
 5.13746032e+00 -4.82677165e+00  8.40645543e+00  1.36136970e+01  9.36725196e+00
 5.13746032e+00 -4.69291339e+00  8.53961219e+00  1.36124711e+01  9.35988774e+00
 5.13746032e+00 -4.55905512e+00  8.67238887e+00  1.36107484e+01  9.35235302e+00
 5.13746032e+00 -4.42519685e+00  8.80491906e+00  1.36086884e+01  9.34467413e+00
 5.13746032e+00 -4.29133858e+00  8.93755198e+00  1.36067231e+01  9.33690346e+00
 5.13746032e+00 -4.15748031e+00  9.07019370e+00  1.36047672e+01  9.32899717e+00
 5.13746032e+00 -4.02362205e+00  9.20267965e+00  1.36025728e+01  9.32091791e+00
 5.13746032e+00 -3.88976378e+00  9.33491857e+00  1.35999360e+01  9.31265696e+00
 5.13746032e+00 -3.75590551e+00  9.46697829e+00  1.35969605e+01  9.30421341e+00
 5.13746032e+00 -3.62204724e+00  9.59885544e+00  1.35936651e+01  9.29556819e+00
 5.13746032e+00 -3.48818898e+00  9.73045933e+00  1.35899321e+01  9.28670699e+00
 5.13746032e+00 -3.35433071e+00  9.86177334e+00  1.35857137e+01  9.27770508e+00
 5.13746032e+00 -3.22047244e+00  9.99281007e+00  1.35809407e+01  9.26852583e+00
 5.13746032e+00 -3.08661417e+00  1.01235818e+01  1.35755271e+01  9.25903774e+00
 5.13746032e+00 -2.95275591e+00  1.02540578e+01  1.35695233e+01  9.24933621e+00
 5.13746032e+00 -2.81889764e+00  1.03842361e+01  1.35629774e+01  9.23946122e+00
 5.13746032e+00 -2.68503937e+00  1.05141546e+01  1.35558907e+01  9.22932198e+00
 5.13746032e+00 -2.55118110e+00  1.06437968e+01  1.35483187e+01  9.21895887e+00
 5.13746032e+00 -2.41732283e+00  1.07731787e+01  1.35403042e+01  9.20841636e+00
 5.13746032e+00 -2.28346457e+00  1.09023682e+01  1.35318422e+01  9.19766923e+00
 5.13746032e+00 -2.14960630e+00  1.10312318e+01  1.35229357e+01  9.18669801e+00
 5.13746032e+00 -2.01574803e+00  1.11596739e+01  1.35135564e+01  9.17550308e+00
 5.13746032e+00 -1.88188976e+00  1.12878315e+01  1.35035907e+01  9.16410540e+00
 5.13746032e+00 -1.74803150e+00  1.14156160e+01  1.34928613e+01  9.15247223e+00
 5.13746032e+00 -1.61417323e+00  1.15429377e+01  1.34812846e+01  9.14055173e+00
 5.13746032e+00 -1.48031496e+00  1.16701110e+01  1.34690333e+01  9.12833233e+00
 5.13746032e+00 -1.34645669e+00  1.17976436e+01  1.34558024e+01  9.11585246e+00
 5.13746032e+00 -1.21259843e+00  1.19256082e+01  1.34411736e+01  9.10313956e+00
 5.13746032e+00 -1.07874016e+00  1.20516793e+01  1.34259196e+01  9.09004915e+00
 5.13746032e+00 -9.44881890e-01  1.21765664e+01  1.34110155e+01  9.07664303e+00
 5.13746032e+00 -8.11023622e-01  1.23049178e+01  1.33973865e+01  9.06319828e+00
 5.13746032e+00 -6.77165354e-01  1.24376181e+01  1.33849789e+01  9.04963158e+00
 5.13746032e+00 -5.43307087e-01  1.25729522e+01  1.33727883e+01  9.03563276e+00
 5.13746032e+00 -4.09448819e-01  1.27083546e+01  1.33592653e+01  9.02086618e+00
 5.13746032e+00 -2.75590551e-01  1.28435689e+01  1.33444086e+01  9.00528448e+00
 5.13746032e+00 -1.41732283e-01  1.29809193e+01  1.33300791e+01  8.98909176e+00
 5.13746032e+00 -7.87401575e-03  1.31250262e+01  1.33201483e+01  8.97263884e+00
 5.13746032e+00  1.25984252e-01  1.32774063e+01  1.33173759e+01  8.95583086e+00
 5.13746032e+00  2.59842520e-01  1.34379949e+01  1.33243304e+01  8.93863603e+00
 5.13746032e+00  3.93700787e-01  1.36066377e+01  1.33436181e+01  8.92120690e+00
 5.13746032e+00  5.27559055e-01  1.37833336e+01  1.33754124e+01  8.90334659e+00
 5.13746032e+00  6.61417323e-01  1.39687934e+01  1.34141449e+01  8.88461243e+00
 5.13746032e+00  7.95275591e-01  1.41627073e+01  1.34588314e+01  8.86536254e+00
 5.13746032e+00  9.29133858e-01  1.43639898e+01  1.35142152e+01  8.84698260e+00
 5.13746032e+00  1.06299213e+00  1.45714157e+01  1.35807546e+01  8.82971227e+00
 5.13746032e+00  1.19685039e+00  1.47846445e+01  1.36563591e+01  8.81258706e+00
 5.13746032e+00  1.33070866e+00  1.50025101e+01  1.37400026e+01  8.79532807e+00
 5.13746032e+00  1.46456693e+00  1.52237046e+01  1.38299596e+01  8.77763501e+00
 5.13746032e+00  1.59842520e+00  1.54473559e+01  1.39241012e+01  8.75960557e+00
 5.13746032e+00  1.73228346e+00  1.56732736e+01  1.40213807e+01  8.74099248e+00
 5.13746032e+00  1.86614173e+00  1.59130625e+01  1.41233565e+01  8.72087752e+00
 5.13746032e+00  2.00000000e+00  1.61604743e+01  1.42271022e+01  8.69959310e+00
 5.21587302e+00 -1.50000000e+01 -1.69538407e+00  1.36995472e+01  9.73030086e+00
 5.21587302e+00 -1.48661417e+01 -1.56146616e+00  1.36993108e+01  9.72713505e+00
 5.21587302e+00 -1.47322835e+01 -1.42752254e+00  1.36990698e+01  9.72394987e+00
 5.21587302e+00 -1.45984252e+01 -1.29354822e+00  1.36988242e+01  9.72061861e+00
 5.21587302e+00 -1.44645669e+01 -1.15953262e+00  1.36985743e+01  9.71725996e+00
 5.21587302e+00 -1.43307087e+01 -1.02545982e+00  1.36983202e+01  9.71395978e+00
 5.21587302e+00 -1.41968504e+01 -8.91309427e-01  1.36980619e+01  9.71058068e+00
 5.21587302e+00 -1.40629921e+01 -7.57053304e-01  1.36977997e+01  9.70721626e+00
 5.21587302e+00 -1.39291339e+01 -6.22652945e-01  1.36975336e+01  9.70389712e+00
 5.21587302e+00 -1.37952756e+01 -4.88055812e-01  1.36972636e+01  9.70041597e+00
 5.21587302e+00 -1.36614173e+01 -3.53189925e-01  1.36969898e+01  9.69685337e+00
 5.21587302e+00 -1.35275591e+01 -2.17956541e-01  1.36967121e+01  9.69331733e+00
 5.21587302e+00 -1.33937008e+01 -8.22219503e-02  1.36964304e+01  9.68976472e+00
 5.21587302e+00 -1.32598425e+01  5.42216104e-02  1.36961443e+01  9.68615206e+00
 5.21587302e+00 -1.31259843e+01  1.91397151e-01  1.36958539e+01  9.68248353e+00
 5.21587302e+00 -1.29921260e+01  3.27594132e-01  1.36955631e+01  9.67884339e+00
 5.21587302e+00 -1.28582677e+01  4.61906116e-01  1.36952740e+01  9.67521951e+00
 5.21587302e+00 -1.27244094e+01  5.95695394e-01  1.36949834e+01  9.67155776e+00
 5.21587302e+00 -1.25905512e+01  7.29531675e-01  1.36946902e+01  9.66786046e+00
 5.21587302e+00 -1.24566929e+01  8.63366810e-01  1.36943951e+01  9.66410777e+00
 5.21587302e+00 -1.23228346e+01  9.97200093e-01  1.36940974e+01  9.66031817e+00
 5.21587302e+00 -1.21889764e+01  1.13103320e+00  1.36937972e+01  9.65653987e+00
 5.21587302e+00 -1.20551181e+01  1.26486581e+00  1.36934948e+01  9.65271967e+00
 5.21587302e+00 -1.19212598e+01  1.39869793e+00  1.36931899e+01  9.64886168e+00
 5.21587302e+00 -1.17874016e+01  1.53252954e+00  1.36928826e+01  9.64502025e+00
 5.21587302e+00 -1.16535433e+01  1.66636063e+00  1.36925727e+01  9.64109763e+00
 5.21587302e+00 -1.15196850e+01  1.80019119e+00  1.36922604e+01  9.63709386e+00
 5.21587302e+00 -1.13858268e+01  1.93402119e+00  1.36919455e+01  9.63311012e+00
 5.21587302e+00 -1.12519685e+01  2.06785062e+00  1.36916280e+01  9.62909738e+00
 5.21587302e+00 -1.11181102e+01  2.20167947e+00  1.36913080e+01  9.62502423e+00
 5.21587302e+00 -1.09842520e+01  2.33550772e+00  1.36909853e+01  9.62090978e+00
 5.21587302e+00 -1.08503937e+01  2.46933533e+00  1.36906600e+01  9.61675378e+00
 5.21587302e+00 -1.07165354e+01  2.60316231e+00  1.36903320e+01  9.61254731e+00
 5.21587302e+00 -1.05826772e+01  2.73698864e+00  1.36900013e+01  9.60829237e+00
 5.21587302e+00 -1.04488189e+01  2.87081422e+00  1.36896679e+01  9.60403917e+00
 5.21587302e+00 -1.03149606e+01  3.00463916e+00  1.36893318e+01  9.59975489e+00
 5.21587302e+00 -1.01811024e+01  3.13846348e+00  1.36889928e+01  9.59536727e+00
 5.21587302e+00 -1.00472441e+01  3.27228632e+00  1.36886511e+01  9.59096995e+00
 5.21587302e+00 -9.91338583e+00  3.40610947e+00  1.36883064e+01  9.58655434e+00
 5.21587302e+00 -9.77952756e+00  3.53993325e+00  1.36879589e+01  9.58203393e+00
 5.21587302e+00 -9.64566929e+00  3.67374622e+00  1.36876086e+01  9.57748716e+00
 5.21587302e+00 -9.51181102e+00  3.80757410e+00  1.36872552e+01  9.57293729e+00
 5.21587302e+00 -9.37795276e+00  3.94144804e+00  1.36868978e+01  9.56834045e+00
 5.21587302e+00 -9.24409449e+00  4.07530244e+00  1.36865352e+01  9.56369808e+00
 5.21587302e+00 -9.11023622e+00  4.20909906e+00  1.36861764e+01  9.55900884e+00
 5.21587302e+00 -8.97637795e+00  4.34285607e+00  1.36858210e+01  9.55426762e+00
 5.21587302e+00 -8.84251969e+00  4.47663880e+00  1.36854160e+01  9.54948988e+00
 5.21587302e+00 -8.70866142e+00  4.61046273e+00  1.36849939e+01  9.54464200e+00
 5.21587302e+00 -8.57480315e+00  4.74428720e+00  1.36846212e+01  9.53969265e+00
 5.21587302e+00 -8.44094488e+00  4.87805585e+00  1.36842240e+01  9.53474761e+00
 5.21587302e+00 -8.30708661e+00  5.01180908e+00  1.36837809e+01  9.52977893e+00
 5.21587302e+00 -8.17322835e+00  5.14561601e+00  1.36833371e+01  9.52468940e+00
 5.21587302e+00 -8.03937008e+00  5.27939411e+00  1.36829359e+01  9.51956035e+00
 5.21587302e+00 -7.90551181e+00  5.41313290e+00  1.36825435e+01  9.51438318e+00
 5.21587302e+00 -7.77165354e+00  5.54688119e+00  1.36821002e+01  9.50909477e+00
 5.21587302e+00 -7.63779528e+00  5.68062787e+00  1.36816439e+01  9.50375773e+00
 5.21587302e+00 -7.50393701e+00  5.81436976e+00  1.36811692e+01  9.49839167e+00
 5.21587302e+00 -7.37007874e+00  5.94811247e+00  1.36806577e+01  9.49296421e+00
 5.21587302e+00 -7.23622047e+00  6.08184546e+00  1.36801834e+01  9.48744486e+00
 5.21587302e+00 -7.10236220e+00  6.21557959e+00  1.36797149e+01  9.48185913e+00
 5.21587302e+00 -6.96850394e+00  6.34932070e+00  1.36791819e+01  9.47623152e+00
 5.21587302e+00 -6.83464567e+00  6.48301440e+00  1.36786556e+01  9.47047497e+00
 5.21587302e+00 -6.70078740e+00  6.61667164e+00  1.36781232e+01  9.46460695e+00
 5.21587302e+00 -6.56692913e+00  6.75033801e+00  1.36775307e+01  9.45870664e+00
 5.21587302e+00 -6.43307087e+00  6.88400251e+00  1.36769279e+01  9.45277076e+00
 5.21587302e+00 -6.29921260e+00  7.01766015e+00  1.36763264e+01  9.44673995e+00
 5.21587302e+00 -6.16535433e+00  7.15131617e+00  1.36757183e+01  9.44057196e+00
 5.21587302e+00 -6.03149606e+00  7.28497054e+00  1.36751451e+01  9.43434280e+00
 5.21587302e+00 -5.89763780e+00  7.41859654e+00  1.36745577e+01  9.42806755e+00
 5.21587302e+00 -5.76377953e+00  7.55217455e+00  1.36738773e+01  9.42170005e+00
 5.21587302e+00 -5.62992126e+00  7.68574682e+00  1.36731332e+01  9.41518506e+00
 5.21587302e+00 -5.49606299e+00  7.81930475e+00  1.36723782e+01  9.40854794e+00
 5.21587302e+00 -5.36220472e+00  7.95281159e+00  1.36716266e+01  9.40184273e+00
 5.21587302e+00 -5.22834646e+00  8.08626646e+00  1.36707895e+01  9.39504970e+00
 5.21587302e+00 -5.09448819e+00  8.21966210e+00  1.36698531e+01  9.38813489e+00
 5.21587302e+00 -4.96062992e+00  8.35300906e+00  1.36688810e+01  9.38108513e+00
 5.21587302e+00 -4.82677165e+00  8.48637083e+00  1.36679515e+01  9.37394091e+00
 5.21587302e+00 -4.69291339e+00  8.61963586e+00  1.36668504e+01  9.36670139e+00
 5.21587302e+00 -4.55905512e+00  8.75265113e+00  1.36653352e+01  9.35932773e+00
 5.21587302e+00 -4.42519685e+00  8.88548307e+00  1.36636061e+01  9.35177608e+00
 5.21587302e+00 -4.29133858e+00  9.01829200e+00  1.36618985e+01  9.34408114e+00
 5.21587302e+00 -4.15748031e+00  9.15117290e+00  1.36602815e+01  9.33629768e+00
 5.21587302e+00 -4.02362205e+00  9.28395073e+00  1.36584660e+01  9.32838962e+00
 5.21587302e+00 -3.88976378e+00  9.41658276e+00  1.36563982e+01  9.32031124e+00
 5.21587302e+00 -3.75590551e+00  9.54909856e+00  1.36541568e+01  9.31204841e+00
 5.21587302e+00 -3.62204724e+00  9.68139205e+00  1.36516214e+01  9.30365699e+00
 5.21587302e+00 -3.48818898e+00  9.81347368e+00  1.36487664e+01  9.29509378e+00
 5.21587302e+00 -3.35433071e+00  9.94540636e+00  1.36456068e+01  9.28628736e+00
 5.21587302e+00 -3.22047244e+00  1.00771081e+01  1.36420043e+01  9.27731938e+00
 5.21587302e+00 -3.08661417e+00  1.02085372e+01  1.36379273e+01  9.26818929e+00
 5.21587302e+00 -2.95275591e+00  1.03396995e+01  1.36334033e+01  9.25882635e+00
 5.21587302e+00 -2.81889764e+00  1.04705815e+01  1.36283044e+01  9.24922109e+00
 5.21587302e+00 -2.68503937e+00  1.06011829e+01  1.36225858e+01  9.23938644e+00
 5.21587302e+00 -2.55118110e+00  1.07315162e+01  1.36163021e+01  9.22933074e+00
 5.21587302e+00 -2.41732283e+00  1.08615821e+01  1.36094841e+01  9.21901665e+00
 5.21587302e+00 -2.28346457e+00  1.09913501e+01  1.36021069e+01  9.20845967e+00
 5.21587302e+00 -2.14960630e+00  1.11207569e+01  1.35941161e+01  9.19772117e+00
 5.21587302e+00 -2.01574803e+00  1.12497365e+01  1.35855589e+01  9.18675530e+00
 5.21587302e+00 -1.88188976e+00  1.13784548e+01  1.35764707e+01  9.17552260e+00
 5.21587302e+00 -1.74803150e+00  1.15072237e+01  1.35667910e+01  9.16403357e+00
 5.21587302e+00 -1.61417323e+00  1.16352702e+01  1.35562218e+01  9.15229458e+00
 5.21587302e+00 -1.48031496e+00  1.17625200e+01  1.35447678e+01  9.14029916e+00
 5.21587302e+00 -1.34645669e+00  1.18907111e+01  1.35329528e+01  9.12800704e+00
 5.21587302e+00 -1.21259843e+00  1.20193624e+01  1.35200269e+01  9.11539466e+00
 5.21587302e+00 -1.07874016e+00  1.21468039e+01  1.35054821e+01  9.10244971e+00
 5.21587302e+00 -9.44881890e-01  1.22723873e+01  1.34909463e+01  9.08913046e+00
 5.21587302e+00 -8.11023622e-01  1.23987577e+01  1.34770837e+01  9.07556263e+00
 5.21587302e+00 -6.77165354e-01  1.25300558e+01  1.34639438e+01  9.06193889e+00
 5.21587302e+00 -5.43307087e-01  1.26652208e+01  1.34522083e+01  9.04812951e+00
 5.21587302e+00 -4.09448819e-01  1.28014051e+01  1.34410478e+01  9.03380027e+00
 5.21587302e+00 -2.75590551e-01  1.29367164e+01  1.34286280e+01  9.01864017e+00
 5.21587302e+00 -1.41732283e-01  1.30729190e+01  1.34160505e+01  9.00276541e+00
 5.21587302e+00 -7.87401575e-03  1.32129699e+01  1.34058997e+01  8.98642189e+00
 5.21587302e+00  1.25984252e-01  1.33598793e+01  1.34015358e+01  8.96980991e+00
 5.21587302e+00  2.59842520e-01  1.35146700e+01  1.34054767e+01  8.95282533e+00
 5.21587302e+00  3.93700787e-01  1.36766222e+01  1.34199674e+01  8.93556563e+00
 5.21587302e+00  5.27559055e-01  1.38454106e+01  1.34447073e+01  8.91790640e+00
 5.21587302e+00  6.61417323e-01  1.40223918e+01  1.34768181e+01  8.89951227e+00
 5.21587302e+00  7.95275591e-01  1.42083159e+01  1.35150877e+01  8.88074405e+00
 5.21587302e+00  9.29133858e-01  1.44018795e+01  1.35625754e+01  8.86241728e+00
 5.21587302e+00  1.06299213e+00  1.46024380e+01  1.36204239e+01  8.84487671e+00
 5.21587302e+00  1.19685039e+00  1.48095454e+01  1.36884867e+01  8.82787930e+00
 5.21587302e+00  1.33070866e+00  1.50226313e+01  1.37663953e+01  8.81089547e+00
 5.21587302e+00  1.46456693e+00  1.52399110e+01  1.38512916e+01  8.79368945e+00
 5.21587302e+00  1.59842520e+00  1.54602460e+01  1.39411474e+01  8.77610484e+00
 5.21587302e+00  1.73228346e+00  1.56838514e+01  1.40349833e+01  8.75807567e+00
 5.21587302e+00  1.86614173e+00  1.59215397e+01  1.41340425e+01  8.73880003e+00
 5.21587302e+00  2.00000000e+00  1.61671668e+01  1.42354888e+01  8.71838887e+00
 5.29428571e+00 -1.50000000e+01 -1.61689840e+00  1.37548276e+01  9.73345482e+00
 5.29428571e+00 -1.48661417e+01 -1.48297862e+00  1.37546377e+01  9.73030067e+00
 5.29428571e+00 -1.47322835e+01 -1.34903464e+00  1.37544414e+01  9.72710524e+00
 5.29428571e+00 -1.45984252e+01 -1.21506080e+00  1.37542382e+01  9.72385089e+00
 5.29428571e+00 -1.44645669e+01 -1.08104505e+00  1.37540288e+01  9.72055636e+00
 5.29428571e+00 -1.43307087e+01 -9.46972234e-01  1.37538132e+01  9.71725438e+00
 5.29428571e+00 -1.41968504e+01 -8.12821869e-01  1.37535916e+01  9.71394278e+00
 5.29428571e+00 -1.40629921e+01 -6.78565739e-01  1.37533643e+01  9.71056875e+00
 5.29428571e+00 -1.39291339e+01 -5.44165382e-01  1.37531313e+01  9.70717934e+00
 5.29428571e+00 -1.37952756e+01 -4.09568263e-01  1.37528929e+01  9.70378652e+00
 5.29428571e+00 -1.36614173e+01 -2.74702309e-01  1.37526491e+01  9.70032920e+00
 5.29428571e+00 -1.35275591e+01 -1.39469349e-01  1.37523999e+01  9.69680904e+00
 5.29428571e+00 -1.33937008e+01 -3.73134770e-03  1.37521453e+01  9.69325286e+00
 5.29428571e+00 -1.32598425e+01  1.32690742e-01  1.37518851e+01  9.68967799e+00
 5.29428571e+00 -1.31259843e+01  2.69913626e-01  1.37516193e+01  9.68604296e+00
 5.29428571e+00 -1.29921260e+01  4.06362592e-01  1.37513512e+01  9.68239357e+00
 5.29428571e+00 -1.28582677e+01  5.40764715e-01  1.37510835e+01  9.67880151e+00
 5.29428571e+00 -1.27244094e+01  6.74557909e-01  1.37508136e+01  9.67518694e+00
 5.29428571e+00 -1.25905512e+01  8.08403405e-01  1.37505415e+01  9.67152028e+00
 5.29428571e+00 -1.24566929e+01  9.42240262e-01  1.37502670e+01  9.66781896e+00
 5.29428571e+00 -1.23228346e+01  1.07607670e+00  1.37499897e+01  9.66406129e+00
 5.29428571e+00 -1.21889764e+01  1.20991294e+00  1.37497100e+01  9.66027316e+00
 5.29428571e+00 -1.20551181e+01  1.34374868e+00  1.37494278e+01  9.65649473e+00
 5.29428571e+00 -1.19212598e+01  1.47758398e+00  1.37491430e+01  9.65266942e+00
 5.29428571e+00 -1.17874016e+01  1.61141880e+00  1.37488554e+01  9.64881379e+00
 5.29428571e+00 -1.16535433e+01  1.74525313e+00  1.37485652e+01  9.64497004e+00
 5.29428571e+00 -1.15196850e+01  1.87908697e+00  1.37482723e+01  9.64103547e+00
 5.29428571e+00 -1.13858268e+01  2.01292028e+00  1.37479766e+01  9.63703179e+00
 5.29428571e+00 -1.12519685e+01  2.14675307e+00  1.37476781e+01  9.63305022e+00
 5.29428571e+00 -1.11181102e+01  2.28058531e+00  1.37473768e+01  9.62903186e+00
 5.29428571e+00 -1.09842520e+01  2.41441697e+00  1.37470726e+01  9.62495405e+00
 5.29428571e+00 -1.08503937e+01  2.54824805e+00  1.37467655e+01  9.62083635e+00
 5.29428571e+00 -1.07165354e+01  2.68207853e+00  1.37464555e+01  9.61667589e+00
 5.29428571e+00 -1.05826772e+01  2.81590838e+00  1.37461425e+01  9.61246418e+00
 5.29428571e+00 -1.04488189e+01  2.94973758e+00  1.37458264e+01  9.60820855e+00
 5.29428571e+00 -1.03149606e+01  3.08356612e+00  1.37455074e+01  9.60395645e+00
 5.29428571e+00 -1.01811024e+01  3.21739393e+00  1.37451850e+01  9.59966287e+00
 5.29428571e+00 -1.00472441e+01  3.35122101e+00  1.37448592e+01  9.59527019e+00
 5.29428571e+00 -9.91338583e+00  3.48504755e+00  1.37445328e+01  9.59087253e+00
 5.29428571e+00 -9.77952756e+00  3.61887288e+00  1.37441981e+01  9.58645209e+00
 5.29428571e+00 -9.64566929e+00  3.75269721e+00  1.37438577e+01  9.58193204e+00
 5.29428571e+00 -9.51181102e+00  3.88652427e+00  1.37435550e+01  9.57733663e+00
 5.29428571e+00 -9.37795276e+00  4.02035263e+00  1.37432629e+01  9.57271670e+00
 5.29428571e+00 -9.24409449e+00  4.15417671e+00  1.37429225e+01  9.56810294e+00
 5.29428571e+00 -9.11023622e+00  4.28799199e+00  1.37425301e+01  9.56345956e+00
 5.29428571e+00 -8.97637795e+00  4.42181287e+00  1.37421327e+01  9.55876358e+00
 5.29428571e+00 -8.84251969e+00  4.55563859e+00  1.37417753e+01  9.55401608e+00
 5.29428571e+00 -8.70866142e+00  4.68941030e+00  1.37414300e+01  9.54923408e+00
 5.29428571e+00 -8.57480315e+00  4.82317969e+00  1.37410510e+01  9.54437657e+00
 5.29428571e+00 -8.44094488e+00  4.95700291e+00  1.37406272e+01  9.53942297e+00
 5.29428571e+00 -8.30708661e+00  5.09077599e+00  1.37402325e+01  9.53448052e+00
 5.29428571e+00 -8.17322835e+00  5.22453848e+00  1.37398459e+01  9.52950085e+00
 5.29428571e+00 -8.03937008e+00  5.35835460e+00  1.37394165e+01  9.52440215e+00
 5.29428571e+00 -7.90551181e+00  5.49211649e+00  1.37389796e+01  9.51926972e+00
 5.29428571e+00 -7.77165354e+00  5.62586840e+00  1.37385453e+01  9.51408373e+00
 5.29428571e+00 -7.63779528e+00  5.75968166e+00  1.37381042e+01  9.50879270e+00
 5.29428571e+00 -7.50393701e+00  5.89345490e+00  1.37376558e+01  9.50344907e+00
 5.29428571e+00 -7.37007874e+00  6.02719110e+00  1.37372044e+01  9.49806945e+00
 5.29428571e+00 -7.23622047e+00  6.16093791e+00  1.37367519e+01  9.49263190e+00
 5.29428571e+00 -7.10236220e+00  6.29467612e+00  1.37362895e+01  9.48710276e+00
 5.29428571e+00 -6.96850394e+00  6.42841517e+00  1.37358003e+01  9.48151445e+00
 5.29428571e+00 -6.83464567e+00  6.56215632e+00  1.37352788e+01  9.47587745e+00
 5.29428571e+00 -6.70078740e+00  6.69584490e+00  1.37347474e+01  9.47009074e+00
 5.29428571e+00 -6.56692913e+00  6.82950748e+00  1.37341970e+01  9.46423765e+00
 5.29428571e+00 -6.43307087e+00  6.96318407e+00  1.37336117e+01  9.45840072e+00
 5.29428571e+00 -6.29921260e+00  7.09684474e+00  1.37330048e+01  9.45243542e+00
 5.29428571e+00 -6.16535433e+00  7.23052318e+00  1.37324045e+01  9.44633237e+00
 5.29428571e+00 -6.03149606e+00  7.36424091e+00  1.37318324e+01  9.44015476e+00
 5.29428571e+00 -5.89763780e+00  7.49791822e+00  1.37312775e+01  9.43391998e+00
 5.29428571e+00 -5.76377953e+00  7.63153396e+00  1.37306746e+01  9.42762464e+00
 5.29428571e+00 -5.62992126e+00  7.76511373e+00  1.37299776e+01  9.42124064e+00
 5.29428571e+00 -5.49606299e+00  7.89869319e+00  1.37292324e+01  9.41471509e+00
 5.29428571e+00 -5.36220472e+00  8.03225438e+00  1.37284795e+01  9.40806982e+00
 5.29428571e+00 -5.22834646e+00  8.16575871e+00  1.37277091e+01  9.40134519e+00
 5.29428571e+00 -5.09448819e+00  8.29919462e+00  1.37268428e+01  9.39453324e+00
 5.29428571e+00 -4.96062992e+00  8.43263567e+00  1.37259187e+01  9.38760109e+00
 5.29428571e+00 -4.82677165e+00  8.56611430e+00  1.37249900e+01  9.38053592e+00
 5.29428571e+00 -4.69291339e+00  8.69949710e+00  1.37239945e+01  9.37337904e+00
 5.29428571e+00 -4.55905512e+00  8.83264697e+00  1.37227213e+01  9.36612182e+00
 5.29428571e+00 -4.42519685e+00  8.96559820e+00  1.37211323e+01  9.35873410e+00
 5.29428571e+00 -4.29133858e+00  9.09865779e+00  1.37196171e+01  9.35120233e+00
 5.29428571e+00 -4.15748031e+00  9.23175261e+00  1.37181701e+01  9.34353109e+00
 5.29428571e+00 -4.02362205e+00  9.36470419e+00  1.37166034e+01  9.33573112e+00
 5.29428571e+00 -3.88976378e+00  9.49755516e+00  1.37148479e+01  9.32780229e+00
 5.29428571e+00 -3.75590551e+00  9.63029548e+00  1.37129165e+01  9.31970735e+00
 5.29428571e+00 -3.62204724e+00  9.76289890e+00  1.37108076e+01  9.31143138e+00
 5.29428571e+00 -3.48818898e+00  9.89538815e+00  1.37084264e+01  9.30303199e+00
 5.29428571e+00 -3.35433071e+00  1.00277386e+01  1.37057947e+01  9.29445324e+00
 5.29428571e+00 -3.22047244e+00  1.01598930e+01  1.37029411e+01  9.28564443e+00
 5.29428571e+00 -3.08661417e+00  1.02917980e+01  1.36997555e+01  9.27670000e+00
 5.29428571e+00 -2.95275591e+00  1.04235020e+01  1.36961519e+01  9.26757924e+00
 5.29428571e+00 -2.81889764e+00  1.05550428e+01  1.36920897e+01  9.25821178e+00
 5.29428571e+00 -2.68503937e+00  1.06862989e+01  1.36875717e+01  9.24866583e+00
 5.29428571e+00 -2.55118110e+00  1.08172327e+01  1.36825331e+01  9.23890893e+00
 5.29428571e+00 -2.41732283e+00  1.09478968e+01  1.36769033e+01  9.22887236e+00
 5.29428571e+00 -2.28346457e+00  1.10783795e+01  1.36707255e+01  9.21860138e+00
 5.29428571e+00 -2.14960630e+00  1.12085141e+01  1.36639774e+01  9.20810578e+00
 5.29428571e+00 -2.01574803e+00  1.13381382e+01  1.36566136e+01  9.19736088e+00
 5.29428571e+00 -1.88188976e+00  1.14677143e+01  1.36486967e+01  9.18635935e+00
 5.29428571e+00 -1.74803150e+00  1.15971220e+01  1.36401321e+01  9.17509353e+00
 5.29428571e+00 -1.61417323e+00  1.17257634e+01  1.36307366e+01  9.16356027e+00
 5.29428571e+00 -1.48031496e+00  1.18538603e+01  1.36205792e+01  9.15176645e+00
 5.29428571e+00 -1.34645669e+00  1.19822160e+01  1.36097506e+01  9.13970724e+00
 5.29428571e+00 -1.21259843e+00  1.21116474e+01  1.35982495e+01  9.12734956e+00
 5.29428571e+00 -1.07874016e+00  1.22401330e+01  1.35856218e+01  9.11462139e+00
 5.29428571e+00 -9.44881890e-01  1.23666424e+01  1.35720170e+01  9.10151837e+00
 5.29428571e+00 -8.11023622e-01  1.24933728e+01  1.35586477e+01  9.08811842e+00
 5.29428571e+00 -6.77165354e-01  1.26229081e+01  1.35460354e+01  9.07449358e+00
 5.29428571e+00 -5.43307087e-01  1.27567621e+01  1.35343647e+01  9.06066077e+00
 5.29428571e+00 -4.09448819e-01  1.28929893e+01  1.35236547e+01  9.04648538e+00
 5.29428571e+00 -2.75590551e-01  1.30291974e+01  1.35131341e+01  9.03172276e+00
 5.29428571e+00 -1.41732283e-01  1.31646960e+01  1.35023416e+01  9.01623707e+00
 5.29428571e+00 -7.87401575e-03  1.33019819e+01  1.34925581e+01  9.00018272e+00
 5.29428571e+00  1.25984252e-01  1.34442636e+01  1.34867656e+01  8.98370951e+00
 5.29428571e+00  2.59842520e-01  1.35937161e+01  1.34883187e+01  8.96695204e+00
 5.29428571e+00  3.93700787e-01  1.37496395e+01  1.34987952e+01  8.94997926e+00
 5.29428571e+00  5.27559055e-01  1.39115810e+01  1.35180218e+01  8.93251853e+00
 5.29428571e+00  6.61417323e-01  1.40809451e+01  1.35440475e+01  8.91451050e+00
 5.29428571e+00  7.95275591e-01  1.42589805e+01  1.35762769e+01  8.89618437e+00
 5.29428571e+00  9.29133858e-01  1.44448423e+01  1.36162890e+01  8.87795516e+00
 5.29428571e+00  1.06299213e+00  1.46378075e+01  1.36653890e+01  8.86022660e+00
 5.29428571e+00  1.19685039e+00  1.48384996e+01  1.37253706e+01  8.84302736e+00
 5.29428571e+00  1.33070866e+00  1.50461787e+01  1.37964261e+01  8.82616305e+00
 5.29428571e+00  1.46456693e+00  1.52587761e+01  1.38756174e+01  8.80923995e+00
 5.29428571e+00  1.59842520e+00  1.54755279e+01  1.39608545e+01  8.79209606e+00
 5.29428571e+00  1.73228346e+00  1.56962154e+01  1.40508187e+01  8.77456590e+00
 5.29428571e+00  1.86614173e+00  1.59315651e+01  1.41464515e+01  8.75579577e+00
 5.29428571e+00  2.00000000e+00  1.61750092e+01  1.42452813e+01  8.73613914e+00
 5.37269841e+00 -1.50000000e+01 -1.53848144e+00  1.38122832e+01  9.73599812e+00
 5.37269841e+00 -1.48661417e+01 -1.40456011e+00  1.38121562e+01  9.73287301e+00
 5.37269841e+00 -1.47322835e+01 -1.27061669e+00  1.38120193e+01  9.72974174e+00
 5.37269841e+00 -1.45984252e+01 -1.13664287e+00  1.38118727e+01  9.72657098e+00
 5.37269841e+00 -1.44645669e+01 -1.00262703e+00  1.38117167e+01  9.72332437e+00
 5.37269841e+00 -1.43307087e+01 -8.68554271e-01  1.38115518e+01  9.72002801e+00
 5.37269841e+00 -1.41968504e+01 -7.34403912e-01  1.38113781e+01  9.71672853e+00
 5.37269841e+00 -1.40629921e+01 -6.00147749e-01  1.38111961e+01  9.71341126e+00
 5.37269841e+00 -1.39291339e+01 -4.65747391e-01  1.38110060e+01  9.71002836e+00
 5.37269841e+00 -1.37952756e+01 -3.31150262e-01  1.38108080e+01  9.70663904e+00
 5.37269841e+00 -1.36614173e+01 -1.96284352e-01  1.38106023e+01  9.70324119e+00
 5.37269841e+00 -1.35275591e+01 -6.10510956e-02  1.38103892e+01  9.69976876e+00
 5.37269841e+00 -1.33937008e+01  7.46867025e-02  1.38101686e+01  9.69623223e+00
 5.37269841e+00 -1.32598425e+01  2.11107629e-01  1.38099406e+01  9.69266009e+00
 5.37269841e+00 -1.31259843e+01  3.48395499e-01  1.38097052e+01  9.68906165e+00
 5.37269841e+00 -1.29921260e+01  4.85013648e-01  1.38094652e+01  9.68543751e+00
 5.37269841e+00 -1.28582677e+01  6.19477373e-01  1.38092238e+01  9.68184211e+00
 5.37269841e+00 -1.27244094e+01  7.53313627e-01  1.38089800e+01  9.67826474e+00
 5.37269841e+00 -1.25905512e+01  8.87158143e-01  1.38087342e+01  9.67464406e+00
 5.37269841e+00 -1.24566929e+01  1.02099767e+00  1.38084857e+01  9.67097447e+00
 5.37269841e+00 -1.23228346e+01  1.15483736e+00  1.38082345e+01  9.66726885e+00
 5.37269841e+00 -1.21889764e+01  1.28867670e+00  1.38079808e+01  9.66350687e+00
 5.37269841e+00 -1.20551181e+01  1.42251564e+00  1.38077245e+01  9.65972083e+00
 5.37269841e+00 -1.19212598e+01  1.55635414e+00  1.38074656e+01  9.65594150e+00
 5.37269841e+00 -1.17874016e+01  1.69019221e+00  1.38072038e+01  9.65211170e+00
 5.37269841e+00 -1.16535433e+01  1.82402985e+00  1.38069393e+01  9.64825902e+00
 5.37269841e+00 -1.15196850e+01  1.95786703e+00  1.38066720e+01  9.64441151e+00
 5.37269841e+00 -1.13858268e+01  2.09170372e+00  1.38064019e+01  9.64046570e+00
 5.37269841e+00 -1.12519685e+01  2.22553993e+00  1.38061289e+01  9.63646364e+00
 5.37269841e+00 -1.11181102e+01  2.35937567e+00  1.38058529e+01  9.63248341e+00
 5.37269841e+00 -1.09842520e+01  2.49321089e+00  1.38055740e+01  9.62845922e+00
 5.37269841e+00 -1.08503937e+01  2.62704555e+00  1.38052920e+01  9.62437735e+00
 5.37269841e+00 -1.07165354e+01  2.76087965e+00  1.38050070e+01  9.62025658e+00
 5.37269841e+00 -1.05826772e+01  2.89471319e+00  1.38047188e+01  9.61609159e+00
 5.37269841e+00 -1.04488189e+01  3.02854611e+00  1.38044274e+01  9.61187530e+00
 5.37269841e+00 -1.03149606e+01  3.16237841e+00  1.38041328e+01  9.60761998e+00
 5.37269841e+00 -1.01811024e+01  3.29621011e+00  1.38038349e+01  9.60336749e+00
 5.37269841e+00 -1.00472441e+01  3.43004110e+00  1.38035337e+01  9.59906572e+00
 5.37269841e+00 -9.91338583e+00  3.56387138e+00  1.38032292e+01  9.59467051e+00
 5.37269841e+00 -9.77952756e+00  3.69770125e+00  1.38029202e+01  9.59026168e+00
 5.37269841e+00 -9.64566929e+00  3.83152958e+00  1.38026102e+01  9.58585811e+00
 5.37269841e+00 -9.51181102e+00  3.96535578e+00  1.38022999e+01  9.58144006e+00
 5.37269841e+00 -9.37795276e+00  4.09918186e+00  1.38019812e+01  9.57699102e+00
 5.37269841e+00 -9.24409449e+00  4.23300862e+00  1.38016605e+01  9.57246495e+00
 5.37269841e+00 -9.11023622e+00  4.36683557e+00  1.38013325e+01  9.56784360e+00
 5.37269841e+00 -8.97637795e+00  4.50066188e+00  1.38009621e+01  9.56318628e+00
 5.37269841e+00 -8.84251969e+00  4.63449090e+00  1.38005886e+01  9.55849042e+00
 5.37269841e+00 -8.70866142e+00  4.76831022e+00  1.38002530e+01  9.55373939e+00
 5.37269841e+00 -8.57480315e+00  4.90208363e+00  1.37999207e+01  9.54895154e+00
 5.37269841e+00 -8.44094488e+00  5.03585589e+00  1.37995496e+01  9.54408318e+00
 5.37269841e+00 -8.30708661e+00  5.16967363e+00  1.37991447e+01  9.53912740e+00
 5.37269841e+00 -8.17322835e+00  5.30350740e+00  1.37987811e+01  9.53418511e+00
 5.37269841e+00 -8.03937008e+00  5.43730818e+00  1.37984129e+01  9.52919256e+00
 5.37269841e+00 -7.90551181e+00  5.57105926e+00  1.37979917e+01  9.52408875e+00
 5.37269841e+00 -7.77165354e+00  5.70480910e+00  1.37975703e+01  9.51895533e+00
 5.37269841e+00 -7.63779528e+00  5.83859023e+00  1.37971467e+01  9.51375799e+00
 5.37269841e+00 -7.50393701e+00  5.97239265e+00  1.37967071e+01  9.50845838e+00
 5.37269841e+00 -7.37007874e+00  6.10616004e+00  1.37962690e+01  9.50311256e+00
 5.37269841e+00 -7.23622047e+00  6.23990205e+00  1.37958295e+01  9.49772878e+00
 5.37269841e+00 -7.10236220e+00  6.37364745e+00  1.37953857e+01  9.49228165e+00
 5.37269841e+00 -6.96850394e+00  6.50739935e+00  1.37949462e+01  9.48674299e+00
 5.37269841e+00 -6.83464567e+00  6.64114016e+00  1.37944706e+01  9.48115105e+00
 5.37269841e+00 -6.70078740e+00  6.77486959e+00  1.37939432e+01  9.47550176e+00
 5.37269841e+00 -6.56692913e+00  6.90861706e+00  1.37934174e+01  9.46970006e+00
 5.37269841e+00 -6.43307087e+00  7.04232599e+00  1.37928906e+01  9.46385161e+00
 5.37269841e+00 -6.29921260e+00  7.17598751e+00  1.37923480e+01  9.45800454e+00
 5.37269841e+00 -6.16535433e+00  7.30970761e+00  1.37917989e+01  9.45200365e+00
 5.37269841e+00 -6.03149606e+00  7.44342424e+00  1.37912530e+01  9.44591834e+00
 5.37269841e+00 -5.89763780e+00  7.57707805e+00  1.37906989e+01  9.43979596e+00
 5.37269841e+00 -5.76377953e+00  7.71072778e+00  1.37900981e+01  9.43351811e+00
 5.37269841e+00 -5.62992126e+00  7.84438786e+00  1.37894448e+01  9.42715883e+00
 5.37269841e+00 -5.49606299e+00  7.97803682e+00  1.37887445e+01  9.42076423e+00
 5.37269841e+00 -5.36220472e+00  8.11163729e+00  1.37880011e+01  9.41422413e+00
 5.37269841e+00 -5.22834646e+00  8.24518009e+00  1.37872390e+01  9.40756538e+00
 5.37269841e+00 -5.09448819e+00  8.37867991e+00  1.37864551e+01  9.40083085e+00
 5.37269841e+00 -4.96062992e+00  8.51217071e+00  1.37856072e+01  9.39399889e+00
 5.37269841e+00 -4.82677165e+00  8.64569397e+00  1.37847490e+01  9.38707819e+00
 5.37269841e+00 -4.69291339e+00  8.77916851e+00  1.37838280e+01  9.38005056e+00
 5.37269841e+00 -4.55905512e+00  8.91238646e+00  1.37826250e+01  9.37285352e+00
 5.37269841e+00 -4.42519685e+00  9.04552663e+00  1.37812619e+01  9.36553527e+00
 5.37269841e+00 -4.29133858e+00  9.17874946e+00  1.37799121e+01  9.35812526e+00
 5.37269841e+00 -4.15748031e+00  9.31195603e+00  1.37785909e+01  9.35056793e+00
 5.37269841e+00 -4.02362205e+00  9.44508641e+00  1.37771726e+01  9.34287650e+00
 5.37269841e+00 -3.88976378e+00  9.57811003e+00  1.37755889e+01  9.33506273e+00
 5.37269841e+00 -3.75590551e+00  9.71101313e+00  1.37739150e+01  9.32709806e+00
 5.37269841e+00 -3.62204724e+00  9.84384394e+00  1.37720817e+01  9.31900750e+00
 5.37269841e+00 -3.48818898e+00  9.97660682e+00  1.37700284e+01  9.31077697e+00
 5.37269841e+00 -3.35433071e+00  1.01092138e+01  1.37677963e+01  9.30231749e+00
 5.37269841e+00 -3.22047244e+00  1.02416710e+01  1.37653472e+01  9.29368486e+00
 5.37269841e+00 -3.08661417e+00  1.03739903e+01  1.37626318e+01  9.28492444e+00
 5.37269841e+00 -2.95275591e+00  1.05061279e+01  1.37596381e+01  9.27597307e+00
 5.37269841e+00 -2.81889764e+00  1.06380831e+01  1.37563119e+01  9.26684780e+00
 5.37269841e+00 -2.68503937e+00  1.07698386e+01  1.37526069e+01  9.25754278e+00
 5.37269841e+00 -2.55118110e+00  1.09013283e+01  1.37485160e+01  9.24796163e+00
 5.37269841e+00 -2.41732283e+00  1.10326149e+01  1.37439515e+01  9.23815367e+00
 5.37269841e+00 -2.28346457e+00  1.11637199e+01  1.37388340e+01  9.22816700e+00
 5.37269841e+00 -2.14960630e+00  1.12944770e+01  1.37331817e+01  9.21791455e+00
 5.37269841e+00 -2.01574803e+00  1.14248781e+01  1.37269684e+01  9.20741248e+00
 5.37269841e+00 -1.88188976e+00  1.15550458e+01  1.37201743e+01  9.19669610e+00
 5.37269841e+00 -1.74803150e+00  1.16851235e+01  1.37128512e+01  9.18569910e+00
 5.37269841e+00 -1.61417323e+00  1.18146588e+01  1.37048182e+01  9.17438709e+00
 5.37269841e+00 -1.48031496e+00  1.19433768e+01  1.36958755e+01  9.16278467e+00
 5.37269841e+00 -1.34645669e+00  1.20725279e+01  1.36862238e+01  9.15097000e+00
 5.37269841e+00 -1.21259843e+00  1.22022364e+01  1.36761836e+01  9.13889386e+00
 5.37269841e+00 -1.07874016e+00  1.23314703e+01  1.36656558e+01  9.12642729e+00
 5.37269841e+00 -9.44881890e-01  1.24595276e+01  1.36531486e+01  9.11355634e+00
 5.37269841e+00 -8.11023622e-01  1.25868475e+01  1.36397392e+01  9.10035322e+00
 5.37269841e+00 -6.77165354e-01  1.27151260e+01  1.36284442e+01  9.08692270e+00
 5.37269841e+00 -5.43307087e-01  1.28468768e+01  1.36181906e+01  9.07326575e+00
 5.37269841e+00 -4.09448819e-01  1.29826247e+01  1.36079670e+01  9.05929523e+00
 5.37269841e+00 -2.75590551e-01  1.31191198e+01  1.35986858e+01  9.04485481e+00
 5.37269841e+00 -1.41732283e-01  1.32547896e+01  1.35893679e+01  9.02975645e+00
 5.37269841e+00 -7.87401575e-03  1.33905922e+01  1.35801661e+01  9.01396586e+00
 5.37269841e+00  1.25984252e-01  1.35295895e+01  1.35736580e+01  8.99765351e+00
 5.37269841e+00  2.59842520e-01  1.36744318e+01  1.35728879e+01  8.98111212e+00
 5.37269841e+00  3.93700787e-01  1.38254613e+01  1.35798834e+01  8.96436835e+00
 5.37269841e+00  5.27559055e-01  1.39814485e+01  1.35944285e+01  8.94718059e+00
 5.37269841e+00  6.61417323e-01  1.41441733e+01  1.36151105e+01  8.92952757e+00
 5.37269841e+00  7.95275591e-01  1.43147741e+01  1.36417494e+01  8.91157647e+00
 5.37269841e+00  9.29133858e-01  1.44928259e+01  1.36747684e+01  8.89354474e+00
 5.37269841e+00  1.06299213e+00  1.46782367e+01  1.37157425e+01  8.87571901e+00
 5.37269841e+00  1.19685039e+00  1.48718896e+01  1.37675562e+01  8.85838517e+00
 5.37269841e+00  1.33070866e+00  1.50733455e+01  1.38310104e+01  8.84144058e+00
 5.37269841e+00  1.46456693e+00  1.52808908e+01  1.39036820e+01  8.82455077e+00
 5.37269841e+00  1.59842520e+00  1.54933103e+01  1.39834058e+01  8.80762568e+00
 5.37269841e+00  1.73228346e+00  1.57107989e+01  1.40690867e+01  8.79040955e+00
 5.37269841e+00  1.86614173e+00  1.59433353e+01  1.41608494e+01  8.77221250e+00
 5.37269841e+00  2.00000000e+00  1.61842428e+01  1.42566451e+01  8.75320706e+00
 5.45111111e+00 -1.50000000e+01 -1.45998898e+00  1.38715811e+01  9.73890122e+00
 5.45111111e+00 -1.48661417e+01 -1.32606767e+00  1.38715325e+01  9.73582622e+00
 5.45111111e+00 -1.47322835e+01 -1.19212460e+00  1.38714694e+01  9.73275918e+00
 5.45111111e+00 -1.45984252e+01 -1.05815065e+00  1.38713921e+01  9.72966186e+00
 5.45111111e+00 -1.44645669e+01 -9.24134731e-01  1.38713013e+01  9.72647456e+00
 5.45111111e+00 -1.43307087e+01 -7.90061910e-01  1.38711975e+01  9.72323134e+00
 5.45111111e+00 -1.41968504e+01 -6.55911623e-01  1.38710812e+01  9.71995215e+00
 5.45111111e+00 -1.40629921e+01 -5.21655538e-01  1.38709529e+01  9.71665605e+00
 5.45111111e+00 -1.39291339e+01 -3.87255164e-01  1.38708131e+01  9.71333074e+00
 5.45111111e+00 -1.37952756e+01 -2.52658024e-01  1.38706622e+01  9.70993952e+00
 5.45111111e+00 -1.36614173e+01 -1.17792145e-01  1.38705007e+01  9.70654692e+00
 5.45111111e+00 -1.35275591e+01  1.74412937e-02  1.38703289e+01  9.70313638e+00
 5.45111111e+00 -1.33937008e+01  1.53178048e-01  1.38701472e+01  9.69964405e+00
 5.45111111e+00 -1.32598425e+01  2.89610175e-01  1.38699558e+01  9.69608688e+00
 5.45111111e+00 -1.31259843e+01  4.26924733e-01  1.38697549e+01  9.69249279e+00
 5.45111111e+00 -1.29921260e+01  5.63699788e-01  1.38695470e+01  9.68890578e+00
 5.45111111e+00 -1.28582677e+01  6.98253347e-01  1.38693358e+01  9.68533189e+00
 5.45111111e+00 -1.27244094e+01  8.32092059e-01  1.38691213e+01  9.68175455e+00
 5.45111111e+00 -1.25905512e+01  9.65934275e-01  1.38689046e+01  9.67817612e+00
 5.45111111e+00 -1.24566929e+01  1.09977784e+00  1.38686851e+01  9.67455077e+00
 5.45111111e+00 -1.23228346e+01  1.23362050e+00  1.38684635e+01  9.67087815e+00
 5.45111111e+00 -1.21889764e+01  1.36746274e+00  1.38682391e+01  9.66716799e+00
 5.45111111e+00 -1.20551181e+01  1.50130470e+00  1.38680123e+01  9.66340231e+00
 5.45111111e+00 -1.19212598e+01  1.63514634e+00  1.38677828e+01  9.65961867e+00
 5.45111111e+00 -1.17874016e+01  1.76898758e+00  1.38675506e+01  9.65583771e+00
 5.45111111e+00 -1.16535433e+01  1.90282841e+00  1.38673157e+01  9.65200409e+00
 5.45111111e+00 -1.15196850e+01  2.03666890e+00  1.38670782e+01  9.64815462e+00
 5.45111111e+00 -1.13858268e+01  2.17050902e+00  1.38668377e+01  9.64430189e+00
 5.45111111e+00 -1.12519685e+01  2.30434857e+00  1.38665945e+01  9.64034580e+00
 5.45111111e+00 -1.11181102e+01  2.43818765e+00  1.38663483e+01  9.63634663e+00
 5.45111111e+00 -1.09842520e+01  2.57202635e+00  1.38660992e+01  9.63236683e+00
 5.45111111e+00 -1.08503937e+01  2.70586458e+00  1.38658471e+01  9.62833663e+00
 5.45111111e+00 -1.07165354e+01  2.83970227e+00  1.38655918e+01  9.62425115e+00
 5.45111111e+00 -1.05826772e+01  2.97353947e+00  1.38653335e+01  9.62012733e+00
 5.45111111e+00 -1.04488189e+01  3.10737622e+00  1.38650719e+01  9.61595763e+00
 5.45111111e+00 -1.03149606e+01  3.24121234e+00  1.38648072e+01  9.61173749e+00
 5.45111111e+00 -1.01811024e+01  3.37504777e+00  1.38645391e+01  9.60748326e+00
 5.45111111e+00 -1.00472441e+01  3.50888276e+00  1.38642676e+01  9.60322910e+00
 5.45111111e+00 -9.91338583e+00  3.64271688e+00  1.38639927e+01  9.59892098e+00
 5.45111111e+00 -9.77952756e+00  3.77655049e+00  1.38637142e+01  9.59452287e+00
 5.45111111e+00 -9.64566929e+00  3.91038497e+00  1.38634317e+01  9.59008557e+00
 5.45111111e+00 -9.51181102e+00  4.04421649e+00  1.38631430e+01  9.58562877e+00
 5.45111111e+00 -9.37795276e+00  4.17804815e+00  1.38628535e+01  9.58116342e+00
 5.45111111e+00 -9.24409449e+00  4.31188878e+00  1.38625716e+01  9.57670028e+00
 5.45111111e+00 -9.11023622e+00  4.44569290e+00  1.38622510e+01  9.57217102e+00
 5.45111111e+00 -8.97637795e+00  4.57946236e+00  1.38618898e+01  9.56754496e+00
 5.45111111e+00 -8.84251969e+00  4.71328424e+00  1.38615706e+01  9.56288553e+00
 5.45111111e+00 -8.70866142e+00  4.84712063e+00  1.38612725e+01  9.55818555e+00
 5.45111111e+00 -8.57480315e+00  4.98093793e+00  1.38609625e+01  9.55343129e+00
 5.45111111e+00 -8.44094488e+00  5.11477159e+00  1.38606475e+01  9.54863582e+00
 5.45111111e+00 -8.30708661e+00  5.24857030e+00  1.38602977e+01  9.54375595e+00
 5.45111111e+00 -8.17322835e+00  5.38233359e+00  1.38599196e+01  9.53880158e+00
 5.45111111e+00 -8.03937008e+00  5.51615449e+00  1.38595744e+01  9.53386151e+00
 5.45111111e+00 -7.90551181e+00  5.64995239e+00  1.38592181e+01  9.52885695e+00
 5.45111111e+00 -7.77165354e+00  5.78370301e+00  1.38588171e+01  9.52374711e+00
 5.45111111e+00 -7.63779528e+00  5.91751907e+00  1.38584086e+01  9.51861088e+00
 5.45111111e+00 -7.50393701e+00  6.05131469e+00  1.38580296e+01  9.51339783e+00
 5.45111111e+00 -7.37007874e+00  6.18505945e+00  1.38576720e+01  9.50808514e+00
 5.45111111e+00 -7.23622047e+00  6.31886667e+00  1.38572772e+01  9.50274093e+00
 5.45111111e+00 -7.10236220e+00  6.45266483e+00  1.38568303e+01  9.49735699e+00
 5.45111111e+00 -6.96850394e+00  6.58640727e+00  1.38563557e+01  9.49190039e+00
 5.45111111e+00 -6.83464567e+00  6.72015720e+00  1.38558995e+01  9.48635441e+00
 5.45111111e+00 -6.70078740e+00  6.85390580e+00  1.38554649e+01  9.48075817e+00
 5.45111111e+00 -6.56692913e+00  6.98764599e+00  1.38550189e+01  9.47509348e+00
 5.45111111e+00 -6.43307087e+00  7.12139535e+00  1.38545177e+01  9.46928190e+00
 5.45111111e+00 -6.29921260e+00  7.25510776e+00  1.38539991e+01  9.46343352e+00
 5.45111111e+00 -6.16535433e+00  7.38878944e+00  1.38534862e+01  9.45757074e+00
 5.45111111e+00 -6.03149606e+00  7.52251323e+00  1.38529557e+01  9.45156445e+00
 5.45111111e+00 -5.89763780e+00  7.65621902e+00  1.38524190e+01  9.44548005e+00
 5.45111111e+00 -5.76377953e+00  7.78987700e+00  1.38518719e+01  9.43933768e+00
 5.45111111e+00 -5.62992126e+00  7.92353899e+00  1.38512787e+01  9.43305096e+00
 5.45111111e+00 -5.49606299e+00  8.05720526e+00  1.38506252e+01  9.42669142e+00
 5.45111111e+00 -5.36220472e+00  8.19084967e+00  1.38499317e+01  9.42027549e+00
 5.45111111e+00 -5.22834646e+00  8.32444522e+00  1.38492383e+01  9.41371573e+00
 5.45111111e+00 -5.09448819e+00  8.45801120e+00  1.38485223e+01  9.40704738e+00
 5.45111111e+00 -4.96062992e+00  8.59158372e+00  1.38477517e+01  9.40029902e+00
 5.45111111e+00 -4.82677165e+00  8.72517207e+00  1.38469135e+01  9.39345260e+00
 5.45111111e+00 -4.69291339e+00  8.85864607e+00  1.38460272e+01  9.38652974e+00
 5.45111111e+00 -4.55905512e+00  8.99197859e+00  1.38450155e+01  9.37949309e+00
 5.45111111e+00 -4.42519685e+00  9.12528806e+00  1.38437610e+01  9.37225865e+00
 5.45111111e+00 -4.29133858e+00  9.25858360e+00  1.38425381e+01  9.36491882e+00
 5.45111111e+00 -4.15748031e+00  9.39186162e+00  1.38414104e+01  9.35749746e+00
 5.45111111e+00 -4.02362205e+00  9.52512963e+00  1.38401145e+01  9.34990774e+00
 5.45111111e+00 -3.88976378e+00  9.65832186e+00  1.38386789e+01  9.34221752e+00
 5.45111111e+00 -3.75590551e+00  9.79139862e+00  1.38371616e+01  9.33444134e+00
 5.45111111e+00 -3.62204724e+00  9.92437871e+00  1.38355377e+01  9.32648849e+00
 5.45111111e+00 -3.48818898e+00  1.00572884e+01  1.38337546e+01  9.31833938e+00
 5.45111111e+00 -3.35433071e+00  1.01901238e+01  1.38317865e+01  9.31002219e+00
 5.45111111e+00 -3.22047244e+00  1.03228483e+01  1.38296430e+01  9.30157781e+00
 5.45111111e+00 -3.08661417e+00  1.04554494e+01  1.38273090e+01  9.29296743e+00
 5.45111111e+00 -2.95275591e+00  1.05879148e+01  1.38247457e+01  9.28416941e+00
 5.45111111e+00 -2.81889764e+00  1.07202215e+01  1.38219047e+01  9.27520701e+00
 5.45111111e+00 -2.68503937e+00  1.08523411e+01  1.38187790e+01  9.26606556e+00
 5.45111111e+00 -2.55118110e+00  1.09842785e+01  1.38153448e+01  9.25672596e+00
 5.45111111e+00 -2.41732283e+00  1.11160678e+01  1.38115386e+01  9.24717393e+00
 5.45111111e+00 -2.28346457e+00  1.12476546e+01  1.38073009e+01  9.23735939e+00
 5.45111111e+00 -2.14960630e+00  1.13789686e+01  1.38025743e+01  9.22729058e+00
 5.45111111e+00 -2.01574803e+00  1.15099869e+01  1.37973164e+01  9.21705406e+00
 5.45111111e+00 -1.88188976e+00  1.16408321e+01  1.37915965e+01  9.20659195e+00
 5.45111111e+00 -1.74803150e+00  1.17714956e+01  1.37853818e+01  9.19582914e+00
 5.45111111e+00 -1.61417323e+00  1.19017027e+01  1.37784414e+01  9.18476801e+00
 5.45111111e+00 -1.48031496e+00  1.20314893e+01  1.37708210e+01  9.17344761e+00
 5.45111111e+00 -1.34645669e+00  1.21611314e+01  1.37626269e+01  9.16188505e+00
 5.45111111e+00 -1.21259843e+00  1.22910214e+01  1.37538177e+01  9.15003092e+00
 5.45111111e+00 -1.07874016e+00  1.24210365e+01  1.37444152e+01  9.13785799e+00
 5.45111111e+00 -9.44881890e-01  1.25505011e+01  1.37341452e+01  9.12533551e+00
 5.45111111e+00 -8.11023622e-01  1.26783945e+01  1.37221492e+01  9.11239247e+00
 5.45111111e+00 -6.77165354e-01  1.28063642e+01  1.37103766e+01  9.09912060e+00
 5.45111111e+00 -5.43307087e-01  1.29374524e+01  1.37014054e+01  9.08565836e+00
 5.45111111e+00 -4.09448819e-01  1.30721936e+01  1.36929338e+01  9.07194585e+00
 5.45111111e+00 -2.75590551e-01  1.32087217e+01  1.36841034e+01  9.05780545e+00
 5.45111111e+00 -1.41732283e-01  1.33443440e+01  1.36760634e+01  9.04305485e+00
 5.45111111e+00 -7.87401575e-03  1.34793441e+01  1.36684144e+01  9.02767559e+00
 5.45111111e+00  1.25984252e-01  1.36160210e+01  1.36620588e+01  9.01174236e+00
 5.45111111e+00  2.59842520e-01  1.37571787e+01  1.36593502e+01  8.99536758e+00
 5.45111111e+00  3.93700787e-01  1.39033244e+01  1.36627661e+01  8.97866544e+00
 5.45111111e+00  5.27559055e-01  1.40546099e+01  1.36730751e+01  8.96171953e+00
 5.45111111e+00  6.61417323e-01  1.42116426e+01  1.36895025e+01  8.94449362e+00
 5.45111111e+00  7.95275591e-01  1.43754242e+01  1.37109628e+01  8.92687169e+00
 5.45111111e+00  9.29133858e-01  1.45460038e+01  1.37376205e+01  8.90902761e+00
 5.45111111e+00  1.06299213e+00  1.47238615e+01  1.37712845e+01  8.89125363e+00
 5.45111111e+00  1.19685039e+00  1.49102440e+01  1.38152032e+01  8.87391438e+00
 5.45111111e+00  1.33070866e+00  1.51050144e+01  1.38707488e+01  8.85689248e+00
 5.45111111e+00  1.46456693e+00  1.53066979e+01  1.39361563e+01  8.83994413e+00
 5.45111111e+00  1.59842520e+00  1.55141357e+01  1.40096110e+01  8.82304112e+00
 5.45111111e+00  1.73228346e+00  1.57279294e+01  1.40902845e+01  8.80591836e+00
 5.45111111e+00  1.86614173e+00  1.59571541e+01  1.41775151e+01  8.78804898e+00
 5.45111111e+00  2.00000000e+00  1.61952020e+01  1.42699876e+01  8.76955953e+00
 5.52952381e+00 -1.50000000e+01 -1.38156020e+00  1.39321606e+01  9.74156720e+00
 5.52952381e+00 -1.48661417e+01 -1.24763949e+00  1.39322661e+01  9.73851979e+00
 5.52952381e+00 -1.47322835e+01 -1.11369627e+00  1.39323448e+01  9.73547048e+00
 5.52952381e+00 -1.45984252e+01 -9.79722346e-01  1.39323977e+01  9.73239593e+00
 5.52952381e+00 -1.44645669e+01 -8.45706958e-01  1.39324257e+01  9.72930077e+00
 5.52952381e+00 -1.43307087e+01 -7.11634084e-01  1.39324300e+01  9.72616033e+00
 5.52952381e+00 -1.41968504e+01 -5.77483319e-01  1.39324117e+01  9.72294183e+00
 5.52952381e+00 -1.40629921e+01 -4.43227187e-01  1.39323719e+01  9.71965216e+00
 5.52952381e+00 -1.39291339e+01 -3.08826901e-01  1.39323116e+01  9.71636154e+00
 5.52952381e+00 -1.37952756e+01 -1.74229717e-01  1.39322320e+01  9.71303631e+00
 5.52952381e+00 -1.36614173e+01 -3.93637433e-02  1.39321343e+01  9.70963589e+00
 5.52952381e+00 -1.35275591e+01  9.58690782e-02  1.39320194e+01  9.70623760e+00
 5.52952381e+00 -1.33937008e+01  2.31606667e-01  1.39318884e+01  9.70280871e+00
 5.52952381e+00 -1.32598425e+01  3.68036452e-01  1.39317422e+01  9.69929207e+00
 5.52952381e+00 -1.31259843e+01  5.05360948e-01  1.39315816e+01  9.69570945e+00
 5.52952381e+00 -1.29921260e+01  6.42309456e-01  1.39314093e+01  9.69212620e+00
 5.52952381e+00 -1.28582677e+01  7.76953582e-01  1.39312297e+01  9.68859294e+00
 5.52952381e+00 -1.27244094e+01  9.10755077e-01  1.39310446e+01  9.68503540e+00
 5.52952381e+00 -1.25905512e+01  1.04460277e+00  1.39308579e+01  9.68145899e+00
 5.52952381e+00 -1.24566929e+01  1.17844878e+00  1.39306688e+01  9.67787850e+00
 5.52952381e+00 -1.23228346e+01  1.31229445e+00  1.39304776e+01  9.67424854e+00
 5.52952381e+00 -1.21889764e+01  1.44613990e+00  1.39302839e+01  9.67057309e+00
 5.52952381e+00 -1.20551181e+01  1.57998469e+00  1.39300878e+01  9.66685832e+00
 5.52952381e+00 -1.19212598e+01  1.71382917e+00  1.39298894e+01  9.66308967e+00
 5.52952381e+00 -1.17874016e+01  1.84767342e+00  1.39296883e+01  9.65930841e+00
 5.52952381e+00 -1.16535433e+01  1.98151728e+00  1.39294848e+01  9.65552505e+00
 5.52952381e+00 -1.15196850e+01  2.11536040e+00  1.39292786e+01  9.65168843e+00
 5.52952381e+00 -1.13858268e+01  2.24920345e+00  1.39290699e+01  9.64784177e+00
 5.52952381e+00 -1.12519685e+01  2.38304663e+00  1.39288584e+01  9.64398206e+00
 5.52952381e+00 -1.11181102e+01  2.51688911e+00  1.39286442e+01  9.64001692e+00
 5.52952381e+00 -1.09842520e+01  2.65073101e+00  1.39284272e+01  9.63602163e+00
 5.52952381e+00 -1.08503937e+01  2.78457259e+00  1.39282073e+01  9.63204127e+00
 5.52952381e+00 -1.07165354e+01  2.91841380e+00  1.39279844e+01  9.62800502e+00
 5.52952381e+00 -1.05826772e+01  3.05225427e+00  1.39277586e+01  9.62391646e+00
 5.52952381e+00 -1.04488189e+01  3.18609414e+00  1.39275297e+01  9.61978971e+00
 5.52952381e+00 -1.03149606e+01  3.31993414e+00  1.39272977e+01  9.61561500e+00
 5.52952381e+00 -1.01811024e+01  3.45377361e+00  1.39270625e+01  9.61139011e+00
 5.52952381e+00 -1.00472441e+01  3.58761226e+00  1.39268240e+01  9.60713732e+00
 5.52952381e+00 -9.91338583e+00  3.72145065e+00  1.39265821e+01  9.60288573e+00
 5.52952381e+00 -9.77952756e+00  3.85528744e+00  1.39263372e+01  9.59855759e+00
 5.52952381e+00 -9.64566929e+00  3.98912250e+00  1.39260889e+01  9.59414503e+00
 5.52952381e+00 -9.51181102e+00  4.12295753e+00  1.39258365e+01  9.58974516e+00
 5.52952381e+00 -9.37795276e+00  4.25679187e+00  1.39255813e+01  9.58531852e+00
 5.52952381e+00 -9.24409449e+00  4.39062790e+00  1.39253208e+01  9.58084940e+00
 5.52952381e+00 -9.11023622e+00  4.52446456e+00  1.39250508e+01  9.57638269e+00
 5.52952381e+00 -8.97637795e+00  4.65826286e+00  1.39247868e+01  9.57184498e+00
 5.52952381e+00 -8.84251969e+00  4.79203852e+00  1.39245119e+01  9.56721329e+00
 5.52952381e+00 -8.70866142e+00  4.92586363e+00  1.39241857e+01  9.56255224e+00
 5.52952381e+00 -8.57480315e+00  5.05970611e+00  1.39238748e+01  9.55784797e+00
 5.52952381e+00 -8.44094488e+00  5.19353877e+00  1.39236048e+01  9.55309012e+00
 5.52952381e+00 -8.30708661e+00  5.32736833e+00  1.39233211e+01  9.54828878e+00
 5.52952381e+00 -8.17322835e+00  5.46116165e+00  1.39229903e+01  9.54339942e+00
 5.52952381e+00 -8.03937008e+00  5.59493433e+00  1.39226434e+01  9.53844560e+00
 5.52952381e+00 -7.90551181e+00  5.72875087e+00  1.39223425e+01  9.53350597e+00
 5.52952381e+00 -7.77165354e+00  5.86259003e+00  1.39220073e+01  9.52848853e+00
 5.52952381e+00 -7.63779528e+00  5.99640758e+00  1.39216377e+01  9.52337145e+00
 5.52952381e+00 -7.50393701e+00  6.13017520e+00  1.39213251e+01  9.51823164e+00
 5.52952381e+00 -7.37007874e+00  6.26392307e+00  1.39209900e+01  9.51301443e+00
 5.52952381e+00 -7.23622047e+00  6.39769400e+00  1.39205951e+01  9.50770425e+00
 5.52952381e+00 -7.10236220e+00  6.53150720e+00  1.39201909e+01  9.50235319e+00
 5.52952381e+00 -6.96850394e+00  6.66529913e+00  1.39197913e+01  9.49695698e+00
 5.52952381e+00 -6.83464567e+00  6.79905139e+00  1.39193991e+01  9.49149276e+00
 5.52952381e+00 -6.70078740e+00  6.93280494e+00  1.39190060e+01  9.48594430e+00
 5.52952381e+00 -6.56692913e+00  7.06656141e+00  1.39185622e+01  9.48033270e+00
 5.52952381e+00 -6.43307087e+00  7.20031013e+00  1.39180867e+01  9.47466133e+00
 5.52952381e+00 -6.29921260e+00  7.33404518e+00  1.39176480e+01  9.46890651e+00
 5.52952381e+00 -6.16535433e+00  7.46778439e+00  1.39171939e+01  9.46305689e+00
 5.52952381e+00 -6.03149606e+00  7.60153353e+00  1.39166976e+01  9.45711324e+00
 5.52952381e+00 -5.89763780e+00  7.73527361e+00  1.39161857e+01  9.45108790e+00
 5.52952381e+00 -5.76377953e+00  7.86896234e+00  1.39156753e+01  9.44501303e+00
 5.52952381e+00 -5.62992126e+00  8.00264162e+00  1.39151428e+01  9.43885428e+00
 5.52952381e+00 -5.49606299e+00  8.13637992e+00  1.39145523e+01  9.43254999e+00
 5.52952381e+00 -5.36220472e+00  8.27003198e+00  1.39139584e+01  9.42618819e+00
 5.52952381e+00 -5.22834646e+00  8.40361310e+00  1.39133332e+01  9.41976188e+00
 5.52952381e+00 -5.09448819e+00  8.53726826e+00  1.39126038e+01  9.41318174e+00
 5.52952381e+00 -4.96062992e+00  8.67089519e+00  1.39118860e+01  9.40650672e+00
 5.52952381e+00 -4.82677165e+00  8.80447090e+00  1.39111858e+01  9.39975289e+00
 5.52952381e+00 -4.69291339e+00  8.93805065e+00  1.39103850e+01  9.39288624e+00
 5.52952381e+00 -4.55905512e+00  9.07151914e+00  1.39094392e+01  9.38594910e+00
 5.52952381e+00 -4.42519685e+00  9.20487356e+00  1.39083872e+01  9.37889568e+00
 5.52952381e+00 -4.29133858e+00  9.33822962e+00  1.39073059e+01  9.37164344e+00
 5.52952381e+00 -4.15748031e+00  9.47162950e+00  1.39061991e+01  9.36431628e+00
 5.52952381e+00 -4.02362205e+00  9.60502190e+00  1.39050545e+01  9.35691727e+00
 5.52952381e+00 -3.88976378e+00  9.73830901e+00  1.39038486e+01  9.34933723e+00
 5.52952381e+00 -3.75590551e+00  9.87147620e+00  1.39025208e+01  9.34160904e+00
 5.52952381e+00 -3.62204724e+00  1.00045805e+01  1.39010432e+01  9.33374971e+00
 5.52952381e+00 -3.48818898e+00  1.01376850e+01  1.38994271e+01  9.32574316e+00
 5.52952381e+00 -3.35433071e+00  1.02707062e+01  1.38976898e+01  9.31761210e+00
 5.52952381e+00 -3.22047244e+00  1.04036027e+01  1.38958261e+01  9.30933718e+00
 5.52952381e+00 -3.08661417e+00  1.05363955e+01  1.38938066e+01  9.30086963e+00
 5.52952381e+00 -2.95275591e+00  1.06690804e+01  1.38915930e+01  9.29222530e+00
 5.52952381e+00 -2.81889764e+00  1.08016440e+01  1.38891415e+01  9.28341180e+00
 5.52952381e+00 -2.68503937e+00  1.09340746e+01  1.38864253e+01  9.27441767e+00
 5.52952381e+00 -2.55118110e+00  1.10663782e+01  1.38834894e+01  9.26524273e+00
 5.52952381e+00 -2.41732283e+00  1.11985369e+01  1.38802681e+01  9.25587329e+00
 5.52952381e+00 -2.28346457e+00  1.13305103e+01  1.38766250e+01  9.24628388e+00
 5.52952381e+00 -2.14960630e+00  1.14622804e+01  1.38726492e+01  9.23646786e+00
 5.52952381e+00 -2.01574803e+00  1.15938550e+01  1.38683130e+01  9.22643046e+00
 5.52952381e+00 -1.88188976e+00  1.17252415e+01  1.38634442e+01  9.21617451e+00
 5.52952381e+00 -1.74803150e+00  1.18563542e+01  1.38580736e+01  9.20566216e+00
 5.52952381e+00 -1.61417323e+00  1.19872130e+01  1.38522378e+01  9.19487579e+00
 5.52952381e+00 -1.48031496e+00  1.21179213e+01  1.38458792e+01  9.18382681e+00
 5.52952381e+00 -1.34645669e+00  1.22482020e+01  1.38388093e+01  9.17248848e+00
 5.52952381e+00 -1.21259843e+00  1.23782894e+01  1.38311157e+01  9.16085844e+00
 5.52952381e+00 -1.07874016e+00  1.25090306e+01  1.38231763e+01  9.14896336e+00
 5.52952381e+00 -9.44881890e-01  1.26393448e+01  1.38144082e+01  9.13673210e+00
 5.52952381e+00 -8.11023622e-01  1.27682125e+01  1.38044699e+01  9.12410455e+00
 5.52952381e+00 -6.77165354e-01  1.28963121e+01  1.37940739e+01  9.11109524e+00
 5.52952381e+00 -5.43307087e-01  1.30264975e+01  1.37846143e+01  9.09781484e+00
 5.52952381e+00 -4.09448819e-01  1.31610491e+01  1.37770012e+01  9.08433665e+00
 5.52952381e+00 -2.75590551e-01  1.32977147e+01  1.37699822e+01  9.07054970e+00
 5.52952381e+00 -1.41732283e-01  1.34342079e+01  1.37631512e+01  9.05625131e+00
 5.52952381e+00 -7.87401575e-03  1.35697042e+01  1.37567600e+01  9.04131174e+00
 5.52952381e+00  1.25984252e-01  1.37052240e+01  1.37510798e+01  9.02578022e+00
 5.52952381e+00  2.59842520e-01  1.38424777e+01  1.37475373e+01  9.00967475e+00
 5.52952381e+00  3.93700787e-01  1.39834863e+01  1.37481010e+01  8.99308959e+00
 5.52952381e+00  5.27559055e-01  1.41301304e+01  1.37544413e+01  8.97628166e+00
 5.52952381e+00  6.61417323e-01  1.42824799e+01  1.37664198e+01  8.95931160e+00
 5.52952381e+00  7.95275591e-01  1.44403135e+01  1.37831986e+01  8.94203764e+00
 5.52952381e+00  9.29133858e-01  1.46040787e+01  1.38044771e+01  8.92440430e+00
 5.52952381e+00  1.06299213e+00  1.47747075e+01  1.38314934e+01  8.90676725e+00
 5.52952381e+00  1.19685039e+00  1.49537482e+01  1.38678670e+01  8.88936515e+00
 5.52952381e+00  1.33070866e+00  1.51413447e+01  1.39155114e+01  8.87226374e+00
 5.52952381e+00  1.46456693e+00  1.53367085e+01  1.39734134e+01  8.85532107e+00
 5.52952381e+00  1.59842520e+00  1.55386759e+01  1.40401074e+01  8.83836908e+00
 5.52952381e+00  1.73228346e+00  1.57483364e+01  1.41151100e+01  8.82131084e+00
 5.52952381e+00  1.86614173e+00  1.59733881e+01  1.41969021e+01  8.80358757e+00
 5.52952381e+00  2.00000000e+00  1.62080820e+01  1.42854332e+01  8.78543189e+00
 5.60793651e+00 -1.50000000e+01 -1.30317103e+00  1.39941757e+01  9.74410318e+00
 5.60793651e+00 -1.48661417e+01 -1.16925076e+00  1.39944762e+01  9.74110020e+00
 5.60793651e+00 -1.47322835e+01 -1.03530760e+00  1.39947338e+01  9.73805841e+00
 5.60793651e+00 -1.45984252e+01 -9.01332098e-01  1.39949497e+01  9.73501128e+00
 5.60793651e+00 -1.44645669e+01 -7.67315552e-01  1.39951257e+01  9.73196299e+00
 5.60793651e+00 -1.43307087e+01 -6.33244449e-01  1.39952633e+01  9.72888856e+00
 5.60793651e+00 -1.41968504e+01 -4.99094726e-01  1.39953643e+01  9.72573685e+00
 5.60793651e+00 -1.40629921e+01 -3.64838215e-01  1.39954307e+01  9.72252896e+00
 5.60793651e+00 -1.39291339e+01 -2.30437869e-01  1.39954643e+01  9.71928136e+00
 5.60793651e+00 -1.37952756e+01 -9.58411062e-02  1.39954673e+01  9.71599348e+00
 5.60793651e+00 -1.36614173e+01  3.90255359e-02  1.39954416e+01  9.71265138e+00
 5.60793651e+00 -1.35275591e+01  1.74260338e-01  1.39953892e+01  9.70924715e+00
 5.60793651e+00 -1.33937008e+01  3.09997920e-01  1.39953123e+01  9.70583797e+00
 5.60793651e+00 -1.32598425e+01  4.46416864e-01  1.39952127e+01  9.70238620e+00
 5.60793651e+00 -1.31259843e+01  5.83783599e-01  1.39950923e+01  9.69883855e+00
 5.60793651e+00 -1.29921260e+01  7.20823512e-01  1.39949545e+01  9.69525357e+00
 5.60793651e+00 -1.28582677e+01  8.55537041e-01  1.39948043e+01  9.69172731e+00
 5.60793651e+00 -1.27244094e+01  9.89335286e-01  1.39946473e+01  9.68822091e+00
 5.60793651e+00 -1.25905512e+01  1.12319449e+00  1.39944907e+01  9.68466190e+00
 5.60793651e+00 -1.24566929e+01  1.25704169e+00  1.39943311e+01  9.68108587e+00
 5.60793651e+00 -1.23228346e+01  1.39088789e+00  1.39941695e+01  9.67750177e+00
 5.60793651e+00 -1.21889764e+01  1.52473521e+00  1.39940059e+01  9.67386654e+00
 5.60793651e+00 -1.20551181e+01  1.65858293e+00  1.39938402e+01  9.67018771e+00
 5.60793651e+00 -1.19212598e+01  1.79242995e+00  1.39936723e+01  9.66646809e+00
 5.60793651e+00 -1.17874016e+01  1.92627647e+00  1.39935019e+01  9.66269717e+00
 5.60793651e+00 -1.16535433e+01  2.06012402e+00  1.39933295e+01  9.65891779e+00
 5.60793651e+00 -1.15196850e+01  2.19397163e+00  1.39931546e+01  9.65513142e+00
 5.60793651e+00 -1.13858268e+01  2.32781639e+00  1.39929774e+01  9.65129401e+00
 5.60793651e+00 -1.12519685e+01  2.46166089e+00  1.39927977e+01  9.64745022e+00
 5.60793651e+00 -1.11181102e+01  2.59550647e+00  1.39926154e+01  9.64358121e+00
 5.60793651e+00 -1.09842520e+01  2.72935159e+00  1.39924306e+01  9.63960753e+00
 5.60793651e+00 -1.08503937e+01  2.86319588e+00  1.39922432e+01  9.63561744e+00
 5.60793651e+00 -1.07165354e+01  2.99704030e+00  1.39920531e+01  9.63163443e+00
 5.60793651e+00 -1.05826772e+01  3.13088583e+00  1.39918602e+01  9.62758478e+00
 5.60793651e+00 -1.04488189e+01  3.26472929e+00  1.39916646e+01  9.62349435e+00
 5.60793651e+00 -1.03149606e+01  3.39857073e+00  1.39914660e+01  9.61937299e+00
 5.60793651e+00 -1.01811024e+01  3.53241336e+00  1.39912645e+01  9.61519369e+00
 5.60793651e+00 -1.00472441e+01  3.66625505e+00  1.39910600e+01  9.61096744e+00
 5.60793651e+00 -9.91338583e+00  3.80009722e+00  1.39908524e+01  9.60671442e+00
 5.60793651e+00 -9.77952756e+00  3.93394432e+00  1.39906415e+01  9.60244624e+00
 5.60793651e+00 -9.64566929e+00  4.06779274e+00  1.39904274e+01  9.59814573e+00
 5.60793651e+00 -9.51181102e+00  4.20163682e+00  1.39902101e+01  9.59380015e+00
 5.60793651e+00 -9.37795276e+00  4.33547436e+00  1.39899895e+01  9.58940784e+00
 5.60793651e+00 -9.24409449e+00  4.46931553e+00  1.39897648e+01  9.58496715e+00
 5.60793651e+00 -9.11023622e+00  4.60315541e+00  1.39895375e+01  9.58050235e+00
 5.60793651e+00 -8.97637795e+00  4.73698257e+00  1.39893104e+01  9.57603439e+00
 5.60793651e+00 -8.84251969e+00  4.87082253e+00  1.39890809e+01  9.57148378e+00
 5.60793651e+00 -8.70866142e+00  5.00465224e+00  1.39888263e+01  9.56684634e+00
 5.60793651e+00 -8.57480315e+00  5.13843068e+00  1.39885300e+01  9.56218536e+00
 5.60793651e+00 -8.44094488e+00  5.27223878e+00  1.39882560e+01  9.55747810e+00
 5.60793651e+00 -8.30708661e+00  5.40608977e+00  1.39880152e+01  9.55271662e+00
 5.60793651e+00 -8.17322835e+00  5.53992114e+00  1.39877589e+01  9.54790855e+00
 5.60793651e+00 -8.03937008e+00  5.67371031e+00  1.39874612e+01  9.54301045e+00
 5.60793651e+00 -7.90551181e+00  5.80749108e+00  1.39871549e+01  9.53805844e+00
 5.60793651e+00 -7.77165354e+00  5.94131629e+00  1.39868834e+01  9.53311747e+00
 5.60793651e+00 -7.63779528e+00  6.07516283e+00  1.39865756e+01  9.52808768e+00
 5.60793651e+00 -7.50393701e+00  6.20897557e+00  1.39862471e+01  9.52296836e+00
 5.60793651e+00 -7.37007874e+00  6.34272980e+00  1.39859634e+01  9.51782786e+00
 5.60793651e+00 -7.23622047e+00  6.47653416e+00  1.39856449e+01  9.51259153e+00
 5.60793651e+00 -7.10236220e+00  6.61036692e+00  1.39852796e+01  9.50726685e+00
 5.60793651e+00 -6.96850394e+00  6.74412596e+00  1.39849198e+01  9.50192284e+00
 5.60793651e+00 -6.83464567e+00  6.87786821e+00  1.39845629e+01  9.49652859e+00
 5.60793651e+00 -6.70078740e+00  7.01164679e+00  1.39841963e+01  9.49105424e+00
 5.60793651e+00 -6.56692913e+00  7.14546199e+00  1.39838171e+01  9.48549779e+00
 5.60793651e+00 -6.43307087e+00  7.27924599e+00  1.39834473e+01  9.47988779e+00
 5.60793651e+00 -6.29921260e+00  7.41299656e+00  1.39830500e+01  9.47421197e+00
 5.60793651e+00 -6.16535433e+00  7.54675336e+00  1.39825873e+01  9.46843847e+00
 5.60793651e+00 -6.03149606e+00  7.68049885e+00  1.39821584e+01  9.46258165e+00
 5.60793651e+00 -5.89763780e+00  7.81424032e+00  1.39817464e+01  9.45663629e+00
 5.60793651e+00 -5.76377953e+00  7.94798918e+00  1.39812713e+01  9.45059717e+00
 5.60793651e+00 -5.62992126e+00  8.08169445e+00  1.39807847e+01  9.44451173e+00
 5.60793651e+00 -5.49606299e+00  8.21537996e+00  1.39802811e+01  9.43834025e+00
 5.60793651e+00 -5.36220472e+00  8.34909795e+00  1.39797227e+01  9.43202614e+00
 5.60793651e+00 -5.22834646e+00  8.48279919e+00  1.39791476e+01  9.42566128e+00
 5.60793651e+00 -5.09448819e+00  8.61644189e+00  1.39785484e+01  9.41921476e+00
 5.60793651e+00 -4.96062992e+00  8.75003690e+00  1.39779023e+01  9.41261724e+00
 5.60793651e+00 -4.82677165e+00  8.88367714e+00  1.39772563e+01  9.40598230e+00
 5.60793651e+00 -4.69291339e+00  9.01731193e+00  1.39765495e+01  9.39925337e+00
 5.60793651e+00 -4.55905512e+00  9.15083300e+00  1.39756940e+01  9.39232372e+00
 5.60793651e+00 -4.42519685e+00  9.28428603e+00  1.39747624e+01  9.38533299e+00
 5.60793651e+00 -4.29133858e+00  9.41775068e+00  1.39738144e+01  9.37828200e+00
 5.60793651e+00 -4.15748031e+00  9.55125210e+00  1.39728601e+01  9.37107965e+00
 5.60793651e+00 -4.02362205e+00  9.68466558e+00  1.39718551e+01  9.36373337e+00
 5.60793651e+00 -3.88976378e+00  9.81800005e+00  1.39707646e+01  9.35625305e+00
 5.60793651e+00 -3.75590551e+00  9.95133365e+00  1.39695713e+01  9.34863975e+00
 5.60793651e+00 -3.62204724e+00  1.00846311e+01  1.39682699e+01  9.34089852e+00
 5.60793651e+00 -3.48818898e+00  1.02178450e+01  1.39668690e+01  9.33302131e+00
 5.60793651e+00 -3.35433071e+00  1.03509566e+01  1.39653681e+01  9.32500029e+00
 5.60793651e+00 -3.22047244e+00  1.04840052e+01  1.39637225e+01  9.31685033e+00
 5.60793651e+00 -3.08661417e+00  1.06169763e+01  1.39619191e+01  9.30854192e+00
 5.60793651e+00 -2.95275591e+00  1.07498365e+01  1.39599635e+01  9.30004570e+00
 5.60793651e+00 -2.81889764e+00  1.08826207e+01  1.39578353e+01  9.29141824e+00
 5.60793651e+00 -2.68503937e+00  1.10153183e+01  1.39555217e+01  9.28262786e+00
 5.60793651e+00 -2.55118110e+00  1.11478930e+01  1.39530009e+01  9.27360806e+00
 5.60793651e+00 -2.41732283e+00  1.12803518e+01  1.39502039e+01  9.26440088e+00
 5.60793651e+00 -2.28346457e+00  1.14126627e+01  1.39471140e+01  9.25500230e+00
 5.60793651e+00 -2.14960630e+00  1.15447846e+01  1.39437430e+01  9.24537495e+00
 5.60793651e+00 -2.01574803e+00  1.16767457e+01  1.39400469e+01  9.23552816e+00
 5.60793651e+00 -1.88188976e+00  1.18084998e+01  1.39359359e+01  9.22546340e+00
 5.60793651e+00 -1.74803150e+00  1.19400187e+01  1.39313477e+01  9.21517065e+00
 5.60793651e+00 -1.61417323e+00  1.20715378e+01  1.39263918e+01  9.20464387e+00
 5.60793651e+00 -1.48031496e+00  1.22028873e+01  1.39210037e+01  9.19385900e+00
 5.60793651e+00 -1.34645669e+00  1.23336805e+01  1.39149944e+01  9.18278409e+00
 5.60793651e+00 -1.21259843e+00  1.24642407e+01  1.39084023e+01  9.17140998e+00
 5.60793651e+00 -1.07874016e+00  1.25951399e+01  1.39014919e+01  9.15976571e+00
 5.60793651e+00 -9.44881890e-01  1.27265347e+01  1.38943621e+01  9.14786869e+00
 5.60793651e+00 -8.11023622e-01  1.28563835e+01  1.38857322e+01  9.13555160e+00
 5.60793651e+00 -6.77165354e-01  1.29848413e+01  1.38762704e+01  9.12280791e+00
 5.60793651e+00 -5.43307087e-01  1.31149510e+01  1.38685172e+01  9.10980870e+00
 5.60793651e+00 -4.09448819e-01  1.32482646e+01  1.38616322e+01  9.09657965e+00
 5.60793651e+00 -2.75590551e-01  1.33844110e+01  1.38547507e+01  9.08303918e+00
 5.60793651e+00 -1.41732283e-01  1.35210876e+01  1.38486957e+01  9.06903790e+00
 5.60793651e+00 -7.87401575e-03  1.36569491e+01  1.38431527e+01  9.05447403e+00
 5.60793651e+00  1.25984252e-01  1.37919298e+01  1.38381237e+01  9.03932744e+00
 5.60793651e+00  2.59842520e-01  1.39272191e+01  1.38346240e+01  9.02365049e+00
 5.60793651e+00  3.93700787e-01  1.40653886e+01  1.38341964e+01  9.00751929e+00
 5.60793651e+00  5.27559055e-01  1.42082876e+01  1.38378932e+01  8.99099503e+00
 5.60793651e+00  6.61417323e-01  1.43561684e+01  1.38458508e+01  8.97413940e+00
 5.60793651e+00  7.95275591e-01  1.45088395e+01  1.38581444e+01  8.95702314e+00
 5.60793651e+00  9.29133858e-01  1.46666028e+01  1.38745151e+01  8.93970169e+00
 5.60793651e+00  1.06299213e+00  1.48306330e+01  1.38959719e+01  8.92225150e+00
 5.60793651e+00  1.19685039e+00  1.50025056e+01  1.39255047e+01  8.90485845e+00
 5.60793651e+00  1.33070866e+00  1.51828674e+01  1.39653756e+01  8.88774138e+00
 5.60793651e+00  1.46456693e+00  1.53713755e+01  1.40155905e+01  8.87067149e+00
 5.60793651e+00  1.59842520e+00  1.55671731e+01  1.40751209e+01  8.85367878e+00
 5.60793651e+00  1.73228346e+00  1.57719992e+01  1.41438358e+01  8.83662758e+00
 5.60793651e+00  1.86614173e+00  1.59924708e+01  1.42197238e+01  8.81907400e+00
 5.60793651e+00  2.00000000e+00  1.62232573e+01  1.43035309e+01  8.80103966e+00
 5.68634921e+00 -1.50000000e+01 -1.22457529e+00  1.40588538e+01  9.74673257e+00
 5.68634921e+00 -1.48661417e+01 -1.09065318e+00  1.40592042e+01  9.74374551e+00
 5.68634921e+00 -1.47322835e+01 -9.56713070e-01  1.40595074e+01  9.74073768e+00
 5.68634921e+00 -1.45984252e+01 -8.22745558e-01  1.40597650e+01  9.73769468e+00
 5.68634921e+00 -1.44645669e+01 -6.88725894e-01  1.40599786e+01  9.73464932e+00
 5.68634921e+00 -1.43307087e+01 -5.54647483e-01  1.40601504e+01  9.73159493e+00
 5.68634921e+00 -1.41968504e+01 -4.20497906e-01  1.40602824e+01  9.72851592e+00
 5.68634921e+00 -1.40629921e+01 -2.86242612e-01  1.40603767e+01  9.72539808e+00
 5.68634921e+00 -1.39291339e+01 -1.51841036e-01  1.40604359e+01  9.72220647e+00
 5.68634921e+00 -1.37952756e+01 -1.72440098e-02  1.40604623e+01  9.71894009e+00
 5.68634921e+00 -1.36614173e+01  1.17615158e-01  1.40604583e+01  9.71567472e+00
 5.68634921e+00 -1.35275591e+01  2.52847199e-01  1.40604265e+01  9.71234339e+00
 5.68634921e+00 -1.33937008e+01  3.88591763e-01  1.40603693e+01  9.70892132e+00
 5.68634921e+00 -1.32598425e+01  5.25015223e-01  1.40602892e+01  9.70549333e+00
 5.68634921e+00 -1.31259843e+01  6.62428964e-01  1.40601884e+01  9.70200059e+00
 5.68634921e+00 -1.29921260e+01  7.99500250e-01  1.40600708e+01  9.69845085e+00
 5.68634921e+00 -1.28582677e+01  9.34251853e-01  1.40599413e+01  9.69493113e+00
 5.68634921e+00 -1.27244094e+01  1.06808049e+00  1.40598102e+01  9.69143038e+00
 5.68634921e+00 -1.25905512e+01  1.20193323e+00  1.40596823e+01  9.68791371e+00
 5.68634921e+00 -1.24566929e+01  1.33578863e+00  1.40595491e+01  9.68435598e+00
 5.68634921e+00 -1.23228346e+01  1.46964287e+00  1.40594158e+01  9.68078597e+00
 5.68634921e+00 -1.21889764e+01  1.60349143e+00  1.40592803e+01  9.67719896e+00
 5.68634921e+00 -1.20551181e+01  1.73734056e+00  1.40591428e+01  9.67355901e+00
 5.68634921e+00 -1.19212598e+01  1.87119130e+00  1.40590033e+01  9.66987631e+00
 5.68634921e+00 -1.17874016e+01  2.00503936e+00  1.40588619e+01  9.66615186e+00
 5.68634921e+00 -1.16535433e+01  2.13888152e+00  1.40587187e+01  9.66238034e+00
 5.68634921e+00 -1.15196850e+01  2.27273069e+00  1.40585732e+01  9.65859823e+00
 5.68634921e+00 -1.13858268e+01  2.40658573e+00  1.40584257e+01  9.65480302e+00
 5.68634921e+00 -1.12519685e+01  2.54043442e+00  1.40582760e+01  9.65096806e+00
 5.68634921e+00 -1.11181102e+01  2.67428100e+00  1.40581241e+01  9.64712871e+00
 5.68634921e+00 -1.09842520e+01  2.80812924e+00  1.40579700e+01  9.64325048e+00
 5.68634921e+00 -1.08503937e+01  2.94197761e+00  1.40578135e+01  9.63927245e+00
 5.68634921e+00 -1.07165354e+01  3.07581964e+00  1.40576547e+01  9.63528121e+00
 5.68634921e+00 -1.05826772e+01  3.20966186e+00  1.40574934e+01  9.63128635e+00
 5.68634921e+00 -1.04488189e+01  3.34351436e+00  1.40573296e+01  9.62723166e+00
 5.68634921e+00 -1.03149606e+01  3.47736216e+00  1.40571632e+01  9.62314039e+00
 5.68634921e+00 -1.01811024e+01  3.61120870e+00  1.40569943e+01  9.61901429e+00
 5.68634921e+00 -1.00472441e+01  3.74505982e+00  1.40568227e+01  9.61483168e+00
 5.68634921e+00 -9.91338583e+00  3.87887239e+00  1.40566479e+01  9.61059620e+00
 5.68634921e+00 -9.77952756e+00  4.01264864e+00  1.40564707e+01  9.60633681e+00
 5.68634921e+00 -9.64566929e+00  4.14643297e+00  1.40562912e+01  9.60207724e+00
 5.68634921e+00 -9.51181102e+00  4.28026167e+00  1.40561053e+01  9.59777928e+00
 5.68634921e+00 -9.37795276e+00  4.41411621e+00  1.40559230e+01  9.59342778e+00
 5.68634921e+00 -9.24409449e+00  4.54795645e+00  1.40557453e+01  9.58903089e+00
 5.68634921e+00 -9.11023622e+00  4.68179781e+00  1.40555175e+01  9.58458816e+00
 5.68634921e+00 -8.97637795e+00  4.81564300e+00  1.40552730e+01  9.58012509e+00
 5.68634921e+00 -8.84251969e+00  4.94948360e+00  1.40550760e+01  9.57565289e+00
 5.68634921e+00 -8.70866142e+00  5.08332590e+00  1.40548749e+01  9.57109161e+00
 5.68634921e+00 -8.57480315e+00  5.21714368e+00  1.40546558e+01  9.56645129e+00
 5.68634921e+00 -8.44094488e+00  5.35092315e+00  1.40544426e+01  9.56178826e+00
 5.68634921e+00 -8.30708661e+00  5.48474586e+00  1.40542406e+01  9.55707639e+00
 5.68634921e+00 -8.17322835e+00  5.61859731e+00  1.40540114e+01  9.55231168e+00
 5.68634921e+00 -8.03937008e+00  5.75242166e+00  1.40537309e+01  9.54749648e+00
 5.68634921e+00 -7.90551181e+00  5.88625867e+00  1.40534814e+01  9.54258877e+00
 5.68634921e+00 -7.77165354e+00  6.02008192e+00  1.40532610e+01  9.53763800e+00
 5.68634921e+00 -7.63779528e+00  6.15385942e+00  1.40530174e+01  9.53269574e+00
 5.68634921e+00 -7.50393701e+00  6.28767829e+00  1.40527486e+01  9.52765606e+00
 5.68634921e+00 -7.37007874e+00  6.42150449e+00  1.40524511e+01  9.52253284e+00
 5.68634921e+00 -7.23622047e+00  6.55527631e+00  1.40521373e+01  9.51738421e+00
 5.68634921e+00 -7.10236220e+00  6.68908451e+00  1.40518658e+01  9.51214427e+00
 5.68634921e+00 -6.96850394e+00  6.82289612e+00  1.40515997e+01  9.50682515e+00
 5.68634921e+00 -6.83464567e+00  6.95665381e+00  1.40512779e+01  9.50147223e+00
 5.68634921e+00 -6.70078740e+00  7.09045983e+00  1.40509397e+01  9.49605945e+00
 5.68634921e+00 -6.56692913e+00  7.22428527e+00  1.40506064e+01  9.49057242e+00
 5.68634921e+00 -6.43307087e+00  7.35805331e+00  1.40502726e+01  9.48501725e+00
 5.68634921e+00 -6.29921260e+00  7.49180465e+00  1.40499221e+01  9.47940733e+00
 5.68634921e+00 -6.16535433e+00  7.62558309e+00  1.40495644e+01  9.47372259e+00
 5.68634921e+00 -6.03149606e+00  7.75939397e+00  1.40492042e+01  9.46794029e+00
 5.68634921e+00 -5.89763780e+00  7.89317754e+00  1.40488009e+01  9.46207335e+00
 5.68634921e+00 -5.76377953e+00  8.02690231e+00  1.40483623e+01  9.45611802e+00
 5.68634921e+00 -5.62992126e+00  8.16058846e+00  1.40479171e+01  9.45007667e+00
 5.68634921e+00 -5.49606299e+00  8.29431268e+00  1.40474668e+01  9.44398560e+00
 5.68634921e+00 -5.36220472e+00  8.42807039e+00  1.40470143e+01  9.43779662e+00
 5.68634921e+00 -5.22834646e+00  8.56180987e+00  1.40465472e+01  9.43147328e+00
 5.68634921e+00 -5.09448819e+00  8.69549665e+00  1.40460197e+01  9.42510314e+00
 5.68634921e+00 -4.96062992e+00  8.82916036e+00  1.40454382e+01  9.41864361e+00
 5.68634921e+00 -4.82677165e+00  8.96282815e+00  1.40448345e+01  9.41204518e+00
 5.68634921e+00 -4.69291339e+00  9.09645160e+00  1.40442169e+01  9.40540299e+00
 5.68634921e+00 -4.55905512e+00  9.23001580e+00  1.40435124e+01  9.39864897e+00
 5.68634921e+00 -4.42519685e+00  9.36354031e+00  1.40426815e+01  9.39171438e+00
 5.68634921e+00 -4.29133858e+00  9.49706200e+00  1.40418343e+01  9.38472309e+00
 5.68634921e+00 -4.15748031e+00  9.63058094e+00  1.40409871e+01  9.37764960e+00
 5.68634921e+00 -4.02362205e+00  9.76407561e+00  1.40401063e+01  9.37042163e+00
 5.68634921e+00 -3.88976378e+00  9.89752800e+00  1.40391794e+01  9.36306374e+00
 5.68634921e+00 -3.75590551e+00  1.00309552e+01  1.40381433e+01  9.35556898e+00
 5.68634921e+00 -3.62204724e+00  1.01643572e+01  1.40369653e+01  9.34793454e+00
 5.68634921e+00 -3.48818898e+00  1.02976688e+01  1.40357246e+01  9.34020584e+00
 5.68634921e+00 -3.35433071e+00  1.04308992e+01  1.40344123e+01  9.33234860e+00
 5.68634921e+00 -3.22047244e+00  1.05640782e+01  1.40329830e+01  9.32431836e+00
 5.68634921e+00 -3.08661417e+00  1.06971903e+01  1.40314302e+01  9.31614139e+00
 5.68634921e+00 -2.95275591e+00  1.08302423e+01  1.40297510e+01  9.30781476e+00
 5.68634921e+00 -2.81889764e+00  1.09632338e+01  1.40279225e+01  9.29931259e+00
 5.68634921e+00 -2.68503937e+00  1.10961215e+01  1.40258885e+01  9.29061180e+00
 5.68634921e+00 -2.55118110e+00  1.12288872e+01  1.40236587e+01  9.28175309e+00
 5.68634921e+00 -2.41732283e+00  1.13615442e+01  1.40212528e+01  9.27276111e+00
 5.68634921e+00 -2.28346457e+00  1.14941274e+01  1.40186298e+01  9.26355709e+00
 5.68634921e+00 -2.14960630e+00  1.16265919e+01  1.40157465e+01  9.25410507e+00
 5.68634921e+00 -2.01574803e+00  1.17588690e+01  1.40125750e+01  9.24442861e+00
 5.68634921e+00 -1.88188976e+00  1.18909505e+01  1.40091067e+01  9.23459767e+00
 5.68634921e+00 -1.74803150e+00  1.20229013e+01  1.40052790e+01  9.22455261e+00
 5.68634921e+00 -1.61417323e+00  1.21548026e+01  1.40010489e+01  9.21421307e+00
 5.68634921e+00 -1.48031496e+00  1.22866456e+01  1.39964851e+01  9.20364042e+00
 5.68634921e+00 -1.34645669e+00  1.24180303e+01  1.39914109e+01  9.19282249e+00
 5.68634921e+00 -1.21259843e+00  1.25488684e+01  1.39857137e+01  9.18170983e+00
 5.68634921e+00 -1.07874016e+00  1.26804137e+01  1.39798483e+01  9.17030620e+00
 5.68634921e+00 -9.44881890e-01  1.28121852e+01  1.39736472e+01  9.15860700e+00
 5.68634921e+00 -8.11023622e-01  1.29427356e+01  1.39666191e+01  9.14659205e+00
 5.68634921e+00 -6.77165354e-01  1.30722841e+01  1.39589419e+01  9.13419770e+00
 5.68634921e+00 -5.43307087e-01  1.32022758e+01  1.39513821e+01  9.12146504e+00
 5.68634921e+00 -4.09448819e-01  1.33346254e+01  1.39448365e+01  9.10848800e+00
 5.68634921e+00 -2.75590551e-01  1.34697900e+01  1.39391008e+01  9.09521077e+00
 5.68634921e+00 -1.41732283e-01  1.36064856e+01  1.39338521e+01  9.08154368e+00
 5.68634921e+00 -7.87401575e-03  1.37424945e+01  1.39289206e+01  9.06739999e+00
 5.68634921e+00  1.25984252e-01  1.38773653e+01  1.39242884e+01  9.05264798e+00
 5.68634921e+00  2.59842520e-01  1.40120479e+01  1.39207876e+01  9.03731476e+00
 5.68634921e+00  3.93700787e-01  1.41483619e+01  1.39199355e+01  9.02153992e+00
 5.68634921e+00  5.27559055e-01  1.42882397e+01  1.39231521e+01  9.00542013e+00
 5.68634921e+00  6.61417323e-01  1.44323173e+01  1.39295435e+01  8.98893513e+00
 5.68634921e+00  7.95275591e-01  1.45803722e+01  1.39373736e+01  8.97205299e+00
 5.68634921e+00  9.29133858e-01  1.47329246e+01  1.39478901e+01  8.95489108e+00
 5.68634921e+00  1.06299213e+00  1.48911681e+01  1.39638187e+01  8.93760455e+00
 5.68634921e+00  1.19685039e+00  1.50564666e+01  1.39875468e+01  8.92035195e+00
 5.68634921e+00  1.33070866e+00  1.52297459e+01  1.40203885e+01  8.90316874e+00
 5.68634921e+00  1.46456693e+00  1.54111260e+01  1.40628282e+01  8.88598497e+00
 5.68634921e+00  1.59842520e+00  1.56002717e+01  1.41147968e+01  8.86895228e+00
 5.68634921e+00  1.73228346e+00  1.57997827e+01  1.41768288e+01  8.85183511e+00
 5.68634921e+00  1.86614173e+00  1.60148698e+01  1.42462357e+01  8.83441446e+00
 5.68634921e+00  2.00000000e+00  1.62411476e+01  1.43248083e+01  8.81652491e+00
 5.76476190e+00 -1.50000000e+01 -1.14630887e+00  1.41255887e+01  9.74919209e+00
 5.76476190e+00 -1.48661417e+01 -1.01238515e+00  1.41259352e+01  9.74621057e+00
 5.76476190e+00 -1.47322835e+01 -8.78378592e-01  1.41262289e+01  9.74322382e+00
 5.76476190e+00 -1.45984252e+01 -7.44394853e-01  1.41264719e+01  9.74023580e+00
 5.76476190e+00 -1.44645669e+01 -6.10444650e-01  1.41266669e+01  9.73723201e+00
 5.76476190e+00 -1.43307087e+01 -4.76384820e-01  1.41268172e+01  9.73419485e+00
 5.76476190e+00 -1.41968504e+01 -3.42220722e-01  1.41269258e+01  9.73114397e+00
 5.76476190e+00 -1.40629921e+01 -2.07968275e-01  1.41269960e+01  9.72808116e+00
 5.76476190e+00 -1.39291339e+01 -7.35803892e-02  1.41270312e+01  9.72494754e+00
 5.76476190e+00 -1.37952756e+01  6.10561564e-02  1.41270349e+01  9.72172721e+00
 5.76476190e+00 -1.36614173e+01  1.95975137e-01  1.41270105e+01  9.71844855e+00
 5.76476190e+00 -1.35275591e+01  3.31159669e-01  1.41269618e+01  9.71514758e+00
 5.76476190e+00 -1.33937008e+01  4.66853036e-01  1.41268922e+01  9.71182843e+00
 5.76476190e+00 -1.32598425e+01  6.03292688e-01  1.41268053e+01  9.70846122e+00
 5.76476190e+00 -1.31259843e+01  7.40702090e-01  1.41267046e+01  9.70502556e+00
 5.76476190e+00 -1.29921260e+01  8.77815932e-01  1.41265948e+01  9.70147817e+00
 5.76476190e+00 -1.28582677e+01  1.01264689e+00  1.41264821e+01  9.69794252e+00
 5.76476190e+00 -1.27244094e+01  1.14656386e+00  1.41263787e+01  9.69450868e+00
 5.76476190e+00 -1.25905512e+01  1.28040438e+00  1.41262749e+01  9.69100385e+00
 5.76476190e+00 -1.24566929e+01  1.41419584e+00  1.41261649e+01  9.68741886e+00
 5.76476190e+00 -1.23228346e+01  1.54804549e+00  1.41260575e+01  9.68385196e+00
 5.76476190e+00 -1.21889764e+01  1.68190836e+00  1.41259465e+01  9.68028764e+00
 5.76476190e+00 -1.20551181e+01  1.81575288e+00  1.41258343e+01  9.67669537e+00
 5.76476190e+00 -1.19212598e+01  1.94959593e+00  1.41257207e+01  9.67305313e+00
 5.76476190e+00 -1.17874016e+01  2.08349534e+00  1.41256052e+01  9.66935449e+00
 5.76476190e+00 -1.16535433e+01  2.21738441e+00  1.41254881e+01  9.66563865e+00
 5.76476190e+00 -1.15196850e+01  2.35117905e+00  1.41253693e+01  9.66192984e+00
 5.76476190e+00 -1.13858268e+01  2.48499787e+00  1.41252487e+01  9.65813705e+00
 5.76476190e+00 -1.12519685e+01  2.61886110e+00  1.41251262e+01  9.65428617e+00
 5.76476190e+00 -1.11181102e+01  2.75271317e+00  1.41250018e+01  9.65045525e+00
 5.76476190e+00 -1.09842520e+01  2.88654940e+00  1.41248755e+01  9.64660799e+00
 5.76476190e+00 -1.08503937e+01  3.02041627e+00  1.41247472e+01  9.64272379e+00
 5.76476190e+00 -1.07165354e+01  3.15432826e+00  1.41246168e+01  9.63880351e+00
 5.76476190e+00 -1.05826772e+01  3.28815926e+00  1.41244844e+01  9.63484258e+00
 5.76476190e+00 -1.04488189e+01  3.42195070e+00  1.41243500e+01  9.63083642e+00
 5.76476190e+00 -1.03149606e+01  3.55580133e+00  1.41242132e+01  9.62678424e+00
 5.76476190e+00 -1.01811024e+01  3.68964988e+00  1.41240738e+01  9.62269203e+00
 5.76476190e+00 -1.00472441e+01  3.82350553e+00  1.41239331e+01  9.61854860e+00
 5.76476190e+00 -9.91338583e+00  3.95739801e+00  1.41237912e+01  9.61435462e+00
 5.76476190e+00 -9.77952756e+00  4.09126395e+00  1.41236437e+01  9.61016066e+00
 5.76476190e+00 -9.64566929e+00  4.22507783e+00  1.41234979e+01  9.60595197e+00
 5.76476190e+00 -9.51181102e+00  4.35886726e+00  1.41233494e+01  9.60168939e+00
 5.76476190e+00 -9.37795276e+00  4.49269984e+00  1.41231565e+01  9.59738089e+00
 5.76476190e+00 -9.24409449e+00  4.62655897e+00  1.41229549e+01  9.59302782e+00
 5.76476190e+00 -9.11023622e+00  4.76040110e+00  1.41227921e+01  9.58862636e+00
 5.76476190e+00 -8.97637795e+00  4.89424265e+00  1.41226315e+01  9.58418125e+00
 5.76476190e+00 -8.84251969e+00  5.02808906e+00  1.41224648e+01  9.57972012e+00
 5.76476190e+00 -8.70866142e+00  5.16193620e+00  1.41222993e+01  9.57524253e+00
 5.76476190e+00 -8.57480315e+00  5.29578114e+00  1.41221263e+01  9.57067073e+00
 5.76476190e+00 -8.44094488e+00  5.42959680e+00  1.41219550e+01  9.56602777e+00
 5.76476190e+00 -8.30708661e+00  5.56338135e+00  1.41217799e+01  9.56136209e+00
 5.76476190e+00 -8.17322835e+00  5.69720572e+00  1.41215516e+01  9.55664601e+00
 5.76476190e+00 -8.03937008e+00  5.83106046e+00  1.41213143e+01  9.55187754e+00
 5.76476190e+00 -7.90551181e+00  5.96490647e+00  1.41211254e+01  9.54705351e+00
 5.76476190e+00 -7.77165354e+00  6.09874352e+00  1.41209538e+01  9.54213896e+00
 5.76476190e+00 -7.63779528e+00  6.23255515e+00  1.41207392e+01  9.53719173e+00
 5.76476190e+00 -7.50393701e+00  6.36634036e+00  1.41204717e+01  9.53224474e+00
 5.76476190e+00 -7.37007874e+00  6.50014696e+00  1.41202453e+01  9.52719537e+00
 5.76476190e+00 -7.23622047e+00  6.63399153e+00  1.41200243e+01  9.52207273e+00
 5.76476190e+00 -7.10236220e+00  6.76784010e+00  1.41197617e+01  9.51691598e+00
 5.76476190e+00 -6.96850394e+00  6.90161739e+00  1.41195191e+01  9.51165352e+00
 5.76476190e+00 -6.83464567e+00  7.03540135e+00  1.41192728e+01  9.50635600e+00
 5.76476190e+00 -6.70078740e+00  7.16924706e+00  1.41189860e+01  9.50105858e+00
 5.76476190e+00 -6.56692913e+00  7.30303571e+00  1.41186875e+01  9.49561091e+00
 5.76476190e+00 -6.43307087e+00  7.43677995e+00  1.41183917e+01  9.49006651e+00
 5.76476190e+00 -6.29921260e+00  7.57055030e+00  1.41180971e+01  9.48451109e+00
 5.76476190e+00 -6.16535433e+00  7.70437633e+00  1.41177928e+01  9.47889739e+00
 5.76476190e+00 -6.03149606e+00  7.83819299e+00  1.41174695e+01  9.47319950e+00
 5.76476190e+00 -5.89763780e+00  7.97195172e+00  1.41171317e+01  9.46741201e+00
 5.76476190e+00 -5.76377953e+00  8.10570256e+00  1.41167997e+01  9.46153855e+00
 5.76476190e+00 -5.62992126e+00  8.23945158e+00  1.41164403e+01  9.45557302e+00
 5.76476190e+00 -5.49606299e+00  8.37319967e+00  1.41160316e+01  9.44952462e+00
 5.76476190e+00 -5.36220472e+00  8.50697013e+00  1.41156127e+01  9.44342561e+00
 5.76476190e+00 -5.22834646e+00  8.64070140e+00  1.41152025e+01  9.43722397e+00
 5.76476190e+00 -5.09448819e+00  8.77437799e+00  1.41147758e+01  9.43089673e+00
 5.76476190e+00 -4.96062992e+00  8.90810477e+00  1.41142714e+01  9.42451728e+00
 5.76476190e+00 -4.82677165e+00  9.04183168e+00  1.41137548e+01  9.41803905e+00
 5.76476190e+00 -4.69291339e+00  9.17549004e+00  1.41132451e+01  9.41143770e+00
 5.76476190e+00 -4.55905512e+00  9.30910203e+00  1.41126166e+01  9.40479322e+00
 5.76476190e+00 -4.42519685e+00  9.44269908e+00  1.41119075e+01  9.39801602e+00
 5.76476190e+00 -4.29133858e+00  9.57629961e+00  1.41111822e+01  9.39106347e+00
 5.76476190e+00 -4.15748031e+00  9.70989553e+00  1.41104282e+01  9.38406657e+00
 5.76476190e+00 -4.02362205e+00  9.84344430e+00  1.41096657e+01  9.37698237e+00
 5.76476190e+00 -3.88976378e+00  9.97694547e+00  1.41088792e+01  9.36973816e+00
 5.76476190e+00 -3.75590551e+00  1.01104646e+01  1.41079823e+01  9.36234738e+00
 5.76476190e+00 -3.62204724e+00  1.02439222e+01  1.41069711e+01  9.35486667e+00
 5.76476190e+00 -3.48818898e+00  1.03772732e+01  1.41058808e+01  9.34729285e+00
 5.76476190e+00 -3.35433071e+00  1.05106096e+01  1.41047396e+01  9.33952555e+00
 5.76476190e+00 -3.22047244e+00  1.06439248e+01  1.41035154e+01  9.33159585e+00
 5.76476190e+00 -3.08661417e+00  1.07771815e+01  1.41021740e+01  9.32354883e+00
 5.76476190e+00 -2.95275591e+00  1.09103691e+01  1.41007118e+01  9.31535866e+00
 5.76476190e+00 -2.81889764e+00  1.10434914e+01  1.40990952e+01  9.30698939e+00
 5.76476190e+00 -2.68503937e+00  1.11765403e+01  1.40973240e+01  9.29844711e+00
 5.76476190e+00 -2.55118110e+00  1.13094875e+01  1.40954519e+01  9.28978697e+00
 5.76476190e+00 -2.41732283e+00  1.14423557e+01  1.40934042e+01  9.28093204e+00
 5.76476190e+00 -2.28346457e+00  1.15751529e+01  1.40911310e+01  9.27184607e+00
 5.76476190e+00 -2.14960630e+00  1.17078325e+01  1.40886932e+01  9.26262670e+00
 5.76476190e+00 -2.01574803e+00  1.18403867e+01  1.40860032e+01  9.25320472e+00
 5.76476190e+00 -1.88188976e+00  1.19728089e+01  1.40829828e+01  9.24351712e+00
 5.76476190e+00 -1.74803150e+00  1.21050816e+01  1.40796826e+01  9.23363219e+00
 5.76476190e+00 -1.61417323e+00  1.22373246e+01  1.40761504e+01  9.22355273e+00
 5.76476190e+00 -1.48031496e+00  1.23694900e+01  1.40723184e+01  9.21323056e+00
 5.76476190e+00 -1.34645669e+00  1.25012022e+01  1.40679659e+01  9.20260411e+00
 5.76476190e+00 -1.21259843e+00  1.26327195e+01  1.40631660e+01  9.19169634e+00
 5.76476190e+00 -1.07874016e+00  1.27644417e+01  1.40581018e+01  9.18055084e+00
 5.76476190e+00 -9.44881890e-01  1.28963572e+01  1.40528265e+01  9.16916622e+00
 5.76476190e+00 -8.11023622e-01  1.30279005e+01  1.40469332e+01  9.15744735e+00
 5.76476190e+00 -6.77165354e-01  1.31585424e+01  1.40403600e+01  9.14532002e+00
 5.76476190e+00 -5.43307087e-01  1.32885663e+01  1.40341031e+01  9.13284870e+00
 5.76476190e+00 -4.09448819e-01  1.34199721e+01  1.40283725e+01  9.12012602e+00
 5.76476190e+00 -2.75590551e-01  1.35546153e+01  1.40230559e+01  9.10718310e+00
 5.76476190e+00 -1.41732283e-01  1.36908990e+01  1.40184502e+01  9.09389019e+00
 5.76476190e+00 -7.87401575e-03  1.38270116e+01  1.40142996e+01  9.08009813e+00
 5.76476190e+00  1.25984252e-01  1.39620151e+01  1.40102257e+01  9.06571847e+00
 5.76476190e+00  2.59842520e-01  1.40962737e+01  1.40065949e+01  9.05077507e+00
 5.76476190e+00  3.93700787e-01  1.42314501e+01  1.40051471e+01  9.03536111e+00
 5.76476190e+00  5.27559055e-01  1.43692600e+01  1.40072163e+01  9.01956471e+00
 5.76476190e+00  6.61417323e-01  1.45100782e+01  1.40115702e+01  9.00341686e+00
 5.76476190e+00  7.95275591e-01  1.46542907e+01  1.40169552e+01  8.98687060e+00
 5.76476190e+00  9.29133858e-01  1.48025439e+01  1.40239557e+01  8.96996321e+00
 5.76476190e+00  1.06299213e+00  1.49557928e+01  1.40355434e+01  8.95289008e+00
 5.76476190e+00  1.19685039e+00  1.51151805e+01  1.40537688e+01  8.93574357e+00
 5.76476190e+00  1.33070866e+00  1.52817096e+01  1.40799517e+01  8.91855233e+00
 5.76476190e+00  1.46456693e+00  1.54560180e+01  1.41150161e+01  8.90138266e+00
 5.76476190e+00  1.59842520e+00  1.56383568e+01  1.41595414e+01  8.88431079e+00
 5.76476190e+00  1.73228346e+00  1.58320662e+01  1.42138793e+01  8.86706210e+00
 5.76476190e+00  1.86614173e+00  1.60410609e+01  1.42767931e+01  8.84957715e+00
 5.76476190e+00  2.00000000e+00  1.62621817e+01  1.43496147e+01  8.83180477e+00
 5.84317460e+00 -1.50000000e+01 -1.06785627e+00  1.41922144e+01  9.75172873e+00
 5.84317460e+00 -1.48661417e+01 -9.33925589e-01  1.41927953e+01  9.74872195e+00
 5.84317460e+00 -1.47322835e+01 -7.99970401e-01  1.41932903e+01  9.74575234e+00
 5.84317460e+00 -1.45984252e+01 -6.66008361e-01  1.41937031e+01  9.74283940e+00
 5.84317460e+00 -1.44645669e+01 -5.32002467e-01  1.41940383e+01  9.73985643e+00
 5.84317460e+00 -1.43307087e+01 -3.97926930e-01  1.41943011e+01  9.73679001e+00
 5.84317460e+00 -1.41968504e+01 -2.63775479e-01  1.41944973e+01  9.73374372e+00
 5.84317460e+00 -1.40629921e+01 -1.29522505e-01  1.41946331e+01  9.73070265e+00
 5.84317460e+00 -1.39291339e+01  4.88027710e-03  1.41947152e+01  9.72762263e+00
 5.84317460e+00 -1.37952756e+01  1.39492958e-01  1.41947505e+01  9.72447526e+00
 5.84317460e+00 -1.36614173e+01  2.74357448e-01  1.41947460e+01  9.72126872e+00
 5.84317460e+00 -1.35275591e+01  4.09575561e-01  1.41947089e+01  9.71803669e+00
 5.84317460e+00 -1.33937008e+01  5.45312175e-01  1.41946466e+01  9.71479147e+00
 5.84317460e+00 -1.32598425e+01  6.81740223e-01  1.41945664e+01  9.71141682e+00
 5.84317460e+00 -1.31259843e+01  8.19110177e-01  1.41944755e+01  9.70796392e+00
 5.84317460e+00 -1.29921260e+01  9.56321171e-01  1.41943825e+01  9.70450596e+00
 5.84317460e+00 -1.28582677e+01  1.09122499e+00  1.41942975e+01  9.70106849e+00
 5.84317460e+00 -1.27244094e+01  1.22506098e+00  1.41942218e+01  9.69760344e+00
 5.84317460e+00 -1.25905512e+01  1.35890015e+00  1.41941323e+01  9.69409383e+00
 5.84317460e+00 -1.24566929e+01  1.49274692e+00  1.41940449e+01  9.69058551e+00
 5.84317460e+00 -1.23228346e+01  1.62660339e+00  1.41939597e+01  9.68706092e+00
 5.84317460e+00 -1.21889764e+01  1.76045658e+00  1.41938691e+01  9.68349354e+00
 5.84317460e+00 -1.20551181e+01  1.89430635e+00  1.41937798e+01  9.67992228e+00
 5.84317460e+00 -1.19212598e+01  2.02816412e+00  1.41936882e+01  9.67632644e+00
 5.84317460e+00 -1.17874016e+01  2.16203130e+00  1.41935952e+01  9.67267539e+00
 5.84317460e+00 -1.16535433e+01  2.29587829e+00  1.41935011e+01  9.66899727e+00
 5.84317460e+00 -1.15196850e+01  2.42971737e+00  1.41934053e+01  9.66527025e+00
 5.84317460e+00 -1.13858268e+01  2.56357025e+00  1.41933082e+01  9.66148149e+00
 5.84317460e+00 -1.12519685e+01  2.69742454e+00  1.41932094e+01  9.65769715e+00
 5.84317460e+00 -1.11181102e+01  2.83127427e+00  1.41931091e+01  9.65390999e+00
 5.84317460e+00 -1.09842520e+01  2.96512488e+00  1.41930071e+01  9.65007788e+00
 5.84317460e+00 -1.08503937e+01  3.09898929e+00  1.41929036e+01  9.64618610e+00
 5.84317460e+00 -1.07165354e+01  3.23284689e+00  1.41927983e+01  9.64226469e+00
 5.84317460e+00 -1.05826772e+01  3.36668358e+00  1.41926913e+01  9.63833836e+00
 5.84317460e+00 -1.04488189e+01  3.50052975e+00  1.41925823e+01  9.63437981e+00
 5.84317460e+00 -1.03149606e+01  3.63438183e+00  1.41924721e+01  9.63037542e+00
 5.84317460e+00 -1.01811024e+01  3.76823108e+00  1.41923599e+01  9.62631855e+00
 5.84317460e+00 -1.00472441e+01  3.90209383e+00  1.41922405e+01  9.62220195e+00
 5.84317460e+00 -9.91338583e+00  4.03595786e+00  1.41921184e+01  9.61806625e+00
 5.84317460e+00 -9.77952756e+00  4.16980955e+00  1.41920000e+01  9.61393506e+00
 5.84317460e+00 -9.64566929e+00  4.30365729e+00  1.41918849e+01  9.60976171e+00
 5.84317460e+00 -9.51181102e+00  4.43747607e+00  1.41917668e+01  9.60553791e+00
 5.84317460e+00 -9.37795276e+00  4.57126906e+00  1.41916306e+01  9.60127183e+00
 5.84317460e+00 -9.24409449e+00  4.70510808e+00  1.41914588e+01  9.59696108e+00
 5.84317460e+00 -9.11023622e+00  4.83897068e+00  1.41912940e+01  9.59260265e+00
 5.84317460e+00 -8.97637795e+00  4.97281689e+00  1.41911654e+01  9.58819652e+00
 5.84317460e+00 -8.84251969e+00  5.10665892e+00  1.41910337e+01  9.58375004e+00
 5.84317460e+00 -8.70866142e+00  5.24050776e+00  1.41908933e+01  9.57929004e+00
 5.84317460e+00 -8.57480315e+00  5.37435875e+00  1.41907529e+01  9.57480583e+00
 5.84317460e+00 -8.44094488e+00  5.50819232e+00  1.41906123e+01  9.57022442e+00
 5.84317460e+00 -8.30708661e+00  5.64203297e+00  1.41904610e+01  9.56557817e+00
 5.84317460e+00 -8.17322835e+00  5.77587956e+00  1.41903012e+01  9.56090732e+00
 5.84317460e+00 -8.03937008e+00  5.90967471e+00  1.41901538e+01  9.55618816e+00
 5.84317460e+00 -7.90551181e+00  6.04348366e+00  1.41899824e+01  9.55141680e+00
 5.84317460e+00 -7.77165354e+00  6.17734320e+00  1.41897747e+01  9.54658363e+00
 5.84317460e+00 -7.63779528e+00  6.31117529e+00  1.41895891e+01  9.54166490e+00
 5.84317460e+00 -7.50393701e+00  6.44500926e+00  1.41894317e+01  9.53671619e+00
 5.84317460e+00 -7.37007874e+00  6.57885678e+00  1.41892643e+01  9.53175366e+00
 5.84317460e+00 -7.23622047e+00  6.71264889e+00  1.41890373e+01  9.52669896e+00
 5.84317460e+00 -7.10236220e+00  6.84645182e+00  1.41888237e+01  9.52158166e+00
 5.84317460e+00 -6.96850394e+00  6.98029339e+00  1.41886462e+01  9.51641688e+00
 5.84317460e+00 -6.83464567e+00  7.11408334e+00  1.41884064e+01  9.51115040e+00
 5.84317460e+00 -6.70078740e+00  7.24787903e+00  1.41881749e+01  9.50585739e+00
 5.84317460e+00 -6.56692913e+00  7.38170836e+00  1.41879829e+01  9.50054524e+00
 5.84317460e+00 -6.43307087e+00  7.51549097e+00  1.41877270e+01  9.49508181e+00
 5.84317460e+00 -6.29921260e+00  7.64928445e+00  1.41874477e+01  9.48953621e+00
 5.84317460e+00 -6.16535433e+00  7.78311145e+00  1.41871883e+01  9.48397615e+00
 5.84317460e+00 -6.03149606e+00  7.91689128e+00  1.41869189e+01  9.47835753e+00
 5.84317460e+00 -5.89763780e+00  8.05068078e+00  1.41866423e+01  9.47265225e+00
 5.84317460e+00 -5.76377953e+00  8.18450452e+00  1.41863618e+01  9.46685384e+00
 5.84317460e+00 -5.62992126e+00  8.31828606e+00  1.41860620e+01  9.46097013e+00
 5.84317460e+00 -5.49606299e+00  8.45204060e+00  1.41857261e+01  9.45499595e+00
 5.84317460e+00 -5.36220472e+00  8.58579881e+00  1.41853589e+01  9.44894310e+00
 5.84317460e+00 -5.22834646e+00  8.71955907e+00  1.41849875e+01  9.44283746e+00
 5.84317460e+00 -5.09448819e+00  8.85328822e+00  1.41846085e+01  9.43662263e+00
 5.84317460e+00 -4.96062992e+00  8.98699410e+00  1.41842005e+01  9.43028868e+00
 5.84317460e+00 -4.82677165e+00  9.12073178e+00  1.41837444e+01  9.42390145e+00
 5.84317460e+00 -4.69291339e+00  9.25445459e+00  1.41832828e+01  9.41741120e+00
 5.84317460e+00 -4.55905512e+00  9.38811696e+00  1.41827927e+01  9.41080368e+00
 5.84317460e+00 -4.42519685e+00  9.52173212e+00  1.41821824e+01  9.40414060e+00
 5.84317460e+00 -4.29133858e+00  9.65537526e+00  1.41815694e+01  9.39737649e+00
 5.84317460e+00 -4.15748031e+00  9.78904777e+00  1.41809864e+01  9.39046647e+00
 5.84317460e+00 -4.02362205e+00  9.92265591e+00  1.41803057e+01  9.38341949e+00
 5.84317460e+00 -3.88976378e+00  1.00562126e+01  1.41795705e+01  9.37627641e+00
 5.84317460e+00 -3.75590551e+00  1.01897397e+01  1.41788166e+01  9.36903279e+00
 5.84317460e+00 -3.62204724e+00  1.03232342e+01  1.41780022e+01  9.36163808e+00
 5.84317460e+00 -3.48818898e+00  1.04567334e+01  1.41770998e+01  9.35414270e+00
 5.84317460e+00 -3.35433071e+00  1.05902124e+01  1.41761080e+01  9.34654058e+00
 5.84317460e+00 -3.22047244e+00  1.07235844e+01  1.41750438e+01  9.33874440e+00
 5.84317460e+00 -3.08661417e+00  1.08569096e+01  1.41738914e+01  9.33079906e+00
 5.84317460e+00 -2.95275591e+00  1.09902310e+01  1.41726290e+01  9.32273104e+00
 5.84317460e+00 -2.81889764e+00  1.11235078e+01  1.41712450e+01  9.31450692e+00
 5.84317460e+00 -2.68503937e+00  1.12566751e+01  1.41697518e+01  9.30615980e+00
 5.84317460e+00 -2.55118110e+00  1.13897525e+01  1.41681368e+01  9.29765915e+00
 5.84317460e+00 -2.41732283e+00  1.15228271e+01  1.41663564e+01  9.28890970e+00
 5.84317460e+00 -2.28346457e+00  1.16557771e+01  1.41644096e+01  9.28001090e+00
 5.84317460e+00 -2.14960630e+00  1.17885851e+01  1.41622939e+01  9.27097973e+00
 5.84317460e+00 -2.01574803e+00  1.19213912e+01  1.41599849e+01  9.26168969e+00
 5.84317460e+00 -1.88188976e+00  1.20540660e+01  1.41574520e+01  9.25220011e+00
 5.84317460e+00 -1.74803150e+00  1.21865796e+01  1.41546919e+01  9.24254321e+00
 5.84317460e+00 -1.61417323e+00  1.23190894e+01  1.41517136e+01  9.23264883e+00
 5.84317460e+00 -1.48031496e+00  1.24514635e+01  1.41484048e+01  9.22252113e+00
 5.84317460e+00 -1.34645669e+00  1.25836193e+01  1.41447247e+01  9.21215967e+00
 5.84317460e+00 -1.21259843e+00  1.27156616e+01  1.41407581e+01  9.20152592e+00
 5.84317460e+00 -1.07874016e+00  1.28476189e+01  1.41364636e+01  9.19061745e+00
 5.84317460e+00 -9.44881890e-01  1.29796202e+01  1.41318363e+01  9.17944072e+00
 5.84317460e+00 -8.11023622e-01  1.31118261e+01  1.41269617e+01  9.16798538e+00
 5.84317460e+00 -6.77165354e-01  1.32433791e+01  1.41216988e+01  9.15619158e+00
 5.84317460e+00 -5.43307087e-01  1.33739491e+01  1.41158246e+01  9.14402685e+00
 5.84317460e+00 -4.09448819e-01  1.35047195e+01  1.41094061e+01  9.13152489e+00
 5.84317460e+00 -2.75590551e-01  1.36377635e+01  1.41043881e+01  9.11879590e+00
 5.84317460e+00 -1.41732283e-01  1.37737702e+01  1.41015771e+01  9.10584205e+00
 5.84317460e+00 -7.87401575e-03  1.39100562e+01  1.40983206e+01  9.09243105e+00
 5.84317460e+00  1.25984252e-01  1.40453120e+01  1.40949004e+01  9.07844362e+00
 5.84317460e+00  2.59842520e-01  1.41796994e+01  1.40927213e+01  9.06389380e+00
 5.84317460e+00  3.93700787e-01  1.43143745e+01  1.40924330e+01  9.04888207e+00
 5.84317460e+00  5.27559055e-01  1.44505520e+01  1.40929891e+01  9.03345940e+00
 5.84317460e+00  6.61417323e-01  1.45890692e+01  1.40940026e+01  9.01763776e+00
 5.84317460e+00  7.95275591e-01  1.47302572e+01  1.40968334e+01  9.00142114e+00
 5.84317460e+00  9.29133858e-01  1.48748539e+01  1.41019867e+01  8.98486849e+00
 5.84317460e+00  1.06299213e+00  1.50238166e+01  1.41103542e+01  8.96806905e+00
 5.84317460e+00  1.19685039e+00  1.51781207e+01  1.41237136e+01  8.95108756e+00
 5.84317460e+00  1.33070866e+00  1.53386207e+01  1.41439419e+01  8.93391851e+00
 5.84317460e+00  1.46456693e+00  1.55062903e+01  1.41722520e+01  8.91677313e+00
 5.84317460e+00  1.59842520e+00  1.56816728e+01  1.42094643e+01  8.89965847e+00
 5.84317460e+00  1.73228346e+00  1.58691052e+01  1.42559369e+01  8.88230459e+00
 5.84317460e+00  1.86614173e+00  1.60715872e+01  1.43118357e+01  8.86479073e+00
 5.84317460e+00  2.00000000e+00  1.62867655e+01  1.43782058e+01  8.84702526e+00
 5.92158730e+00 -1.50000000e+01 -9.89410753e-01  1.42595458e+01  9.75422891e+00
 5.92158730e+00 -1.48661417e+01 -8.55494428e-01  1.42603026e+01  9.75130092e+00
 5.92158730e+00 -1.47322835e+01 -7.21550510e-01  1.42609665e+01  9.74834160e+00
 5.92158730e+00 -1.45984252e+01 -5.87572290e-01  1.42615395e+01  9.74536687e+00
 5.92158730e+00 -1.44645669e+01 -4.53556288e-01  1.42620251e+01  9.74238234e+00
 5.92158730e+00 -1.43307087e+01 -3.19484322e-01  1.42624276e+01  9.73935267e+00
 5.92158730e+00 -1.41968504e+01 -1.85333480e-01  1.42627525e+01  9.73629379e+00
 5.92158730e+00 -1.40629921e+01 -5.10767580e-02  1.42630057e+01  9.73324962e+00
 5.92158730e+00 -1.39291339e+01  8.33202300e-02  1.42631939e+01  9.73020326e+00
 5.92158730e+00 -1.37952756e+01  2.17914709e-01  1.42633245e+01  9.72712109e+00
 5.92158730e+00 -1.36614173e+01  3.52784549e-01  1.42634049e+01  9.72397150e+00
 5.92158730e+00 -1.35275591e+01  4.88020072e-01  1.42634430e+01  9.72077711e+00
 5.92158730e+00 -1.33937008e+01  6.23757411e-01  1.42634469e+01  9.71753225e+00
 5.92158730e+00 -1.32598425e+01  7.60173621e-01  1.42634247e+01  9.71423852e+00
 5.92158730e+00 -1.31259843e+01  8.97564996e-01  1.42633848e+01  9.71085589e+00
 5.92158730e+00 -1.29921260e+01  1.03481241e+00  1.42633362e+01  9.70741139e+00
 5.92158730e+00 -1.28582677e+01  1.16968526e+00  1.42632869e+01  9.70402630e+00
 5.92158730e+00 -1.27244094e+01  1.30355946e+00  1.42632218e+01  9.70060280e+00
 5.92158730e+00 -1.25905512e+01  1.43741704e+00  1.42631444e+01  9.69712767e+00
 5.92158730e+00 -1.24566929e+01  1.57127144e+00  1.42630806e+01  9.69363176e+00
 5.92158730e+00 -1.23228346e+01  1.70512518e+00  1.42630111e+01  9.69012842e+00
 5.92158730e+00 -1.21889764e+01  1.83897998e+00  1.42629380e+01  9.68659652e+00
 5.92158730e+00 -1.20551181e+01  1.97283437e+00  1.42628681e+01  9.68302826e+00
 5.92158730e+00 -1.19212598e+01  2.10668455e+00  1.42627945e+01  9.67945724e+00
 5.92158730e+00 -1.17874016e+01  2.24053707e+00  1.42627207e+01  9.67585579e+00
 5.92158730e+00 -1.16535433e+01  2.37439502e+00  1.42626458e+01  9.67219761e+00
 5.92158730e+00 -1.15196850e+01  2.50825004e+00  1.42625695e+01  9.66850493e+00
 5.92158730e+00 -1.13858268e+01  2.64210269e+00  1.42624922e+01  9.66476784e+00
 5.92158730e+00 -1.12519685e+01  2.77595621e+00  1.42624135e+01  9.66099139e+00
 5.92158730e+00 -1.11181102e+01  2.90981040e+00  1.42623335e+01  9.65721927e+00
 5.92158730e+00 -1.09842520e+01  3.04366160e+00  1.42622523e+01  9.65341240e+00
 5.92158730e+00 -1.08503937e+01  3.17751074e+00  1.42621698e+01  9.64955646e+00
 5.92158730e+00 -1.07165354e+01  3.31136597e+00  1.42620852e+01  9.64571357e+00
 5.92158730e+00 -1.05826772e+01  3.44522190e+00  1.42620011e+01  9.64181160e+00
 5.92158730e+00 -1.04488189e+01  3.57907393e+00  1.42619144e+01  9.63782103e+00
 5.92158730e+00 -1.03149606e+01  3.71292659e+00  1.42618181e+01  9.63384408e+00
 5.92158730e+00 -1.01811024e+01  3.84677737e+00  1.42617482e+01  9.62984261e+00
 5.92158730e+00 -1.00472441e+01  3.98062514e+00  1.42617081e+01  9.62578703e+00
 5.92158730e+00 -9.91338583e+00  4.11447490e+00  1.42616351e+01  9.62173527e+00
 5.92158730e+00 -9.77952756e+00  4.24832837e+00  1.42615091e+01  9.61765457e+00
 5.92158730e+00 -9.64566929e+00  4.38218327e+00  1.42613625e+01  9.61351284e+00
 5.92158730e+00 -9.51181102e+00  4.51603092e+00  1.42612596e+01  9.60932988e+00
 5.92158730e+00 -9.37795276e+00  4.64984697e+00  1.42611626e+01  9.60510512e+00
 5.92158730e+00 -9.24409449e+00  4.78364455e+00  1.42610437e+01  9.60083423e+00
 5.92158730e+00 -9.11023622e+00  4.91748326e+00  1.42609358e+01  9.59651924e+00
 5.92158730e+00 -8.97637795e+00  5.05134502e+00  1.42608317e+01  9.59215619e+00
 5.92158730e+00 -8.84251969e+00  5.18520053e+00  1.42607211e+01  9.58774514e+00
 5.92158730e+00 -8.70866142e+00  5.31904742e+00  1.42606103e+01  9.58329738e+00
 5.92158730e+00 -8.57480315e+00  5.45289554e+00  1.42604982e+01  9.57883792e+00
 5.92158730e+00 -8.44094488e+00  5.58674838e+00  1.42603826e+01  9.57434591e+00
 5.92158730e+00 -8.30708661e+00  5.72059812e+00  1.42602649e+01  9.56975464e+00
 5.92158730e+00 -8.17322835e+00  5.85444570e+00  1.42601535e+01  9.56510528e+00
 5.92158730e+00 -8.03937008e+00  5.98827630e+00  1.42600282e+01  9.56043170e+00
 5.92158730e+00 -7.90551181e+00  6.12206812e+00  1.42598493e+01  9.55571135e+00
 5.92158730e+00 -7.77165354e+00  6.25588614e+00  1.42596822e+01  9.55092598e+00
 5.92158730e+00 -7.63779528e+00  6.38974969e+00  1.42595612e+01  9.54608674e+00
 5.92158730e+00 -7.50393701e+00  6.52359883e+00  1.42594393e+01  9.54122217e+00
 5.92158730e+00 -7.37007874e+00  6.65743693e+00  1.42592658e+01  9.53628213e+00
 5.92158730e+00 -7.23622047e+00  6.79126346e+00  1.42590629e+01  9.53125186e+00
 5.92158730e+00 -7.10236220e+00  6.92505955e+00  1.42589142e+01  9.52617972e+00
 5.92158730e+00 -6.96850394e+00  7.05886521e+00  1.42587814e+01  9.52106516e+00
 5.92158730e+00 -6.83464567e+00  7.19270722e+00  1.42586120e+01  9.51588421e+00
 5.92158730e+00 -6.70078740e+00  7.32656429e+00  1.42583990e+01  9.51062139e+00
 5.92158730e+00 -6.56692913e+00  7.46036683e+00  1.42582080e+01  9.50533672e+00
 5.92158730e+00 -6.43307087e+00  7.59414081e+00  1.42580392e+01  9.50000569e+00
 5.92158730e+00 -6.29921260e+00  7.72798775e+00  1.42578190e+01  9.49452331e+00
 5.92158730e+00 -6.16535433e+00  7.86179595e+00  1.42575814e+01  9.48897812e+00
 5.92158730e+00 -6.03149606e+00  7.99555742e+00  1.42573531e+01  9.48341834e+00
 5.92158730e+00 -5.89763780e+00  8.12939675e+00  1.42571184e+01  9.47778956e+00
 5.92158730e+00 -5.76377953e+00  8.26321803e+00  1.42568701e+01  9.47207423e+00
 5.92158730e+00 -5.62992126e+00  8.39697899e+00  1.42566148e+01  9.46627019e+00
 5.92158730e+00 -5.49606299e+00  8.53074738e+00  1.42563583e+01  9.46037788e+00
 5.92158730e+00 -5.36220472e+00  8.66452410e+00  1.42560561e+01  9.45439479e+00
 5.92158730e+00 -5.22834646e+00  8.79828990e+00  1.42557257e+01  9.44833765e+00
 5.92158730e+00 -5.09448819e+00  8.93203501e+00  1.42554324e+01  9.44222440e+00
 5.92158730e+00 -4.96062992e+00  9.06578978e+00  1.42551178e+01  9.43599477e+00
 5.92158730e+00 -4.82677165e+00  9.19955742e+00  1.42547423e+01  9.42965274e+00
 5.92158730e+00 -4.69291339e+00  9.33330700e+00  1.42543231e+01  9.42325863e+00
 5.92158730e+00 -4.55905512e+00  9.46702458e+00  1.42538857e+01  9.41675340e+00
 5.92158730e+00 -4.42519685e+00  9.60070120e+00  1.42534289e+01  9.41014108e+00
 5.92158730e+00 -4.29133858e+00  9.73434041e+00  1.42529328e+01  9.40348369e+00
 5.92158730e+00 -4.15748031e+00  9.86799085e+00  1.42524111e+01  9.39670563e+00
 5.92158730e+00 -4.02362205e+00  1.00016453e+01  1.42518548e+01  9.38977046e+00
 5.92158730e+00 -3.88976378e+00  1.01352523e+01  1.42512369e+01  9.38271236e+00
 5.92158730e+00 -3.75590551e+00  1.02688407e+01  1.42505804e+01  9.37555607e+00
 5.92158730e+00 -3.62204724e+00  1.04024376e+01  1.42498719e+01  9.36829166e+00
 5.92158730e+00 -3.48818898e+00  1.05360350e+01  1.42490803e+01  9.36089301e+00
 5.92158730e+00 -3.35433071e+00  1.06695748e+01  1.42482789e+01  9.35338486e+00
 5.92158730e+00 -3.22047244e+00  1.08030460e+01  1.42474328e+01  9.34574686e+00
 5.92158730e+00 -3.08661417e+00  1.09364825e+01  1.42464273e+01  9.33793379e+00
 5.92158730e+00 -2.95275591e+00  1.10698777e+01  1.42453180e+01  9.33000732e+00
 5.92158730e+00 -2.81889764e+00  1.12032050e+01  1.42441570e+01  9.32197048e+00
 5.92158730e+00 -2.68503937e+00  1.13364536e+01  1.42429337e+01  9.31375742e+00
 5.92158730e+00 -2.55118110e+00  1.14697031e+01  1.42415651e+01  9.30534232e+00
 5.92158730e+00 -2.41732283e+00  1.16029211e+01  1.42400360e+01  9.29676143e+00
 5.92158730e+00 -2.28346457e+00  1.17359996e+01  1.42383921e+01  9.28806017e+00
 5.92158730e+00 -2.14960630e+00  1.18690130e+01  1.42366070e+01  9.27913879e+00
 5.92158730e+00 -2.01574803e+00  1.20019816e+01  1.42346446e+01  9.27000049e+00
 5.92158730e+00 -1.88188976e+00  1.21348520e+01  1.42324876e+01  9.26073526e+00
 5.92158730e+00 -1.74803150e+00  1.22676405e+01  1.42301574e+01  9.25126653e+00
 5.92158730e+00 -1.61417323e+00  1.24003144e+01  1.42276060e+01  9.24155700e+00
 5.92158730e+00 -1.48031496e+00  1.25328375e+01  1.42247528e+01  9.23163549e+00
 5.92158730e+00 -1.34645669e+00  1.26653984e+01  1.42216839e+01  9.22148089e+00
 5.92158730e+00 -1.21259843e+00  1.27978848e+01  1.42183763e+01  9.21106902e+00
 5.92158730e+00 -1.07874016e+00  1.29299990e+01  1.42147097e+01  9.20039290e+00
 5.92158730e+00 -9.44881890e-01  1.30621693e+01  1.42107857e+01  9.18946147e+00
 5.92158730e+00 -8.11023622e-01  1.31946510e+01  1.42066975e+01  9.17827235e+00
 5.92158730e+00 -6.77165354e-01  1.33270845e+01  1.42023448e+01  9.16679115e+00
 5.92158730e+00 -5.43307087e-01  1.34582298e+01  1.41971268e+01  9.15491165e+00
 5.92158730e+00 -4.09448819e-01  1.35888102e+01  1.41915060e+01  9.14266856e+00
 5.92158730e+00 -2.75590551e-01  1.37215385e+01  1.41870553e+01  9.13021588e+00
 5.92158730e+00 -1.41732283e-01  1.38565424e+01  1.41841569e+01  9.11750426e+00
 5.92158730e+00 -7.87401575e-03  1.39925468e+01  1.41824919e+01  9.10442864e+00
 5.92158730e+00  1.25984252e-01  1.41279572e+01  1.41813417e+01  9.09090111e+00
 5.92158730e+00  2.59842520e-01  1.42624449e+01  1.41798267e+01  9.07679578e+00
 5.92158730e+00  3.93700787e-01  1.43967130e+01  1.41779537e+01  9.06213853e+00
 5.92158730e+00  5.27559055e-01  1.45319975e+01  1.41766657e+01  9.04708674e+00
 5.92158730e+00  6.61417323e-01  1.46688239e+01  1.41766214e+01  9.03163862e+00
 5.92158730e+00  7.95275591e-01  1.48077258e+01  1.41780884e+01  9.01578894e+00
 5.92158730e+00  9.29133858e-01  1.49494687e+01  1.41812296e+01  8.99957278e+00
 5.92158730e+00  1.06299213e+00  1.50948367e+01  1.41870183e+01  8.98302491e+00
 5.92158730e+00  1.19685039e+00  1.52446662e+01  1.41967832e+01  8.96622507e+00
 5.92158730e+00  1.33070866e+00  1.53998930e+01  1.42120231e+01  8.94925835e+00
 5.92158730e+00  1.46456693e+00  1.55615086e+01  1.42341999e+01  8.93215692e+00
 5.92158730e+00  1.59842520e+00  1.57302474e+01  1.42645122e+01  8.91496279e+00
 5.92158730e+00  1.73228346e+00  1.59116414e+01  1.43032015e+01  8.89756073e+00
 5.92158730e+00  1.86614173e+00  1.61072870e+01  1.43518465e+01  8.87994698e+00
 5.92158730e+00  2.00000000e+00  1.63162077e+01  1.44113949e+01  8.86209284e+00
 6.00000000e+00 -1.50000000e+01 -9.10998782e-01  1.43301587e+01  9.75687644e+00
 6.00000000e+00 -1.48661417e+01 -7.77077381e-01  1.43307351e+01  9.75399311e+00
 6.00000000e+00 -1.47322835e+01 -6.43135294e-01  1.43312478e+01  9.75105687e+00
 6.00000000e+00 -1.45984252e+01 -5.09161896e-01  1.43316983e+01  9.74808369e+00
 6.00000000e+00 -1.44645669e+01 -3.75145821e-01  1.43320890e+01  9.74509965e+00
 6.00000000e+00 -1.43307087e+01 -2.41073030e-01  1.43324225e+01  9.74211089e+00
 6.00000000e+00 -1.41968504e+01 -1.06922937e-01  1.43327020e+01  9.73907445e+00
 6.00000000e+00 -1.40629921e+01  2.73336217e-02  1.43329311e+01  9.73601291e+00
 6.00000000e+00 -1.39291339e+01  1.61735236e-01  1.43331138e+01  9.73296397e+00
 6.00000000e+00 -1.37952756e+01  2.96331905e-01  1.43332541e+01  9.72990654e+00
 6.00000000e+00 -1.36614173e+01  4.31196583e-01  1.43333565e+01  9.72680653e+00
 6.00000000e+00 -1.35275591e+01  5.66430476e-01  1.43334257e+01  9.72364911e+00
 6.00000000e+00 -1.33937008e+01  7.02168205e-01  1.43334663e+01  9.72044265e+00
 6.00000000e+00 -1.32598425e+01  8.38565931e-01  1.43334831e+01  9.71720998e+00
 6.00000000e+00 -1.31259843e+01  9.76020859e-01  1.43334810e+01  9.71388817e+00
 6.00000000e+00 -1.29921260e+01  1.11340480e+00  1.43334658e+01  9.71049882e+00
 6.00000000e+00 -1.28582677e+01  1.24818115e+00  1.43334252e+01  9.70712768e+00
 6.00000000e+00 -1.27244094e+01  1.38203393e+00  1.43333602e+01  9.70375691e+00
 6.00000000e+00 -1.25905512e+01  1.51588936e+00  1.43333094e+01  9.70032329e+00
 6.00000000e+00 -1.24566929e+01  1.64974538e+00  1.43332634e+01  9.69684255e+00
 6.00000000e+00 -1.23228346e+01  1.78360012e+00  1.43332000e+01  9.69334637e+00
 6.00000000e+00 -1.21889764e+01  1.91745520e+00  1.43331459e+01  9.68984190e+00
 6.00000000e+00 -1.20551181e+01  2.05131105e+00  1.43330915e+01  9.68630566e+00
 6.00000000e+00 -1.19212598e+01  2.18516707e+00  1.43330322e+01  9.68273641e+00
 6.00000000e+00 -1.17874016e+01  2.31902132e+00  1.43329755e+01  9.67916499e+00
 6.00000000e+00 -1.16535433e+01  2.45287523e+00  1.43329161e+01  9.67556013e+00
 6.00000000e+00 -1.15196850e+01  2.58673019e+00  1.43328563e+01  9.67190007e+00
 6.00000000e+00 -1.13858268e+01  2.72058500e+00  1.43327956e+01  9.66820030e+00
 6.00000000e+00 -1.12519685e+01  2.85443935e+00  1.43327338e+01  9.66445518e+00
 6.00000000e+00 -1.11181102e+01  2.98829388e+00  1.43326710e+01  9.66067905e+00
 6.00000000e+00 -1.09842520e+01  3.12214942e+00  1.43326071e+01  9.65690805e+00
 6.00000000e+00 -1.08503937e+01  3.25600386e+00  1.43325420e+01  9.65310804e+00
 6.00000000e+00 -1.07165354e+01  3.38985675e+00  1.43324760e+01  9.64926515e+00
 6.00000000e+00 -1.05826772e+01  3.52371048e+00  1.43324094e+01  9.64540600e+00
 6.00000000e+00 -1.04488189e+01  3.65756468e+00  1.43323393e+01  9.64148982e+00
 6.00000000e+00 -1.03149606e+01  3.79141831e+00  1.43322704e+01  9.63749651e+00
 6.00000000e+00 -1.01811024e+01  3.92527096e+00  1.43322134e+01  9.63345752e+00
 6.00000000e+00 -1.00472441e+01  4.05912321e+00  1.43321529e+01  9.62940489e+00
 6.00000000e+00 -9.91338583e+00  4.19297478e+00  1.43320766e+01  9.62535661e+00
 6.00000000e+00 -9.77952756e+00  4.32682569e+00  1.43319871e+01  9.62130762e+00
 6.00000000e+00 -9.64566929e+00  4.46068321e+00  1.43319008e+01  9.61721821e+00
 6.00000000e+00 -9.51181102e+00  4.59453849e+00  1.43318244e+01  9.61307211e+00
 6.00000000e+00 -9.37795276e+00  4.72837395e+00  1.43317498e+01  9.60888592e+00
 6.00000000e+00 -9.24409449e+00  4.86222322e+00  1.43316702e+01  9.60465523e+00
 6.00000000e+00 -9.11023622e+00  4.99607353e+00  1.43315880e+01  9.60037836e+00
 6.00000000e+00 -8.97637795e+00  5.12987409e+00  1.43315109e+01  9.59606055e+00
 6.00000000e+00 -8.84251969e+00  5.26369749e+00  1.43314282e+01  9.59169350e+00
 6.00000000e+00 -8.70866142e+00  5.39756423e+00  1.43313379e+01  9.58727765e+00
 6.00000000e+00 -8.57480315e+00  5.53141740e+00  1.43312489e+01  9.58282891e+00
 6.00000000e+00 -8.44094488e+00  5.66526257e+00  1.43311554e+01  9.57836927e+00
 6.00000000e+00 -8.30708661e+00  5.79911262e+00  1.43310627e+01  9.57386852e+00
 6.00000000e+00 -8.17322835e+00  5.93296756e+00  1.43309765e+01  9.56926800e+00
 6.00000000e+00 -8.03937008e+00  6.06681839e+00  1.43308435e+01  9.56461702e+00
 6.00000000e+00 -7.90551181e+00  6.20064619e+00  1.43306839e+01  9.55993943e+00
 6.00000000e+00 -7.77165354e+00  6.33444155e+00  1.43305755e+01  9.55521116e+00
 6.00000000e+00 -7.63779528e+00  6.46826031e+00  1.43304781e+01  9.55043071e+00
 6.00000000e+00 -7.50393701e+00  6.60211782e+00  1.43303698e+01  9.54560120e+00
 6.00000000e+00 -7.37007874e+00  6.73597887e+00  1.43302622e+01  9.54071837e+00
 6.00000000e+00 -7.23622047e+00  6.86982615e+00  1.43301169e+01  9.53575708e+00
 6.00000000e+00 -7.10236220e+00  7.00364778e+00  1.43299545e+01  9.53072435e+00
 6.00000000e+00 -6.96850394e+00  7.13744535e+00  1.43298348e+01  9.52565183e+00
 6.00000000e+00 -6.83464567e+00  7.27126543e+00  1.43297149e+01  9.52053198e+00
 6.00000000e+00 -6.70078740e+00  7.40511701e+00  1.43295647e+01  9.51534200e+00
 6.00000000e+00 -6.56692913e+00  7.53896387e+00  1.43293958e+01  9.51007406e+00
 6.00000000e+00 -6.43307087e+00  7.67276976e+00  1.43292450e+01  9.50478849e+00
 6.00000000e+00 -6.29921260e+00  7.80656170e+00  1.43290947e+01  9.49944324e+00
 6.00000000e+00 -6.16535433e+00  7.94039093e+00  1.43288980e+01  9.49394886e+00
 6.00000000e+00 -6.03149606e+00  8.07420278e+00  1.43286894e+01  9.48840427e+00
 6.00000000e+00 -5.89763780e+00  8.20799857e+00  1.43284847e+01  9.48283968e+00
 6.00000000e+00 -5.76377953e+00  8.34181941e+00  1.43282741e+01  9.47720358e+00
 6.00000000e+00 -5.62992126e+00  8.47561411e+00  1.43280680e+01  9.47148058e+00
 6.00000000e+00 -5.49606299e+00  8.60939718e+00  1.43278526e+01  9.46566706e+00
 6.00000000e+00 -5.36220472e+00  8.74322020e+00  1.43276097e+01  9.45976295e+00
 6.00000000e+00 -5.22834646e+00  8.87702462e+00  1.43273823e+01  9.45377121e+00
 6.00000000e+00 -5.09448819e+00  9.01079301e+00  1.43271395e+01  9.44770991e+00
 6.00000000e+00 -4.96062992e+00  9.14455665e+00  1.43268289e+01  9.44158640e+00
 6.00000000e+00 -4.82677165e+00  9.27833240e+00  1.43265440e+01  9.43534304e+00
 6.00000000e+00 -4.69291339e+00  9.41209809e+00  1.43262581e+01  9.42899581e+00
 6.00000000e+00 -4.55905512e+00  9.54581544e+00  1.43258806e+01  9.42259409e+00
 6.00000000e+00 -4.42519685e+00  9.67948789e+00  1.43254853e+01  9.41608265e+00
 6.00000000e+00 -4.29133858e+00  9.81317410e+00  1.43250719e+01  9.40946709e+00
 6.00000000e+00 -4.15748031e+00  9.94692096e+00  1.43245993e+01  9.40278536e+00
 6.00000000e+00 -4.02362205e+00  1.00806357e+01  1.43241464e+01  9.39598549e+00
 6.00000000e+00 -3.88976378e+00  1.02142888e+01  1.43236786e+01  9.38904600e+00
 6.00000000e+00 -3.75590551e+00  1.03479128e+01  1.43231103e+01  9.38198085e+00
 6.00000000e+00 -3.62204724e+00  1.04815208e+01  1.43225071e+01  9.37480246e+00
 6.00000000e+00 -3.48818898e+00  1.06151265e+01  1.43218901e+01  9.36753960e+00
 6.00000000e+00 -3.35433071e+00  1.07487293e+01  1.43212275e+01  9.36019091e+00
 6.00000000e+00 -3.22047244e+00  1.08822819e+01  1.43204929e+01  9.35264543e+00
 6.00000000e+00 -3.08661417e+00  1.10157863e+01  1.43196671e+01  9.34494852e+00
 6.00000000e+00 -2.95275591e+00  1.11492701e+01  1.43187454e+01  9.33719352e+00
 6.00000000e+00 -2.81889764e+00  1.12827140e+01  1.43177496e+01  9.32925456e+00
 6.00000000e+00 -2.68503937e+00  1.14161094e+01  1.43166933e+01  9.32112816e+00
 6.00000000e+00 -2.55118110e+00  1.15494572e+01  1.43155624e+01  9.31288242e+00
 6.00000000e+00 -2.41732283e+00  1.16827460e+01  1.43142943e+01  9.30446074e+00
 6.00000000e+00 -2.28346457e+00  1.18159676e+01  1.43128781e+01  9.29586039e+00
 6.00000000e+00 -2.14960630e+00  1.19491221e+01  1.43113364e+01  9.28711317e+00
 6.00000000e+00 -2.01574803e+00  1.20822221e+01  1.43096644e+01  9.27819435e+00
 6.00000000e+00 -1.88188976e+00  1.22152698e+01  1.43078685e+01  9.26909886e+00
 6.00000000e+00 -1.74803150e+00  1.23482409e+01  1.43059373e+01  9.25982502e+00
 6.00000000e+00 -1.61417323e+00  1.24810739e+01  1.43037816e+01  9.25032251e+00
 6.00000000e+00 -1.48031496e+00  1.26138506e+01  1.43013897e+01  9.24057865e+00
 6.00000000e+00 -1.34645669e+00  1.27466771e+01  1.42988093e+01  9.23060902e+00
 6.00000000e+00 -1.21259843e+00  1.28794011e+01  1.42960538e+01  9.22041188e+00
 6.00000000e+00 -1.07874016e+00  1.30118495e+01  1.42929915e+01  9.20996295e+00
 6.00000000e+00 -9.44881890e-01  1.31441022e+01  1.42895552e+01  9.19924666e+00
 6.00000000e+00 -8.11023622e-01  1.32768700e+01  1.42861623e+01  9.18830965e+00
 6.00000000e+00 -6.77165354e-01  1.34096455e+01  1.42826419e+01  9.17708908e+00
 6.00000000e+00 -5.43307087e-01  1.35413502e+01  1.42784506e+01  9.16548264e+00
 6.00000000e+00 -4.09448819e-01  1.36726099e+01  1.42736830e+01  9.15354488e+00
 6.00000000e+00 -2.75590551e-01  1.38047970e+01  1.42693357e+01  9.14133996e+00
 6.00000000e+00 -1.41732283e-01  1.39391216e+01  1.42667014e+01  9.12889337e+00
 6.00000000e+00 -7.87401575e-03  1.40746440e+01  1.42655405e+01  9.11615750e+00
 6.00000000e+00  1.25984252e-01  1.42100161e+01  1.42647004e+01  9.10300426e+00
 6.00000000e+00  2.59842520e-01  1.43444731e+01  1.42630834e+01  9.08930572e+00
 6.00000000e+00  3.93700787e-01  1.44786223e+01  1.42612681e+01  9.07509487e+00
 6.00000000e+00  5.27559055e-01  1.46132475e+01  1.42599668e+01  9.06044306e+00
 6.00000000e+00  6.61417323e-01  1.47489925e+01  1.42595714e+01  9.04539052e+00
 6.00000000e+00  7.95275591e-01  1.48862788e+01  1.42600395e+01  9.02986898e+00
 6.00000000e+00  9.29133858e-01  1.50257630e+01  1.42616588e+01  9.01395035e+00
 6.00000000e+00  1.06299213e+00  1.51682432e+01  1.42652101e+01  8.99775345e+00
 6.00000000e+00  1.19685039e+00  1.53143428e+01  1.42719679e+01  8.98123079e+00
 6.00000000e+00  1.33070866e+00  1.54649671e+01  1.42832180e+01  8.96445181e+00
 6.00000000e+00  1.46456693e+00  1.56211575e+01  1.43003006e+01  8.94750480e+00
 6.00000000e+00  1.59842520e+00  1.57836862e+01  1.43244073e+01  8.93042685e+00
 6.00000000e+00  1.73228346e+00  1.59602473e+01  1.43560386e+01  8.91297667e+00
 6.00000000e+00  1.86614173e+00  1.61493125e+01  1.43974926e+01  8.89514997e+00
 6.00000000e+00  2.00000000e+00  1.63520974e+01  1.44498790e+01  8.87708652e+00
