#nT = 64 nRho= 128
#logT [K],logRho [g/cc],logP [barye],logE [erg/g],logS [erg/g/K]
 1.06000000e+00 -1.50000000e+01 -6.39041069e+00  9.73620843e+00  9.08132937e+00
 1.06000000e+00 -1.48661417e+01 -6.25655181e+00  9.73620843e+00  9.07731645e+00
 1.06000000e+00 -1.47322835e+01 -6.12269303e+00  9.73620843e+00  9.07330353e+00
 1.06000000e+00 -1.45984252e+01 -5.98883415e+00  9.73620843e+00  9.06929061e+00
 1.06000000e+00 -1.44645669e+01 -5.85497527e+00  9.73620843e+00  9.06527769e+00
 1.06000000e+00 -1.43307087e+01 -5.72111617e+00  9.73620843e+00  9.06115859e+00
 1.06000000e+00 -1.41968504e+01 -5.58725677e+00  9.73620843e+00  9.05699786e+00
 1.06000000e+00 -1.40629921e+01 -5.45339696e+00  9.73620843e+00  9.05283924e+00
 1.06000000e+00 -1.39291339e+01 -5.31953660e+00  9.73620843e+00  9.04866306e+00
 1.06000000e+00 -1.37952756e+01 -5.18567548e+00  9.73620843e+00  9.04442301e+00
 1.06000000e+00 -1.36614173e+01 -5.05181333e+00  9.73620843e+00  9.04009390e+00
 1.06000000e+00 -1.35275591e+01 -4.91794977e+00  9.73620843e+00  9.03574051e+00
 1.06000000e+00 -1.33937008e+01 -4.78408431e+00  9.73620843e+00  9.03138361e+00
 1.06000000e+00 -1.32598425e+01 -4.65021625e+00  9.73620843e+00  9.02698884e+00
 1.06000000e+00 -1.31259843e+01 -4.51634466e+00  9.73620843e+00  9.02250101e+00
 1.06000000e+00 -1.29921260e+01 -4.38246826e+00  9.73620843e+00  9.01796348e+00
 1.06000000e+00 -1.28582677e+01 -4.24858530e+00  9.73620843e+00  9.01343679e+00
 1.06000000e+00 -1.27244094e+01 -4.11469343e+00  9.73620843e+00  9.00883543e+00
 1.06000000e+00 -1.25905512e+01 -3.98078943e+00  9.73620843e+00  9.00415256e+00
 1.06000000e+00 -1.24566929e+01 -3.84686891e+00  9.73620843e+00  8.99943608e+00
 1.06000000e+00 -1.23228346e+01 -3.71300268e+00  9.73574483e+00  8.99466575e+00
 1.06000000e+00 -1.21889764e+01 -3.57917005e+00  9.73504257e+00  8.98982561e+00
 1.06000000e+00 -1.20551181e+01 -3.44533402e+00  9.73435368e+00  8.98490348e+00
 1.06000000e+00 -1.19212598e+01 -3.31149508e+00  9.73367790e+00  8.97992369e+00
 1.06000000e+00 -1.17874016e+01 -3.17765366e+00  9.73301512e+00  8.97491520e+00
 1.06000000e+00 -1.16535433e+01 -3.04381012e+00  9.73236517e+00  8.96987699e+00
 1.06000000e+00 -1.15196850e+01 -2.90996474e+00  9.73172808e+00  8.96474759e+00
 1.06000000e+00 -1.13858268e+01 -2.77611778e+00  9.73110350e+00  8.95955087e+00
 1.06000000e+00 -1.12519685e+01 -2.64226946e+00  9.73049154e+00  8.95432479e+00
 1.06000000e+00 -1.11181102e+01 -2.50841995e+00  9.72989187e+00  8.94900691e+00
 1.06000000e+00 -1.09842520e+01 -2.37456942e+00  9.72930439e+00  8.94362206e+00
 1.06000000e+00 -1.08503937e+01 -2.24071799e+00  9.72872907e+00  8.93821631e+00
 1.06000000e+00 -1.07165354e+01 -2.10686577e+00  9.72816575e+00  8.93274228e+00
 1.06000000e+00 -1.05826772e+01 -1.97301287e+00  9.72761422e+00  8.92717135e+00
 1.06000000e+00 -1.04488189e+01 -1.83915936e+00  9.72707439e+00  8.92151659e+00
 1.06000000e+00 -1.03149606e+01 -1.70530532e+00  9.72654617e+00  8.91582972e+00
 1.06000000e+00 -1.01811024e+01 -1.57145080e+00  9.72602946e+00  8.91005299e+00
 1.06000000e+00 -1.00472441e+01 -1.43759587e+00  9.72552404e+00  8.90414097e+00
 1.06000000e+00 -9.91338583e+00 -1.30374056e+00  9.72502984e+00  8.89820057e+00
 1.06000000e+00 -9.77952756e+00 -1.16988492e+00  9.72454672e+00  8.89218861e+00
 1.06000000e+00 -9.64566929e+00 -1.03602897e+00  9.72407448e+00  8.88604677e+00
 1.06000000e+00 -9.51181102e+00 -9.02172759e-01  9.72361314e+00  8.87986828e+00
 1.06000000e+00 -9.37795276e+00 -7.68316297e-01  9.72316244e+00  8.87361275e+00
 1.06000000e+00 -9.24409449e+00 -6.34459610e-01  9.72272228e+00  8.86722038e+00
 1.06000000e+00 -9.11023622e+00 -5.00602716e-01  9.72229265e+00  8.86074997e+00
 1.06000000e+00 -8.97637795e+00 -3.66745633e-01  9.72187323e+00  8.85418211e+00
 1.06000000e+00 -8.84251969e+00 -2.32888372e-01  9.72146399e+00  8.84748581e+00
 1.06000000e+00 -8.70866142e+00 -9.90309458e-02  9.72106486e+00  8.84069806e+00
 1.06000000e+00 -8.57480315e+00  3.48266370e-02  9.72067563e+00  8.83382125e+00
 1.06000000e+00 -8.44094488e+00  1.68684369e-01  9.72029616e+00  8.82683609e+00
 1.06000000e+00 -8.30708661e+00  3.02542244e-01  9.71992636e+00  8.81972491e+00
 1.06000000e+00 -8.17322835e+00  4.36400257e-01  9.71956620e+00  8.81248451e+00
 1.06000000e+00 -8.03937008e+00  5.70258407e-01  9.71921536e+00  8.80511914e+00
 1.06000000e+00 -7.90551181e+00  7.04116692e-01  9.71887383e+00  8.79763392e+00
 1.06000000e+00 -7.77165354e+00  8.37975111e-01  9.71854144e+00  8.79003739e+00
 1.06000000e+00 -7.63779528e+00  9.71833666e-01  9.71821817e+00  8.78232118e+00
 1.06000000e+00 -7.50393701e+00  1.10569236e+00  9.71790372e+00  8.77444742e+00
 1.06000000e+00 -7.37007874e+00  1.23955120e+00  9.71759810e+00  8.76640065e+00
 1.06000000e+00 -7.23622047e+00  1.37341018e+00  9.71730107e+00  8.75820024e+00
 1.06000000e+00 -7.10236220e+00  1.50726932e+00  9.71701263e+00  8.74989092e+00
 1.06000000e+00 -6.96850394e+00  1.64112863e+00  9.71673266e+00  8.74141707e+00
 1.06000000e+00 -6.83464567e+00  1.77498812e+00  9.71646087e+00  8.73272628e+00
 1.06000000e+00 -6.70078740e+00  1.90884779e+00  9.71619730e+00  8.72384709e+00
 1.06000000e+00 -6.56692913e+00  2.04270767e+00  9.71594168e+00  8.71480372e+00
 1.06000000e+00 -6.43307087e+00  2.17656777e+00  9.71569402e+00  8.70559563e+00
 1.06000000e+00 -6.29921260e+00  2.31042810e+00  9.71545419e+00  8.69619259e+00
 1.06000000e+00 -6.16535433e+00  2.44428876e+00  9.71522196e+00  8.68657305e+00
 1.06000000e+00 -6.03149606e+00  2.57814968e+00  9.71499720e+00  8.67672638e+00
 1.06000000e+00 -5.89763780e+00  2.71201064e+00  9.71477994e+00  8.66664742e+00
 1.06000000e+00 -5.76377953e+00  2.84587292e+00  9.71456986e+00  8.65630704e+00
 1.06000000e+00 -5.62992126e+00  2.97973498e+00  9.71436703e+00  8.64570400e+00
 1.06000000e+00 -5.49606299e+00  3.11359353e+00  9.71417125e+00  8.63487890e+00
 1.06000000e+00 -5.36220472e+00  3.24746616e+00  9.71398213e+00  8.62378233e+00
 1.06000000e+00 -5.22834646e+00  3.38132967e+00  9.71379998e+00  8.61236952e+00
 1.06000000e+00 -5.09448819e+00  3.51513940e+00  9.71362574e+00  8.60065619e+00
 1.06000000e+00 -4.96062992e+00  3.64914220e+00  9.71345352e+00  8.58865504e+00
 1.06000000e+00 -4.82677165e+00  3.78300949e+00  9.71329120e+00  8.57626659e+00
 1.06000000e+00 -4.69291339e+00  3.91586032e+00  9.71315976e+00  8.56331949e+00
 1.06000000e+00 -4.55905512e+00  4.04914187e+00  9.71302482e+00  8.55003111e+00
 1.06000000e+00 -4.42519685e+00  4.18411143e+00  9.71285890e+00  8.53647756e+00
 1.06000000e+00 -4.29133858e+00  4.32106748e+00  9.71265780e+00  8.52235411e+00
 1.06000000e+00 -4.15748031e+00  4.46401306e+00  9.71231329e+00  8.50734724e+00
 1.06000000e+00 -4.02362205e+00  4.62131563e+00  9.71158852e+00  8.49072985e+00
 1.06000000e+00 -3.88976378e+00  4.80820626e+00  9.70983692e+00  8.47044935e+00
 1.06000000e+00 -3.75590551e+00  5.04358910e+00  9.70581600e+00  8.44174218e+00
 1.06000000e+00 -3.62204724e+00  5.33541033e+00  9.69550460e+00  8.39203246e+00
 1.06000000e+00 -3.48818898e+00  5.66615835e+00  9.67282331e+00  8.28866778e+00
 1.06000000e+00 -3.35433071e+00  5.99690639e+00  9.65014202e+00  8.18530309e+00
 1.06000000e+00 -3.22047244e+00  6.32765444e+00  9.62746073e+00  8.08193840e+00
 1.06000000e+00 -3.08661417e+00  6.65840248e+00  9.60477943e+00  7.97857372e+00
 1.06000000e+00 -2.95275591e+00  6.98915050e+00  9.58209814e+00  7.87520904e+00
 1.06000000e+00 -2.81889764e+00  7.31989855e+00  9.55941685e+00  7.77184435e+00
 1.06000000e+00 -2.68503937e+00  7.65064659e+00  9.53673556e+00  7.66847966e+00
 1.06000000e+00 -2.55118110e+00  7.98139464e+00  9.51405427e+00  7.56511497e+00
 1.06000000e+00 -2.41732283e+00  8.31214268e+00  9.49137298e+00  7.46175029e+00
 1.06000000e+00 -2.28346457e+00  8.64289070e+00  9.46869169e+00  7.35838561e+00
 1.06000000e+00 -2.14960630e+00  8.97363875e+00  9.44601040e+00  7.25502092e+00
 1.06000000e+00 -2.01574803e+00  9.30438679e+00  9.42332910e+00  7.15165623e+00
 1.06000000e+00 -1.88188976e+00  9.63513484e+00  9.40064781e+00  7.04829154e+00
 1.06000000e+00 -1.74803150e+00  9.96588286e+00  9.37796652e+00  6.94492686e+00
 1.06000000e+00 -1.61417323e+00  1.02966309e+01  9.35528523e+00  6.84156218e+00
 1.06000000e+00 -1.48031496e+00  1.06273789e+01  9.33260394e+00  6.73819749e+00
 1.06000000e+00 -1.34645669e+00  1.09581270e+01  9.30992265e+00  6.63483280e+00
 1.06000000e+00 -1.21259843e+00  1.12888750e+01  9.28724136e+00  6.53146812e+00
 1.06000000e+00 -1.07874016e+00  1.16196231e+01  9.26456007e+00  6.42810343e+00
 1.06000000e+00 -9.44881890e-01  1.19503711e+01  9.24187877e+00  6.32473874e+00
 1.06000000e+00 -8.11023622e-01  1.22811191e+01  9.21919748e+00  6.22137406e+00
 1.06000000e+00 -6.77165354e-01  1.26118672e+01  9.19651619e+00  6.11800937e+00
 1.06000000e+00 -5.43307087e-01  1.29426152e+01  9.17383490e+00  6.01464469e+00
 1.06000000e+00 -4.09448819e-01  1.32733633e+01  9.15115361e+00  5.91128000e+00
 1.06000000e+00 -2.75590551e-01  1.36041113e+01  9.12847232e+00  5.80791531e+00
 1.06000000e+00 -1.41732283e-01  1.39348593e+01  9.10579103e+00  5.70455063e+00
 1.06000000e+00 -7.87401575e-03  1.42656074e+01  9.08310974e+00  5.60118594e+00
 1.06000000e+00  1.25984252e-01  1.45963554e+01  9.06042844e+00  5.49782126e+00
 1.06000000e+00  2.59842520e-01  1.49271035e+01  9.03774715e+00  5.39445657e+00
 1.06000000e+00  3.93700787e-01  1.52578515e+01  9.01506586e+00  5.29109188e+00
 1.06000000e+00  5.27559055e-01  1.55885995e+01  8.99238457e+00  5.18772720e+00
 1.06000000e+00  6.61417323e-01  1.59193476e+01  8.96970328e+00  5.08436251e+00
 1.06000000e+00  7.95275591e-01  1.62500956e+01  8.94702199e+00  4.98099783e+00
 1.06000000e+00  9.29133858e-01  1.65808436e+01  8.92434070e+00  4.87763314e+00
 1.06000000e+00  1.06299213e+00  1.69115917e+01  8.90165940e+00  4.77426845e+00
 1.06000000e+00  1.19685039e+00  1.72423397e+01  8.87897811e+00  4.67090377e+00
 1.06000000e+00  1.33070866e+00  1.75730878e+01  8.85629682e+00  4.56753908e+00
 1.06000000e+00  1.46456693e+00  1.79038358e+01  8.83361553e+00  4.46417440e+00
 1.06000000e+00  1.59842520e+00  1.82345839e+01  8.81093424e+00  4.36080971e+00
 1.06000000e+00  1.73228346e+00  1.85653319e+01  8.78825295e+00  4.25744503e+00
 1.06000000e+00  1.86614173e+00  1.88960799e+01  8.76557166e+00  4.15408034e+00
 1.06000000e+00  2.00000000e+00  1.92268280e+01  8.74289037e+00  4.05071565e+00
 1.13841270e+00 -1.50000000e+01 -6.31277155e+00  9.74612780e+00  9.08473943e+00
 1.13841270e+00 -1.48661417e+01 -6.17891163e+00  9.74612780e+00  9.08073594e+00
 1.13841270e+00 -1.47322835e+01 -6.04505181e+00  9.74612780e+00  9.07673245e+00
 1.13841270e+00 -1.45984252e+01 -5.91119189e+00  9.74612780e+00  9.07272896e+00
 1.13841270e+00 -1.44645669e+01 -5.77733197e+00  9.74612780e+00  9.06872547e+00
 1.13841270e+00 -1.43307087e+01 -5.64347262e+00  9.74612780e+00  9.06470114e+00
 1.13841270e+00 -1.41968504e+01 -5.50961309e+00  9.74612780e+00  9.06058812e+00
 1.13841270e+00 -1.40629921e+01 -5.37575270e+00  9.74612780e+00  9.05642073e+00
 1.13841270e+00 -1.39291339e+01 -5.24189157e+00  9.74612780e+00  9.05226066e+00
 1.13841270e+00 -1.37952756e+01 -5.10803113e+00  9.74612780e+00  9.04808218e+00
 1.13841270e+00 -1.36614173e+01 -4.97416887e+00  9.74612780e+00  9.04383363e+00
 1.13841270e+00 -1.35275591e+01 -4.84030220e+00  9.74612780e+00  9.03949688e+00
 1.13841270e+00 -1.33937008e+01 -4.70643399e+00  9.74612780e+00  9.03514210e+00
 1.13841270e+00 -1.32598425e+01 -4.57256363e+00  9.74612780e+00  9.03078293e+00
 1.13841270e+00 -1.31259843e+01 -4.43868844e+00  9.74612780e+00  9.02638094e+00
 1.13841270e+00 -1.29921260e+01 -4.30480670e+00  9.74612780e+00  9.02188427e+00
 1.13841270e+00 -1.28582677e+01 -4.17091761e+00  9.74612780e+00  9.01734663e+00
 1.13841270e+00 -1.27244094e+01 -4.03701834e+00  9.74612780e+00  9.01281525e+00
 1.13841270e+00 -1.25905512e+01 -3.90310118e+00  9.74612780e+00  9.00820314e+00
 1.13841270e+00 -1.24566929e+01 -3.76918976e+00  9.74596808e+00  9.00350716e+00
 1.13841270e+00 -1.23228346e+01 -3.63536157e+00  9.74526487e+00  8.99875488e+00
 1.13841270e+00 -1.21889764e+01 -3.50152956e+00  9.74457372e+00  8.99397101e+00
 1.13841270e+00 -1.20551181e+01 -3.36769352e+00  9.74389584e+00  8.98912453e+00
 1.13841270e+00 -1.19212598e+01 -3.23385463e+00  9.74323091e+00  8.98419583e+00
 1.13841270e+00 -1.17874016e+01 -3.10001489e+00  9.74257893e+00  8.97921158e+00
 1.13841270e+00 -1.16535433e+01 -2.96617219e+00  9.74193966e+00  8.97420095e+00
 1.13841270e+00 -1.15196850e+01 -2.83232514e+00  9.74131306e+00  8.96915738e+00
 1.13841270e+00 -1.13858268e+01 -2.69847752e+00  9.74069900e+00  8.96401972e+00
 1.13841270e+00 -1.12519685e+01 -2.56462959e+00  9.74009724e+00  8.95881868e+00
 1.13841270e+00 -1.11181102e+01 -2.43078008e+00  9.73950775e+00  8.95358469e+00
 1.13841270e+00 -1.09842520e+01 -2.29692913e+00  9.73893034e+00  8.94826538e+00
 1.13841270e+00 -1.08503937e+01 -2.16307838e+00  9.73836502e+00  8.94288778e+00
 1.13841270e+00 -1.07165354e+01 -2.02922785e+00  9.73781146e+00  8.93747692e+00
 1.13841270e+00 -1.05826772e+01 -1.89537407e+00  9.73726967e+00  8.93198129e+00
 1.13841270e+00 -1.04488189e+01 -1.76151900e+00  9.73673943e+00  8.92639053e+00
 1.13841270e+00 -1.03149606e+01 -1.62766506e+00  9.73622070e+00  8.92073045e+00
 1.13841270e+00 -1.01811024e+01 -1.49381077e+00  9.73571329e+00  8.91503647e+00
 1.13841270e+00 -1.00472441e+01 -1.35995552e+00  9.73521712e+00  8.90925077e+00
 1.13841270e+00 -9.91338583e+00 -1.22610012e+00  9.73473199e+00  8.90334342e+00
 1.13841270e+00 -9.77952756e+00 -1.09224608e+00  9.73425785e+00  8.89739222e+00
 1.13841270e+00 -9.64566929e+00 -9.58390714e-01  9.73379449e+00  8.89138660e+00
 1.13841270e+00 -9.51181102e+00 -8.24532714e-01  9.73334184e+00  8.88528318e+00
 1.13841270e+00 -9.37795276e+00 -6.90675671e-01  9.73289978e+00  8.87906245e+00
 1.13841270e+00 -9.24409449e+00 -5.56819356e-01  9.73246810e+00  8.87274249e+00
 1.13841270e+00 -9.11023622e+00 -4.22962432e-01  9.73204680e+00  8.86634524e+00
 1.13841270e+00 -8.97637795e+00 -2.89104958e-01  9.73163564e+00  8.85986983e+00
 1.13841270e+00 -8.84251969e+00 -1.55248532e-01  9.73123455e+00  8.85328252e+00
 1.13841270e+00 -8.70866142e+00 -2.13927616e-02  9.73084343e+00  8.84657551e+00
 1.13841270e+00 -8.57480315e+00  1.12465816e-01  9.73046203e+00  8.83979039e+00
 1.13841270e+00 -8.44094488e+00  2.46324949e-01  9.73009038e+00  8.83290412e+00
 1.13841270e+00 -8.30708661e+00  3.80182608e-01  9.72972824e+00  8.82589127e+00
 1.13841270e+00 -8.17322835e+00  5.14040457e-01  9.72937557e+00  8.81876169e+00
 1.13841270e+00 -8.03937008e+00  6.47898657e-01  9.72903209e+00  8.81150906e+00
 1.13841270e+00 -7.90551181e+00  7.81756902e-01  9.72869786e+00  8.80412887e+00
 1.13841270e+00 -7.77165354e+00  9.15615232e-01  9.72837269e+00  8.79662998e+00
 1.13841270e+00 -7.63779528e+00  1.04947372e+00  9.72805638e+00  8.78902072e+00
 1.13841270e+00 -7.50393701e+00  1.18333238e+00  9.72774886e+00  8.78128826e+00
 1.13841270e+00 -7.37007874e+00  1.31719113e+00  9.72745004e+00  8.77339517e+00
 1.13841270e+00 -7.23622047e+00  1.45105001e+00  9.72715976e+00  8.76532856e+00
 1.13841270e+00 -7.10236220e+00  1.58490907e+00  9.72687790e+00  8.75711276e+00
 1.13841270e+00 -6.96850394e+00  1.71876830e+00  9.72660430e+00  8.74878974e+00
 1.13841270e+00 -6.83464567e+00  1.85262769e+00  9.72633892e+00  8.74029276e+00
 1.13841270e+00 -6.70078740e+00  1.98648724e+00  9.72608151e+00  8.73157747e+00
 1.13841270e+00 -6.56692913e+00  2.12034696e+00  9.72583202e+00  8.72267798e+00
 1.13841270e+00 -6.43307087e+00  2.25420688e+00  9.72559035e+00  8.71361665e+00
 1.13841270e+00 -6.29921260e+00  2.38806703e+00  9.72535632e+00  8.70438773e+00
 1.13841270e+00 -6.16535433e+00  2.52192748e+00  9.72512977e+00  8.69496014e+00
 1.13841270e+00 -6.03149606e+00  2.65578809e+00  9.72491074e+00  8.68531688e+00
 1.13841270e+00 -5.89763780e+00  2.78964916e+00  9.72469893e+00  8.67544223e+00
 1.13841270e+00 -5.76377953e+00  2.92351101e+00  9.72449433e+00  8.66532345e+00
 1.13841270e+00 -5.62992126e+00  3.05737123e+00  9.72429682e+00  8.65498682e+00
 1.13841270e+00 -5.49606299e+00  3.19123396e+00  9.72410612e+00  8.64440925e+00
 1.13841270e+00 -5.36220472e+00  3.32510360e+00  9.72392196e+00  8.63351475e+00
 1.13841270e+00 -5.22834646e+00  3.45894556e+00  9.72374570e+00  8.62233004e+00
 1.13841270e+00 -5.09448819e+00  3.59281904e+00  9.72357457e+00  8.61089663e+00
 1.13841270e+00 -4.96062992e+00  3.72678044e+00  9.72340620e+00  8.59919298e+00
 1.13841270e+00 -4.82677165e+00  3.86032368e+00  9.72326228e+00  8.58701511e+00
 1.13841270e+00 -4.69291339e+00  3.99362285e+00  9.72313836e+00  8.57440516e+00
 1.13841270e+00 -4.55905512e+00  4.12760808e+00  9.72299898e+00  8.56162644e+00
 1.13841270e+00 -4.42519685e+00  4.26235865e+00  9.72283734e+00  8.54847351e+00
 1.13841270e+00 -4.29133858e+00  4.39883945e+00  9.72263298e+00  8.53474223e+00
 1.13841270e+00 -4.15748031e+00  4.54019190e+00  9.72230736e+00  8.52027716e+00
 1.13841270e+00 -4.02362205e+00  4.69398895e+00  9.72160564e+00  8.50439281e+00
 1.13841270e+00 -3.88976378e+00  4.87296773e+00  9.71987748e+00  8.48543128e+00
 1.13841270e+00 -3.75590551e+00  5.09563724e+00  9.71597433e+00  8.45986556e+00
 1.13841270e+00 -3.62204724e+00  5.37265017e+00  9.70642472e+00  8.41763901e+00
 1.13841270e+00 -3.48818898e+00  5.68652590e+00  9.68477730e+00  8.33460864e+00
 1.13841270e+00 -3.35433071e+00  6.00040165e+00  9.66312988e+00  8.25157826e+00
 1.13841270e+00 -3.22047244e+00  6.31427741e+00  9.64148246e+00  8.16854789e+00
 1.13841270e+00 -3.08661417e+00  6.62815316e+00  9.61983504e+00  8.08551751e+00
 1.13841270e+00 -2.95275591e+00  6.94202889e+00  9.59818762e+00  8.00248714e+00
 1.13841270e+00 -2.81889764e+00  7.25590464e+00  9.57654019e+00  7.91945677e+00
 1.13841270e+00 -2.68503937e+00  7.56978040e+00  9.55489277e+00  7.83642639e+00
 1.13841270e+00 -2.55118110e+00  7.88365615e+00  9.53324535e+00  7.75339601e+00
 1.13841270e+00 -2.41732283e+00  8.19753190e+00  9.51159793e+00  7.67036564e+00
 1.13841270e+00 -2.28346457e+00  8.51140763e+00  9.48995051e+00  7.58733527e+00
 1.13841270e+00 -2.14960630e+00  8.82528339e+00  9.46830309e+00  7.50430489e+00
 1.13841270e+00 -2.01574803e+00  9.13915914e+00  9.44665567e+00  7.42127451e+00
 1.13841270e+00 -1.88188976e+00  9.45303489e+00  9.42500824e+00  7.33824414e+00
 1.13841270e+00 -1.74803150e+00  9.76691062e+00  9.40336082e+00  7.25521377e+00
 1.13841270e+00 -1.61417323e+00  1.00807864e+01  9.38171340e+00  7.17218339e+00
 1.13841270e+00 -1.48031496e+00  1.03946621e+01  9.36006598e+00  7.08915302e+00
 1.13841270e+00 -1.34645669e+00  1.07085379e+01  9.33841856e+00  7.00612264e+00
 1.13841270e+00 -1.21259843e+00  1.10224136e+01  9.31677114e+00  6.92309227e+00
 1.13841270e+00 -1.07874016e+00  1.13362894e+01  9.29512372e+00  6.84006189e+00
 1.13841270e+00 -9.44881890e-01  1.16501651e+01  9.27347630e+00  6.75703152e+00
 1.13841270e+00 -8.11023622e-01  1.19640409e+01  9.25182887e+00  6.67400114e+00
 1.13841270e+00 -6.77165354e-01  1.22779166e+01  9.23018145e+00  6.59097077e+00
 1.13841270e+00 -5.43307087e-01  1.25917924e+01  9.20853403e+00  6.50794039e+00
 1.13841270e+00 -4.09448819e-01  1.29056681e+01  9.18688661e+00  6.42491002e+00
 1.13841270e+00 -2.75590551e-01  1.32195439e+01  9.16523919e+00  6.34187964e+00
 1.13841270e+00 -1.41732283e-01  1.35334196e+01  9.14359177e+00  6.25884927e+00
 1.13841270e+00 -7.87401575e-03  1.38472954e+01  9.12194435e+00  6.17581889e+00
 1.13841270e+00  1.25984252e-01  1.41611711e+01  9.10029693e+00  6.09278852e+00
 1.13841270e+00  2.59842520e-01  1.44750469e+01  9.07864950e+00  6.00975814e+00
 1.13841270e+00  3.93700787e-01  1.47889226e+01  9.05700208e+00  5.92672777e+00
 1.13841270e+00  5.27559055e-01  1.51027984e+01  9.03535466e+00  5.84369739e+00
 1.13841270e+00  6.61417323e-01  1.54166741e+01  9.01370724e+00  5.76066702e+00
 1.13841270e+00  7.95275591e-01  1.57305498e+01  8.99205982e+00  5.67763664e+00
 1.13841270e+00  9.29133858e-01  1.60444256e+01  8.97041240e+00  5.59460627e+00
 1.13841270e+00  1.06299213e+00  1.63583014e+01  8.94876498e+00  5.51157589e+00
 1.13841270e+00  1.19685039e+00  1.66721771e+01  8.92711756e+00  5.42854552e+00
 1.13841270e+00  1.33070866e+00  1.69860528e+01  8.90547013e+00  5.34551515e+00
 1.13841270e+00  1.46456693e+00  1.72999286e+01  8.88382271e+00  5.26248477e+00
 1.13841270e+00  1.59842520e+00  1.76138043e+01  8.86217529e+00  5.17945439e+00
 1.13841270e+00  1.73228346e+00  1.79276801e+01  8.84052787e+00  5.09642402e+00
 1.13841270e+00  1.86614173e+00  1.82415558e+01  8.81888045e+00  5.01339365e+00
 1.13841270e+00  2.00000000e+00  1.85554316e+01  8.79723303e+00  4.93036327e+00
 1.21682540e+00 -1.50000000e+01 -6.23473254e+00  9.75778813e+00  9.08825135e+00
 1.21682540e+00 -1.48661417e+01 -6.10092845e+00  9.75778813e+00  9.08428832e+00
 1.21682540e+00 -1.47322835e+01 -5.96712446e+00  9.75778813e+00  9.08032529e+00
 1.21682540e+00 -1.45984252e+01 -5.83332037e+00  9.75778813e+00  9.07636226e+00
 1.21682540e+00 -1.44645669e+01 -5.69947170e+00  9.75778813e+00  9.07242331e+00
 1.21682540e+00 -1.43307087e+01 -5.56560542e+00  9.75778813e+00  9.06841521e+00
 1.21682540e+00 -1.41968504e+01 -5.43174462e+00  9.75778813e+00  9.06431868e+00
 1.21682540e+00 -1.40629921e+01 -5.29789746e+00  9.75778813e+00  9.06023432e+00
 1.21682540e+00 -1.39291339e+01 -5.16400932e+00  9.75778813e+00  9.05610377e+00
 1.21682540e+00 -1.37952756e+01 -5.03008158e+00  9.75778813e+00  9.05187710e+00
 1.21682540e+00 -1.36614173e+01 -4.89624854e+00  9.75778813e+00  9.04766196e+00
 1.21682540e+00 -1.35275591e+01 -4.76243946e+00  9.75778813e+00  9.04343708e+00
 1.21682540e+00 -1.33937008e+01 -4.62856397e+00  9.75778813e+00  9.03915241e+00
 1.21682540e+00 -1.32598425e+01 -4.49468039e+00  9.75778813e+00  9.03482586e+00
 1.21682540e+00 -1.31259843e+01 -4.36081114e+00  9.75778813e+00  9.03042633e+00
 1.21682540e+00 -1.29921260e+01 -4.22692567e+00  9.75778813e+00  9.02595427e+00
 1.21682540e+00 -1.28582677e+01 -4.09296551e+00  9.75778813e+00  9.02149115e+00
 1.21682540e+00 -1.27244094e+01 -3.95902967e+00  9.75778813e+00  9.01698470e+00
 1.21682540e+00 -1.25905512e+01 -3.82516384e+00  9.75778813e+00  9.01238382e+00
 1.21682540e+00 -1.24566929e+01 -3.69133786e+00  9.75722431e+00  9.00771169e+00
 1.21682540e+00 -1.23228346e+01 -3.55749541e+00  9.75653368e+00  9.00300032e+00
 1.21682540e+00 -1.21889764e+01 -3.42366480e+00  9.75585619e+00  8.99824633e+00
 1.21682540e+00 -1.20551181e+01 -3.28984357e+00  9.75519179e+00  8.99344934e+00
 1.21682540e+00 -1.19212598e+01 -3.15597348e+00  9.75454002e+00  8.98861632e+00
 1.21682540e+00 -1.17874016e+01 -3.02206995e+00  9.75390084e+00  8.98373764e+00
 1.21682540e+00 -1.16535433e+01 -2.88826429e+00  9.75327475e+00  8.97877770e+00
 1.21682540e+00 -1.15196850e+01 -2.75447338e+00  9.75266117e+00  8.97372733e+00
 1.21682540e+00 -1.13858268e+01 -2.62061881e+00  9.75205963e+00  8.96861789e+00
 1.21682540e+00 -1.12519685e+01 -2.48676225e+00  9.75147036e+00  8.96350810e+00
 1.21682540e+00 -1.11181102e+01 -2.35292438e+00  9.75089320e+00  8.95835224e+00
 1.21682540e+00 -1.09842520e+01 -2.21907334e+00  9.75032795e+00  8.95310474e+00
 1.21682540e+00 -1.08503937e+01 -2.08515783e+00  9.74977432e+00  8.94778300e+00
 1.21682540e+00 -1.07165354e+01 -1.95128935e+00  9.74923252e+00  8.94240797e+00
 1.21682540e+00 -1.05826772e+01 -1.81750411e+00  9.74870264e+00  8.93697777e+00
 1.21682540e+00 -1.04488189e+01 -1.68366766e+00  9.74818397e+00  8.93146459e+00
 1.21682540e+00 -1.03149606e+01 -1.54979899e+00  9.74767648e+00  8.92587472e+00
 1.21682540e+00 -1.01811024e+01 -1.41594697e+00  9.74718025e+00  8.92020781e+00
 1.21682540e+00 -1.00472441e+01 -1.28210577e+00  9.74669513e+00  8.91444593e+00
 1.21682540e+00 -9.91338583e+00 -1.14821459e+00  9.74622072e+00  8.90862912e+00
 1.21682540e+00 -9.77952756e+00 -1.01429947e+00  9.74575702e+00  8.90277477e+00
 1.21682540e+00 -9.64566929e+00 -8.80486804e-01  9.74530436e+00  8.89684197e+00
 1.21682540e+00 -9.51181102e+00 -7.46681385e-01  9.74486225e+00  8.89079263e+00
 1.21682540e+00 -9.37795276e+00 -6.12815439e-01  9.74443035e+00  8.88462085e+00
 1.21682540e+00 -9.24409449e+00 -4.78951640e-01  9.74400869e+00  8.87836406e+00
 1.21682540e+00 -9.11023622e+00 -3.45107269e-01  9.74359732e+00  8.87207894e+00
 1.21682540e+00 -8.97637795e+00 -2.11246680e-01  9.74319584e+00  8.86572560e+00
 1.21682540e+00 -8.84251969e+00 -7.73234579e-02  9.74280413e+00  8.85918220e+00
 1.21682540e+00 -8.70866142e+00  5.65430883e-02  9.74242235e+00  8.85256251e+00
 1.21682540e+00 -8.57480315e+00  1.90332683e-01  9.74205045e+00  8.84591434e+00
 1.21682540e+00 -8.44094488e+00  3.24178134e-01  9.74168789e+00  8.83913189e+00
 1.21682540e+00 -8.30708661e+00  4.58047567e-01  9.74133467e+00  8.83221887e+00
 1.21682540e+00 -8.17322835e+00  5.91902865e-01  9.74099075e+00  8.82519450e+00
 1.21682540e+00 -8.03937008e+00  7.25760061e-01  9.74065595e+00  8.81805175e+00
 1.21682540e+00 -7.90551181e+00  8.59619129e-01  9.74033019e+00  8.81078293e+00
 1.21682540e+00 -7.77165354e+00  9.93477399e-01  9.74001331e+00  8.80338840e+00
 1.21682540e+00 -7.63779528e+00  1.12733573e+00  9.73970518e+00  8.79587687e+00
 1.21682540e+00 -7.50393701e+00  1.26119432e+00  9.73940566e+00  8.78825345e+00
 1.21682540e+00 -7.37007874e+00  1.39505311e+00  9.73911474e+00  8.78050237e+00
 1.21682540e+00 -7.23622047e+00  1.52891196e+00  9.73883212e+00  8.77259032e+00
 1.21682540e+00 -7.10236220e+00  1.66277084e+00  9.73855777e+00  8.76450481e+00
 1.21682540e+00 -6.96850394e+00  1.79662982e+00  9.73829162e+00  8.75627347e+00
 1.21682540e+00 -6.83464567e+00  1.93048907e+00  9.73803346e+00  8.74793387e+00
 1.21682540e+00 -6.70078740e+00  2.06434853e+00  9.73778321e+00  8.73941176e+00
 1.21682540e+00 -6.56692913e+00  2.19820820e+00  9.73754068e+00  8.73067304e+00
 1.21682540e+00 -6.43307087e+00  2.33206807e+00  9.73730582e+00  8.72175388e+00
 1.21682540e+00 -6.29921260e+00  2.46592814e+00  9.73707849e+00  8.71267268e+00
 1.21682540e+00 -6.16535433e+00  2.59978834e+00  9.73685853e+00  8.70342063e+00
 1.21682540e+00 -6.03149606e+00  2.73364865e+00  9.73664587e+00  8.69396968e+00
 1.21682540e+00 -5.89763780e+00  2.86750953e+00  9.73644032e+00  8.68430207e+00
 1.21682540e+00 -5.76377953e+00  3.00137050e+00  9.73624185e+00  8.67439964e+00
 1.21682540e+00 -5.62992126e+00  3.13523127e+00  9.73605019e+00  8.66425284e+00
 1.21682540e+00 -5.49606299e+00  3.26909583e+00  9.73586547e+00  8.65389457e+00
 1.21682540e+00 -5.36220472e+00  3.40295601e+00  9.73568726e+00  8.64327650e+00
 1.21682540e+00 -5.22834646e+00  3.53680891e+00  9.73551542e+00  8.63232595e+00
 1.21682540e+00 -5.09448819e+00  3.67070973e+00  9.73535092e+00  8.62118908e+00
 1.21682540e+00 -4.96062992e+00  3.80454076e+00  9.73519136e+00  8.60973692e+00
 1.21682540e+00 -4.82677165e+00  3.93815601e+00  9.73503259e+00  8.59771089e+00
 1.21682540e+00 -4.69291339e+00  4.07191494e+00  9.73487696e+00  8.58544391e+00
 1.21682540e+00 -4.55905512e+00  4.20600186e+00  9.73472698e+00  8.57301055e+00
 1.21682540e+00 -4.42519685e+00  4.34054511e+00  9.73457565e+00  8.56017064e+00
 1.21682540e+00 -4.29133858e+00  4.47651517e+00  9.73438477e+00  8.54681893e+00
 1.21682540e+00 -4.15748031e+00  4.61677565e+00  9.73406460e+00  8.53279933e+00
 1.21682540e+00 -4.02362205e+00  4.76725635e+00  9.73338274e+00  8.51763138e+00
 1.21682540e+00 -3.88976378e+00  4.93966293e+00  9.73171385e+00  8.49987949e+00
 1.21682540e+00 -3.75590551e+00  5.15074393e+00  9.72789275e+00  8.47672415e+00
 1.21682540e+00 -3.62204724e+00  5.41403025e+00  9.71894527e+00  8.44072675e+00
 1.21682540e+00 -3.48818898e+00  5.71061192e+00  9.69804729e+00  8.37278905e+00
 1.21682540e+00 -3.35433071e+00  6.00719361e+00  9.67714931e+00  8.30485134e+00
 1.21682540e+00 -3.22047244e+00  6.30377530e+00  9.65625133e+00  8.23691364e+00
 1.21682540e+00 -3.08661417e+00  6.60035700e+00  9.63535335e+00  8.16897593e+00
 1.21682540e+00 -2.95275591e+00  6.89693867e+00  9.61445537e+00  8.10103823e+00
 1.21682540e+00 -2.81889764e+00  7.19352036e+00  9.59355738e+00  8.03310053e+00
 1.21682540e+00 -2.68503937e+00  7.49010205e+00  9.57265940e+00  7.96516282e+00
 1.21682540e+00 -2.55118110e+00  7.78668374e+00  9.55176142e+00  7.89722512e+00
 1.21682540e+00 -2.41732283e+00  8.08326544e+00  9.53086344e+00  7.82928741e+00
 1.21682540e+00 -2.28346457e+00  8.37984711e+00  9.50996546e+00  7.76134971e+00
 1.21682540e+00 -2.14960630e+00  8.67642880e+00  9.48906748e+00  7.69341201e+00
 1.21682540e+00 -2.01574803e+00  8.97301049e+00  9.46816950e+00  7.62547430e+00
 1.21682540e+00 -1.88188976e+00  9.26959218e+00  9.44727151e+00  7.55753660e+00
 1.21682540e+00 -1.74803150e+00  9.56617385e+00  9.42637353e+00  7.48959890e+00
 1.21682540e+00 -1.61417323e+00  9.86275554e+00  9.40547555e+00  7.42166119e+00
 1.21682540e+00 -1.48031496e+00  1.01593372e+01  9.38457757e+00  7.35372349e+00
 1.21682540e+00 -1.34645669e+00  1.04559189e+01  9.36367959e+00  7.28578578e+00
 1.21682540e+00 -1.21259843e+00  1.07525006e+01  9.34278161e+00  7.21784808e+00
 1.21682540e+00 -1.07874016e+00  1.10490823e+01  9.32188363e+00  7.14991038e+00
 1.21682540e+00 -9.44881890e-01  1.13456640e+01  9.30098565e+00  7.08197267e+00
 1.21682540e+00 -8.11023622e-01  1.16422457e+01  9.28008767e+00  7.01403497e+00
 1.21682540e+00 -6.77165354e-01  1.19388274e+01  9.25918968e+00  6.94609727e+00
 1.21682540e+00 -5.43307087e-01  1.22354090e+01  9.23829170e+00  6.87815956e+00
 1.21682540e+00 -4.09448819e-01  1.25319907e+01  9.21739372e+00  6.81022186e+00
 1.21682540e+00 -2.75590551e-01  1.28285724e+01  9.19649574e+00  6.74228415e+00
 1.21682540e+00 -1.41732283e-01  1.31251541e+01  9.17559776e+00  6.67434645e+00
 1.21682540e+00 -7.87401575e-03  1.34217358e+01  9.15469978e+00  6.60640875e+00
 1.21682540e+00  1.25984252e-01  1.37183175e+01  9.13380180e+00  6.53847104e+00
 1.21682540e+00  2.59842520e-01  1.40148992e+01  9.11290382e+00  6.47053334e+00
 1.21682540e+00  3.93700787e-01  1.43114809e+01  9.09200583e+00  6.40259563e+00
 1.21682540e+00  5.27559055e-01  1.46080625e+01  9.07110785e+00  6.33465793e+00
 1.21682540e+00  6.61417323e-01  1.49046442e+01  9.05020987e+00  6.26672023e+00
 1.21682540e+00  7.95275591e-01  1.52012259e+01  9.02931189e+00  6.19878252e+00
 1.21682540e+00  9.29133858e-01  1.54978076e+01  9.00841391e+00  6.13084482e+00
 1.21682540e+00  1.06299213e+00  1.57943893e+01  8.98751593e+00  6.06290711e+00
 1.21682540e+00  1.19685039e+00  1.60909710e+01  8.96661795e+00  5.99496941e+00
 1.21682540e+00  1.33070866e+00  1.63875527e+01  8.94571997e+00  5.92703171e+00
 1.21682540e+00  1.46456693e+00  1.66841344e+01  8.92482198e+00  5.85909400e+00
 1.21682540e+00  1.59842520e+00  1.69807160e+01  8.90392400e+00  5.79115630e+00
 1.21682540e+00  1.73228346e+00  1.72772977e+01  8.88302602e+00  5.72321860e+00
 1.21682540e+00  1.86614173e+00  1.75738794e+01  8.86212804e+00  5.65528089e+00
 1.21682540e+00  2.00000000e+00  1.78704611e+01  8.84123006e+00  5.58734319e+00
 1.29523810e+00 -1.50000000e+01 -6.15674672e+00  9.77158520e+00  9.09186039e+00
 1.29523810e+00 -1.48661417e+01 -6.02288826e+00  9.77158520e+00  9.08791305e+00
 1.29523810e+00 -1.47322835e+01 -5.88902990e+00  9.77158520e+00  9.08396571e+00
 1.29523810e+00 -1.45984252e+01 -5.75517144e+00  9.77158520e+00  9.08001837e+00
 1.29523810e+00 -1.44645669e+01 -5.62131150e+00  9.77158520e+00  9.07604789e+00
 1.29523810e+00 -1.43307087e+01 -5.48745153e+00  9.77158520e+00  9.07209222e+00
 1.29523810e+00 -1.41968504e+01 -5.35359139e+00  9.77158520e+00  9.06807831e+00
 1.29523810e+00 -1.40629921e+01 -5.21972956e+00  9.77158520e+00  9.06398223e+00
 1.29523810e+00 -1.39291339e+01 -5.08586442e+00  9.77158520e+00  9.05989397e+00
 1.29523810e+00 -1.37952756e+01 -4.95199978e+00  9.77158520e+00  9.05574950e+00
 1.29523810e+00 -1.36614173e+01 -4.81813615e+00  9.77158520e+00  9.05152235e+00
 1.29523810e+00 -1.35275591e+01 -4.68426719e+00  9.77158520e+00  9.04731007e+00
 1.29523810e+00 -1.33937008e+01 -4.55039323e+00  9.77158520e+00  9.04307936e+00
 1.29523810e+00 -1.32598425e+01 -4.41651488e+00  9.77158520e+00  9.03878934e+00
 1.29523810e+00 -1.31259843e+01 -4.28262904e+00  9.77158520e+00  9.03445464e+00
 1.29523810e+00 -1.29921260e+01 -4.14873117e+00  9.77158520e+00  9.03004461e+00
 1.29523810e+00 -1.28582677e+01 -4.01481906e+00  9.77158520e+00  9.02557135e+00
 1.29523810e+00 -1.27244094e+01 -3.88089233e+00  9.77158520e+00  9.02110528e+00
 1.29523810e+00 -1.25905512e+01 -3.74699693e+00  9.77131682e+00  9.01657166e+00
 1.29523810e+00 -1.24566929e+01 -3.61317410e+00  9.77062966e+00  9.01192885e+00
 1.29523810e+00 -1.23228346e+01 -3.47934675e+00  9.76995566e+00  9.00724749e+00
 1.29523810e+00 -1.21889764e+01 -3.34551566e+00  9.76929461e+00  9.00253266e+00
 1.29523810e+00 -1.20551181e+01 -3.21167984e+00  9.76864630e+00  8.99777645e+00
 1.29523810e+00 -1.19212598e+01 -3.07783884e+00  9.76801066e+00  8.99297759e+00
 1.29523810e+00 -1.17874016e+01 -2.94399763e+00  9.76738749e+00  8.98814684e+00
 1.29523810e+00 -1.16535433e+01 -2.81015703e+00  9.76677673e+00  8.98326165e+00
 1.29523810e+00 -1.15196850e+01 -2.67631196e+00  9.76617823e+00  8.97827580e+00
 1.29523810e+00 -1.13858268e+01 -2.54246446e+00  9.76559187e+00  8.97325162e+00
 1.29523810e+00 -1.12519685e+01 -2.40861657e+00  9.76501749e+00  8.96819669e+00
 1.29523810e+00 -1.11181102e+01 -2.27476728e+00  9.76445502e+00  8.96303834e+00
 1.29523810e+00 -1.09842520e+01 -2.14091490e+00  9.76390425e+00  8.95783316e+00
 1.29523810e+00 -1.08503937e+01 -2.00706138e+00  9.76336511e+00  8.95259492e+00
 1.29523810e+00 -1.07165354e+01 -1.87321116e+00  9.76283746e+00  8.94726124e+00
 1.29523810e+00 -1.05826772e+01 -1.73935983e+00  9.76232115e+00  8.94186788e+00
 1.29523810e+00 -1.04488189e+01 -1.60550549e+00  9.76181605e+00  8.93642922e+00
 1.29523810e+00 -1.03149606e+01 -1.47165138e+00  9.76132203e+00  8.93090849e+00
 1.29523810e+00 -1.01811024e+01 -1.33779732e+00  9.76083902e+00  8.92530146e+00
 1.29523810e+00 -1.00472441e+01 -1.20394168e+00  9.76036683e+00  8.91962570e+00
 1.29523810e+00 -9.91338583e+00 -1.07008370e+00  9.75990536e+00  8.91390461e+00
 1.29523810e+00 -9.77952756e+00 -9.36228125e-01  9.75945446e+00  8.90813028e+00
 1.29523810e+00 -9.64566929e+00 -8.02374820e-01  9.75901410e+00  8.90225782e+00
 1.29523810e+00 -9.51181102e+00 -6.68518579e-01  9.75858394e+00  8.89624409e+00
 1.29523810e+00 -9.37795276e+00 -5.34661544e-01  9.75816406e+00  8.89017531e+00
 1.29523810e+00 -9.24409449e+00 -4.00805301e-01  9.75775426e+00  8.88405356e+00
 1.29523810e+00 -9.11023622e+00 -2.66948591e-01  9.75735436e+00  8.87780022e+00
 1.29523810e+00 -8.97637795e+00 -1.33089593e-01  9.75696433e+00  8.87149819e+00
 1.29523810e+00 -8.84251969e+00  7.69478177e-04  9.75658398e+00  8.86512559e+00
 1.29523810e+00 -8.70866142e+00  1.34624601e-01  9.75621317e+00  8.85857210e+00
 1.29523810e+00 -8.57480315e+00  2.68480686e-01  9.75585184e+00  8.85195053e+00
 1.29523810e+00 -8.44094488e+00  4.02339073e-01  9.75549979e+00  8.84528500e+00
 1.29523810e+00 -8.30708661e+00  5.36196632e-01  9.75515699e+00  8.83848510e+00
 1.29523810e+00 -8.17322835e+00  6.70054556e-01  9.75482327e+00  8.83155791e+00
 1.29523810e+00 -8.03937008e+00  8.03912880e-01  9.75449846e+00  8.82451957e+00
 1.29523810e+00 -7.90551181e+00  9.37770333e-01  9.75418247e+00  8.81736514e+00
 1.29523810e+00 -7.77165354e+00  1.07162849e+00  9.75387519e+00  8.81006897e+00
 1.29523810e+00 -7.63779528e+00  1.20548736e+00  9.75357651e+00  8.80266718e+00
 1.29523810e+00 -7.50393701e+00  1.33934554e+00  9.75328626e+00  8.79520473e+00
 1.29523810e+00 -7.37007874e+00  1.47320381e+00  9.75300428e+00  8.78755354e+00
 1.29523810e+00 -7.23622047e+00  1.60706279e+00  9.75273055e+00  8.77973167e+00
 1.29523810e+00 -7.10236220e+00  1.74092233e+00  9.75246492e+00  8.77184878e+00
 1.29523810e+00 -6.96850394e+00  1.87478170e+00  9.75220721e+00  8.76377987e+00
 1.29523810e+00 -6.83464567e+00  2.00864074e+00  9.75195740e+00  8.75552363e+00
 1.29523810e+00 -6.70078740e+00  2.14249981e+00  9.75171521e+00  8.74716825e+00
 1.29523810e+00 -6.56692913e+00  2.27635893e+00  9.75148063e+00  8.73861195e+00
 1.29523810e+00 -6.43307087e+00  2.41021823e+00  9.75125354e+00  8.72985983e+00
 1.29523810e+00 -6.29921260e+00  2.54407803e+00  9.75103378e+00  8.72098113e+00
 1.29523810e+00 -6.16535433e+00  2.67793856e+00  9.75082129e+00  8.71186973e+00
 1.29523810e+00 -6.03149606e+00  2.81179949e+00  9.75061583e+00  8.70253435e+00
 1.29523810e+00 -5.89763780e+00  2.94566015e+00  9.75041736e+00  8.69305355e+00
 1.29523810e+00 -5.76377953e+00  3.07952053e+00  9.75022578e+00  8.68335472e+00
 1.29523810e+00 -5.62992126e+00  3.21338172e+00  9.75004089e+00  8.67343233e+00
 1.29523810e+00 -5.49606299e+00  3.34724363e+00  9.74986253e+00  8.66331716e+00
 1.29523810e+00 -5.36220472e+00  3.48110163e+00  9.74969125e+00  8.65293244e+00
 1.29523810e+00 -5.22834646e+00  3.61496885e+00  9.74952518e+00  8.64229588e+00
 1.29523810e+00 -5.09448819e+00  3.74884278e+00  9.74936460e+00  8.63141266e+00
 1.29523810e+00 -4.96062992e+00  3.88264687e+00  9.74922011e+00  8.62003570e+00
 1.29523810e+00 -4.82677165e+00  4.01645053e+00  9.74908474e+00  8.60829687e+00
 1.29523810e+00 -4.69291339e+00  4.15037679e+00  9.74894389e+00  8.59646951e+00
 1.29523810e+00 -4.55905512e+00  4.28439687e+00  9.74880100e+00  8.58436998e+00
 1.29523810e+00 -4.42519685e+00  4.41880297e+00  9.74865254e+00  8.57186927e+00
 1.29523810e+00 -4.29133858e+00  4.55449440e+00  9.74847041e+00  8.55890949e+00
 1.29523810e+00 -4.15748031e+00  4.69361279e+00  9.74816650e+00  8.54534224e+00
 1.29523810e+00 -4.02362205e+00  4.84149012e+00  9.74748590e+00  8.53072761e+00
 1.29523810e+00 -3.88976378e+00  5.00809150e+00  9.74591524e+00  8.51410274e+00
 1.29523810e+00 -3.75590551e+00  5.20846124e+00  9.74211987e+00  8.49290347e+00
 1.29523810e+00 -3.62204724e+00  5.45960034e+00  9.73378078e+00  8.46190604e+00
 1.29523810e+00 -3.48818898e+00  5.74034791e+00  9.71369048e+00  8.40566404e+00
 1.29523810e+00 -3.35433071e+00  6.02109550e+00  9.69360018e+00  8.34942204e+00
 1.29523810e+00 -3.22047244e+00  6.30184309e+00  9.67350988e+00  8.29318003e+00
 1.29523810e+00 -3.08661417e+00  6.58259068e+00  9.65341958e+00  8.23693803e+00
 1.29523810e+00 -2.95275591e+00  6.86333825e+00  9.63332928e+00  8.18069603e+00
 1.29523810e+00 -2.81889764e+00  7.14408584e+00  9.61323897e+00  8.12445402e+00
 1.29523810e+00 -2.68503937e+00  7.42483343e+00  9.59314867e+00  8.06821202e+00
 1.29523810e+00 -2.55118110e+00  7.70558103e+00  9.57305837e+00  8.01197001e+00
 1.29523810e+00 -2.41732283e+00  7.98632862e+00  9.55296807e+00  7.95572801e+00
 1.29523810e+00 -2.28346457e+00  8.26707619e+00  9.53287777e+00  7.89948601e+00
 1.29523810e+00 -2.14960630e+00  8.54782378e+00  9.51278747e+00  7.84324401e+00
 1.29523810e+00 -2.01574803e+00  8.82857137e+00  9.49269717e+00  7.78700200e+00
 1.29523810e+00 -1.88188976e+00  9.10931896e+00  9.47260686e+00  7.73076000e+00
 1.29523810e+00 -1.74803150e+00  9.39006653e+00  9.45251656e+00  7.67451800e+00
 1.29523810e+00 -1.61417323e+00  9.67081412e+00  9.43242626e+00  7.61827599e+00
 1.29523810e+00 -1.48031496e+00  9.95156171e+00  9.41233596e+00  7.56203399e+00
 1.29523810e+00 -1.34645669e+00  1.02323093e+01  9.39224566e+00  7.50579199e+00
 1.29523810e+00 -1.21259843e+00  1.05130569e+01  9.37215536e+00  7.44954999e+00
 1.29523810e+00 -1.07874016e+00  1.07938045e+01  9.35206506e+00  7.39330798e+00
 1.29523810e+00 -9.44881890e-01  1.10745521e+01  9.33197476e+00  7.33706598e+00
 1.29523810e+00 -8.11023622e-01  1.13552996e+01  9.31188446e+00  7.28082397e+00
 1.29523810e+00 -6.77165354e-01  1.16360472e+01  9.29179416e+00  7.22458197e+00
 1.29523810e+00 -5.43307087e-01  1.19167948e+01  9.27170385e+00  7.16833997e+00
 1.29523810e+00 -4.09448819e-01  1.21975424e+01  9.25161355e+00  7.11209796e+00
 1.29523810e+00 -2.75590551e-01  1.24782900e+01  9.23152325e+00  7.05585596e+00
 1.29523810e+00 -1.41732283e-01  1.27590376e+01  9.21143295e+00  6.99961396e+00
 1.29523810e+00 -7.87401575e-03  1.30397852e+01  9.19134265e+00  6.94337195e+00
 1.29523810e+00  1.25984252e-01  1.33205327e+01  9.17125235e+00  6.88712995e+00
 1.29523810e+00  2.59842520e-01  1.36012803e+01  9.15116205e+00  6.83088795e+00
 1.29523810e+00  3.93700787e-01  1.38820279e+01  9.13107175e+00  6.77464594e+00
 1.29523810e+00  5.27559055e-01  1.41627755e+01  9.11098144e+00  6.71840394e+00
 1.29523810e+00  6.61417323e-01  1.44435231e+01  9.09089114e+00  6.66216194e+00
 1.29523810e+00  7.95275591e-01  1.47242707e+01  9.07080084e+00  6.60591993e+00
 1.29523810e+00  9.29133858e-01  1.50050183e+01  9.05071054e+00  6.54967793e+00
 1.29523810e+00  1.06299213e+00  1.52857659e+01  9.03062024e+00  6.49343593e+00
 1.29523810e+00  1.19685039e+00  1.55665134e+01  9.01052994e+00  6.43719393e+00
 1.29523810e+00  1.33070866e+00  1.58472610e+01  8.99043964e+00  6.38095192e+00
 1.29523810e+00  1.46456693e+00  1.61280086e+01  8.97034934e+00  6.32470992e+00
 1.29523810e+00  1.59842520e+00  1.64087562e+01  8.95025903e+00  6.26846791e+00
 1.29523810e+00  1.73228346e+00  1.66895038e+01  8.93016873e+00  6.21222591e+00
 1.29523810e+00  1.86614173e+00  1.69702514e+01  8.91007843e+00  6.15598391e+00
 1.29523810e+00  2.00000000e+00  1.72509990e+01  8.88998813e+00  6.09974191e+00
 1.37365079e+00 -1.50000000e+01 -6.07836433e+00  9.78879708e+00  9.09553914e+00
 1.37365079e+00 -1.48661417e+01 -5.94450920e+00  9.78879708e+00  9.09168108e+00
 1.37365079e+00 -1.47322835e+01 -5.81065417e+00  9.78879708e+00  9.08782302e+00
 1.37365079e+00 -1.45984252e+01 -5.67678564e+00  9.78879708e+00  9.08391620e+00
 1.37365079e+00 -1.44645669e+01 -5.54292565e+00  9.78879708e+00  9.08001509e+00
 1.37365079e+00 -1.43307087e+01 -5.40907351e+00  9.78879708e+00  9.07609832e+00
 1.37365079e+00 -1.41968504e+01 -5.27520743e+00  9.78879708e+00  9.07208506e+00
 1.37365079e+00 -1.40629921e+01 -5.14133548e+00  9.78879708e+00  9.06804535e+00
 1.37365079e+00 -1.39291339e+01 -5.00747100e+00  9.78879708e+00  9.06401505e+00
 1.37365079e+00 -1.37952756e+01 -4.87361650e+00  9.78879708e+00  9.05993687e+00
 1.37365079e+00 -1.36614173e+01 -4.73974893e+00  9.78879708e+00  9.05576975e+00
 1.37365079e+00 -1.35275591e+01 -4.60586785e+00  9.78879708e+00  9.05154169e+00
 1.37365079e+00 -1.33937008e+01 -4.47199697e+00  9.78879708e+00  9.04732753e+00
 1.37365079e+00 -1.32598425e+01 -4.33811515e+00  9.78879708e+00  9.04309191e+00
 1.37365079e+00 -1.31259843e+01 -4.20421116e+00  9.78879708e+00  9.03879593e+00
 1.37365079e+00 -1.29921260e+01 -4.07029779e+00  9.78879708e+00  9.03444103e+00
 1.37365079e+00 -1.28582677e+01 -3.93637971e+00  9.78879708e+00  9.03006267e+00
 1.37365079e+00 -1.27244094e+01 -3.80243970e+00  9.78879708e+00  9.02563877e+00
 1.37365079e+00 -1.25905512e+01 -3.66861329e+00  9.78813922e+00  9.02107647e+00
 1.37365079e+00 -1.24566929e+01 -3.53479088e+00  9.78747360e+00  9.01650177e+00
 1.37365079e+00 -1.23228346e+01 -3.40097252e+00  9.78682076e+00  9.01192065e+00
 1.37365079e+00 -1.21889764e+01 -3.26713573e+00  9.78618042e+00  9.00724583e+00
 1.37365079e+00 -1.20551181e+01 -3.13329123e+00  9.78555256e+00  9.00251477e+00
 1.37365079e+00 -1.19212598e+01 -2.99945325e+00  9.78493709e+00  8.99775425e+00
 1.37365079e+00 -1.17874016e+01 -2.86562395e+00  9.78433392e+00  8.99295234e+00
 1.37365079e+00 -1.16535433e+01 -2.73178068e+00  9.78374278e+00  8.98811727e+00
 1.37365079e+00 -1.15196850e+01 -2.59792743e+00  9.78316351e+00  8.98322482e+00
 1.37365079e+00 -1.13858268e+01 -2.46408804e+00  9.78259624e+00  8.97823640e+00
 1.37365079e+00 -1.12519685e+01 -2.33024170e+00  9.78204061e+00  8.97319743e+00
 1.37365079e+00 -1.11181102e+01 -2.19638229e+00  9.78149652e+00  8.96813636e+00
 1.37365079e+00 -1.09842520e+01 -2.06252626e+00  9.78096387e+00  8.96303835e+00
 1.37365079e+00 -1.08503937e+01 -1.92868252e+00  9.78044259e+00  8.95786143e+00
 1.37365079e+00 -1.07165354e+01 -1.79483872e+00  9.77993255e+00  8.95259019e+00
 1.37365079e+00 -1.05826772e+01 -1.66097742e+00  9.77943348e+00  8.94724289e+00
 1.37365079e+00 -1.04488189e+01 -1.52712395e+00  9.77894542e+00  8.94184920e+00
 1.37365079e+00 -1.03149606e+01 -1.39327788e+00  9.77846817e+00  8.93639582e+00
 1.37365079e+00 -1.01811024e+01 -1.25941701e+00  9.77800156e+00  8.93085504e+00
 1.37365079e+00 -1.00472441e+01 -1.12555281e+00  9.77754548e+00  8.92528227e+00
 1.37365079e+00 -9.91338583e+00 -9.91698505e-01  9.77709990e+00  8.91964427e+00
 1.37365079e+00 -9.77952756e+00 -8.57854511e-01  9.77666463e+00  8.91386574e+00
 1.37365079e+00 -9.64566929e+00 -7.23997338e-01  9.77623951e+00  8.90803196e+00
 1.37365079e+00 -9.51181102e+00 -5.90133620e-01  9.77582442e+00  8.90216080e+00
 1.37365079e+00 -9.37795276e+00 -4.56285139e-01  9.77541930e+00  8.89619888e+00
 1.37365079e+00 -9.24409449e+00 -3.22429437e-01  9.77502398e+00  8.89013823e+00
 1.37365079e+00 -9.11023622e+00 -1.88562527e-01  9.77463832e+00  8.88400120e+00
 1.37365079e+00 -8.97637795e+00 -5.47006558e-02  9.77426218e+00  8.87780143e+00
 1.37365079e+00 -8.84251969e+00  7.91480690e-02  9.77389559e+00  8.87147825e+00
 1.37365079e+00 -8.70866142e+00  2.12997766e-01  9.77353826e+00  8.86503407e+00
 1.37365079e+00 -8.57480315e+00  3.46863968e-01  9.77319004e+00  8.85851619e+00
 1.37365079e+00 -8.44094488e+00  4.80720399e-01  9.77285095e+00  8.85192237e+00
 1.37365079e+00 -8.30708661e+00  6.14570525e-01  9.77252076e+00  8.84523007e+00
 1.37365079e+00 -8.17322835e+00  7.48435225e-01  9.77219937e+00  8.83841399e+00
 1.37365079e+00 -8.03937008e+00  8.82302590e-01  9.77188671e+00  8.83146728e+00
 1.37365079e+00 -7.90551181e+00  1.01615915e+00  9.77158259e+00  8.82441738e+00
 1.37365079e+00 -7.77165354e+00  1.15000496e+00  9.77128699e+00  8.81729213e+00
 1.37365079e+00 -7.63779528e+00  1.28386590e+00  9.77099967e+00  8.81005681e+00
 1.37365079e+00 -7.50393701e+00  1.41773636e+00  9.77072052e+00  8.80267324e+00
 1.37365079e+00 -7.37007874e+00  1.55159527e+00  9.77044943e+00  8.79512885e+00
 1.37365079e+00 -7.23622047e+00  1.68544962e+00  9.77018638e+00  8.78746280e+00
 1.37365079e+00 -7.10236220e+00  1.81930694e+00  9.76993113e+00  8.77969106e+00
 1.37365079e+00 -6.96850394e+00  1.95316701e+00  9.76968361e+00  8.77178771e+00
 1.37365079e+00 -6.83464567e+00  2.08701896e+00  9.76944368e+00  8.76368399e+00
 1.37365079e+00 -6.70078740e+00  2.22087381e+00  9.76921125e+00  8.75541011e+00
 1.37365079e+00 -6.56692913e+00  2.35474446e+00  9.76898612e+00  8.74702586e+00
 1.37365079e+00 -6.43307087e+00  2.48860994e+00  9.76876827e+00  8.73848724e+00
 1.37365079e+00 -6.29921260e+00  2.62246631e+00  9.76855748e+00  8.72975793e+00
 1.37365079e+00 -6.16535433e+00  2.75632278e+00  9.76835374e+00  8.72083832e+00
 1.37365079e+00 -6.03149606e+00  2.89018384e+00  9.76815690e+00  8.71177102e+00
 1.37365079e+00 -5.89763780e+00  3.02404176e+00  9.76796677e+00  8.70250701e+00
 1.37365079e+00 -5.76377953e+00  3.15789336e+00  9.76778329e+00  8.69299198e+00
 1.37365079e+00 -5.62992126e+00  3.29176015e+00  9.76760627e+00  8.68329501e+00
 1.37365079e+00 -5.49606299e+00  3.42563129e+00  9.76743567e+00  8.67339306e+00
 1.37365079e+00 -5.36220472e+00  3.55949130e+00  9.76727146e+00  8.66323761e+00
 1.37365079e+00 -5.22834646e+00  3.69335938e+00  9.76711303e+00  8.65285880e+00
 1.37365079e+00 -5.09448819e+00  3.82720351e+00  9.76696145e+00  8.64211644e+00
 1.37365079e+00 -4.96062992e+00  3.96100711e+00  9.76681691e+00  8.63094564e+00
 1.37365079e+00 -4.82677165e+00  4.09485360e+00  9.76667663e+00  8.61964616e+00
 1.37365079e+00 -4.69291339e+00  4.22875494e+00  9.76654293e+00  8.60817417e+00
 1.37365079e+00 -4.55905512e+00  4.36274644e+00  9.76641471e+00  8.59635236e+00
 1.37365079e+00 -4.42519685e+00  4.49706781e+00  9.76627577e+00  8.58419246e+00
 1.37365079e+00 -4.29133858e+00  4.63244771e+00  9.76610403e+00  8.57162745e+00
 1.37365079e+00 -4.15748031e+00  4.77074547e+00  9.76581310e+00  8.55849953e+00
 1.37365079e+00 -4.02362205e+00  4.91630579e+00  9.76515748e+00  8.54451320e+00
 1.37365079e+00 -3.88976378e+00  5.07812450e+00  9.76368165e+00  8.52884381e+00
 1.37365079e+00 -3.75590551e+00  5.26857563e+00  9.75994257e+00  8.50918635e+00
 1.37365079e+00 -3.62204724e+00  5.50817284e+00  9.75211408e+00  8.48216803e+00
 1.37365079e+00 -3.48818898e+00  5.78110410e+00  9.73323280e+00  8.43548496e+00
 1.37365079e+00 -3.35433071e+00  6.05403538e+00  9.71435152e+00  8.38880189e+00
 1.37365079e+00 -3.22047244e+00  6.32696666e+00  9.69547024e+00  8.34211881e+00
 1.37365079e+00 -3.08661417e+00  6.59989794e+00  9.67658896e+00  8.29543574e+00
 1.37365079e+00 -2.95275591e+00  6.87282920e+00  9.65770768e+00  8.24875267e+00
 1.37365079e+00 -2.81889764e+00  7.14576048e+00  9.63882639e+00  8.20206960e+00
 1.37365079e+00 -2.68503937e+00  7.41869176e+00  9.61994511e+00  8.15538652e+00
 1.37365079e+00 -2.55118110e+00  7.69162304e+00  9.60106383e+00  8.10870345e+00
 1.37365079e+00 -2.41732283e+00  7.96455432e+00  9.58218255e+00  8.06202038e+00
 1.37365079e+00 -2.28346457e+00  8.23748558e+00  9.56330127e+00  8.01533731e+00
 1.37365079e+00 -2.14960630e+00  8.51041686e+00  9.54441999e+00  7.96865423e+00
 1.37365079e+00 -2.01574803e+00  8.78334814e+00  9.52553871e+00  7.92197116e+00
 1.37365079e+00 -1.88188976e+00  9.05627942e+00  9.50665743e+00  7.87528809e+00
 1.37365079e+00 -1.74803150e+00  9.32921068e+00  9.48777615e+00  7.82860502e+00
 1.37365079e+00 -1.61417323e+00  9.60214196e+00  9.46889486e+00  7.78192194e+00
 1.37365079e+00 -1.48031496e+00  9.87507324e+00  9.45001358e+00  7.73523887e+00
 1.37365079e+00 -1.34645669e+00  1.01480045e+01  9.43113230e+00  7.68855579e+00
 1.37365079e+00 -1.21259843e+00  1.04209358e+01  9.41225102e+00  7.64187272e+00
 1.37365079e+00 -1.07874016e+00  1.06938671e+01  9.39336974e+00  7.59518965e+00
 1.37365079e+00 -9.44881890e-01  1.09667983e+01  9.37448846e+00  7.54850658e+00
 1.37365079e+00 -8.11023622e-01  1.12397296e+01  9.35560718e+00  7.50182350e+00
 1.37365079e+00 -6.77165354e-01  1.15126609e+01  9.33672590e+00  7.45514043e+00
 1.37365079e+00 -5.43307087e-01  1.17855922e+01  9.31784462e+00  7.40845736e+00
 1.37365079e+00 -4.09448819e-01  1.20585234e+01  9.29896333e+00  7.36177429e+00
 1.37365079e+00 -2.75590551e-01  1.23314547e+01  9.28008205e+00  7.31509121e+00
 1.37365079e+00 -1.41732283e-01  1.26043860e+01  9.26120077e+00  7.26840814e+00
 1.37365079e+00 -7.87401575e-03  1.28773173e+01  9.24231949e+00  7.22172507e+00
 1.37365079e+00  1.25984252e-01  1.31502486e+01  9.22343821e+00  7.17504200e+00
 1.37365079e+00  2.59842520e-01  1.34231798e+01  9.20455693e+00  7.12835892e+00
 1.37365079e+00  3.93700787e-01  1.36961111e+01  9.18567565e+00  7.08167585e+00
 1.37365079e+00  5.27559055e-01  1.39690424e+01  9.16679437e+00  7.03499278e+00
 1.37365079e+00  6.61417323e-01  1.42419737e+01  9.14791309e+00  6.98830971e+00
 1.37365079e+00  7.95275591e-01  1.45149049e+01  9.12903180e+00  6.94162663e+00
 1.37365079e+00  9.29133858e-01  1.47878362e+01  9.11015052e+00  6.89494356e+00
 1.37365079e+00  1.06299213e+00  1.50607675e+01  9.09126924e+00  6.84826049e+00
 1.37365079e+00  1.19685039e+00  1.53336988e+01  9.07238796e+00  6.80157742e+00
 1.37365079e+00  1.33070866e+00  1.56066300e+01  9.05350668e+00  6.75489434e+00
 1.37365079e+00  1.46456693e+00  1.58795613e+01  9.03462540e+00  6.70821127e+00
 1.37365079e+00  1.59842520e+00  1.61524926e+01  9.01574412e+00  6.66152820e+00
 1.37365079e+00  1.73228346e+00  1.64254239e+01  8.99686284e+00  6.61484513e+00
 1.37365079e+00  1.86614173e+00  1.66983551e+01  8.97798156e+00  6.56816205e+00
 1.37365079e+00  2.00000000e+00  1.69712864e+01  8.95910027e+00  6.52147898e+00
 1.45206349e+00 -1.50000000e+01 -6.00014870e+00  9.81143539e+00  9.09974101e+00
 1.45206349e+00 -1.48661417e+01 -5.86620191e+00  9.81143539e+00  9.09593210e+00
 1.45206349e+00 -1.47322835e+01 -5.73225522e+00  9.81143539e+00  9.09212319e+00
 1.45206349e+00 -1.45984252e+01 -5.59834698e+00  9.81143539e+00  9.08826567e+00
 1.45206349e+00 -1.44645669e+01 -5.46456328e+00  9.81143539e+00  9.08436328e+00
 1.45206349e+00 -1.43307087e+01 -5.33069807e+00  9.81143539e+00  9.08045613e+00
 1.45206349e+00 -1.41968504e+01 -5.19676240e+00  9.81143539e+00  9.07652254e+00
 1.45206349e+00 -1.40629921e+01 -5.06295508e+00  9.81143539e+00  9.07250718e+00
 1.45206349e+00 -1.39291339e+01 -4.92915474e+00  9.81143539e+00  9.06847498e+00
 1.45206349e+00 -1.37952756e+01 -4.79526090e+00  9.81143539e+00  9.06443500e+00
 1.45206349e+00 -1.36614173e+01 -4.66130444e+00  9.81143539e+00  9.06033717e+00
 1.45206349e+00 -1.35275591e+01 -4.52744948e+00  9.81143539e+00  9.05619821e+00
 1.45206349e+00 -1.33937008e+01 -4.39363070e+00  9.81143539e+00  9.05202543e+00
 1.45206349e+00 -1.32598425e+01 -4.25966503e+00  9.81143539e+00  9.04780888e+00
 1.45206349e+00 -1.31259843e+01 -4.12575098e+00  9.81143539e+00  9.04355636e+00
 1.45206349e+00 -1.29921260e+01 -3.99191275e+00  9.81143539e+00  9.03925986e+00
 1.45206349e+00 -1.28582677e+01 -3.85798667e+00  9.81143539e+00  9.03490400e+00
 1.45206349e+00 -1.27244094e+01 -3.72403806e+00  9.81107071e+00  9.03048528e+00
 1.45206349e+00 -1.25905512e+01 -3.59017689e+00  9.81042039e+00  9.02602156e+00
 1.45206349e+00 -1.24566929e+01 -3.45643479e+00  9.80978348e+00  9.02151944e+00
 1.45206349e+00 -1.23228346e+01 -3.32259599e+00  9.80915846e+00  9.01696980e+00
 1.45206349e+00 -1.21889764e+01 -3.18869593e+00  9.80854535e+00  9.01238042e+00
 1.45206349e+00 -1.20551181e+01 -3.05492339e+00  9.80794490e+00  9.00775734e+00
 1.45206349e+00 -1.19212598e+01 -2.92114630e+00  9.80735636e+00  9.00305954e+00
 1.45206349e+00 -1.17874016e+01 -2.78727417e+00  9.80677928e+00  8.99828748e+00
 1.45206349e+00 -1.16535433e+01 -2.65334774e+00  9.80621357e+00  8.99347370e+00
 1.45206349e+00 -1.15196850e+01 -2.51953322e+00  9.80565994e+00  8.98862513e+00
 1.45206349e+00 -1.13858268e+01 -2.38574472e+00  9.80511780e+00  8.98373422e+00
 1.45206349e+00 -1.12519685e+01 -2.25181974e+00  9.80458646e+00  8.97878618e+00
 1.45206349e+00 -1.11181102e+01 -2.11797026e+00  9.80406655e+00  8.97376945e+00
 1.45206349e+00 -1.09842520e+01 -1.98420312e+00  9.80355801e+00  8.96870171e+00
 1.45206349e+00 -1.08503937e+01 -1.85036536e+00  9.80306016e+00  8.96359506e+00
 1.45206349e+00 -1.07165354e+01 -1.71643849e+00  9.80257271e+00  8.95839362e+00
 1.45206349e+00 -1.05826772e+01 -1.58254583e+00  9.80209605e+00  8.95312221e+00
 1.45206349e+00 -1.04488189e+01 -1.44877285e+00  9.80163045e+00  8.94782673e+00
 1.45206349e+00 -1.03149606e+01 -1.31489696e+00  9.80117483e+00  8.94243575e+00
 1.45206349e+00 -1.01811024e+01 -1.18097846e+00  9.80072932e+00  8.93696956e+00
 1.45206349e+00 -1.00472441e+01 -1.04719076e+00  9.80029452e+00  8.93148357e+00
 1.45206349e+00 -9.91338583e+00 -9.13391807e-01  9.79986964e+00  8.92592167e+00
 1.45206349e+00 -9.77952756e+00 -7.79499189e-01  9.79945440e+00  8.92026498e+00
 1.45206349e+00 -9.64566929e+00 -6.45561781e-01  9.79904880e+00  8.91452625e+00
 1.45206349e+00 -9.51181102e+00 -5.11744368e-01  9.79865329e+00  8.90870490e+00
 1.45206349e+00 -9.37795276e+00 -3.77939076e-01  9.79826735e+00  8.90282860e+00
 1.45206349e+00 -9.24409449e+00 -2.44002928e-01  9.79789047e+00  8.89690723e+00
 1.45206349e+00 -9.11023622e+00 -1.10154999e-01  9.79752310e+00  8.89086656e+00
 1.45206349e+00 -8.97637795e+00  2.36196144e-02  9.79716516e+00  8.88471256e+00
 1.45206349e+00 -8.84251969e+00  1.57468603e-01  9.79681605e+00  8.87848630e+00
 1.45206349e+00 -8.70866142e+00  2.91403525e-01  9.79647569e+00  8.87217453e+00
 1.45206349e+00 -8.57480315e+00  4.25292665e-01  9.79614423e+00  8.86578302e+00
 1.45206349e+00 -8.44094488e+00  5.59068869e-01  9.79582179e+00  8.85931019e+00
 1.45206349e+00 -8.30708661e+00  6.92956210e-01  9.79550764e+00  8.85270571e+00
 1.45206349e+00 -8.17322835e+00  8.26873692e-01  9.79520188e+00  8.84599561e+00
 1.45206349e+00 -8.03937008e+00  9.60669443e-01  9.79490477e+00  8.83921669e+00
 1.45206349e+00 -7.90551181e+00  1.09448517e+00  9.79461575e+00  8.83232109e+00
 1.45206349e+00 -7.77165354e+00  1.22835220e+00  9.79433484e+00  8.82529916e+00
 1.45206349e+00 -7.63779528e+00  1.36222319e+00  9.79406185e+00  8.81815921e+00
 1.45206349e+00 -7.50393701e+00  1.49607659e+00  9.79379673e+00  8.81088739e+00
 1.45206349e+00 -7.37007874e+00  1.62995008e+00  9.79353934e+00  8.80348904e+00
 1.45206349e+00 -7.23622047e+00  1.76386697e+00  9.79328953e+00  8.79597609e+00
 1.45206349e+00 -7.10236220e+00  1.89775850e+00  9.79304730e+00  8.78834872e+00
 1.45206349e+00 -6.96850394e+00  2.03158419e+00  9.79281251e+00  8.78060924e+00
 1.45206349e+00 -6.83464567e+00  2.16537058e+00  9.79258513e+00  8.77273305e+00
 1.45206349e+00 -6.70078740e+00  2.29921917e+00  9.79236473e+00  8.76465073e+00
 1.45206349e+00 -6.56692913e+00  2.43309501e+00  9.79215140e+00  8.75640703e+00
 1.45206349e+00 -6.43307087e+00  2.56695032e+00  9.79194499e+00  8.74805352e+00
 1.45206349e+00 -6.29921260e+00  2.70085131e+00  9.79174533e+00  8.73953455e+00
 1.45206349e+00 -6.16535433e+00  2.83476535e+00  9.79155241e+00  8.73082472e+00
 1.45206349e+00 -6.03149606e+00  2.96862537e+00  9.79136604e+00  8.72193575e+00
 1.45206349e+00 -5.89763780e+00  3.10241987e+00  9.79118631e+00  8.71289639e+00
 1.45206349e+00 -5.76377953e+00  3.23623309e+00  9.79101282e+00  8.70365095e+00
 1.45206349e+00 -5.62992126e+00  3.37011157e+00  9.79084554e+00  8.69415832e+00
 1.45206349e+00 -5.49606299e+00  3.50396893e+00  9.79068426e+00  8.68447463e+00
 1.45206349e+00 -5.36220472e+00  3.63785337e+00  9.79052924e+00  8.67459327e+00
 1.45206349e+00 -5.22834646e+00  3.77177816e+00  9.79037997e+00  8.66444831e+00
 1.45206349e+00 -5.09448819e+00  3.90559741e+00  9.79023526e+00  8.65396147e+00
 1.45206349e+00 -4.96062992e+00  4.03938864e+00  9.79009860e+00  8.64326659e+00
 1.45206349e+00 -4.82677165e+00  4.17325766e+00  9.78996678e+00  8.63243511e+00
 1.45206349e+00 -4.69291339e+00  4.30717303e+00  9.78982600e+00  8.62128782e+00
 1.45206349e+00 -4.55905512e+00  4.44114355e+00  9.78969479e+00  8.60981256e+00
 1.45206349e+00 -4.42519685e+00  4.57538148e+00  9.78957517e+00  8.59802480e+00
 1.45206349e+00 -4.29133858e+00  4.71051717e+00  9.78941275e+00  8.58584121e+00
 1.45206349e+00 -4.15748031e+00  4.84807846e+00  9.78912736e+00  8.57317401e+00
 1.45206349e+00 -4.02362205e+00  4.99176275e+00  9.78854033e+00  8.55979104e+00
 1.45206349e+00 -3.88976378e+00  5.14922687e+00  9.78714082e+00  8.54497250e+00
 1.45206349e+00 -3.75590551e+00  5.33131749e+00  9.78356193e+00  8.52688403e+00
 1.45206349e+00 -3.62204724e+00  5.55818908e+00  9.77606963e+00  8.50290882e+00
 1.45206349e+00 -3.48818898e+00  5.78506065e+00  9.76857733e+00  8.47893361e+00
 1.45206349e+00 -3.35433071e+00  6.01193224e+00  9.76108503e+00  8.45495840e+00
 1.45206349e+00 -3.22047244e+00  6.23880383e+00  9.75359273e+00  8.43098319e+00
 1.45206349e+00 -3.08661417e+00  6.46567542e+00  9.74610043e+00  8.40700798e+00
 1.45206349e+00 -2.95275591e+00  6.69254700e+00  9.73860813e+00  8.38303277e+00
 1.45206349e+00 -2.81889764e+00  6.91941859e+00  9.73111583e+00  8.35905756e+00
 1.45206349e+00 -2.68503937e+00  7.14629018e+00  9.72362353e+00  8.33508235e+00
 1.45206349e+00 -2.55118110e+00  7.37316177e+00  9.71613123e+00  8.31110714e+00
 1.45206349e+00 -2.41732283e+00  7.60003336e+00  9.70863893e+00  8.28713193e+00
 1.45206349e+00 -2.28346457e+00  7.82690493e+00  9.70114663e+00  8.26315673e+00
 1.45206349e+00 -2.14960630e+00  8.05377652e+00  9.69365433e+00  8.23918152e+00
 1.45206349e+00 -2.01574803e+00  8.28064811e+00  9.68616203e+00  8.21520631e+00
 1.45206349e+00 -1.88188976e+00  8.50751970e+00  9.67866973e+00  8.19123110e+00
 1.45206349e+00 -1.74803150e+00  8.73439127e+00  9.67117743e+00  8.16725589e+00
 1.45206349e+00 -1.61417323e+00  8.96126286e+00  9.66368513e+00  8.14328068e+00
 1.45206349e+00 -1.48031496e+00  9.18813445e+00  9.65619283e+00  8.11930547e+00
 1.45206349e+00 -1.34645669e+00  9.41500604e+00  9.64870053e+00  8.09533026e+00
 1.45206349e+00 -1.21259843e+00  9.64187762e+00  9.64120823e+00  8.07135505e+00
 1.45206349e+00 -1.07874016e+00  9.86874921e+00  9.63371593e+00  8.04737984e+00
 1.45206349e+00 -9.44881890e-01  1.00956208e+01  9.62622363e+00  8.02340463e+00
 1.45206349e+00 -8.11023622e-01  1.03224924e+01  9.61873133e+00  7.99942942e+00
 1.45206349e+00 -6.77165354e-01  1.05493640e+01  9.61123903e+00  7.97545421e+00
 1.45206349e+00 -5.43307087e-01  1.07762356e+01  9.60374673e+00  7.95147900e+00
 1.45206349e+00 -4.09448819e-01  1.10031071e+01  9.59625443e+00  7.92750379e+00
 1.45206349e+00 -2.75590551e-01  1.12299787e+01  9.58876213e+00  7.90352858e+00
 1.45206349e+00 -1.41732283e-01  1.14568503e+01  9.58126983e+00  7.87955337e+00
 1.45206349e+00 -7.87401575e-03  1.16837219e+01  9.57377753e+00  7.85557816e+00
 1.45206349e+00  1.25984252e-01  1.19105935e+01  9.56628523e+00  7.83160295e+00
 1.45206349e+00  2.59842520e-01  1.21374651e+01  9.55879293e+00  7.80762774e+00
 1.45206349e+00  3.93700787e-01  1.23643367e+01  9.55130063e+00  7.78365253e+00
 1.45206349e+00  5.27559055e-01  1.25912082e+01  9.54380833e+00  7.75967732e+00
 1.45206349e+00  6.61417323e-01  1.28180798e+01  9.53631603e+00  7.73570211e+00
 1.45206349e+00  7.95275591e-01  1.30449514e+01  9.52882373e+00  7.71172690e+00
 1.45206349e+00  9.29133858e-01  1.32718230e+01  9.52133143e+00  7.68775169e+00
 1.45206349e+00  1.06299213e+00  1.34986946e+01  9.51383913e+00  7.66377648e+00
 1.45206349e+00  1.19685039e+00  1.37255662e+01  9.50634684e+00  7.63980128e+00
 1.45206349e+00  1.33070866e+00  1.39524378e+01  9.49885454e+00  7.61582607e+00
 1.45206349e+00  1.46456693e+00  1.41793093e+01  9.49136224e+00  7.59185086e+00
 1.45206349e+00  1.59842520e+00  1.44061809e+01  9.48386994e+00  7.56787565e+00
 1.45206349e+00  1.73228346e+00  1.46330525e+01  9.47637764e+00  7.54390044e+00
 1.45206349e+00  1.86614173e+00  1.48599241e+01  9.46888534e+00  7.51992523e+00
 1.45206349e+00  2.00000000e+00  1.50867957e+01  9.46139304e+00  7.49595002e+00
 1.53047619e+00 -1.50000000e+01 -5.92162959e+00  9.84229525e+00  9.10515713e+00
 1.53047619e+00 -1.48661417e+01 -5.78775481e+00  9.84229525e+00  9.10141483e+00
 1.53047619e+00 -1.47322835e+01 -5.65387203e+00  9.84229525e+00  9.09763882e+00
 1.53047619e+00 -1.45984252e+01 -5.52002126e+00  9.84229525e+00  9.09385253e+00
 1.53047619e+00 -1.44645669e+01 -5.38617560e+00  9.84229525e+00  9.09004921e+00
 1.53047619e+00 -1.43307087e+01 -5.25229259e+00  9.84229525e+00  9.08620342e+00
 1.53047619e+00 -1.41968504e+01 -5.11842981e+00  9.84229525e+00  9.08230430e+00
 1.53047619e+00 -1.40629921e+01 -4.98458771e+00  9.84229525e+00  9.07836355e+00
 1.53047619e+00 -1.39291339e+01 -4.85072272e+00  9.84229525e+00  9.07439694e+00
 1.53047619e+00 -1.37952756e+01 -4.71683061e+00  9.84229525e+00  9.07039012e+00
 1.53047619e+00 -1.36614173e+01 -4.58294375e+00  9.84229525e+00  9.06632898e+00
 1.53047619e+00 -1.35275591e+01 -4.44908300e+00  9.84229525e+00  9.06222189e+00
 1.53047619e+00 -1.33937008e+01 -4.31518550e+00  9.84229525e+00  9.05811983e+00
 1.53047619e+00 -1.32598425e+01 -4.18126486e+00  9.84229525e+00  9.05398271e+00
 1.53047619e+00 -1.31259843e+01 -4.04736425e+00  9.84229525e+00  9.04975820e+00
 1.53047619e+00 -1.29921260e+01 -3.91343727e+00  9.84229525e+00  9.04553360e+00
 1.53047619e+00 -1.28582677e+01 -3.77948219e+00  9.84220514e+00  9.04126331e+00
 1.53047619e+00 -1.27244094e+01 -3.64565469e+00  9.84158631e+00  9.03686359e+00
 1.53047619e+00 -1.25905512e+01 -3.51185208e+00  9.84097547e+00  9.03247321e+00
 1.53047619e+00 -1.24566929e+01 -3.37804579e+00  9.84037646e+00  9.02806191e+00
 1.53047619e+00 -1.23228346e+01 -3.24419839e+00  9.83978899e+00  9.02355192e+00
 1.53047619e+00 -1.21889764e+01 -3.11037103e+00  9.83921319e+00  9.01901112e+00
 1.53047619e+00 -1.20551181e+01 -2.97655944e+00  9.83864893e+00  9.01440484e+00
 1.53047619e+00 -1.19212598e+01 -2.84272294e+00  9.83809590e+00  9.00970269e+00
 1.53047619e+00 -1.17874016e+01 -2.70886077e+00  9.83755398e+00  9.00505332e+00
 1.53047619e+00 -1.16535433e+01 -2.57500926e+00  9.83702318e+00  9.00037032e+00
 1.53047619e+00 -1.15196850e+01 -2.44118629e+00  9.83650349e+00  8.99554341e+00
 1.53047619e+00 -1.13858268e+01 -2.30733094e+00  9.83599442e+00  8.99075844e+00
 1.53047619e+00 -1.12519685e+01 -2.17346722e+00  9.83549612e+00  8.98595697e+00
 1.53047619e+00 -1.11181102e+01 -2.03963804e+00  9.83500853e+00  8.98101098e+00
 1.53047619e+00 -1.09842520e+01 -1.90580107e+00  9.83453134e+00  8.97601414e+00
 1.53047619e+00 -1.08503937e+01 -1.77193712e+00  9.83406437e+00  8.97096970e+00
 1.53047619e+00 -1.07165354e+01 -1.63806333e+00  9.83360764e+00  8.96584246e+00
 1.53047619e+00 -1.05826772e+01 -1.50422294e+00  9.83316107e+00  8.96066510e+00
 1.53047619e+00 -1.04488189e+01 -1.37038090e+00  9.83272450e+00  8.95545197e+00
 1.53047619e+00 -1.03149606e+01 -1.23650455e+00  9.83229770e+00  8.95019022e+00
 1.53047619e+00 -1.01811024e+01 -1.10265536e+00  9.83188069e+00  8.94484582e+00
 1.53047619e+00 -1.00472441e+01 -9.68822625e-01  9.83147338e+00  8.93941208e+00
 1.53047619e+00 -9.91338583e+00 -8.34966962e-01  9.83107545e+00  8.93390728e+00
 1.53047619e+00 -9.77952756e+00 -7.01089003e-01  9.83068682e+00  8.92836160e+00
 1.53047619e+00 -9.64566929e+00 -5.67226761e-01  9.83030754e+00  8.92275780e+00
 1.53047619e+00 -9.51181102e+00 -4.33392525e-01  9.82993742e+00  8.91705844e+00
 1.53047619e+00 -9.37795276e+00 -2.99525099e-01  9.82957628e+00  8.91124318e+00
 1.53047619e+00 -9.24409449e+00 -1.65654871e-01  9.82922401e+00  8.90534030e+00
 1.53047619e+00 -9.11023622e+00 -3.18193431e-02  9.82888062e+00  8.89939467e+00
 1.53047619e+00 -8.97637795e+00  1.02025564e-01  9.82854587e+00  8.89342302e+00
 1.53047619e+00 -8.84251969e+00  2.35896474e-01  9.82821962e+00  8.88732995e+00
 1.53047619e+00 -8.70866142e+00  3.69774237e-01  9.82790177e+00  8.88108202e+00
 1.53047619e+00 -8.57480315e+00  5.03617766e-01  9.82759232e+00  8.87483363e+00
 1.53047619e+00 -8.44094488e+00  6.37464584e-01  9.82729108e+00  8.86853378e+00
 1.53047619e+00 -8.30708661e+00  7.71343927e-01  9.82699790e+00  8.86208574e+00
 1.53047619e+00 -8.17322835e+00  9.05206367e-01  9.82671266e+00  8.85550890e+00
 1.53047619e+00 -8.03937008e+00  1.03904872e+00  9.82643534e+00  8.84884338e+00
 1.53047619e+00 -7.90551181e+00  1.17289466e+00  9.82616577e+00  8.84209419e+00
 1.53047619e+00 -7.77165354e+00  1.30676355e+00  9.82590383e+00  8.83521168e+00
 1.53047619e+00 -7.63779528e+00  1.44062678e+00  9.82564934e+00  8.82823745e+00
 1.53047619e+00 -7.50393701e+00  1.57447178e+00  9.82540232e+00  8.82118538e+00
 1.53047619e+00 -7.37007874e+00  1.70834064e+00  9.82516255e+00  8.81396399e+00
 1.53047619e+00 -7.23622047e+00  1.84221784e+00  9.82492994e+00  8.80658379e+00
 1.53047619e+00 -7.10236220e+00  1.97607504e+00  9.82470448e+00  8.79910153e+00
 1.53047619e+00 -6.96850394e+00  2.10991298e+00  9.82448595e+00  8.79155412e+00
 1.53047619e+00 -6.83464567e+00  2.24376528e+00  9.82427426e+00  8.78387851e+00
 1.53047619e+00 -6.70078740e+00  2.37763887e+00  9.82406927e+00  8.77601847e+00
 1.53047619e+00 -6.56692913e+00  2.51148953e+00  9.82387090e+00  8.76799559e+00
 1.53047619e+00 -6.43307087e+00  2.64534459e+00  9.82367910e+00  8.75984228e+00
 1.53047619e+00 -6.29921260e+00  2.77922415e+00  9.82349361e+00  8.75156028e+00
 1.53047619e+00 -6.16535433e+00  2.91309304e+00  9.82331445e+00  8.74310812e+00
 1.53047619e+00 -6.03149606e+00  3.04693918e+00  9.82314148e+00  8.73447818e+00
 1.53047619e+00 -5.89763780e+00  3.18078034e+00  9.82297457e+00  8.72566135e+00
 1.53047619e+00 -5.76377953e+00  3.31465058e+00  9.82281360e+00  8.71663196e+00
 1.53047619e+00 -5.62992126e+00  3.44851515e+00  9.82265845e+00  8.70741386e+00
 1.53047619e+00 -5.49606299e+00  3.58236268e+00  9.82250912e+00  8.69804946e+00
 1.53047619e+00 -5.36220472e+00  3.71623963e+00  9.82236531e+00  8.68853600e+00
 1.53047619e+00 -5.22834646e+00  3.85010851e+00  9.82222705e+00  8.67862088e+00
 1.53047619e+00 -5.09448819e+00  3.98394962e+00  9.82209449e+00  8.66829410e+00
 1.53047619e+00 -4.96062992e+00  4.11780594e+00  9.82196778e+00  8.65792820e+00
 1.53047619e+00 -4.82677165e+00  4.25167648e+00  9.82184339e+00  8.64745211e+00
 1.53047619e+00 -4.69291339e+00  4.38555702e+00  9.82172395e+00  8.63670326e+00
 1.53047619e+00 -4.55905512e+00  4.51949222e+00  9.82161653e+00  8.62563427e+00
 1.53047619e+00 -4.42519685e+00  4.65369726e+00  9.82149920e+00  8.61425400e+00
 1.53047619e+00 -4.29133858e+00  4.78864776e+00  9.82133931e+00  8.60255010e+00
 1.53047619e+00 -4.15748031e+00  4.92550000e+00  9.82108411e+00  8.59043870e+00
 1.53047619e+00 -4.02362205e+00  5.06779167e+00  9.82056142e+00  8.57769516e+00
 1.53047619e+00 -3.88976378e+00  5.22112791e+00  9.81919210e+00  8.56364676e+00
 1.53047619e+00 -3.75590551e+00  5.39704184e+00  9.81604088e+00  8.54721822e+00
 1.53047619e+00 -3.62204724e+00  5.60778073e+00  9.80870306e+00  8.52547045e+00
 1.53047619e+00 -3.48818898e+00  5.81851960e+00  9.80136524e+00  8.50372268e+00
 1.53047619e+00 -3.35433071e+00  6.02925849e+00  9.79402742e+00  8.48197491e+00
 1.53047619e+00 -3.22047244e+00  6.23999738e+00  9.78668960e+00  8.46022714e+00
 1.53047619e+00 -3.08661417e+00  6.45073627e+00  9.77935178e+00  8.43847937e+00
 1.53047619e+00 -2.95275591e+00  6.66147515e+00  9.77201396e+00  8.41673160e+00
 1.53047619e+00 -2.81889764e+00  6.87221404e+00  9.76467614e+00  8.39498383e+00
 1.53047619e+00 -2.68503937e+00  7.08295293e+00  9.75733832e+00  8.37323606e+00
 1.53047619e+00 -2.55118110e+00  7.29369182e+00  9.75000050e+00  8.35148829e+00
 1.53047619e+00 -2.41732283e+00  7.50443071e+00  9.74266268e+00  8.32974052e+00
 1.53047619e+00 -2.28346457e+00  7.71516958e+00  9.73532486e+00  8.30799275e+00
 1.53047619e+00 -2.14960630e+00  7.92590847e+00  9.72798704e+00  8.28624498e+00
 1.53047619e+00 -2.01574803e+00  8.13664736e+00  9.72064922e+00  8.26449721e+00
 1.53047619e+00 -1.88188976e+00  8.34738625e+00  9.71331140e+00  8.24274944e+00
 1.53047619e+00 -1.74803150e+00  8.55812513e+00  9.70597358e+00  8.22100168e+00
 1.53047619e+00 -1.61417323e+00  8.76886402e+00  9.69863576e+00  8.19925391e+00
 1.53047619e+00 -1.48031496e+00  8.97960291e+00  9.69129794e+00  8.17750614e+00
 1.53047619e+00 -1.34645669e+00  9.19034180e+00  9.68396012e+00  8.15575837e+00
 1.53047619e+00 -1.21259843e+00  9.40108067e+00  9.67662230e+00  8.13401060e+00
 1.53047619e+00 -1.07874016e+00  9.61181956e+00  9.66928448e+00  8.11226283e+00
 1.53047619e+00 -9.44881890e-01  9.82255845e+00  9.66194666e+00  8.09051506e+00
 1.53047619e+00 -8.11023622e-01  1.00332973e+01  9.65460884e+00  8.06876729e+00
 1.53047619e+00 -6.77165354e-01  1.02440362e+01  9.64727102e+00  8.04701952e+00
 1.53047619e+00 -5.43307087e-01  1.04547751e+01  9.63993320e+00  8.02527175e+00
 1.53047619e+00 -4.09448819e-01  1.06655140e+01  9.63259538e+00  8.00352398e+00
 1.53047619e+00 -2.75590551e-01  1.08762529e+01  9.62525756e+00  7.98177621e+00
 1.53047619e+00 -1.41732283e-01  1.10869918e+01  9.61791974e+00  7.96002844e+00
 1.53047619e+00 -7.87401575e-03  1.12977307e+01  9.61058192e+00  7.93828067e+00
 1.53047619e+00  1.25984252e-01  1.15084695e+01  9.60324410e+00  7.91653290e+00
 1.53047619e+00  2.59842520e-01  1.17192084e+01  9.59590628e+00  7.89478513e+00
 1.53047619e+00  3.93700787e-01  1.19299473e+01  9.58856846e+00  7.87303736e+00
 1.53047619e+00  5.27559055e-01  1.21406862e+01  9.58123064e+00  7.85128959e+00
 1.53047619e+00  6.61417323e-01  1.23514251e+01  9.57389282e+00  7.82954182e+00
 1.53047619e+00  7.95275591e-01  1.25621640e+01  9.56655500e+00  7.80779405e+00
 1.53047619e+00  9.29133858e-01  1.27729029e+01  9.55921718e+00  7.78604628e+00
 1.53047619e+00  1.06299213e+00  1.29836418e+01  9.55187936e+00  7.76429851e+00
 1.53047619e+00  1.19685039e+00  1.31943806e+01  9.54454154e+00  7.74255074e+00
 1.53047619e+00  1.33070866e+00  1.34051195e+01  9.53720372e+00  7.72080297e+00
 1.53047619e+00  1.46456693e+00  1.36158584e+01  9.52986590e+00  7.69905520e+00
 1.53047619e+00  1.59842520e+00  1.38265973e+01  9.52252808e+00  7.67730743e+00
 1.53047619e+00  1.73228346e+00  1.40373362e+01  9.51519027e+00  7.65555967e+00
 1.53047619e+00  1.86614173e+00  1.42480751e+01  9.50785245e+00  7.63381190e+00
 1.53047619e+00  2.00000000e+00  1.44588140e+01  9.50051463e+00  7.61206413e+00
 1.60888889e+00 -1.50000000e+01 -5.84320075e+00  9.88314705e+00  9.11132168e+00
 1.60888889e+00 -1.48661417e+01 -5.70934216e+00  9.88314705e+00  9.10759765e+00
 1.60888889e+00 -1.47322835e+01 -5.57548217e+00  9.88314705e+00  9.10386931e+00
 1.60888889e+00 -1.45984252e+01 -5.44162018e+00  9.88314705e+00  9.10015457e+00
 1.60888889e+00 -1.44645669e+01 -5.30775860e+00  9.88314705e+00  9.09638421e+00
 1.60888889e+00 -1.43307087e+01 -5.17389590e+00  9.88314705e+00  9.09258531e+00
 1.60888889e+00 -1.41968504e+01 -5.04002969e+00  9.88314705e+00  9.08878968e+00
 1.60888889e+00 -1.40629921e+01 -4.90616147e+00  9.88314705e+00  9.08490389e+00
 1.60888889e+00 -1.39291339e+01 -4.77229110e+00  9.88314705e+00  9.08096697e+00
 1.60888889e+00 -1.37952756e+01 -4.63841638e+00  9.88314705e+00  9.07704665e+00
 1.60888889e+00 -1.36614173e+01 -4.50453386e+00  9.88314705e+00  9.07308538e+00
 1.60888889e+00 -1.35275591e+01 -4.37064287e+00  9.88314705e+00  9.06907307e+00
 1.60888889e+00 -1.33937008e+01 -4.23674174e+00  9.88314705e+00  9.06502248e+00
 1.60888889e+00 -1.32598425e+01 -4.10282341e+00  9.88314705e+00  9.06092011e+00
 1.60888889e+00 -1.31259843e+01 -3.96888282e+00  9.88314705e+00  9.05678084e+00
 1.60888889e+00 -1.29921260e+01 -3.83491409e+00  9.88314705e+00  9.05261616e+00
 1.60888889e+00 -1.28582677e+01 -3.70106776e+00  9.88272798e+00  9.04837805e+00
 1.60888889e+00 -1.27244094e+01 -3.56726437e+00  9.88215508e+00  9.04408398e+00
 1.60888889e+00 -1.25905512e+01 -3.43345122e+00  9.88159331e+00  9.03974798e+00
 1.60888889e+00 -1.24566929e+01 -3.29963249e+00  9.88104253e+00  9.03537386e+00
 1.60888889e+00 -1.23228346e+01 -3.16580791e+00  9.88050266e+00  9.03095911e+00
 1.60888889e+00 -1.21889764e+01 -3.03197677e+00  9.87997348e+00  9.02649795e+00
 1.60888889e+00 -1.20551181e+01 -2.89814213e+00  9.87945497e+00  9.02198618e+00
 1.60888889e+00 -1.19212598e+01 -2.76430525e+00  9.87894702e+00  9.01743931e+00
 1.60888889e+00 -1.17874016e+01 -2.63046562e+00  9.87844944e+00  9.01286157e+00
 1.60888889e+00 -1.16535433e+01 -2.49662197e+00  9.87796213e+00  9.00822502e+00
 1.60888889e+00 -1.15196850e+01 -2.36277651e+00  9.87748501e+00  9.00355562e+00
 1.60888889e+00 -1.13858268e+01 -2.22893069e+00  9.87701797e+00  8.99885793e+00
 1.60888889e+00 -1.12519685e+01 -2.09508188e+00  9.87656080e+00  8.99406117e+00
 1.60888889e+00 -1.11181102e+01 -1.96123124e+00  9.87611346e+00  8.98919417e+00
 1.60888889e+00 -1.09842520e+01 -1.82738074e+00  9.87567584e+00  8.98429964e+00
 1.60888889e+00 -1.08503937e+01 -1.69353013e+00  9.87524778e+00  8.97935642e+00
 1.60888889e+00 -1.07165354e+01 -1.55967779e+00  9.87482923e+00  8.97434422e+00
 1.60888889e+00 -1.05826772e+01 -1.42582364e+00  9.87441996e+00  8.96926063e+00
 1.60888889e+00 -1.04488189e+01 -1.29197045e+00  9.87401996e+00  8.96412676e+00
 1.60888889e+00 -1.03149606e+01 -1.15811657e+00  9.87362909e+00  8.95895791e+00
 1.60888889e+00 -1.01811024e+01 -1.02426065e+00  9.87324721e+00  8.95374110e+00
 1.60888889e+00 -1.00472441e+01 -8.90405045e-01  9.87287422e+00  8.94843032e+00
 1.60888889e+00 -9.91338583e+00 -7.56550279e-01  9.87251004e+00  8.94302934e+00
 1.60888889e+00 -9.77952756e+00 -6.22695254e-01  9.87215449e+00  8.93756827e+00
 1.60888889e+00 -9.64566929e+00 -4.88838355e-01  9.87180748e+00  8.93207275e+00
 1.60888889e+00 -9.51181102e+00 -3.54981669e-01  9.87146898e+00  8.92650091e+00
 1.60888889e+00 -9.37795276e+00 -2.21126038e-01  9.87113877e+00  8.92082303e+00
 1.60888889e+00 -9.24409449e+00 -8.72686395e-02  9.87081681e+00  8.91507164e+00
 1.60888889e+00 -9.11023622e+00  4.65893286e-02  9.87050295e+00  8.90928575e+00
 1.60888889e+00 -8.97637795e+00  1.80446195e-01  9.87019707e+00  8.90343929e+00
 1.60888889e+00 -8.84251969e+00  3.14302412e-01  9.86989907e+00  8.89743961e+00
 1.60888889e+00 -8.70866142e+00  4.48159864e-01  9.86960889e+00  8.89138003e+00
 1.60888889e+00 -8.57480315e+00  5.82018362e-01  9.86932640e+00  8.88529704e+00
 1.60888889e+00 -8.44094488e+00  7.15875065e-01  9.86905145e+00  8.87906985e+00
 1.60888889e+00 -8.30708661e+00  8.49733234e-01  9.86878392e+00  8.87276170e+00
 1.60888889e+00 -8.17322835e+00  9.83593391e-01  9.86852378e+00  8.86640794e+00
 1.60888889e+00 -8.03937008e+00  1.11745044e+00  9.86827090e+00  8.85992343e+00
 1.60888889e+00 -7.90551181e+00  1.25130801e+00  9.86802513e+00  8.85334284e+00
 1.60888889e+00 -7.77165354e+00  1.38516768e+00  9.86778640e+00  8.84667401e+00
 1.60888889e+00 -7.63779528e+00  1.51902493e+00  9.86755457e+00  8.83984543e+00
 1.60888889e+00 -7.50393701e+00  1.65288169e+00  9.86732959e+00  8.83289609e+00
 1.60888889e+00 -7.37007874e+00  1.78673983e+00  9.86711129e+00  8.82586624e+00
 1.60888889e+00 -7.23622047e+00  1.92059831e+00  9.86689957e+00  8.81874481e+00
 1.60888889e+00 -7.10236220e+00  2.05445716e+00  9.86669442e+00  8.81152229e+00
 1.60888889e+00 -6.96850394e+00  2.18831683e+00  9.86649562e+00  8.80417396e+00
 1.60888889e+00 -6.83464567e+00  2.32217724e+00  9.86630314e+00  8.79666401e+00
 1.60888889e+00 -6.70078740e+00  2.45603620e+00  9.86611682e+00  8.78901066e+00
 1.60888889e+00 -6.56692913e+00  2.58989355e+00  9.86593659e+00  8.78123686e+00
 1.60888889e+00 -6.43307087e+00  2.72375197e+00  9.86576234e+00  8.77334295e+00
 1.60888889e+00 -6.29921260e+00  2.85761121e+00  9.86559394e+00  8.76529841e+00
 1.60888889e+00 -6.16535433e+00  2.99147076e+00  9.86543132e+00  8.75709593e+00
 1.60888889e+00 -6.03149606e+00  3.12533099e+00  9.86527438e+00  8.74875691e+00
 1.60888889e+00 -5.89763780e+00  3.25919226e+00  9.86512297e+00  8.74025383e+00
 1.60888889e+00 -5.76377953e+00  3.39305343e+00  9.86497704e+00  8.73154419e+00
 1.60888889e+00 -5.62992126e+00  3.52691249e+00  9.86483653e+00  8.72261612e+00
 1.60888889e+00 -5.49606299e+00  3.66077168e+00  9.86470117e+00  8.71359010e+00
 1.60888889e+00 -5.36220472e+00  3.79463228e+00  9.86457108e+00  8.70437712e+00
 1.60888889e+00 -5.22834646e+00  3.92849354e+00  9.86444620e+00  8.69472446e+00
 1.60888889e+00 -5.09448819e+00  4.06235681e+00  9.86432492e+00  8.68488580e+00
 1.60888889e+00 -4.96062992e+00  4.19621799e+00  9.86421026e+00  8.67498850e+00
 1.60888889e+00 -4.82677165e+00  4.33007466e+00  9.86410456e+00  8.66488807e+00
 1.60888889e+00 -4.69291339e+00  4.46396037e+00  9.86398490e+00  8.65454867e+00
 1.60888889e+00 -4.55905512e+00  4.59791627e+00  9.86386197e+00  8.64394933e+00
 1.60888889e+00 -4.42519685e+00  4.73204479e+00  9.86376598e+00  8.63305546e+00
 1.60888889e+00 -4.29133858e+00  4.86674993e+00  9.86362703e+00  8.62185527e+00
 1.60888889e+00 -4.15748031e+00  5.00329024e+00  9.86338990e+00  8.61030137e+00
 1.60888889e+00 -4.02362205e+00  5.14414140e+00  9.86292453e+00  8.59820216e+00
 1.60888889e+00 -3.88976378e+00  5.29381638e+00  9.86162764e+00  8.58498051e+00
 1.60888889e+00 -3.75590551e+00  5.46625433e+00  9.85898618e+00  8.57013242e+00
 1.60888889e+00 -3.62204724e+00  5.65710029e+00  9.85189677e+00  8.55029142e+00
 1.60888889e+00 -3.48818898e+00  5.84794624e+00  9.84480736e+00  8.53045042e+00
 1.60888889e+00 -3.35433071e+00  6.03879220e+00  9.83771795e+00  8.51060942e+00
 1.60888889e+00 -3.22047244e+00  6.22963816e+00  9.83062854e+00  8.49076842e+00
 1.60888889e+00 -3.08661417e+00  6.42048412e+00  9.82353913e+00  8.47092742e+00
 1.60888889e+00 -2.95275591e+00  6.61133006e+00  9.81644972e+00  8.45108642e+00
 1.60888889e+00 -2.81889764e+00  6.80217602e+00  9.80936031e+00  8.43124542e+00
 1.60888889e+00 -2.68503937e+00  6.99302198e+00  9.80227090e+00  8.41140442e+00
 1.60888889e+00 -2.55118110e+00  7.18386794e+00  9.79518149e+00  8.39156342e+00
 1.60888889e+00 -2.41732283e+00  7.37471390e+00  9.78809208e+00  8.37172242e+00
 1.60888889e+00 -2.28346457e+00  7.56555985e+00  9.78100267e+00  8.35188142e+00
 1.60888889e+00 -2.14960630e+00  7.75640581e+00  9.77391326e+00  8.33204042e+00
 1.60888889e+00 -2.01574803e+00  7.94725177e+00  9.76682385e+00  8.31219942e+00
 1.60888889e+00 -1.88188976e+00  8.13809773e+00  9.75973444e+00  8.29235842e+00
 1.60888889e+00 -1.74803150e+00  8.32894367e+00  9.75264503e+00  8.27251743e+00
 1.60888889e+00 -1.61417323e+00  8.51978963e+00  9.74555562e+00  8.25267643e+00
 1.60888889e+00 -1.48031496e+00  8.71063559e+00  9.73846621e+00  8.23283543e+00
 1.60888889e+00 -1.34645669e+00  8.90148155e+00  9.73137680e+00  8.21299443e+00
 1.60888889e+00 -1.21259843e+00  9.09232750e+00  9.72428739e+00  8.19315343e+00
 1.60888889e+00 -1.07874016e+00  9.28317346e+00  9.71719798e+00  8.17331243e+00
 1.60888889e+00 -9.44881890e-01  9.47401942e+00  9.71010857e+00  8.15347143e+00
 1.60888889e+00 -8.11023622e-01  9.66486538e+00  9.70301916e+00  8.13363043e+00
 1.60888889e+00 -6.77165354e-01  9.85571133e+00  9.69592975e+00  8.11378943e+00
 1.60888889e+00 -5.43307087e-01  1.00465573e+01  9.68884034e+00  8.09394843e+00
 1.60888889e+00 -4.09448819e-01  1.02374032e+01  9.68175093e+00  8.07410743e+00
 1.60888889e+00 -2.75590551e-01  1.04282492e+01  9.67466152e+00  8.05426643e+00
 1.60888889e+00 -1.41732283e-01  1.06190952e+01  9.66757211e+00  8.03442543e+00
 1.60888889e+00 -7.87401575e-03  1.08099411e+01  9.66048270e+00  8.01458443e+00
 1.60888889e+00  1.25984252e-01  1.10007871e+01  9.65339329e+00  7.99474343e+00
 1.60888889e+00  2.59842520e-01  1.11916330e+01  9.64630388e+00  7.97490243e+00
 1.60888889e+00  3.93700787e-01  1.13824790e+01  9.63921447e+00  7.95506143e+00
 1.60888889e+00  5.27559055e-01  1.15733249e+01  9.63212506e+00  7.93522043e+00
 1.60888889e+00  6.61417323e-01  1.17641709e+01  9.62503565e+00  7.91537943e+00
 1.60888889e+00  7.95275591e-01  1.19550169e+01  9.61794624e+00  7.89553843e+00
 1.60888889e+00  9.29133858e-01  1.21458628e+01  9.61085683e+00  7.87569743e+00
 1.60888889e+00  1.06299213e+00  1.23367088e+01  9.60376742e+00  7.85585643e+00
 1.60888889e+00  1.19685039e+00  1.25275547e+01  9.59667801e+00  7.83601543e+00
 1.60888889e+00  1.33070866e+00  1.27184007e+01  9.58958860e+00  7.81617443e+00
 1.60888889e+00  1.46456693e+00  1.29092466e+01  9.58249919e+00  7.79633343e+00
 1.60888889e+00  1.59842520e+00  1.31000926e+01  9.57540978e+00  7.77649243e+00
 1.60888889e+00  1.73228346e+00  1.32909385e+01  9.56832038e+00  7.75665143e+00
 1.60888889e+00  1.86614173e+00  1.34817845e+01  9.56123097e+00  7.73681043e+00
 1.60888889e+00  2.00000000e+00  1.36726305e+01  9.55414156e+00  7.71696943e+00
 1.68730159e+00 -1.50000000e+01 -5.76478624e+00  9.93180238e+00  9.11778016e+00
 1.68730159e+00 -1.48661417e+01 -5.63092573e+00  9.93180238e+00  9.11417837e+00
 1.68730159e+00 -1.47322835e+01 -5.49706501e+00  9.93180238e+00  9.11051239e+00
 1.68730159e+00 -1.45984252e+01 -5.36320324e+00  9.93180238e+00  9.10680657e+00
 1.68730159e+00 -1.44645669e+01 -5.22933970e+00  9.93180238e+00  9.10309202e+00
 1.68730159e+00 -1.43307087e+01 -5.09547485e+00  9.93180238e+00  9.09936071e+00
 1.68730159e+00 -1.41968504e+01 -4.96160774e+00  9.93180238e+00  9.09559125e+00
 1.68730159e+00 -1.40629921e+01 -4.82773693e+00  9.93180238e+00  9.09177568e+00
 1.68730159e+00 -1.39291339e+01 -4.69386134e+00  9.93180238e+00  9.08793248e+00
 1.68730159e+00 -1.37952756e+01 -4.55997991e+00  9.93180238e+00  9.08404539e+00
 1.68730159e+00 -1.36614173e+01 -4.42609050e+00  9.93180238e+00  9.08011243e+00
 1.68730159e+00 -1.35275591e+01 -4.29218922e+00  9.93180238e+00  9.07617729e+00
 1.68730159e+00 -1.33937008e+01 -4.15827252e+00  9.93180238e+00  9.07222786e+00
 1.68730159e+00 -1.32598425e+01 -4.02433527e+00  9.93180238e+00  9.06822143e+00
 1.68730159e+00 -1.31259843e+01 -3.89036913e+00  9.93180238e+00  9.06412291e+00
 1.68730159e+00 -1.29921260e+01 -3.75643980e+00  9.93164079e+00  9.05998094e+00
 1.68730159e+00 -1.28582677e+01 -3.62264843e+00  9.93111300e+00  9.05584157e+00
 1.68730159e+00 -1.27244094e+01 -3.48884669e+00  9.93059478e+00  9.05166044e+00
 1.68730159e+00 -1.25905512e+01 -3.35503591e+00  9.93008679e+00  9.04741928e+00
 1.68730159e+00 -1.24566929e+01 -3.22121733e+00  9.92958888e+00  9.04312750e+00
 1.68730159e+00 -1.23228346e+01 -3.08739313e+00  9.92910091e+00  9.03880771e+00
 1.68730159e+00 -1.21889764e+01 -2.95356397e+00  9.92862280e+00  9.03445332e+00
 1.68730159e+00 -1.20551181e+01 -2.81973014e+00  9.92815440e+00  9.03005382e+00
 1.68730159e+00 -1.19212598e+01 -2.68589249e+00  9.92769562e+00  9.02561091e+00
 1.68730159e+00 -1.17874016e+01 -2.55205219e+00  9.92724637e+00  9.02112462e+00
 1.68730159e+00 -1.16535433e+01 -2.41820968e+00  9.92680648e+00  9.01657707e+00
 1.68730159e+00 -1.15196850e+01 -2.28436450e+00  9.92637588e+00  9.01194179e+00
 1.68730159e+00 -1.13858268e+01 -2.15051764e+00  9.92595447e+00  9.00728477e+00
 1.68730159e+00 -1.12519685e+01 -2.01666972e+00  9.92554211e+00  9.00262160e+00
 1.68730159e+00 -1.11181102e+01 -1.88282023e+00  9.92513871e+00  8.99786767e+00
 1.68730159e+00 -1.09842520e+01 -1.74896925e+00  9.92474419e+00  8.99305158e+00
 1.68730159e+00 -1.08503937e+01 -1.61511733e+00  9.92435835e+00  8.98820511e+00
 1.68730159e+00 -1.07165354e+01 -1.48126509e+00  9.92398117e+00  8.98330896e+00
 1.68730159e+00 -1.05826772e+01 -1.34741194e+00  9.92361248e+00  8.97836897e+00
 1.68730159e+00 -1.04488189e+01 -1.21355781e+00  9.92325224e+00  8.97337240e+00
 1.68730159e+00 -1.03149606e+01 -1.07970367e+00  9.92290031e+00  8.96828414e+00
 1.68730159e+00 -1.01811024e+01 -9.45849144e-01  9.92255656e+00  8.96315157e+00
 1.68730159e+00 -1.00472441e+01 -8.11993804e-01  9.92222089e+00  8.95798410e+00
 1.68730159e+00 -9.91338583e+00 -6.78137878e-01  9.92189325e+00  8.95271737e+00
 1.68730159e+00 -9.77952756e+00 -5.44282004e-01  9.92157345e+00  8.94734772e+00
 1.68730159e+00 -9.64566929e+00 -4.10426120e-01  9.92126141e+00  8.94193387e+00
 1.68730159e+00 -9.51181102e+00 -2.76569451e-01  9.92095707e+00  8.93654405e+00
 1.68730159e+00 -9.37795276e+00 -1.42712740e-01  9.92066033e+00  8.93104447e+00
 1.68730159e+00 -9.24409449e+00 -8.85628068e-03  9.92037103e+00  8.92540174e+00
 1.68730159e+00 -9.11023622e+00  1.25000644e-01  9.92008908e+00  8.91974462e+00
 1.68730159e+00 -8.97637795e+00  2.58858097e-01  9.91981440e+00  8.91402602e+00
 1.68730159e+00 -8.84251969e+00  3.92715634e-01  9.91954689e+00  8.90820347e+00
 1.68730159e+00 -8.70866142e+00  5.26572770e-01  9.91928641e+00  8.90230082e+00
 1.68730159e+00 -8.57480315e+00  6.60430376e-01  9.91903291e+00  8.89631480e+00
 1.68730159e+00 -8.44094488e+00  7.94288315e-01  9.91878627e+00  8.89024626e+00
 1.68730159e+00 -8.30708661e+00  9.28145431e-01  9.91854640e+00  8.88410494e+00
 1.68730159e+00 -8.17322835e+00  1.06200313e+00  9.91831315e+00  8.87787407e+00
 1.68730159e+00 -8.03937008e+00  1.19586155e+00  9.91808646e+00  8.87155736e+00
 1.68730159e+00 -7.90551181e+00  1.32971925e+00  9.91786627e+00  8.86517076e+00
 1.68730159e+00 -7.77165354e+00  1.46357733e+00  9.91765244e+00  8.85865120e+00
 1.68730159e+00 -7.63779528e+00  1.59743613e+00  9.91744483e+00  8.85200176e+00
 1.68730159e+00 -7.50393701e+00  1.73129470e+00  9.91724341e+00  8.84529552e+00
 1.68730159e+00 -7.37007874e+00  1.86515315e+00  9.91704807e+00  8.83850491e+00
 1.68730159e+00 -7.23622047e+00  1.99901164e+00  9.91685871e+00  8.83159957e+00
 1.68730159e+00 -7.10236220e+00  2.13287004e+00  9.91667522e+00  8.82457659e+00
 1.68730159e+00 -6.96850394e+00  2.26672829e+00  9.91649748e+00  8.81743841e+00
 1.68730159e+00 -6.83464567e+00  2.40058679e+00  9.91632543e+00  8.81017707e+00
 1.68730159e+00 -6.70078740e+00  2.53444610e+00  9.91615903e+00  8.80278296e+00
 1.68730159e+00 -6.56692913e+00  2.66830553e+00  9.91599803e+00  8.79528240e+00
 1.68730159e+00 -6.43307087e+00  2.80216475e+00  9.91584250e+00  8.78764212e+00
 1.68730159e+00 -6.29921260e+00  2.93602404e+00  9.91569223e+00  8.77980221e+00
 1.68730159e+00 -6.16535433e+00  3.06988335e+00  9.91554717e+00  8.77185016e+00
 1.68730159e+00 -6.03149606e+00  3.20374260e+00  9.91540725e+00  8.76380581e+00
 1.68730159e+00 -5.89763780e+00  3.33760188e+00  9.91527238e+00  8.75559835e+00
 1.68730159e+00 -5.76377953e+00  3.47146191e+00  9.91514234e+00  8.74718694e+00
 1.68730159e+00 -5.62992126e+00  3.60532261e+00  9.91501719e+00  8.73862216e+00
 1.68730159e+00 -5.49606299e+00  3.73918327e+00  9.91489674e+00  8.72996240e+00
 1.68730159e+00 -5.36220472e+00  3.87304383e+00  9.91478104e+00  8.72103680e+00
 1.68730159e+00 -5.22834646e+00  4.00690471e+00  9.91466982e+00  8.71187290e+00
 1.68730159e+00 -5.09448819e+00  4.14076619e+00  9.91456285e+00  8.70263255e+00
 1.68730159e+00 -4.96062992e+00  4.27462740e+00  9.91446117e+00  8.69318646e+00
 1.68730159e+00 -4.82677165e+00  4.40849025e+00  9.91436178e+00  8.68347070e+00
 1.68730159e+00 -4.69291339e+00  4.54236440e+00  9.91426249e+00  8.67352598e+00
 1.68730159e+00 -4.55905512e+00  4.67628152e+00  9.91417434e+00  8.66336904e+00
 1.68730159e+00 -4.42519685e+00  4.81036009e+00  9.91408630e+00  8.65297700e+00
 1.68730159e+00 -4.29133858e+00  4.94497995e+00  9.91397023e+00  8.64230637e+00
 1.68730159e+00 -4.15748031e+00  5.08117702e+00  9.91379499e+00  8.63132481e+00
 1.68730159e+00 -4.02362205e+00  5.22049990e+00  9.91331688e+00  8.61981972e+00
 1.68730159e+00 -3.88976378e+00  5.36788360e+00  9.91220422e+00  8.60748916e+00
 1.68730159e+00 -3.75590551e+00  5.53611745e+00  9.90989094e+00  8.59372996e+00
 1.68730159e+00 -3.62204724e+00  5.71006454e+00  9.90349128e+00  8.57591515e+00
 1.68730159e+00 -3.48818898e+00  5.88401162e+00  9.89709162e+00  8.55810034e+00
 1.68730159e+00 -3.35433071e+00  6.05795871e+00  9.89069196e+00  8.54028553e+00
 1.68730159e+00 -3.22047244e+00  6.23190580e+00  9.88429230e+00  8.52247072e+00
 1.68730159e+00 -3.08661417e+00  6.40585289e+00  9.87789264e+00  8.50465591e+00
 1.68730159e+00 -2.95275591e+00  6.57979996e+00  9.87149298e+00  8.48684110e+00
 1.68730159e+00 -2.81889764e+00  6.75374705e+00  9.86509332e+00  8.46902629e+00
 1.68730159e+00 -2.68503937e+00  6.92769414e+00  9.85869366e+00  8.45121148e+00
 1.68730159e+00 -2.55118110e+00  7.10164123e+00  9.85229400e+00  8.43339667e+00
 1.68730159e+00 -2.41732283e+00  7.27558832e+00  9.84589434e+00  8.41558186e+00
 1.68730159e+00 -2.28346457e+00  7.44953540e+00  9.83949468e+00  8.39776705e+00
 1.68730159e+00 -2.14960630e+00  7.62348249e+00  9.83309502e+00  8.37995224e+00
 1.68730159e+00 -2.01574803e+00  7.79742958e+00  9.82669536e+00  8.36213743e+00
 1.68730159e+00 -1.88188976e+00  7.97137667e+00  9.82029570e+00  8.34432262e+00
 1.68730159e+00 -1.74803150e+00  8.14532375e+00  9.81389604e+00  8.32650782e+00
 1.68730159e+00 -1.61417323e+00  8.31927084e+00  9.80749638e+00  8.30869301e+00
 1.68730159e+00 -1.48031496e+00  8.49321793e+00  9.80109672e+00  8.29087820e+00
 1.68730159e+00 -1.34645669e+00  8.66716502e+00  9.79469706e+00  8.27306339e+00
 1.68730159e+00 -1.21259843e+00  8.84111210e+00  9.78829740e+00  8.25524858e+00
 1.68730159e+00 -1.07874016e+00  9.01505919e+00  9.78189774e+00  8.23743377e+00
 1.68730159e+00 -9.44881890e-01  9.18900628e+00  9.77549808e+00  8.21961896e+00
 1.68730159e+00 -8.11023622e-01  9.36295336e+00  9.76909842e+00  8.20180415e+00
 1.68730159e+00 -6.77165354e-01  9.53690045e+00  9.76269876e+00  8.18398934e+00
 1.68730159e+00 -5.43307087e-01  9.71084754e+00  9.75629910e+00  8.16617453e+00
 1.68730159e+00 -4.09448819e-01  9.88479462e+00  9.74989944e+00  8.14835972e+00
 1.68730159e+00 -2.75590551e-01  1.00587417e+01  9.74349978e+00  8.13054491e+00
 1.68730159e+00 -1.41732283e-01  1.02326888e+01  9.73710012e+00  8.11273010e+00
 1.68730159e+00 -7.87401575e-03  1.04066359e+01  9.73070046e+00  8.09491529e+00
 1.68730159e+00  1.25984252e-01  1.05805830e+01  9.72430080e+00  8.07710048e+00
 1.68730159e+00  2.59842520e-01  1.07545301e+01  9.71790114e+00  8.05928567e+00
 1.68730159e+00  3.93700787e-01  1.09284771e+01  9.71150148e+00  8.04147086e+00
 1.68730159e+00  5.27559055e-01  1.11024242e+01  9.70510182e+00  8.02365605e+00
 1.68730159e+00  6.61417323e-01  1.12763713e+01  9.69870216e+00  8.00584124e+00
 1.68730159e+00  7.95275591e-01  1.14503184e+01  9.69230250e+00  7.98802643e+00
 1.68730159e+00  9.29133858e-01  1.16242655e+01  9.68590284e+00  7.97021162e+00
 1.68730159e+00  1.06299213e+00  1.17982126e+01  9.67950318e+00  7.95239681e+00
 1.68730159e+00  1.19685039e+00  1.19721597e+01  9.67310352e+00  7.93458200e+00
 1.68730159e+00  1.33070866e+00  1.21461068e+01  9.66670386e+00  7.91676719e+00
 1.68730159e+00  1.46456693e+00  1.23200538e+01  9.66030420e+00  7.89895238e+00
 1.68730159e+00  1.59842520e+00  1.24940009e+01  9.65390454e+00  7.88113757e+00
 1.68730159e+00  1.73228346e+00  1.26679480e+01  9.64750488e+00  7.86332276e+00
 1.68730159e+00  1.86614173e+00  1.28418951e+01  9.64110522e+00  7.84550795e+00
 1.68730159e+00  2.00000000e+00  1.30158422e+01  9.63470556e+00  7.82769314e+00
 1.76571429e+00 -1.50000000e+01 -5.68637731e+00  9.98398878e+00  9.12451406e+00
 1.76571429e+00 -1.48661417e+01 -5.55251641e+00  9.98398878e+00  9.12096356e+00
 1.76571429e+00 -1.47322835e+01 -5.41865448e+00  9.98398878e+00  9.11740372e+00
 1.76571429e+00 -1.45984252e+01 -5.28479141e+00  9.98398878e+00  9.11374845e+00
 1.76571429e+00 -1.44645669e+01 -5.15092655e+00  9.98398878e+00  9.11005794e+00
 1.76571429e+00 -1.43307087e+01 -5.01705915e+00  9.98398878e+00  9.10638493e+00
 1.76571429e+00 -1.41968504e+01 -4.88318858e+00  9.98398878e+00  9.10269558e+00
 1.76571429e+00 -1.40629921e+01 -4.74931369e+00  9.98398878e+00  9.09898912e+00
 1.76571429e+00 -1.39291339e+01 -4.61543277e+00  9.98398878e+00  9.09523756e+00
 1.76571429e+00 -1.37952756e+01 -4.48154348e+00  9.98398878e+00  9.09138028e+00
 1.76571429e+00 -1.36614173e+01 -4.34764308e+00  9.98398878e+00  9.08749390e+00
 1.76571429e+00 -1.35275591e+01 -4.21372758e+00  9.98398878e+00  9.08362466e+00
 1.76571429e+00 -1.33937008e+01 -4.07979121e+00  9.98398878e+00  9.07971638e+00
 1.76571429e+00 -1.32598425e+01 -3.94582663e+00  9.98398878e+00  9.07573412e+00
 1.76571429e+00 -1.31259843e+01 -3.81182378e+00  9.98398878e+00  9.07170848e+00
 1.76571429e+00 -1.29921260e+01 -3.67802441e+00  9.98356197e+00  9.06769963e+00
 1.76571429e+00 -1.28582677e+01 -3.54423569e+00  9.98308728e+00  9.06363304e+00
 1.76571429e+00 -1.27244094e+01 -3.41043551e+00  9.98262173e+00  9.05949565e+00
 1.76571429e+00 -1.25905512e+01 -3.27662616e+00  9.98216547e+00  9.05540776e+00
 1.76571429e+00 -1.24566929e+01 -3.14280903e+00  9.98171838e+00  9.05125006e+00
 1.76571429e+00 -1.23228346e+01 -3.00898539e+00  9.98128029e+00  9.04696018e+00
 1.76571429e+00 -1.21889764e+01 -2.87515653e+00  9.98085117e+00  9.04262957e+00
 1.76571429e+00 -1.20551181e+01 -2.74132336e+00  9.98043091e+00  9.03829898e+00
 1.76571429e+00 -1.19212598e+01 -2.60748650e+00  9.98001932e+00  9.03395724e+00
 1.76571429e+00 -1.17874016e+01 -2.47364639e+00  9.97961640e+00  9.02956354e+00
 1.76571429e+00 -1.16535433e+01 -2.33980376e+00  9.97922203e+00  9.02512107e+00
 1.76571429e+00 -1.15196850e+01 -2.20595905e+00  9.97883603e+00  9.02062195e+00
 1.76571429e+00 -1.13858268e+01 -2.07211231e+00  9.97845840e+00  9.01604640e+00
 1.76571429e+00 -1.12519685e+01 -1.93826400e+00  9.97808896e+00  9.01144618e+00
 1.76571429e+00 -1.11181102e+01 -1.80441448e+00  9.97772761e+00  9.00682087e+00
 1.76571429e+00 -1.09842520e+01 -1.67056389e+00  9.97737427e+00  9.00211144e+00
 1.76571429e+00 -1.08503937e+01 -1.53671220e+00  9.97702886e+00  8.99735350e+00
 1.76571429e+00 -1.07165354e+01 -1.40285962e+00  9.97669127e+00  8.99255443e+00
 1.76571429e+00 -1.05826772e+01 -1.26900648e+00  9.97636132e+00  8.98768900e+00
 1.76571429e+00 -1.04488189e+01 -1.13515264e+00  9.97603904e+00  8.98283961e+00
 1.76571429e+00 -1.03149606e+01 -1.00129815e+00  9.97572426e+00  8.97794976e+00
 1.76571429e+00 -1.01811024e+01 -8.67443284e-01  9.97541687e+00  8.97286534e+00
 1.76571429e+00 -1.00472441e+01 -7.33588121e-01  9.97511677e+00  8.96774237e+00
 1.76571429e+00 -9.91338583e+00 -5.99732574e-01  9.97482393e+00  8.96261796e+00
 1.76571429e+00 -9.77952756e+00 -4.65876561e-01  9.97453820e+00  8.95737602e+00
 1.76571429e+00 -9.64566929e+00 -3.32020368e-01  9.97425950e+00  8.95209222e+00
 1.76571429e+00 -9.51181102e+00 -1.98164014e-01  9.97398770e+00  8.94677733e+00
 1.76571429e+00 -9.37795276e+00 -6.43072747e-02  9.97372272e+00  8.94136141e+00
 1.76571429e+00 -9.24409449e+00  6.95496525e-02  9.97346448e+00  8.93589243e+00
 1.76571429e+00 -9.11023622e+00  2.03406626e-01  9.97321293e+00  8.93037564e+00
 1.76571429e+00 -8.97637795e+00  3.37263699e-01  9.97296785e+00  8.92476787e+00
 1.76571429e+00 -8.84251969e+00  4.71121050e-01  9.97272929e+00  8.91909824e+00
 1.76571429e+00 -8.70866142e+00  6.04978568e-01  9.97249705e+00  8.91337237e+00
 1.76571429e+00 -8.57480315e+00  7.38836022e-01  9.97227109e+00  8.90756516e+00
 1.76571429e+00 -8.44094488e+00  8.72693786e-01  9.97205131e+00  8.90167533e+00
 1.76571429e+00 -8.30708661e+00  1.00655175e+00  9.97183762e+00  8.89569178e+00
 1.76571429e+00 -8.17322835e+00  1.14040950e+00  9.97162989e+00  8.88959504e+00
 1.76571429e+00 -8.03937008e+00  1.27426746e+00  9.97142811e+00  8.88338670e+00
 1.76571429e+00 -7.90551181e+00  1.40812563e+00  9.97123210e+00  8.87711162e+00
 1.76571429e+00 -7.77165354e+00  1.54198363e+00  9.97104186e+00  8.87080666e+00
 1.76571429e+00 -7.63779528e+00  1.67584172e+00  9.97085720e+00  8.86437854e+00
 1.76571429e+00 -7.50393701e+00  1.80969999e+00  9.97067811e+00  8.85784522e+00
 1.76571429e+00 -7.37007874e+00  1.94355837e+00  9.97050450e+00  8.85128114e+00
 1.76571429e+00 -7.23622047e+00  2.07741687e+00  9.97033620e+00  8.84457529e+00
 1.76571429e+00 -7.10236220e+00  2.21127552e+00  9.97017321e+00  8.83771124e+00
 1.76571429e+00 -6.96850394e+00  2.34513430e+00  9.97001538e+00  8.83076618e+00
 1.76571429e+00 -6.83464567e+00  2.47899299e+00  9.96986265e+00  8.82376544e+00
 1.76571429e+00 -6.70078740e+00  2.61285167e+00  9.96971498e+00  8.81661930e+00
 1.76571429e+00 -6.56692913e+00  2.74671054e+00  9.96957221e+00  8.80925510e+00
 1.76571429e+00 -6.43307087e+00  2.88056958e+00  9.96943426e+00  8.80187717e+00
 1.76571429e+00 -6.29921260e+00  3.01442877e+00  9.96930111e+00  8.79441351e+00
 1.76571429e+00 -6.16535433e+00  3.14828814e+00  9.96917259e+00  8.78667338e+00
 1.76571429e+00 -6.03149606e+00  3.28214774e+00  9.96904863e+00  8.77883548e+00
 1.76571429e+00 -5.89763780e+00  3.41600743e+00  9.96892923e+00  8.77090195e+00
 1.76571429e+00 -5.76377953e+00  3.54986710e+00  9.96881420e+00  8.76276983e+00
 1.76571429e+00 -5.62992126e+00  3.68372692e+00  9.96870349e+00  8.75453705e+00
 1.76571429e+00 -5.49606299e+00  3.81758722e+00  9.96859703e+00  8.74614890e+00
 1.76571429e+00 -5.36220472e+00  3.95144789e+00  9.96849470e+00  8.73750844e+00
 1.76571429e+00 -5.22834646e+00  4.08530792e+00  9.96839645e+00  8.72875773e+00
 1.76571429e+00 -5.09448819e+00  4.21917007e+00  9.96830224e+00  8.71988347e+00
 1.76571429e+00 -4.96062992e+00  4.35303341e+00  9.96821203e+00  8.71077893e+00
 1.76571429e+00 -4.82677165e+00  4.48688445e+00  9.96812556e+00  8.70145225e+00
 1.76571429e+00 -4.69291339e+00  4.62076223e+00  9.96804560e+00  8.69193327e+00
 1.76571429e+00 -4.55905512e+00  4.75470305e+00  9.96796873e+00  8.68221929e+00
 1.76571429e+00 -4.42519685e+00  4.88868899e+00  9.96787213e+00  8.67223233e+00
 1.76571429e+00 -4.29133858e+00  5.02325060e+00  9.96775689e+00  8.66200968e+00
 1.76571429e+00 -4.15748031e+00  5.15905666e+00  9.96757760e+00  8.65155147e+00
 1.76571429e+00 -4.02362205e+00  5.29680333e+00  9.96714283e+00  8.64059345e+00
 1.76571429e+00 -3.88976378e+00  5.44460342e+00  9.96634534e+00  8.62908478e+00
 1.76571429e+00 -3.75590551e+00  5.60247006e+00  9.96400277e+00  8.61607235e+00
 1.76571429e+00 -3.62204724e+00  5.77833488e+00  9.95873797e+00  8.60039331e+00
 1.76571429e+00 -3.48818898e+00  5.95419969e+00  9.95347317e+00  8.58471427e+00
 1.76571429e+00 -3.35433071e+00  6.13006451e+00  9.94820837e+00  8.56903523e+00
 1.76571429e+00 -3.22047244e+00  6.30592933e+00  9.94294357e+00  8.55335619e+00
 1.76571429e+00 -3.08661417e+00  6.48179415e+00  9.93767877e+00  8.53767715e+00
 1.76571429e+00 -2.95275591e+00  6.65765895e+00  9.93241397e+00  8.52199811e+00
 1.76571429e+00 -2.81889764e+00  6.83352377e+00  9.92714917e+00  8.50631907e+00
 1.76571429e+00 -2.68503937e+00  7.00938859e+00  9.92188437e+00  8.49064003e+00
 1.76571429e+00 -2.55118110e+00  7.18525341e+00  9.91661957e+00  8.47496099e+00
 1.76571429e+00 -2.41732283e+00  7.36111823e+00  9.91135477e+00  8.45928195e+00
 1.76571429e+00 -2.28346457e+00  7.53698304e+00  9.90608997e+00  8.44360291e+00
 1.76571429e+00 -2.14960630e+00  7.71284786e+00  9.90082517e+00  8.42792387e+00
 1.76571429e+00 -2.01574803e+00  7.88871268e+00  9.89556037e+00  8.41224483e+00
 1.76571429e+00 -1.88188976e+00  8.06457750e+00  9.89029557e+00  8.39656579e+00
 1.76571429e+00 -1.74803150e+00  8.24044231e+00  9.88503077e+00  8.38088675e+00
 1.76571429e+00 -1.61417323e+00  8.41630713e+00  9.87976597e+00  8.36520771e+00
 1.76571429e+00 -1.48031496e+00  8.59217195e+00  9.87450117e+00  8.34952867e+00
 1.76571429e+00 -1.34645669e+00  8.76803677e+00  9.86923637e+00  8.33384963e+00
 1.76571429e+00 -1.21259843e+00  8.94390157e+00  9.86397157e+00  8.31817060e+00
 1.76571429e+00 -1.07874016e+00  9.11976639e+00  9.85870677e+00  8.30249156e+00
 1.76571429e+00 -9.44881890e-01  9.29563121e+00  9.85344197e+00  8.28681252e+00
 1.76571429e+00 -8.11023622e-01  9.47149603e+00  9.84817717e+00  8.27113348e+00
 1.76571429e+00 -6.77165354e-01  9.64736085e+00  9.84291237e+00  8.25545444e+00
 1.76571429e+00 -5.43307087e-01  9.82322567e+00  9.83764757e+00  8.23977540e+00
 1.76571429e+00 -4.09448819e-01  9.99909048e+00  9.83238277e+00  8.22409636e+00
 1.76571429e+00 -2.75590551e-01  1.01749553e+01  9.82711797e+00  8.20841732e+00
 1.76571429e+00 -1.41732283e-01  1.03508201e+01  9.82185317e+00  8.19273828e+00
 1.76571429e+00 -7.87401575e-03  1.05266849e+01  9.81658837e+00  8.17705924e+00
 1.76571429e+00  1.25984252e-01  1.07025498e+01  9.81132357e+00  8.16138020e+00
 1.76571429e+00  2.59842520e-01  1.08784146e+01  9.80605877e+00  8.14570116e+00
 1.76571429e+00  3.93700787e-01  1.10542794e+01  9.80079397e+00  8.13002212e+00
 1.76571429e+00  5.27559055e-01  1.12301442e+01  9.79552917e+00  8.11434308e+00
 1.76571429e+00  6.61417323e-01  1.14060090e+01  9.79026437e+00  8.09866404e+00
 1.76571429e+00  7.95275591e-01  1.15818738e+01  9.78499957e+00  8.08298500e+00
 1.76571429e+00  9.29133858e-01  1.17577387e+01  9.77973477e+00  8.06730596e+00
 1.76571429e+00  1.06299213e+00  1.19336035e+01  9.77446997e+00  8.05162692e+00
 1.76571429e+00  1.19685039e+00  1.21094683e+01  9.76920517e+00  8.03594788e+00
 1.76571429e+00  1.33070866e+00  1.22853331e+01  9.76394037e+00  8.02026884e+00
 1.76571429e+00  1.46456693e+00  1.24611979e+01  9.75867557e+00  8.00458980e+00
 1.76571429e+00  1.59842520e+00  1.26370627e+01  9.75341077e+00  7.98891076e+00
 1.76571429e+00  1.73228346e+00  1.28129275e+01  9.74814597e+00  7.97323172e+00
 1.76571429e+00  1.86614173e+00  1.29887924e+01  9.74288117e+00  7.95755268e+00
 1.76571429e+00  2.00000000e+00  1.31646572e+01  9.73761637e+00  7.94187364e+00
 1.84412698e+00 -1.50000000e+01 -5.60793959e+00  1.00353970e+01  9.13065428e+00
 1.84412698e+00 -1.48661417e+01 -5.47407781e+00  1.00353970e+01  9.12712174e+00
 1.84412698e+00 -1.47322835e+01 -5.34021472e+00  1.00353970e+01  9.12356589e+00
 1.84412698e+00 -1.45984252e+01 -5.20634985e+00  1.00353970e+01  9.11999604e+00
 1.84412698e+00 -1.44645669e+01 -5.07248267e+00  1.00353970e+01  9.11636786e+00
 1.84412698e+00 -1.43307087e+01 -4.93861226e+00  1.00353970e+01  9.11278997e+00
 1.84412698e+00 -1.41968504e+01 -4.80473743e+00  1.00353970e+01  9.10921592e+00
 1.84412698e+00 -1.40629921e+01 -4.67085659e+00  1.00353970e+01  9.10545329e+00
 1.84412698e+00 -1.39291339e+01 -4.53696766e+00  1.00353970e+01  9.10164700e+00
 1.84412698e+00 -1.37952756e+01 -4.40306767e+00  1.00353970e+01  9.09789906e+00
 1.84412698e+00 -1.36614173e+01 -4.26915255e+00  1.00353970e+01  9.09415251e+00
 1.84412698e+00 -1.35275591e+01 -4.13521693e+00  1.00353970e+01  9.09032045e+00
 1.84412698e+00 -1.33937008e+01 -4.00125340e+00  1.00353970e+01  9.08643735e+00
 1.84412698e+00 -1.32598425e+01 -3.86725179e+00  1.00353970e+01  9.08260993e+00
 1.84412698e+00 -1.31259843e+01 -3.73335092e+00  1.00351930e+01  9.07870108e+00
 1.84412698e+00 -1.29921260e+01 -3.59957926e+00  1.00347553e+01  9.07467974e+00
 1.84412698e+00 -1.28582677e+01 -3.46579334e+00  1.00343270e+01  9.07064784e+00
 1.84412698e+00 -1.27244094e+01 -3.33199537e+00  1.00339073e+01  9.06665922e+00
 1.84412698e+00 -1.25905512e+01 -3.19818755e+00  1.00334960e+01  9.06263299e+00
 1.84412698e+00 -1.24566929e+01 -3.06437168e+00  1.00330930e+01  9.05844525e+00
 1.84412698e+00 -1.23228346e+01 -2.93054914e+00  1.00326983e+01  9.05424632e+00
 1.84412698e+00 -1.21889764e+01 -2.79672103e+00  1.00323118e+01  9.05007215e+00
 1.84412698e+00 -1.20551181e+01 -2.66288832e+00  1.00319333e+01  9.04581760e+00
 1.84412698e+00 -1.19212598e+01 -2.52905182e+00  1.00315627e+01  9.04149509e+00
 1.84412698e+00 -1.17874016e+01 -2.39521214e+00  1.00312001e+01  9.03715562e+00
 1.84412698e+00 -1.16535433e+01 -2.26136973e+00  1.00308452e+01  9.03282247e+00
 1.84412698e+00 -1.15196850e+01 -2.12752509e+00  1.00304979e+01  9.02839552e+00
 1.84412698e+00 -1.13858268e+01 -1.99367859e+00  1.00301582e+01  9.02390058e+00
 1.84412698e+00 -1.12519685e+01 -1.85983045e+00  1.00298259e+01  9.01943905e+00
 1.84412698e+00 -1.11181102e+01 -1.72598091e+00  1.00295011e+01  9.01490272e+00
 1.84412698e+00 -1.09842520e+01 -1.59213023e+00  1.00291835e+01  9.01026602e+00
 1.84412698e+00 -1.08503937e+01 -1.45827861e+00  1.00288731e+01  9.00559645e+00
 1.84412698e+00 -1.07165354e+01 -1.32442610e+00  1.00285698e+01  9.00089508e+00
 1.84412698e+00 -1.05826772e+01 -1.19057285e+00  1.00282733e+01  8.99613393e+00
 1.84412698e+00 -1.04488189e+01 -1.05671902e+00  1.00279839e+01  8.99129500e+00
 1.84412698e+00 -1.03149606e+01 -9.22864642e-01  1.00277012e+01  8.98642743e+00
 1.84412698e+00 -1.01811024e+01 -7.89009759e-01  1.00274253e+01  8.98152159e+00
 1.84412698e+00 -1.00472441e+01 -6.55154453e-01  1.00271560e+01  8.97653297e+00
 1.84412698e+00 -9.91338583e+00 -5.21298833e-01  1.00268933e+01  8.97149227e+00
 1.84412698e+00 -9.77952756e+00 -3.87442911e-01  1.00266370e+01  8.96641666e+00
 1.84412698e+00 -9.64566929e+00 -2.53586665e-01  1.00263870e+01  8.96128570e+00
 1.84412698e+00 -9.51181102e+00 -1.19730209e-01  1.00261434e+01  8.95603999e+00
 1.84412698e+00 -9.37795276e+00  1.41264312e-02  1.00259059e+01  8.95070260e+00
 1.84412698e+00 -9.24409449e+00  1.47983295e-01  1.00256745e+01  8.94533430e+00
 1.84412698e+00 -9.11023622e+00  2.81840359e-01  1.00254491e+01  8.93990807e+00
 1.84412698e+00 -8.97637795e+00  4.15697560e-01  1.00252297e+01  8.93444321e+00
 1.84412698e+00 -8.84251969e+00  5.49554855e-01  1.00250161e+01  8.92895394e+00
 1.84412698e+00 -8.70866142e+00  6.83412322e-01  1.00248082e+01  8.92332259e+00
 1.84412698e+00 -8.57480315e+00  8.17269902e-01  1.00246060e+01  8.91760811e+00
 1.84412698e+00 -8.44094488e+00  9.51127508e-01  1.00244094e+01  8.91190604e+00
 1.84412698e+00 -8.30708661e+00  1.08498528e+00  1.00242183e+01  8.90603645e+00
 1.84412698e+00 -8.17322835e+00  1.21884318e+00  1.00240327e+01  8.90005521e+00
 1.84412698e+00 -8.03937008e+00  1.35270109e+00  1.00238523e+01  8.89409698e+00
 1.84412698e+00 -7.90551181e+00  1.48655913e+00  1.00236772e+01  8.88799545e+00
 1.84412698e+00 -7.77165354e+00  1.62041730e+00  1.00235072e+01  8.88175171e+00
 1.84412698e+00 -7.63779528e+00  1.75427551e+00  1.00233423e+01  8.87546887e+00
 1.84412698e+00 -7.50393701e+00  1.88813379e+00  1.00231825e+01  8.86913051e+00
 1.84412698e+00 -7.37007874e+00  2.02199214e+00  1.00230275e+01  8.86268684e+00
 1.84412698e+00 -7.23622047e+00  2.15585055e+00  1.00228774e+01  8.85610778e+00
 1.84412698e+00 -7.10236220e+00  2.28970902e+00  1.00227320e+01  8.84943261e+00
 1.84412698e+00 -6.96850394e+00  2.42356759e+00  1.00225913e+01  8.84268182e+00
 1.84412698e+00 -6.83464567e+00  2.55742632e+00  1.00224553e+01  8.83584076e+00
 1.84412698e+00 -6.70078740e+00  2.69128513e+00  1.00223237e+01  8.82886236e+00
 1.84412698e+00 -6.56692913e+00  2.82514401e+00  1.00221966e+01  8.82176339e+00
 1.84412698e+00 -6.43307087e+00  2.95900299e+00  1.00220738e+01  8.81457779e+00
 1.84412698e+00 -6.29921260e+00  3.09286207e+00  1.00219553e+01  8.80728131e+00
 1.84412698e+00 -6.16535433e+00  3.22672125e+00  1.00218409e+01  8.79984749e+00
 1.84412698e+00 -6.03149606e+00  3.36058056e+00  1.00217308e+01  8.79226181e+00
 1.84412698e+00 -5.89763780e+00  3.49444009e+00  1.00216246e+01  8.78453082e+00
 1.84412698e+00 -5.76377953e+00  3.62829980e+00  1.00215225e+01  8.77668857e+00
 1.84412698e+00 -5.62992126e+00  3.76215967e+00  1.00214242e+01  8.76871653e+00
 1.84412698e+00 -5.49606299e+00  3.89601978e+00  1.00213297e+01  8.76047663e+00
 1.84412698e+00 -5.36220472e+00  4.02987998e+00  1.00212389e+01  8.75205753e+00
 1.84412698e+00 -5.22834646e+00  4.16374046e+00  1.00211518e+01  8.74358865e+00
 1.84412698e+00 -5.09448819e+00  4.29760212e+00  1.00210684e+01  8.73500120e+00
 1.84412698e+00 -4.96062992e+00  4.43146192e+00  1.00209880e+01  8.72623793e+00
 1.84412698e+00 -4.82677165e+00  4.56532244e+00  1.00209107e+01  8.71726861e+00
 1.84412698e+00 -4.69291339e+00  4.69919917e+00  1.00208387e+01  8.70808088e+00
 1.84412698e+00 -4.55905512e+00  4.83308389e+00  1.00207663e+01  8.69869972e+00
 1.84412698e+00 -4.42519685e+00  4.96712878e+00  1.00206919e+01  8.68913758e+00
 1.84412698e+00 -4.29133858e+00  5.10173610e+00  1.00206177e+01  8.67933991e+00
 1.84412698e+00 -4.15748031e+00  5.23655000e+00  1.00204412e+01  8.66921485e+00
 1.84412698e+00 -4.02362205e+00  5.37426064e+00  1.00200869e+01  8.65874627e+00
 1.84412698e+00 -3.88976378e+00  5.52206311e+00  1.00194039e+01  8.64786690e+00
 1.84412698e+00 -3.75590551e+00  5.66468630e+00  1.00170520e+01  8.63547091e+00
 1.84412698e+00 -3.62204724e+00  5.80730949e+00  1.00147001e+01  8.62307492e+00
 1.84412698e+00 -3.48818898e+00  5.94993267e+00  1.00123482e+01  8.61067893e+00
 1.84412698e+00 -3.35433071e+00  6.09255586e+00  1.00099963e+01  8.59828294e+00
 1.84412698e+00 -3.22047244e+00  6.23517905e+00  1.00076444e+01  8.58588695e+00
 1.84412698e+00 -3.08661417e+00  6.37780224e+00  1.00052925e+01  8.57349096e+00
 1.84412698e+00 -2.95275591e+00  6.52042542e+00  1.00029406e+01  8.56109497e+00
 1.84412698e+00 -2.81889764e+00  6.66304861e+00  1.00005887e+01  8.54869898e+00
 1.84412698e+00 -2.68503937e+00  6.80567180e+00  9.99823680e+00  8.53630299e+00
 1.84412698e+00 -2.55118110e+00  6.94829499e+00  9.99588490e+00  8.52390700e+00
 1.84412698e+00 -2.41732283e+00  7.09091818e+00  9.99353300e+00  8.51151101e+00
 1.84412698e+00 -2.28346457e+00  7.23354136e+00  9.99118110e+00  8.49911502e+00
 1.84412698e+00 -2.14960630e+00  7.37616455e+00  9.98882920e+00  8.48671903e+00
 1.84412698e+00 -2.01574803e+00  7.51878774e+00  9.98647730e+00  8.47432304e+00
 1.84412698e+00 -1.88188976e+00  7.66141093e+00  9.98412540e+00  8.46192705e+00
 1.84412698e+00 -1.74803150e+00  7.80403411e+00  9.98177350e+00  8.44953106e+00
 1.84412698e+00 -1.61417323e+00  7.94665730e+00  9.97942160e+00  8.43713507e+00
 1.84412698e+00 -1.48031496e+00  8.08928049e+00  9.97706970e+00  8.42473908e+00
 1.84412698e+00 -1.34645669e+00  8.23190368e+00  9.97471780e+00  8.41234309e+00
 1.84412698e+00 -1.21259843e+00  8.37452686e+00  9.97236590e+00  8.39994710e+00
 1.84412698e+00 -1.07874016e+00  8.51715005e+00  9.97001400e+00  8.38755111e+00
 1.84412698e+00 -9.44881890e-01  8.65977324e+00  9.96766210e+00  8.37515512e+00
 1.84412698e+00 -8.11023622e-01  8.80239642e+00  9.96531020e+00  8.36275913e+00
 1.84412698e+00 -6.77165354e-01  8.94501961e+00  9.96295830e+00  8.35036315e+00
 1.84412698e+00 -5.43307087e-01  9.08764280e+00  9.96060640e+00  8.33796716e+00
 1.84412698e+00 -4.09448819e-01  9.23026599e+00  9.95825450e+00  8.32557117e+00
 1.84412698e+00 -2.75590551e-01  9.37288918e+00  9.95590260e+00  8.31317518e+00
 1.84412698e+00 -1.41732283e-01  9.51551236e+00  9.95355070e+00  8.30077919e+00
 1.84412698e+00 -7.87401575e-03  9.65813555e+00  9.95119880e+00  8.28838320e+00
 1.84412698e+00  1.25984252e-01  9.80075874e+00  9.94884690e+00  8.27598721e+00
 1.84412698e+00  2.59842520e-01  9.94338193e+00  9.94649500e+00  8.26359122e+00
 1.84412698e+00  3.93700787e-01  1.00860051e+01  9.94414310e+00  8.25119523e+00
 1.84412698e+00  5.27559055e-01  1.02286283e+01  9.94179120e+00  8.23879924e+00
 1.84412698e+00  6.61417323e-01  1.03712515e+01  9.93943930e+00  8.22640325e+00
 1.84412698e+00  7.95275591e-01  1.05138747e+01  9.93708740e+00  8.21400726e+00
 1.84412698e+00  9.29133858e-01  1.06564979e+01  9.93473550e+00  8.20161127e+00
 1.84412698e+00  1.06299213e+00  1.07991211e+01  9.93238360e+00  8.18921528e+00
 1.84412698e+00  1.19685039e+00  1.09417442e+01  9.93003170e+00  8.17681929e+00
 1.84412698e+00  1.33070866e+00  1.10843674e+01  9.92767980e+00  8.16442330e+00
 1.84412698e+00  1.46456693e+00  1.12269906e+01  9.92532790e+00  8.15202731e+00
 1.84412698e+00  1.59842520e+00  1.13696138e+01  9.92297600e+00  8.13963132e+00
 1.84412698e+00  1.73228346e+00  1.15122370e+01  9.92062410e+00  8.12723533e+00
 1.84412698e+00  1.86614173e+00  1.16548602e+01  9.91827220e+00  8.11483934e+00
 1.84412698e+00  2.00000000e+00  1.17974834e+01  9.91592030e+00  8.10244335e+00
 1.92253968e+00 -1.50000000e+01 -5.52961169e+00  1.00840948e+01  9.13672940e+00
 1.92253968e+00 -1.48661417e+01 -5.39574857e+00  1.00840948e+01  9.13322367e+00
 1.92253968e+00 -1.47322835e+01 -5.26188371e+00  1.00840948e+01  9.12972966e+00
 1.92253968e+00 -1.45984252e+01 -5.12801646e+00  1.00840948e+01  9.12619656e+00
 1.92253968e+00 -1.44645669e+01 -4.99414595e+00  1.00840948e+01  9.12263309e+00
 1.92253968e+00 -1.43307087e+01 -4.86027105e+00  1.00840948e+01  9.11908745e+00
 1.92253968e+00 -1.41968504e+01 -4.72639014e+00  1.00840948e+01  9.11548640e+00
 1.92253968e+00 -1.40629921e+01 -4.59250105e+00  1.00840948e+01  9.11182034e+00
 1.92253968e+00 -1.39291339e+01 -4.45860082e+00  1.00840948e+01  9.10813921e+00
 1.92253968e+00 -1.37952756e+01 -4.32468545e+00  1.00840948e+01  9.10442556e+00
 1.92253968e+00 -1.36614173e+01 -4.19074945e+00  1.00840948e+01  9.10067379e+00
 1.92253968e+00 -1.35275591e+01 -4.05678535e+00  1.00840948e+01  9.09690007e+00
 1.92253968e+00 -1.33937008e+01 -3.92278302e+00  1.00840948e+01  9.09311534e+00
 1.92253968e+00 -1.32598425e+01 -3.78875610e+00  1.00840687e+01  9.08929450e+00
 1.92253968e+00 -1.31259843e+01 -3.65501132e+00  1.00836767e+01  9.08540944e+00
 1.92253968e+00 -1.29921260e+01 -3.52124281e+00  1.00832790e+01  9.08147532e+00
 1.92253968e+00 -1.28582677e+01 -3.38746015e+00  1.00828892e+01  9.07753098e+00
 1.92253968e+00 -1.27244094e+01 -3.25366463e+00  1.00825073e+01  9.07358410e+00
 1.92253968e+00 -1.25905512e+01 -3.11985874e+00  1.00821331e+01  9.06954654e+00
 1.92253968e+00 -1.24566929e+01 -2.98604431e+00  1.00817666e+01  9.06545016e+00
 1.92253968e+00 -1.23228346e+01 -2.85222288e+00  1.00814076e+01  9.06137775e+00
 1.92253968e+00 -1.21889764e+01 -2.71839567e+00  1.00810562e+01  9.05725400e+00
 1.92253968e+00 -1.20551181e+01 -2.58456365e+00  1.00807122e+01  9.05306505e+00
 1.92253968e+00 -1.19212598e+01 -2.45072764e+00  1.00803754e+01  9.04884786e+00
 1.92253968e+00 -1.17874016e+01 -2.31688832e+00  1.00800459e+01  9.04459108e+00
 1.92253968e+00 -1.16535433e+01 -2.18304623e+00  1.00797235e+01  9.04029909e+00
 1.92253968e+00 -1.15196850e+01 -2.04920180e+00  1.00794082e+01  9.03596881e+00
 1.92253968e+00 -1.13858268e+01 -1.91535541e+00  1.00790997e+01  9.03153618e+00
 1.92253968e+00 -1.12519685e+01 -1.78150738e+00  1.00787982e+01  9.02704357e+00
 1.92253968e+00 -1.11181102e+01 -1.64765796e+00  1.00785034e+01  9.02256573e+00
 1.92253968e+00 -1.09842520e+01 -1.51380734e+00  1.00782152e+01  9.01804783e+00
 1.92253968e+00 -1.08503937e+01 -1.37995571e+00  1.00779335e+01  9.01347970e+00
 1.92253968e+00 -1.07165354e+01 -1.24610323e+00  1.00776595e+01  9.00886836e+00
 1.92253968e+00 -1.05826772e+01 -1.11225000e+00  1.00773907e+01  9.00415701e+00
 1.92253968e+00 -1.04488189e+01 -9.78396125e-01  1.00771286e+01  8.99939579e+00
 1.92253968e+00 -1.03149606e+01 -8.44541715e-01  1.00768727e+01  8.99465224e+00
 1.92253968e+00 -1.01811024e+01 -7.10686840e-01  1.00766230e+01  8.98984740e+00
 1.92253968e+00 -1.00472441e+01 -5.76831549e-01  1.00763793e+01  8.98493508e+00
 1.92253968e+00 -9.91338583e+00 -4.42975889e-01  1.00761416e+01  8.97993851e+00
 1.92253968e+00 -9.77952756e+00 -3.09119929e-01  1.00759097e+01  8.97494815e+00
 1.92253968e+00 -9.64566929e+00 -1.75263698e-01  1.00756837e+01  8.96991513e+00
 1.92253968e+00 -9.51181102e+00 -4.14072113e-02  1.00754634e+01  8.96476432e+00
 1.92253968e+00 -9.37795276e+00  9.24494845e-02  1.00752488e+01  8.95956943e+00
 1.92253968e+00 -9.24409449e+00  2.26306358e-01  1.00750397e+01  8.95433428e+00
 1.92253968e+00 -9.11023622e+00  3.60163398e-01  1.00748361e+01  8.94901958e+00
 1.92253968e+00 -8.97637795e+00  4.94020602e-01  1.00746379e+01  8.94361625e+00
 1.92253968e+00 -8.84251969e+00  6.27877940e-01  1.00744451e+01  8.93813932e+00
 1.92253968e+00 -8.70866142e+00  7.61735389e-01  1.00742575e+01  8.93261448e+00
 1.92253968e+00 -8.57480315e+00  8.95592972e-01  1.00740750e+01  8.92705950e+00
 1.92253968e+00 -8.44094488e+00  1.02945066e+00  1.00738977e+01  8.92143747e+00
 1.92253968e+00 -8.30708661e+00  1.16330842e+00  1.00737254e+01  8.91570667e+00
 1.92253968e+00 -8.17322835e+00  1.29716628e+00  1.00735575e+01  8.90987895e+00
 1.92253968e+00 -8.03937008e+00  1.43102423e+00  1.00733948e+01  8.90396456e+00
 1.92253968e+00 -7.90551181e+00  1.56488224e+00  1.00732370e+01  8.89798152e+00
 1.92253968e+00 -7.77165354e+00  1.69874033e+00  1.00730838e+01  8.89196463e+00
 1.92253968e+00 -7.63779528e+00  1.83259851e+00  1.00729353e+01  8.88587163e+00
 1.92253968e+00 -7.50393701e+00  1.96645676e+00  1.00727913e+01  8.87964337e+00
 1.92253968e+00 -7.37007874e+00  2.10031508e+00  1.00726518e+01  8.87327771e+00
 1.92253968e+00 -7.23622047e+00  2.23417349e+00  1.00725167e+01  8.86683172e+00
 1.92253968e+00 -7.10236220e+00  2.36803198e+00  1.00723859e+01  8.86034739e+00
 1.92253968e+00 -6.96850394e+00  2.50189052e+00  1.00722594e+01  8.85378716e+00
 1.92253968e+00 -6.83464567e+00  2.63574915e+00  1.00721370e+01  8.84711940e+00
 1.92253968e+00 -6.70078740e+00  2.76960786e+00  1.00720188e+01  8.84032060e+00
 1.92253968e+00 -6.56692913e+00  2.90346667e+00  1.00719046e+01  8.83337721e+00
 1.92253968e+00 -6.43307087e+00  3.03732558e+00  1.00717943e+01  8.82634643e+00
 1.92253968e+00 -6.29921260e+00  3.17118461e+00  1.00716879e+01  8.81924234e+00
 1.92253968e+00 -6.16535433e+00  3.30504375e+00  1.00715854e+01  8.81196055e+00
 1.92253968e+00 -6.03149606e+00  3.43890301e+00  1.00714866e+01  8.80454023e+00
 1.92253968e+00 -5.89763780e+00  3.57276240e+00  1.00713915e+01  8.79704385e+00
 1.92253968e+00 -5.76377953e+00  3.70662193e+00  1.00712999e+01  8.78943958e+00
 1.92253968e+00 -5.62992126e+00  3.84048168e+00  1.00712119e+01  8.78163950e+00
 1.92253968e+00 -5.49606299e+00  3.97434162e+00  1.00711273e+01  8.77363568e+00
 1.92253968e+00 -5.36220472e+00  4.10820156e+00  1.00710462e+01  8.76556386e+00
 1.92253968e+00 -5.22834646e+00  4.24206238e+00  1.00709682e+01  8.75737852e+00
 1.92253968e+00 -5.09448819e+00  4.37592314e+00  1.00708936e+01  8.74900768e+00
 1.92253968e+00 -4.96062992e+00  4.50978138e+00  1.00708227e+01  8.74047259e+00
 1.92253968e+00 -4.82677165e+00  4.64364894e+00  1.00707543e+01  8.73177095e+00
 1.92253968e+00 -4.69291339e+00  4.77751156e+00  1.00706889e+01  8.72289744e+00
 1.92253968e+00 -4.55905512e+00  4.91135931e+00  1.00706289e+01  8.71385834e+00
 1.92253968e+00 -4.42519685e+00  5.04553868e+00  1.00705656e+01  8.70462418e+00
 1.92253968e+00 -4.29133858e+00  5.17981909e+00  1.00704624e+01  8.69515247e+00
 1.92253968e+00 -4.15748031e+00  5.31387432e+00  1.00702702e+01  8.68542479e+00
 1.92253968e+00 -4.02362205e+00  5.45392740e+00  1.00700475e+01  8.67548554e+00
 1.92253968e+00 -3.88976378e+00  5.59465982e+00  1.00692774e+01  8.66493373e+00
 1.92253968e+00 -3.75590551e+00  5.73116287e+00  1.00673152e+01  8.65337078e+00
 1.92253968e+00 -3.62204724e+00  5.86766592e+00  1.00653530e+01  8.64180783e+00
 1.92253968e+00 -3.48818898e+00  6.00416896e+00  1.00633908e+01  8.63024488e+00
 1.92253968e+00 -3.35433071e+00  6.14067201e+00  1.00614286e+01  8.61868193e+00
 1.92253968e+00 -3.22047244e+00  6.27717506e+00  1.00594664e+01  8.60711898e+00
 1.92253968e+00 -3.08661417e+00  6.41367811e+00  1.00575042e+01  8.59555603e+00
 1.92253968e+00 -2.95275591e+00  6.55018115e+00  1.00555420e+01  8.58399308e+00
 1.92253968e+00 -2.81889764e+00  6.68668420e+00  1.00535798e+01  8.57243013e+00
 1.92253968e+00 -2.68503937e+00  6.82318725e+00  1.00516176e+01  8.56086718e+00
 1.92253968e+00 -2.55118110e+00  6.95969030e+00  1.00496554e+01  8.54930423e+00
 1.92253968e+00 -2.41732283e+00  7.09619335e+00  1.00476932e+01  8.53774128e+00
 1.92253968e+00 -2.28346457e+00  7.23269639e+00  1.00457310e+01  8.52617833e+00
 1.92253968e+00 -2.14960630e+00  7.36919944e+00  1.00437688e+01  8.51461538e+00
 1.92253968e+00 -2.01574803e+00  7.50570249e+00  1.00418066e+01  8.50305243e+00
 1.92253968e+00 -1.88188976e+00  7.64220554e+00  1.00398444e+01  8.49148948e+00
 1.92253968e+00 -1.74803150e+00  7.77870858e+00  1.00378822e+01  8.47992653e+00
 1.92253968e+00 -1.61417323e+00  7.91521163e+00  1.00359200e+01  8.46836358e+00
 1.92253968e+00 -1.48031496e+00  8.05171468e+00  1.00339578e+01  8.45680063e+00
 1.92253968e+00 -1.34645669e+00  8.18821773e+00  1.00319956e+01  8.44523768e+00
 1.92253968e+00 -1.21259843e+00  8.32472077e+00  1.00300334e+01  8.43367473e+00
 1.92253968e+00 -1.07874016e+00  8.46122382e+00  1.00280712e+01  8.42211178e+00
 1.92253968e+00 -9.44881890e-01  8.59772687e+00  1.00261090e+01  8.41054883e+00
 1.92253968e+00 -8.11023622e-01  8.73422992e+00  1.00241468e+01  8.39898588e+00
 1.92253968e+00 -6.77165354e-01  8.87073296e+00  1.00221846e+01  8.38742293e+00
 1.92253968e+00 -5.43307087e-01  9.00723601e+00  1.00202224e+01  8.37585998e+00
 1.92253968e+00 -4.09448819e-01  9.14373906e+00  1.00182602e+01  8.36429704e+00
 1.92253968e+00 -2.75590551e-01  9.28024211e+00  1.00162980e+01  8.35273409e+00
 1.92253968e+00 -1.41732283e-01  9.41674516e+00  1.00143358e+01  8.34117114e+00
 1.92253968e+00 -7.87401575e-03  9.55324820e+00  1.00123736e+01  8.32960819e+00
 1.92253968e+00  1.25984252e-01  9.68975125e+00  1.00104114e+01  8.31804524e+00
 1.92253968e+00  2.59842520e-01  9.82625430e+00  1.00084492e+01  8.30648229e+00
 1.92253968e+00  3.93700787e-01  9.96275735e+00  1.00064870e+01  8.29491934e+00
 1.92253968e+00  5.27559055e-01  1.00992604e+01  1.00045248e+01  8.28335639e+00
 1.92253968e+00  6.61417323e-01  1.02357634e+01  1.00025626e+01  8.27179344e+00
 1.92253968e+00  7.95275591e-01  1.03722665e+01  1.00006004e+01  8.26023049e+00
 1.92253968e+00  9.29133858e-01  1.05087695e+01  9.99863820e+00  8.24866754e+00
 1.92253968e+00  1.06299213e+00  1.06452726e+01  9.99667600e+00  8.23710459e+00
 1.92253968e+00  1.19685039e+00  1.07817756e+01  9.99471380e+00  8.22554164e+00
 1.92253968e+00  1.33070866e+00  1.09182787e+01  9.99275160e+00  8.21397869e+00
 1.92253968e+00  1.46456693e+00  1.10547817e+01  9.99078940e+00  8.20241574e+00
 1.92253968e+00  1.59842520e+00  1.11912848e+01  9.98882720e+00  8.19085279e+00
 1.92253968e+00  1.73228346e+00  1.13277878e+01  9.98686500e+00  8.17928984e+00
 1.92253968e+00  1.86614173e+00  1.14642909e+01  9.98490280e+00  8.16772689e+00
 1.92253968e+00  2.00000000e+00  1.16007939e+01  9.98294060e+00  8.15616394e+00
 2.00095238e+00 -1.50000000e+01 -5.45084909e+00  1.01311286e+01  9.13857088e+00
 2.00095238e+00 -1.48661417e+01 -5.31698431e+00  1.01311286e+01  9.13514250e+00
 2.00095238e+00 -1.47322835e+01 -5.18311718e+00  1.01311286e+01  9.13169451e+00
 2.00095238e+00 -1.45984252e+01 -5.04924686e+00  1.01311286e+01  9.12819174e+00
 2.00095238e+00 -1.44645669e+01 -4.91537219e+00  1.01311286e+01  9.12468310e+00
 2.00095238e+00 -1.43307087e+01 -4.78149159e+00  1.01311286e+01  9.12116919e+00
 2.00095238e+00 -1.41968504e+01 -4.64760293e+00  1.01311286e+01  9.11761755e+00
 2.00095238e+00 -1.40629921e+01 -4.51370330e+00  1.01311286e+01  9.11402517e+00
 2.00095238e+00 -1.39291339e+01 -4.37978872e+00  1.01311286e+01  9.11037632e+00
 2.00095238e+00 -1.37952756e+01 -4.24585381e+00  1.01311286e+01  9.10667230e+00
 2.00095238e+00 -1.36614173e+01 -4.11189120e+00  1.01311286e+01  9.10298067e+00
 2.00095238e+00 -1.35275591e+01 -3.97789089e+00  1.01311286e+01  9.09927682e+00
 2.00095238e+00 -1.33937008e+01 -3.84383923e+00  1.01311286e+01  9.09550677e+00
 2.00095238e+00 -1.32598425e+01 -3.70998223e+00  1.01308890e+01  9.09171463e+00
 2.00095238e+00 -1.31259843e+01 -3.57623474e+00  1.01305176e+01  9.08788190e+00
 2.00095238e+00 -1.29921260e+01 -3.44247147e+00  1.01301539e+01  9.08398922e+00
 2.00095238e+00 -1.28582677e+01 -3.30869204e+00  1.01297976e+01  9.08010433e+00
 2.00095238e+00 -1.27244094e+01 -3.17489908e+00  1.01294485e+01  9.07620405e+00
 2.00095238e+00 -1.25905512e+01 -3.04109519e+00  1.01291066e+01  9.07223786e+00
 2.00095238e+00 -1.24566929e+01 -2.90728232e+00  1.01287718e+01  9.06823730e+00
 2.00095238e+00 -1.23228346e+01 -2.77346210e+00  1.01284440e+01  9.06420557e+00
 2.00095238e+00 -1.21889764e+01 -2.63963581e+00  1.01281230e+01  9.06012500e+00
 2.00095238e+00 -1.20551181e+01 -2.50580451e+00  1.01278090e+01  9.05598766e+00
 2.00095238e+00 -1.19212598e+01 -2.37196907e+00  1.01275016e+01  9.05180755e+00
 2.00095238e+00 -1.17874016e+01 -2.23813018e+00  1.01272009e+01  9.04759691e+00
 2.00095238e+00 -1.16535433e+01 -2.10428841e+00  1.01269067e+01  9.04334124e+00
 2.00095238e+00 -1.15196850e+01 -1.97044424e+00  1.01266190e+01  9.03905669e+00
 2.00095238e+00 -1.13858268e+01 -1.83659804e+00  1.01263377e+01  9.03474770e+00
 2.00095238e+00 -1.12519685e+01 -1.70275015e+00  1.01260628e+01  9.03036030e+00
 2.00095238e+00 -1.11181102e+01 -1.56890082e+00  1.01257941e+01  9.02590243e+00
 2.00095238e+00 -1.09842520e+01 -1.43505028e+00  1.01255314e+01  9.02141996e+00
 2.00095238e+00 -1.08503937e+01 -1.30119871e+00  1.01252744e+01  9.01694714e+00
 2.00095238e+00 -1.07165354e+01 -1.16734626e+00  1.01250225e+01  9.01242091e+00
 2.00095238e+00 -1.05826772e+01 -1.03349306e+00  1.01247772e+01  9.00779527e+00
 2.00095238e+00 -1.04488189e+01 -8.99639218e-01  1.01245379e+01  9.00314426e+00
 2.00095238e+00 -1.03149606e+01 -7.65784814e-01  1.01243042e+01  8.99843041e+00
 2.00095238e+00 -1.01811024e+01 -6.31929931e-01  1.01240762e+01  8.99361947e+00
 2.00095238e+00 -1.00472441e+01 -4.98074637e-01  1.01238538e+01  8.98879480e+00
 2.00095238e+00 -9.91338583e+00 -3.64218982e-01  1.01236369e+01  8.98393774e+00
 2.00095238e+00 -9.77952756e+00 -2.30363009e-01  1.01234255e+01  8.97900473e+00
 2.00095238e+00 -9.64566929e+00 -9.65067654e-02  1.01232193e+01  8.97401339e+00
 2.00095238e+00 -9.51181102e+00  3.73497178e-02  1.01230185e+01  8.96898358e+00
 2.00095238e+00 -9.37795276e+00  1.71206417e-01  1.01228228e+01  8.96390533e+00
 2.00095238e+00 -9.24409449e+00  3.05063306e-01  1.01226323e+01  8.95872992e+00
 2.00095238e+00 -9.11023622e+00  4.38920361e-01  1.01224468e+01  8.95348981e+00
 2.00095238e+00 -8.97637795e+00  5.72777562e-01  1.01222663e+01  8.94821091e+00
 2.00095238e+00 -8.84251969e+00  7.06634902e-01  1.01220906e+01  8.94284784e+00
 2.00095238e+00 -8.70866142e+00  8.40492362e-01  1.01219198e+01  8.93742415e+00
 2.00095238e+00 -8.57480315e+00  9.74349926e-01  1.01217538e+01  8.93196083e+00
 2.00095238e+00 -8.44094488e+00  1.10820760e+00  1.01215922e+01  8.92641842e+00
 2.00095238e+00 -8.30708661e+00  1.24206537e+00  1.01214366e+01  8.92077223e+00
 2.00095238e+00 -8.17322835e+00  1.37592322e+00  1.01212844e+01  8.91502532e+00
 2.00095238e+00 -8.03937008e+00  1.50978116e+00  1.01211367e+01  8.90921064e+00
 2.00095238e+00 -7.90551181e+00  1.64363917e+00  1.01209935e+01  8.90335375e+00
 2.00095238e+00 -7.77165354e+00  1.77749726e+00  1.01208545e+01  8.89744739e+00
 2.00095238e+00 -7.63779528e+00  1.91135542e+00  1.01207198e+01  8.89144548e+00
 2.00095238e+00 -7.50393701e+00  2.04521365e+00  1.01205893e+01  8.88534190e+00
 2.00095238e+00 -7.37007874e+00  2.17907195e+00  1.01204628e+01  8.87915165e+00
 2.00095238e+00 -7.23622047e+00  2.31293032e+00  1.01203404e+01  8.87288811e+00
 2.00095238e+00 -7.10236220e+00  2.44678876e+00  1.01202219e+01  8.86652387e+00
 2.00095238e+00 -6.96850394e+00  2.58064728e+00  1.01201074e+01  8.86004247e+00
 2.00095238e+00 -6.83464567e+00  2.71450587e+00  1.01199966e+01  8.85346405e+00
 2.00095238e+00 -6.70078740e+00  2.84836455e+00  1.01198896e+01  8.84678741e+00
 2.00095238e+00 -6.56692913e+00  2.98222331e+00  1.01197863e+01  8.84002374e+00
 2.00095238e+00 -6.43307087e+00  3.11608216e+00  1.01196866e+01  8.83319754e+00
 2.00095238e+00 -6.29921260e+00  3.24994110e+00  1.01195902e+01  8.82622815e+00
 2.00095238e+00 -6.16535433e+00  3.38380015e+00  1.01194975e+01  8.81908701e+00
 2.00095238e+00 -6.03149606e+00  3.51765934e+00  1.01194082e+01  8.81186016e+00
 2.00095238e+00 -5.89763780e+00  3.65151862e+00  1.01193222e+01  8.80455901e+00
 2.00095238e+00 -5.76377953e+00  3.78537808e+00  1.01192395e+01  8.79709600e+00
 2.00095238e+00 -5.62992126e+00  3.91923782e+00  1.01191601e+01  8.78934508e+00
 2.00095238e+00 -5.49606299e+00  4.05309724e+00  1.01190837e+01  8.78147711e+00
 2.00095238e+00 -5.36220472e+00  4.18695731e+00  1.01190105e+01  8.77359734e+00
 2.00095238e+00 -5.22834646e+00  4.32081940e+00  1.01189405e+01  8.76559453e+00
 2.00095238e+00 -5.09448819e+00  4.45467466e+00  1.01188726e+01  8.75738927e+00
 2.00095238e+00 -4.96062992e+00  4.58853700e+00  1.01188068e+01  8.74898541e+00
 2.00095238e+00 -4.82677165e+00  4.72242399e+00  1.01187446e+01  8.74045552e+00
 2.00095238e+00 -4.69291339e+00  4.85621208e+00  1.01186876e+01  8.73178699e+00
 2.00095238e+00 -4.55905512e+00  4.99012150e+00  1.01186360e+01  8.72293253e+00
 2.00095238e+00 -4.42519685e+00  5.12446441e+00  1.01185836e+01  8.71385080e+00
 2.00095238e+00 -4.29133858e+00  5.25776885e+00  1.01184949e+01  8.70458033e+00
 2.00095238e+00 -4.15748031e+00  5.39315477e+00  1.01183750e+01  8.69515255e+00
 2.00095238e+00 -4.02362205e+00  5.52854068e+00  1.01182551e+01  8.68572477e+00
 2.00095238e+00 -3.88976378e+00  5.66392660e+00  1.01181352e+01  8.67629699e+00
 2.00095238e+00 -3.75590551e+00  5.79931252e+00  1.01180153e+01  8.66686921e+00
 2.00095238e+00 -3.62204724e+00  5.93469844e+00  1.01178954e+01  8.65744143e+00
 2.00095238e+00 -3.48818898e+00  6.07008435e+00  1.01177755e+01  8.64801365e+00
 2.00095238e+00 -3.35433071e+00  6.20547027e+00  1.01176556e+01  8.63858587e+00
 2.00095238e+00 -3.22047244e+00  6.34085619e+00  1.01175357e+01  8.62915809e+00
 2.00095238e+00 -3.08661417e+00  6.47624211e+00  1.01174158e+01  8.61973031e+00
 2.00095238e+00 -2.95275591e+00  6.61162802e+00  1.01172959e+01  8.61030253e+00
 2.00095238e+00 -2.81889764e+00  6.74701394e+00  1.01171760e+01  8.60087475e+00
 2.00095238e+00 -2.68503937e+00  6.88239986e+00  1.01170561e+01  8.59144697e+00
 2.00095238e+00 -2.55118110e+00  7.01778578e+00  1.01169362e+01  8.58201919e+00
 2.00095238e+00 -2.41732283e+00  7.15317170e+00  1.01168163e+01  8.57259141e+00
 2.00095238e+00 -2.28346457e+00  7.28855761e+00  1.01166964e+01  8.56316363e+00
 2.00095238e+00 -2.14960630e+00  7.42394353e+00  1.01165765e+01  8.55373585e+00
 2.00095238e+00 -2.01574803e+00  7.55932945e+00  1.01164566e+01  8.54430807e+00
 2.00095238e+00 -1.88188976e+00  7.69471537e+00  1.01163367e+01  8.53488029e+00
 2.00095238e+00 -1.74803150e+00  7.83010128e+00  1.01162168e+01  8.52545251e+00
 2.00095238e+00 -1.61417323e+00  7.96548720e+00  1.01160969e+01  8.51602473e+00
 2.00095238e+00 -1.48031496e+00  8.10087312e+00  1.01159770e+01  8.50659695e+00
 2.00095238e+00 -1.34645669e+00  8.23625904e+00  1.01158571e+01  8.49716917e+00
 2.00095238e+00 -1.21259843e+00  8.37164495e+00  1.01157372e+01  8.48774139e+00
 2.00095238e+00 -1.07874016e+00  8.50703087e+00  1.01156173e+01  8.47831361e+00
 2.00095238e+00 -9.44881890e-01  8.64241679e+00  1.01154974e+01  8.46888583e+00
 2.00095238e+00 -8.11023622e-01  8.77780271e+00  1.01153775e+01  8.45945805e+00
 2.00095238e+00 -6.77165354e-01  8.91318863e+00  1.01152576e+01  8.45003027e+00
 2.00095238e+00 -5.43307087e-01  9.04857454e+00  1.01151377e+01  8.44060249e+00
 2.00095238e+00 -4.09448819e-01  9.18396046e+00  1.01150178e+01  8.43117471e+00
 2.00095238e+00 -2.75590551e-01  9.31934638e+00  1.01148979e+01  8.42174694e+00
 2.00095238e+00 -1.41732283e-01  9.45473230e+00  1.01147780e+01  8.41231916e+00
 2.00095238e+00 -7.87401575e-03  9.59011821e+00  1.01146581e+01  8.40289138e+00
 2.00095238e+00  1.25984252e-01  9.72550413e+00  1.01145382e+01  8.39346360e+00
 2.00095238e+00  2.59842520e-01  9.86089005e+00  1.01144183e+01  8.38403582e+00
 2.00095238e+00  3.93700787e-01  9.99627597e+00  1.01142984e+01  8.37460804e+00
 2.00095238e+00  5.27559055e-01  1.01316619e+01  1.01141785e+01  8.36518026e+00
 2.00095238e+00  6.61417323e-01  1.02670478e+01  1.01140586e+01  8.35575248e+00
 2.00095238e+00  7.95275591e-01  1.04024337e+01  1.01139387e+01  8.34632470e+00
 2.00095238e+00  9.29133858e-01  1.05378196e+01  1.01138188e+01  8.33689692e+00
 2.00095238e+00  1.06299213e+00  1.06732056e+01  1.01136989e+01  8.32746914e+00
 2.00095238e+00  1.19685039e+00  1.08085915e+01  1.01135790e+01  8.31804136e+00
 2.00095238e+00  1.33070866e+00  1.09439774e+01  1.01134591e+01  8.30861358e+00
 2.00095238e+00  1.46456693e+00  1.10793633e+01  1.01133392e+01  8.29918580e+00
 2.00095238e+00  1.59842520e+00  1.12147492e+01  1.01132193e+01  8.28975802e+00
 2.00095238e+00  1.73228346e+00  1.13501351e+01  1.01130994e+01  8.28033024e+00
 2.00095238e+00  1.86614173e+00  1.14855211e+01  1.01129795e+01  8.27090246e+00
 2.00095238e+00  2.00000000e+00  1.16209070e+01  1.01128596e+01  8.26147468e+00
 2.07936508e+00 -1.50000000e+01 -5.37495294e+00  1.01759197e+01  9.16397289e+00
 2.07936508e+00 -1.48661417e+01 -5.24108706e+00  1.01759197e+01  9.16055405e+00
 2.07936508e+00 -1.47322835e+01 -5.10721842e+00  1.01759197e+01  9.15711106e+00
 2.07936508e+00 -1.45984252e+01 -4.97334603e+00  1.01759197e+01  9.15367016e+00
 2.07936508e+00 -1.44645669e+01 -4.83946855e+00  1.01759197e+01  9.15023222e+00
 2.07936508e+00 -1.43307087e+01 -4.70558413e+00  1.01759197e+01  9.14671634e+00
 2.07936508e+00 -1.41968504e+01 -4.57169027e+00  1.01759197e+01  9.14314031e+00
 2.07936508e+00 -1.40629921e+01 -4.43778355e+00  1.01759197e+01  9.13956632e+00
 2.07936508e+00 -1.39291339e+01 -4.30385934e+00  1.01759197e+01  9.13600609e+00
 2.07936508e+00 -1.37952756e+01 -4.16991130e+00  1.01759197e+01  9.13239603e+00
 2.07936508e+00 -1.36614173e+01 -4.03593083e+00  1.01759197e+01  9.12869829e+00
 2.07936508e+00 -1.35275591e+01 -3.90190618e+00  1.01759197e+01  9.12499715e+00
 2.07936508e+00 -1.33937008e+01 -3.76789425e+00  1.01758666e+01  9.12127439e+00
 2.07936508e+00 -1.32598425e+01 -3.63405198e+00  1.01755219e+01  9.11750316e+00
 2.07936508e+00 -1.31259843e+01 -3.50031297e+00  1.01751774e+01  9.11374439e+00
 2.07936508e+00 -1.29921260e+01 -3.36655726e+00  1.01748400e+01  9.10994450e+00
 2.07936508e+00 -1.28582677e+01 -3.23278276e+00  1.01745095e+01  9.10605747e+00
 2.07936508e+00 -1.27244094e+01 -3.09899378e+00  1.01741858e+01  9.10216176e+00
 2.07936508e+00 -1.25905512e+01 -2.96519296e+00  1.01738688e+01  9.09825011e+00
 2.07936508e+00 -1.24566929e+01 -2.83138248e+00  1.01735584e+01  9.09428549e+00
 2.07936508e+00 -1.23228346e+01 -2.69756412e+00  1.01732546e+01  9.09027469e+00
 2.07936508e+00 -1.21889764e+01 -2.56373927e+00  1.01729573e+01  9.08625257e+00
 2.07936508e+00 -1.20551181e+01 -2.42990910e+00  1.01726664e+01  9.08221249e+00
 2.07936508e+00 -1.19212598e+01 -2.29607453e+00  1.01723817e+01  9.07807056e+00
 2.07936508e+00 -1.17874016e+01 -2.16223631e+00  1.01721034e+01  9.07389340e+00
 2.07936508e+00 -1.16535433e+01 -2.02839507e+00  1.01718315e+01  9.06973197e+00
 2.07936508e+00 -1.15196850e+01 -1.89455129e+00  1.01715654e+01  9.06549024e+00
 2.07936508e+00 -1.13858268e+01 -1.76070540e+00  1.01713051e+01  9.06119561e+00
 2.07936508e+00 -1.12519685e+01 -1.62685774e+00  1.01710508e+01  9.05689095e+00
 2.07936508e+00 -1.11181102e+01 -1.49300859e+00  1.01708022e+01  9.05253701e+00
 2.07936508e+00 -1.09842520e+01 -1.35915819e+00  1.01705584e+01  9.04811319e+00
 2.07936508e+00 -1.08503937e+01 -1.22530668e+00  1.01703257e+01  9.04363537e+00
 2.07936508e+00 -1.07165354e+01 -1.09145429e+00  1.01700943e+01  9.03914655e+00
 2.07936508e+00 -1.05826772e+01 -9.57601124e-01  1.01698690e+01  9.03460965e+00
 2.07936508e+00 -1.04488189e+01 -8.23747300e-01  1.01696493e+01  9.02998347e+00
 2.07936508e+00 -1.03149606e+01 -6.89892910e-01  1.01694348e+01  9.02528800e+00
 2.07936508e+00 -1.01811024e+01 -5.56038033e-01  1.01692255e+01  9.02059924e+00
 2.07936508e+00 -1.00472441e+01 -4.22182734e-01  1.01690215e+01  9.01590656e+00
 2.07936508e+00 -9.91338583e+00 -2.88327073e-01  1.01688225e+01  9.01106615e+00
 2.07936508e+00 -9.77952756e+00 -1.54471095e-01  1.01686286e+01  9.00616667e+00
 2.07936508e+00 -9.64566929e+00 -2.06148389e-02  1.01684396e+01  9.00127391e+00
 2.07936508e+00 -9.51181102e+00  1.13241658e-01  1.01682555e+01  8.99629028e+00
 2.07936508e+00 -9.37795276e+00  2.47098367e-01  1.01680762e+01  8.99126350e+00
 2.07936508e+00 -9.24409449e+00  3.80955263e-01  1.01679017e+01  8.98621616e+00
 2.07936508e+00 -9.11023622e+00  5.14812328e-01  1.01677318e+01  8.98105948e+00
 2.07936508e+00 -8.97637795e+00  6.48669540e-01  1.01675665e+01  8.97581696e+00
 2.07936508e+00 -8.84251969e+00  7.82526884e-01  1.01674058e+01  8.97053312e+00
 2.07936508e+00 -8.70866142e+00  9.16384350e-01  1.01672495e+01  8.96520944e+00
 2.07936508e+00 -8.57480315e+00  1.05024192e+00  1.01670976e+01  8.95980946e+00
 2.07936508e+00 -8.44094488e+00  1.18409959e+00  1.01669485e+01  8.95432716e+00
 2.07936508e+00 -8.30708661e+00  1.31795736e+00  1.01668050e+01  8.94880327e+00
 2.07936508e+00 -8.17322835e+00  1.45181520e+00  1.01666656e+01  8.94320333e+00
 2.07936508e+00 -8.03937008e+00  1.58567313e+00  1.01665303e+01  8.93750443e+00
 2.07936508e+00 -7.90551181e+00  1.71953113e+00  1.01663990e+01  8.93173259e+00
 2.07936508e+00 -7.77165354e+00  1.85338920e+00  1.01662717e+01  8.92588946e+00
 2.07936508e+00 -7.63779528e+00  1.98724734e+00  1.01661484e+01  8.91996086e+00
 2.07936508e+00 -7.50393701e+00  2.12110555e+00  1.01660289e+01  8.91393565e+00
 2.07936508e+00 -7.37007874e+00  2.25496383e+00  1.01659132e+01  8.90785923e+00
 2.07936508e+00 -7.23622047e+00  2.38882218e+00  1.01658012e+01  8.90171773e+00
 2.07936508e+00 -7.10236220e+00  2.52268059e+00  1.01656928e+01  8.89542978e+00
 2.07936508e+00 -6.96850394e+00  2.65653907e+00  1.01655881e+01  8.88907015e+00
 2.07936508e+00 -6.83464567e+00  2.79039762e+00  1.01654869e+01  8.88266699e+00
 2.07936508e+00 -6.70078740e+00  2.92425625e+00  1.01653892e+01  8.87614194e+00
 2.07936508e+00 -6.56692913e+00  3.05811495e+00  1.01652949e+01  8.86948548e+00
 2.07936508e+00 -6.43307087e+00  3.19197375e+00  1.01652042e+01  8.86271270e+00
 2.07936508e+00 -6.29921260e+00  3.32583263e+00  1.01651165e+01  8.85584209e+00
 2.07936508e+00 -6.16535433e+00  3.45969162e+00  1.01650321e+01  8.84890053e+00
 2.07936508e+00 -6.03149606e+00  3.59355071e+00  1.01649508e+01  8.84185608e+00
 2.07936508e+00 -5.89763780e+00  3.72740992e+00  1.01648727e+01  8.83465445e+00
 2.07936508e+00 -5.76377953e+00  3.86126928e+00  1.01647975e+01  8.82745676e+00
 2.07936508e+00 -5.62992126e+00  3.99512877e+00  1.01647253e+01  8.82032439e+00
 2.07936508e+00 -5.49606299e+00  4.12898834e+00  1.01646562e+01  8.81314630e+00
 2.07936508e+00 -5.36220472e+00  4.26284849e+00  1.01645894e+01  8.80585316e+00
 2.07936508e+00 -5.22834646e+00  4.39670837e+00  1.01645259e+01  8.79841687e+00
 2.07936508e+00 -5.09448819e+00  4.53056738e+00  1.01644687e+01  8.79084000e+00
 2.07936508e+00 -4.96062992e+00  4.66443225e+00  1.01644191e+01  8.78313211e+00
 2.07936508e+00 -4.82677165e+00  4.79829030e+00  1.01643592e+01  8.77529833e+00
 2.07936508e+00 -4.69291339e+00  4.93213780e+00  1.01642679e+01  8.76732908e+00
 2.07936508e+00 -4.55905512e+00  5.06608807e+00  1.01641970e+01  8.75918161e+00
 2.07936508e+00 -4.42519685e+00  5.19996008e+00  1.01641548e+01  8.75086141e+00
 2.07936508e+00 -4.29133858e+00  5.33367143e+00  1.01641012e+01  8.74241549e+00
 2.07936508e+00 -4.15748031e+00  5.46868413e+00  1.01640501e+01  8.73381510e+00
 2.07936508e+00 -4.02362205e+00  5.60265018e+00  1.01639285e+01  8.72496689e+00
 2.07936508e+00 -3.88976378e+00  5.73495163e+00  1.01636581e+01  8.71585179e+00
 2.07936508e+00 -3.75590551e+00  5.89021320e+00  1.01634683e+01  8.70675969e+00
 2.07936508e+00 -3.62204724e+00  6.06850857e+00  1.01634068e+01  8.69762356e+00
 2.07936508e+00 -3.48818898e+00  6.23969874e+00  1.01632679e+01  8.68814876e+00
 2.07936508e+00 -3.35433071e+00  6.41273026e+00  1.01631004e+01  8.67841075e+00
 2.07936508e+00 -3.22047244e+00  6.58564793e+00  1.01629123e+01  8.66838180e+00
 2.07936508e+00 -3.08661417e+00  6.75874184e+00  1.01626267e+01  8.65795306e+00
 2.07936508e+00 -2.95275591e+00  6.93210403e+00  1.01622125e+01  8.64712733e+00
 2.07936508e+00 -2.81889764e+00  7.10591673e+00  1.01616231e+01  8.63591417e+00
 2.07936508e+00 -2.68503937e+00  7.28044029e+00  1.01607856e+01  8.62418016e+00
 2.07936508e+00 -2.55118110e+00  7.45604157e+00  1.01594675e+01  8.61179131e+00
 2.07936508e+00 -2.41732283e+00  7.63344214e+00  1.01574572e+01  8.59859922e+00
 2.07936508e+00 -2.28346457e+00  7.81393946e+00  1.01545875e+01  8.58430343e+00
 2.07936508e+00 -2.14960630e+00  8.00043837e+00  1.01498351e+01  8.56856767e+00
 2.07936508e+00 -2.01574803e+00  8.19953840e+00  1.01424912e+01  8.55056098e+00
 2.07936508e+00 -1.88188976e+00  8.42729243e+00  1.01344744e+01  8.52883271e+00
 2.07936508e+00 -1.74803150e+00  8.71907244e+00  1.01195448e+01  8.50100638e+00
 2.07936508e+00 -1.61417323e+00  9.12339183e+00  1.01174107e+01  8.46187437e+00
 2.07936508e+00 -1.48031496e+00  9.66779196e+00  1.02030691e+01  8.40386117e+00
 2.07936508e+00 -1.34645669e+00  1.02121921e+01  1.02887275e+01  8.34584797e+00
 2.07936508e+00 -1.21259843e+00  1.07565922e+01  1.03743859e+01  8.28783477e+00
 2.07936508e+00 -1.07874016e+00  1.13009923e+01  1.04600443e+01  8.22982157e+00
 2.07936508e+00 -9.44881890e-01  1.18453924e+01  1.05457027e+01  8.17180837e+00
 2.07936508e+00 -8.11023622e-01  1.23897926e+01  1.06313611e+01  8.11379518e+00
 2.07936508e+00 -6.77165354e-01  1.29341927e+01  1.07170195e+01  8.05578198e+00
 2.07936508e+00 -5.43307087e-01  1.34785928e+01  1.08026779e+01  7.99776878e+00
 2.07936508e+00 -4.09448819e-01  1.40229929e+01  1.08883363e+01  7.93975558e+00
 2.07936508e+00 -2.75590551e-01  1.45673930e+01  1.09739947e+01  7.88174238e+00
 2.07936508e+00 -1.41732283e-01  1.51117932e+01  1.10596531e+01  7.82372918e+00
 2.07936508e+00 -7.87401575e-03  1.56561933e+01  1.11453115e+01  7.76571598e+00
 2.07936508e+00  1.25984252e-01  1.62005934e+01  1.12309699e+01  7.70770278e+00
 2.07936508e+00  2.59842520e-01  1.67449935e+01  1.13166283e+01  7.64968958e+00
 2.07936508e+00  3.93700787e-01  1.72893936e+01  1.14022867e+01  7.59167638e+00
 2.07936508e+00  5.27559055e-01  1.78337938e+01  1.14879451e+01  7.53366319e+00
 2.07936508e+00  6.61417323e-01  1.83781939e+01  1.15736035e+01  7.47564999e+00
 2.07936508e+00  7.95275591e-01  1.89225940e+01  1.16592619e+01  7.41763679e+00
 2.07936508e+00  9.29133858e-01  1.94669941e+01  1.17449203e+01  7.35962359e+00
 2.07936508e+00  1.06299213e+00  2.00113943e+01  1.18305787e+01  7.30161039e+00
 2.07936508e+00  1.19685039e+00  2.05557944e+01  1.19162371e+01  7.24359719e+00
 2.07936508e+00  1.33070866e+00  2.11001945e+01  1.20018955e+01  7.18558399e+00
 2.07936508e+00  1.46456693e+00  2.16445946e+01  1.20875539e+01  7.12757079e+00
 2.07936508e+00  1.59842520e+00  2.21889947e+01  1.21732123e+01  7.06955759e+00
 2.07936508e+00  1.73228346e+00  2.27333948e+01  1.22588707e+01  7.01154440e+00
 2.07936508e+00  1.86614173e+00  2.32777950e+01  1.23445291e+01  6.95353120e+00
 2.07936508e+00  2.00000000e+00  2.38221951e+01  1.24301875e+01  6.89551800e+00
 2.15777778e+00 -1.50000000e+01 -5.29736159e+00  1.02235157e+01  9.17440273e+00
 2.15777778e+00 -1.48661417e+01 -5.16349582e+00  1.02235157e+01  9.17101649e+00
 2.15777778e+00 -1.47322835e+01 -5.02962736e+00  1.02235157e+01  9.16763733e+00
 2.15777778e+00 -1.45984252e+01 -4.89575520e+00  1.02235157e+01  9.16422970e+00
 2.15777778e+00 -1.44645669e+01 -4.76187804e+00  1.02235157e+01  9.16076316e+00
 2.15777778e+00 -1.43307087e+01 -4.62799404e+00  1.02235157e+01  9.15724665e+00
 2.15777778e+00 -1.41968504e+01 -4.49410077e+00  1.02235157e+01  9.15373810e+00
 2.15777778e+00 -1.40629921e+01 -4.36019484e+00  1.02235157e+01  9.15021512e+00
 2.15777778e+00 -1.39291339e+01 -4.22627170e+00  1.02235157e+01  9.14665122e+00
 2.15777778e+00 -1.37952756e+01 -4.09232514e+00  1.02235157e+01  9.14307447e+00
 2.15777778e+00 -1.36614173e+01 -3.95834666e+00  1.02235157e+01  9.13947168e+00
 2.15777778e+00 -1.35275591e+01 -3.82432473e+00  1.02235157e+01  9.13582189e+00
 2.15777778e+00 -1.33937008e+01 -3.69029520e+00  1.02232795e+01  9.13212854e+00
 2.15777778e+00 -1.32598425e+01 -3.55643215e+00  1.02229558e+01  9.12840267e+00
 2.15777778e+00 -1.31259843e+01 -3.42269457e+00  1.02226386e+01  9.12465157e+00
 2.15777778e+00 -1.29921260e+01 -3.28894413e+00  1.02223280e+01  9.12087698e+00
 2.15777778e+00 -1.28582677e+01 -3.15517454e+00  1.02220238e+01  9.11707807e+00
 2.15777778e+00 -1.27244094e+01 -3.02138931e+00  1.02217259e+01  9.11324617e+00
 2.15777778e+00 -1.25905512e+01 -2.88759143e+00  1.02214342e+01  9.10936547e+00
 2.15777778e+00 -1.24566929e+01 -2.75378325e+00  1.02211487e+01  9.10543021e+00
 2.15777778e+00 -1.23228346e+01 -2.61996669e+00  1.02208693e+01  9.10145222e+00
 2.15777778e+00 -1.21889764e+01 -2.48614327e+00  1.02205959e+01  9.09745726e+00
 2.15777778e+00 -1.20551181e+01 -2.35231421e+00  1.02203286e+01  9.09343426e+00
 2.15777778e+00 -1.19212598e+01 -2.21848051e+00  1.02200670e+01  9.08937557e+00
 2.15777778e+00 -1.17874016e+01 -2.08464298e+00  1.02198098e+01  9.08529444e+00
 2.15777778e+00 -1.16535433e+01 -1.95080228e+00  1.02195585e+01  9.08116979e+00
 2.15777778e+00 -1.15196850e+01 -1.81695893e+00  1.02193142e+01  9.07697650e+00
 2.15777778e+00 -1.13858268e+01 -1.68311337e+00  1.02190753e+01  9.07271208e+00
 2.15777778e+00 -1.12519685e+01 -1.54926597e+00  1.02188418e+01  9.06842556e+00
 2.15777778e+00 -1.11181102e+01 -1.41541702e+00  1.02186137e+01  9.06412474e+00
 2.15777778e+00 -1.09842520e+01 -1.28156676e+00  1.02183915e+01  9.05975248e+00
 2.15777778e+00 -1.08503937e+01 -1.14771540e+00  1.02181742e+01  9.05534327e+00
 2.15777778e+00 -1.07165354e+01 -1.01386311e+00  1.02179621e+01  9.05091443e+00
 2.15777778e+00 -1.05826772e+01 -8.80010016e-01  1.02177550e+01  9.04642484e+00
 2.15777778e+00 -1.04488189e+01 -7.46156249e-01  1.02175530e+01  9.04188659e+00
 2.15777778e+00 -1.03149606e+01 -6.12301902e-01  1.02173559e+01  9.03730132e+00
 2.15777778e+00 -1.01811024e+01 -4.78447057e-01  1.02171637e+01  9.03264276e+00
 2.15777778e+00 -1.00472441e+01 -3.44591784e-01  1.02169762e+01  9.02794102e+00
 2.15777778e+00 -9.91338583e+00 -2.10736139e-01  1.02167935e+01  9.02321148e+00
 2.15777778e+00 -9.77952756e+00 -7.68801729e-02  1.02166155e+01  9.01842752e+00
 2.15777778e+00 -9.64566929e+00  5.69760729e-02  1.02164420e+01  9.01356666e+00
 2.15777778e+00 -9.51181102e+00  1.90832564e-01  1.02162731e+01  9.00865085e+00
 2.15777778e+00 -9.37795276e+00  3.24689269e-01  1.02161086e+01  9.00372676e+00
 2.15777778e+00 -9.24409449e+00  4.58546163e-01  1.02159485e+01  8.99871439e+00
 2.15777778e+00 -9.11023622e+00  5.92403224e-01  1.02157927e+01  8.99359331e+00
 2.15777778e+00 -8.97637795e+00  7.26260434e-01  1.02156412e+01  8.98844281e+00
 2.15777778e+00 -8.84251969e+00  8.60117776e-01  1.02154939e+01  8.98326163e+00
 2.15777778e+00 -8.70866142e+00  9.93975237e-01  1.02153506e+01  8.97801931e+00
 2.15777778e+00 -8.57480315e+00  1.12783281e+00  1.02152118e+01  8.97268960e+00
 2.15777778e+00 -8.44094488e+00  1.26169047e+00  1.02150759e+01  8.96728255e+00
 2.15777778e+00 -8.30708661e+00  1.39554823e+00  1.02149445e+01  8.96181027e+00
 2.15777778e+00 -8.17322835e+00  1.52940607e+00  1.02148171e+01  8.95627772e+00
 2.15777778e+00 -8.03937008e+00  1.66326399e+00  1.02146934e+01  8.95069941e+00
 2.15777778e+00 -7.90551181e+00  1.79712198e+00  1.02145735e+01  8.94504725e+00
 2.15777778e+00 -7.77165354e+00  1.93098004e+00  1.02144572e+01  8.93926949e+00
 2.15777778e+00 -7.63779528e+00  2.06483817e+00  1.02143446e+01  8.93341869e+00
 2.15777778e+00 -7.50393701e+00  2.19869636e+00  1.02142355e+01  8.92752362e+00
 2.15777778e+00 -7.37007874e+00  2.33255461e+00  1.02141300e+01  8.92155741e+00
 2.15777778e+00 -7.23622047e+00  2.46641294e+00  1.02140278e+01  8.91548941e+00
 2.15777778e+00 -7.10236220e+00  2.60027132e+00  1.02139290e+01  8.90932846e+00
 2.15777778e+00 -6.96850394e+00  2.73412977e+00  1.02138336e+01  8.90310648e+00
 2.15777778e+00 -6.83464567e+00  2.86798829e+00  1.02137413e+01  8.89678957e+00
 2.15777778e+00 -6.70078740e+00  3.00184688e+00  1.02136523e+01  8.89036885e+00
 2.15777778e+00 -6.56692913e+00  3.13570554e+00  1.02135664e+01  8.88386154e+00
 2.15777778e+00 -6.43307087e+00  3.26956429e+00  1.02134837e+01  8.87723138e+00
 2.15777778e+00 -6.29921260e+00  3.40342312e+00  1.02134039e+01  8.87049731e+00
 2.15777778e+00 -6.16535433e+00  3.53728204e+00  1.02133271e+01  8.86369954e+00
 2.15777778e+00 -6.03149606e+00  3.67114107e+00  1.02132531e+01  8.85672978e+00
 2.15777778e+00 -5.89763780e+00  3.80500020e+00  1.02131821e+01  8.84970921e+00
 2.15777778e+00 -5.76377953e+00  3.93885945e+00  1.02131142e+01  8.84288266e+00
 2.15777778e+00 -5.62992126e+00  4.07271892e+00  1.02130470e+01  8.83607469e+00
 2.15777778e+00 -5.49606299e+00  4.20657841e+00  1.02129856e+01  8.82916403e+00
 2.15777778e+00 -5.36220472e+00  4.34043788e+00  1.02129308e+01  8.82215862e+00
 2.15777778e+00 -5.22834646e+00  4.47429886e+00  1.02128474e+01  8.81504749e+00
 2.15777778e+00 -5.09448819e+00  4.60815796e+00  1.02127555e+01  8.80779641e+00
 2.15777778e+00 -4.96062992e+00  4.74201489e+00  1.02127027e+01  8.80037991e+00
 2.15777778e+00 -4.82677165e+00  4.87589146e+00  1.02126472e+01  8.79285064e+00
 2.15777778e+00 -4.69291339e+00  5.00975742e+00  1.02125851e+01  8.78521801e+00
 2.15777778e+00 -4.55905512e+00  5.14359218e+00  1.02125438e+01  8.77744760e+00
 2.15777778e+00 -4.42519685e+00  5.27753398e+00  1.02125034e+01  8.76952454e+00
 2.15777778e+00 -4.29133858e+00  5.41133233e+00  1.02124657e+01  8.76144043e+00
 2.15777778e+00 -4.15748031e+00  5.54490115e+00  1.02124450e+01  8.75320910e+00
 2.15777778e+00 -4.02362205e+00  5.67942821e+00  1.02124178e+01  8.74488953e+00
 2.15777778e+00 -3.88976378e+00  5.81168499e+00  1.02123901e+01  8.73638869e+00
 2.15777778e+00 -3.75590551e+00  5.93828975e+00  1.02123681e+01  8.72759792e+00
 2.15777778e+00 -3.62204724e+00  6.06390178e+00  1.02122822e+01  8.71861808e+00
 2.15777778e+00 -3.48818898e+00  6.19057783e+00  1.02121522e+01  8.70947339e+00
 2.15777778e+00 -3.35433071e+00  6.31709823e+00  1.02120718e+01  8.70011724e+00
 2.15777778e+00 -3.22047244e+00  6.44355346e+00  1.02119811e+01  8.69055604e+00
 2.15777778e+00 -3.08661417e+00  6.57021128e+00  1.02118189e+01  8.68079156e+00
 2.15777778e+00 -2.95275591e+00  6.69693691e+00  1.02115963e+01  8.67079812e+00
 2.15777778e+00 -2.81889764e+00  6.82376369e+00  1.02113262e+01  8.66055938e+00
 2.15777778e+00 -2.68503937e+00  6.95080860e+00  1.02109947e+01  8.65005521e+00
 2.15777778e+00 -2.55118110e+00  7.07814921e+00  1.02105333e+01  8.63924737e+00
 2.15777778e+00 -2.41732283e+00  7.20586401e+00  1.02099189e+01  8.62812647e+00
 2.15777778e+00 -2.28346457e+00  7.33405973e+00  1.02091375e+01  8.61667088e+00
 2.15777778e+00 -2.14960630e+00  7.46292855e+00  1.02080669e+01  8.60473681e+00
 2.15777778e+00 -2.01574803e+00  7.59277132e+00  1.02065797e+01  8.59224806e+00
 2.15777778e+00 -1.88188976e+00  7.72404045e+00  1.02045815e+01  8.57919172e+00
 2.15777778e+00 -1.74803150e+00  7.85745857e+00  1.02020291e+01  8.56538040e+00
 2.15777778e+00 -1.61417323e+00  7.99414485e+00  1.01984376e+01  8.55056726e+00
 2.15777778e+00 -1.48031496e+00  8.13601349e+00  1.01930594e+01  8.53446109e+00
 2.15777778e+00 -1.34645669e+00  8.28700564e+00  1.01867955e+01  8.51657236e+00
 2.15777778e+00 -1.21259843e+00  8.45366709e+00  1.01800296e+01  8.49601390e+00
 2.15777778e+00 -1.07874016e+00  8.64734005e+00  1.01705025e+01  8.47181676e+00
 2.15777778e+00 -9.44881890e-01  8.88492107e+00  1.01586965e+01  8.44280595e+00
 2.15777778e+00 -8.11023622e-01  9.18408834e+00  1.01658132e+01  8.40476693e+00
 2.15777778e+00 -6.77165354e-01  9.56275301e+00  1.02321050e+01  8.35154893e+00
 2.15777778e+00 -5.43307087e-01  9.94141768e+00  1.02983968e+01  8.29833093e+00
 2.15777778e+00 -4.09448819e-01  1.03200823e+01  1.03646886e+01  8.24511293e+00
 2.15777778e+00 -2.75590551e-01  1.06987470e+01  1.04309804e+01  8.19189493e+00
 2.15777778e+00 -1.41732283e-01  1.10774117e+01  1.04972722e+01  8.13867693e+00
 2.15777778e+00 -7.87401575e-03  1.14560764e+01  1.05635640e+01  8.08545893e+00
 2.15777778e+00  1.25984252e-01  1.18347410e+01  1.06298558e+01  8.03224093e+00
 2.15777778e+00  2.59842520e-01  1.22134057e+01  1.06961476e+01  7.97902293e+00
 2.15777778e+00  3.93700787e-01  1.25920704e+01  1.07624394e+01  7.92580493e+00
 2.15777778e+00  5.27559055e-01  1.29707350e+01  1.08287312e+01  7.87258693e+00
 2.15777778e+00  6.61417323e-01  1.33493997e+01  1.08950230e+01  7.81936893e+00
 2.15777778e+00  7.95275591e-01  1.37280644e+01  1.09613148e+01  7.76615093e+00
 2.15777778e+00  9.29133858e-01  1.41067290e+01  1.10276066e+01  7.71293293e+00
 2.15777778e+00  1.06299213e+00  1.44853937e+01  1.10938984e+01  7.65971493e+00
 2.15777778e+00  1.19685039e+00  1.48640584e+01  1.11601902e+01  7.60649693e+00
 2.15777778e+00  1.33070866e+00  1.52427230e+01  1.12264820e+01  7.55327893e+00
 2.15777778e+00  1.46456693e+00  1.56213877e+01  1.12927738e+01  7.50006093e+00
 2.15777778e+00  1.59842520e+00  1.60000524e+01  1.13590656e+01  7.44684293e+00
 2.15777778e+00  1.73228346e+00  1.63787170e+01  1.14253574e+01  7.39362493e+00
 2.15777778e+00  1.86614173e+00  1.67573817e+01  1.14916492e+01  7.34040693e+00
 2.15777778e+00  2.00000000e+00  1.71360464e+01  1.15579410e+01  7.28718893e+00
 2.23619048e+00 -1.50000000e+01 -5.21872583e+00  1.02752888e+01  9.17583888e+00
 2.23619048e+00 -1.48661417e+01 -5.08486009e+00  1.02752888e+01  9.17252478e+00
 2.23619048e+00 -1.47322835e+01 -4.95099165e+00  1.02752888e+01  9.16918912e+00
 2.23619048e+00 -1.45984252e+01 -4.81711955e+00  1.02752888e+01  9.16579617e+00
 2.23619048e+00 -1.44645669e+01 -4.68324244e+00  1.02752888e+01  9.16235581e+00
 2.23619048e+00 -1.43307087e+01 -4.54935854e+00  1.02752888e+01  9.15890302e+00
 2.23619048e+00 -1.41968504e+01 -4.41546538e+00  1.02752889e+01  9.15544690e+00
 2.23619048e+00 -1.40629921e+01 -4.28155963e+00  1.02752889e+01  9.15195415e+00
 2.23619048e+00 -1.39291339e+01 -4.14763672e+00  1.02752889e+01  9.14841453e+00
 2.23619048e+00 -1.37952756e+01 -4.01369046e+00  1.02752889e+01  9.14484615e+00
 2.23619048e+00 -1.36614173e+01 -3.87971241e+00  1.02752889e+01  9.14128056e+00
 2.23619048e+00 -1.35275591e+01 -3.74568839e+00  1.02750442e+01  9.13769150e+00
 2.23619048e+00 -1.33937008e+01 -3.61164968e+00  1.02747749e+01  9.13403474e+00
 2.23619048e+00 -1.32598425e+01 -3.47776909e+00  1.02745092e+01  9.13032641e+00
 2.23619048e+00 -1.31259843e+01 -3.34402119e+00  1.02742489e+01  9.12662216e+00
 2.23619048e+00 -1.29921260e+01 -3.21026700e+00  1.02739940e+01  9.12291118e+00
 2.23619048e+00 -1.28582677e+01 -3.07649562e+00  1.02737443e+01  9.11911324e+00
 2.23619048e+00 -1.27244094e+01 -2.94271005e+00  1.02734998e+01  9.11527117e+00
 2.23619048e+00 -1.25905512e+01 -2.80891284e+00  1.02732605e+01  9.11143455e+00
 2.23619048e+00 -1.24566929e+01 -2.67510601e+00  1.02730260e+01  9.10759664e+00
 2.23619048e+00 -1.23228346e+01 -2.54129121e+00  1.02727969e+01  9.10367772e+00
 2.23619048e+00 -1.21889764e+01 -2.40746978e+00  1.02725724e+01  9.09968807e+00
 2.23619048e+00 -1.20551181e+01 -2.27364283e+00  1.02723518e+01  9.09573265e+00
 2.23619048e+00 -1.19212598e+01 -2.13981127e+00  1.02721403e+01  9.09174937e+00
 2.23619048e+00 -1.17874016e+01 -2.00597584e+00  1.02719364e+01  9.08769707e+00
 2.23619048e+00 -1.16535433e+01 -1.87213716e+00  1.02717319e+01  9.08360642e+00
 2.23619048e+00 -1.15196850e+01 -1.73829574e+00  1.02715302e+01  9.07946040e+00
 2.23619048e+00 -1.13858268e+01 -1.60445200e+00  1.02713342e+01  9.07526122e+00
 2.23619048e+00 -1.12519685e+01 -1.47060630e+00  1.02711428e+01  9.07103817e+00
 2.23619048e+00 -1.11181102e+01 -1.33675886e+00  1.02709570e+01  9.06677452e+00
 2.23619048e+00 -1.09842520e+01 -1.20291111e+00  1.02706801e+01  9.06244935e+00
 2.23619048e+00 -1.08503937e+01 -1.06906152e+00  1.02704738e+01  9.05808200e+00
 2.23619048e+00 -1.07165354e+01 -9.35210803e-01  1.02702716e+01  9.05366538e+00
 2.23619048e+00 -1.05826772e+01 -8.01359122e-01  1.02700743e+01  9.04922517e+00
 2.23619048e+00 -1.04488189e+01 -6.67506611e-01  1.02698817e+01  9.04479112e+00
 2.23619048e+00 -1.03149606e+01 -5.33653384e-01  1.02696937e+01  9.04027678e+00
 2.23619048e+00 -1.01811024e+01 -3.99799538e-01  1.02695104e+01  9.03567769e+00
 2.23619048e+00 -1.00472441e+01 -2.65945158e-01  1.02693315e+01  9.03106443e+00
 2.23619048e+00 -9.91338583e+00 -1.32090313e-01  1.02691571e+01  9.02636024e+00
 2.23619048e+00 -9.77952756e+00  1.76493765e-03  1.02689871e+01  9.02158109e+00
 2.23619048e+00 -9.64566929e+00  1.35620542e-01  1.02688214e+01  9.01682250e+00
 2.23619048e+00 -9.51181102e+00  2.69476458e-01  1.02686600e+01  9.01199814e+00
 2.23619048e+00 -9.37795276e+00  4.03332647e-01  1.02685027e+01  9.00708009e+00
 2.23619048e+00 -9.24409449e+00  5.37189077e-01  1.02683496e+01  9.00212087e+00
 2.23619048e+00 -9.11023622e+00  6.71045721e-01  1.02682005e+01  8.99710819e+00
 2.23619048e+00 -8.97637795e+00  8.04902556e-01  1.02680555e+01  8.99204936e+00
 2.23619048e+00 -8.84251969e+00  9.38759562e-01  1.02679143e+01  8.98696471e+00
 2.23619048e+00 -8.70866142e+00  1.07261672e+00  1.02677787e+01  8.98180576e+00
 2.23619048e+00 -8.57480315e+00  1.20647406e+00  1.02676623e+01  8.97654622e+00
 2.23619048e+00 -8.44094488e+00  1.34033149e+00  1.02675255e+01  8.97119739e+00
 2.23619048e+00 -8.30708661e+00  1.47418906e+00  1.02674013e+01  8.96579791e+00
 2.23619048e+00 -8.17322835e+00  1.60804672e+00  1.02672810e+01  8.96036763e+00
 2.23619048e+00 -8.03937008e+00  1.74190448e+00  1.02671641e+01  8.95489448e+00
 2.23619048e+00 -7.90551181e+00  1.87576233e+00  1.02670507e+01  8.94932469e+00
 2.23619048e+00 -7.77165354e+00  2.00962027e+00  1.02669407e+01  8.94366320e+00
 2.23619048e+00 -7.63779528e+00  2.14347829e+00  1.02668340e+01  8.93794515e+00
 2.23619048e+00 -7.50393701e+00  2.27733639e+00  1.02667307e+01  8.93212522e+00
 2.23619048e+00 -7.37007874e+00  2.41119456e+00  1.02666305e+01  8.92622598e+00
 2.23619048e+00 -7.23622047e+00  2.54505281e+00  1.02665336e+01  8.92029303e+00
 2.23619048e+00 -7.10236220e+00  2.67891114e+00  1.02664398e+01  8.91423701e+00
 2.23619048e+00 -6.96850394e+00  2.81276954e+00  1.02663490e+01  8.90807552e+00
 2.23619048e+00 -6.83464567e+00  2.94662803e+00  1.02662613e+01  8.90188320e+00
 2.23619048e+00 -6.70078740e+00  3.08048659e+00  1.02661765e+01  8.89559223e+00
 2.23619048e+00 -6.56692913e+00  3.21434523e+00  1.02660919e+01  8.88917613e+00
 2.23619048e+00 -6.43307087e+00  3.34820397e+00  1.02660134e+01  8.88266075e+00
 2.23619048e+00 -6.29921260e+00  3.48206280e+00  1.02659366e+01  8.87606572e+00
 2.23619048e+00 -6.16535433e+00  3.61592173e+00  1.02658625e+01  8.86936238e+00
 2.23619048e+00 -6.03149606e+00  3.74978078e+00  1.02657911e+01  8.86255512e+00
 2.23619048e+00 -5.89763780e+00  3.88363994e+00  1.02657226e+01  8.85582367e+00
 2.23619048e+00 -5.76377953e+00  4.01749924e+00  1.02656563e+01  8.84915679e+00
 2.23619048e+00 -5.62992126e+00  4.15135869e+00  1.02655923e+01  8.84242637e+00
 2.23619048e+00 -5.49606299e+00  4.28521826e+00  1.02655337e+01  8.83562158e+00
 2.23619048e+00 -5.36220472e+00  4.41907811e+00  1.02654718e+01  8.82872777e+00
 2.23619048e+00 -5.22834646e+00  4.55293820e+00  1.02653998e+01  8.82170795e+00
 2.23619048e+00 -5.09448819e+00  4.68679787e+00  1.02653367e+01  8.81451853e+00
 2.23619048e+00 -4.96062992e+00  4.82065915e+00  1.02652914e+01  8.80720543e+00
 2.23619048e+00 -4.82677165e+00  4.95452316e+00  1.02652509e+01  8.79982974e+00
 2.23619048e+00 -4.69291339e+00  5.08838591e+00  1.02651760e+01  8.79233601e+00
 2.23619048e+00 -4.55905512e+00  5.22226696e+00  1.02650957e+01  8.78466629e+00
 2.23619048e+00 -4.42519685e+00  5.35619691e+00  1.02650531e+01  8.77681853e+00
 2.23619048e+00 -4.29133858e+00  5.49017575e+00  1.02650147e+01  8.76888975e+00
 2.23619048e+00 -4.15748031e+00  5.62399910e+00  1.02649656e+01  8.76084284e+00
 2.23619048e+00 -4.02362205e+00  5.75793613e+00  1.02649087e+01  8.75260107e+00
 2.23619048e+00 -3.88976378e+00  5.89350087e+00  1.02648443e+01  8.74420629e+00
 2.23619048e+00 -3.75590551e+00  6.03009456e+00  1.02647872e+01  8.73564604e+00
 2.23619048e+00 -3.62204724e+00  6.16640932e+00  1.02647383e+01  8.72690421e+00
 2.23619048e+00 -3.48818898e+00  6.30278004e+00  1.02646558e+01  8.71802196e+00
 2.23619048e+00 -3.35433071e+00  6.43928825e+00  1.02645485e+01  8.70892275e+00
 2.23619048e+00 -3.22047244e+00  6.57585069e+00  1.02644294e+01  8.69955482e+00
 2.23619048e+00 -3.08661417e+00  6.71251865e+00  1.02642761e+01  8.69000533e+00
 2.23619048e+00 -2.95275591e+00  6.84937072e+00  1.02641109e+01  8.68026335e+00
 2.23619048e+00 -2.81889764e+00  6.98648516e+00  1.02639098e+01  8.67025293e+00
 2.23619048e+00 -2.68503937e+00  7.12393752e+00  1.02635739e+01  8.65989782e+00
 2.23619048e+00 -2.55118110e+00  7.26183755e+00  1.02631208e+01  8.64925078e+00
 2.23619048e+00 -2.41732283e+00  7.40037180e+00  1.02625455e+01  8.63827926e+00
 2.23619048e+00 -2.28346457e+00  7.53982367e+00  1.02617553e+01  8.62683746e+00
 2.23619048e+00 -2.14960630e+00  7.68057388e+00  1.02606088e+01  8.61492075e+00
 2.23619048e+00 -2.01574803e+00  7.82326838e+00  1.02590905e+01  8.60241191e+00
 2.23619048e+00 -1.88188976e+00  7.96885391e+00  1.02571302e+01  8.58910275e+00
 2.23619048e+00 -1.74803150e+00  8.11866425e+00  1.02542221e+01  8.57486431e+00
 2.23619048e+00 -1.61417323e+00  8.27549130e+00  1.02499716e+01  8.55933214e+00
 2.23619048e+00 -1.48031496e+00  8.44413694e+00  1.02453152e+01  8.54177312e+00
 2.23619048e+00 -1.34645669e+00  8.63305998e+00  1.02405293e+01  8.52133863e+00
 2.23619048e+00 -1.21259843e+00  8.85684309e+00  1.02329129e+01  8.49723809e+00
 2.23619048e+00 -1.07874016e+00  9.13425036e+00  1.02315022e+01  8.46671907e+00
 2.23619048e+00 -9.44881890e-01  9.48773645e+00  1.02670535e+01  8.42395798e+00
 2.23619048e+00 -8.11023622e-01  9.91441149e+00  1.03785125e+01  8.36711856e+00
 2.23619048e+00 -6.77165354e-01  1.03410865e+01  1.04899715e+01  8.31027914e+00
 2.23619048e+00 -5.43307087e-01  1.07677616e+01  1.06014305e+01  8.25343972e+00
 2.23619048e+00 -4.09448819e-01  1.11944366e+01  1.07128895e+01  8.19660030e+00
 2.23619048e+00 -2.75590551e-01  1.16211116e+01  1.08243485e+01  8.13976088e+00
 2.23619048e+00 -1.41732283e-01  1.20477867e+01  1.09358075e+01  8.08292146e+00
 2.23619048e+00 -7.87401575e-03  1.24744617e+01  1.10472665e+01  8.02608204e+00
 2.23619048e+00  1.25984252e-01  1.29011368e+01  1.11587255e+01  7.96924262e+00
 2.23619048e+00  2.59842520e-01  1.33278118e+01  1.12701845e+01  7.91240320e+00
 2.23619048e+00  3.93700787e-01  1.37544868e+01  1.13816435e+01  7.85556378e+00
 2.23619048e+00  5.27559055e-01  1.41811619e+01  1.14931025e+01  7.79872436e+00
 2.23619048e+00  6.61417323e-01  1.46078369e+01  1.16045615e+01  7.74188494e+00
 2.23619048e+00  7.95275591e-01  1.50345120e+01  1.17160205e+01  7.68504552e+00
 2.23619048e+00  9.29133858e-01  1.54611870e+01  1.18274795e+01  7.62820610e+00
 2.23619048e+00  1.06299213e+00  1.58878621e+01  1.19389385e+01  7.57136668e+00
 2.23619048e+00  1.19685039e+00  1.63145371e+01  1.20503975e+01  7.51452726e+00
 2.23619048e+00  1.33070866e+00  1.67412121e+01  1.21618565e+01  7.45768784e+00
 2.23619048e+00  1.46456693e+00  1.71678872e+01  1.22733155e+01  7.40084842e+00
 2.23619048e+00  1.59842520e+00  1.75945622e+01  1.23847745e+01  7.34400900e+00
 2.23619048e+00  1.73228346e+00  1.80212372e+01  1.24962335e+01  7.28716958e+00
 2.23619048e+00  1.86614173e+00  1.84479123e+01  1.26076925e+01  7.23033016e+00
 2.23619048e+00  2.00000000e+00  1.88745873e+01  1.27191515e+01  7.17349074e+00
 2.31460317e+00 -1.50000000e+01 -5.14037708e+00  1.03308310e+01  9.17985891e+00
 2.31460317e+00 -1.48661417e+01 -5.00651132e+00  1.03308310e+01  9.17655163e+00
 2.31460317e+00 -1.47322835e+01 -4.87264285e+00  1.03308310e+01  9.17324356e+00
 2.31460317e+00 -1.45984252e+01 -4.73877070e+00  1.03308310e+01  9.16989230e+00
 2.31460317e+00 -1.44645669e+01 -4.60489354e+00  1.03308310e+01  9.16650423e+00
 2.31460317e+00 -1.43307087e+01 -4.47100954e+00  1.03308310e+01  9.16313120e+00
 2.31460317e+00 -1.41968504e+01 -4.33711625e+00  1.03308309e+01  9.15968628e+00
 2.31460317e+00 -1.40629921e+01 -4.20321030e+00  1.03308309e+01  9.15617659e+00
 2.31460317e+00 -1.39291339e+01 -4.06928714e+00  1.03308309e+01  9.15270865e+00
 2.31460317e+00 -1.37952756e+01 -3.93534052e+00  1.03308309e+01  9.14919852e+00
 2.31460317e+00 -1.36614173e+01 -3.80136198e+00  1.03308309e+01  9.14562395e+00
 2.31460317e+00 -1.35275591e+01 -3.66733745e+00  1.03307153e+01  9.14204956e+00
 2.31460317e+00 -1.33937008e+01 -3.53329197e+00  1.03305766e+01  9.13842572e+00
 2.31460317e+00 -1.32598425e+01 -3.39937122e+00  1.03304405e+01  9.13476207e+00
 2.31460317e+00 -1.31259843e+01 -3.26556490e+00  1.03303073e+01  9.13111915e+00
 2.31460317e+00 -1.29921260e+01 -3.13177517e+00  1.03301767e+01  9.12742961e+00
 2.31460317e+00 -1.28582677e+01 -2.99797587e+00  1.03300485e+01  9.12367660e+00
 2.31460317e+00 -1.27244094e+01 -2.86417117e+00  1.03299227e+01  9.11990667e+00
 2.31460317e+00 -1.25905512e+01 -2.73036106e+00  1.03297999e+01  9.11610738e+00
 2.31460317e+00 -1.24566929e+01 -2.59654624e+00  1.03296788e+01  9.11227646e+00
 2.31460317e+00 -1.23228346e+01 -2.46272719e+00  1.03295589e+01  9.10842130e+00
 2.31460317e+00 -1.21889764e+01 -2.32890439e+00  1.03294488e+01  9.10450077e+00
 2.31460317e+00 -1.20551181e+01 -2.19507823e+00  1.03293299e+01  9.10052585e+00
 2.31460317e+00 -1.19212598e+01 -2.06124906e+00  1.03291789e+01  9.09655140e+00
 2.31460317e+00 -1.17874016e+01 -1.92741720e+00  1.03290483e+01  9.09257822e+00
 2.31460317e+00 -1.16535433e+01 -1.79358292e+00  1.03289478e+01  9.08857077e+00
 2.31460317e+00 -1.15196850e+01 -1.65974648e+00  1.03288439e+01  9.08448658e+00
 2.31460317e+00 -1.13858268e+01 -1.52590808e+00  1.03287402e+01  9.08033383e+00
 2.31460317e+00 -1.12519685e+01 -1.39206755e+00  1.03286387e+01  9.07615168e+00
 2.31460317e+00 -1.11181102e+01 -1.25823496e+00  1.03282893e+01  9.07194310e+00
 2.31460317e+00 -1.09842520e+01 -1.12439933e+00  1.03280395e+01  9.06766348e+00
 2.31460317e+00 -1.08503937e+01 -9.90560551e-01  1.03278399e+01  9.06332361e+00
 2.31460317e+00 -1.07165354e+01 -8.56719833e-01  1.03276452e+01  9.05897565e+00
 2.31460317e+00 -1.05826772e+01 -7.22877393e-01  1.03274548e+01  9.05458617e+00
 2.31460317e+00 -1.04488189e+01 -5.89033411e-01  1.03272686e+01  9.05013055e+00
 2.31460317e+00 -1.03149606e+01 -4.55188048e-01  1.03270867e+01  9.04561988e+00
 2.31460317e+00 -1.01811024e+01 -3.21341445e-01  1.03269089e+01  9.04110216e+00
 2.31460317e+00 -1.00472441e+01 -1.87493730e-01  1.03267353e+01  9.03654937e+00
 2.31460317e+00 -9.91338583e+00 -5.36450143e-02  1.03265656e+01  9.03190347e+00
 2.31460317e+00 -9.77952756e+00  8.02046026e-02  1.03264000e+01  9.02721246e+00
 2.31460317e+00 -9.64566929e+00  2.14055032e-01  1.03262383e+01  9.02248912e+00
 2.31460317e+00 -9.51181102e+00  3.47906196e-01  1.03260804e+01  9.01771053e+00
 2.31460317e+00 -9.37795276e+00  4.81758023e-01  1.03259264e+01  9.01287654e+00
 2.31460317e+00 -9.24409449e+00  6.15610452e-01  1.03257762e+01  9.00800978e+00
 2.31460317e+00 -9.11023622e+00  7.49463427e-01  1.03256296e+01  9.00311708e+00
 2.31460317e+00 -8.97637795e+00  8.83316900e-01  1.03254867e+01  8.99812905e+00
 2.31460317e+00 -8.84251969e+00  1.01717081e+00  1.03253488e+01  8.99306556e+00
 2.31460317e+00 -8.70866142e+00  1.15102555e+00  1.03252435e+01  8.98797911e+00
 2.31460317e+00 -8.57480315e+00  1.28487854e+00  1.03249992e+01  8.98279739e+00
 2.31460317e+00 -8.44094488e+00  1.41873281e+00  1.03248495e+01  8.97753759e+00
 2.31460317e+00 -8.30708661e+00  1.55258753e+00  1.03247084e+01  8.97224000e+00
 2.31460317e+00 -8.17322835e+00  1.68644264e+00  1.03245711e+01  8.96689774e+00
 2.31460317e+00 -8.03937008e+00  1.82029809e+00  1.03244375e+01  8.96149471e+00
 2.31460317e+00 -7.90551181e+00  1.95415386e+00  1.03243076e+01  8.95601310e+00
 2.31460317e+00 -7.77165354e+00  2.08800992e+00  1.03241814e+01  8.95043583e+00
 2.31460317e+00 -7.63779528e+00  2.22186625e+00  1.03240587e+01  8.94478957e+00
 2.31460317e+00 -7.50393701e+00  2.35572284e+00  1.03239397e+01  8.93910323e+00
 2.31460317e+00 -7.37007874e+00  2.48957965e+00  1.03238240e+01  8.93334159e+00
 2.31460317e+00 -7.23622047e+00  2.62343669e+00  1.03237118e+01  8.92748367e+00
 2.31460317e+00 -7.10236220e+00  2.75729394e+00  1.03236030e+01  8.92153290e+00
 2.31460317e+00 -6.96850394e+00  2.89115140e+00  1.03234975e+01  8.91551005e+00
 2.31460317e+00 -6.83464567e+00  3.02500905e+00  1.03233951e+01  8.90939541e+00
 2.31460317e+00 -6.70078740e+00  3.15886688e+00  1.03232947e+01  8.90316991e+00
 2.31460317e+00 -6.56692913e+00  3.29272496e+00  1.03232073e+01  8.89687460e+00
 2.31460317e+00 -6.43307087e+00  3.42658320e+00  1.03231170e+01  8.89051414e+00
 2.31460317e+00 -6.29921260e+00  3.56044162e+00  1.03230294e+01  8.88405541e+00
 2.31460317e+00 -6.16535433e+00  3.69430024e+00  1.03229448e+01  8.87745729e+00
 2.31460317e+00 -6.03149606e+00  3.82815905e+00  1.03228630e+01  8.87087208e+00
 2.31460317e+00 -5.89763780e+00  3.96201806e+00  1.03227840e+01  8.86442441e+00
 2.31460317e+00 -5.76377953e+00  4.09587729e+00  1.03227079e+01  8.85794641e+00
 2.31460317e+00 -5.62992126e+00  4.22973674e+00  1.03226340e+01  8.85138087e+00
 2.31460317e+00 -5.49606299e+00  4.36359643e+00  1.03225628e+01  8.84472658e+00
 2.31460317e+00 -5.36220472e+00  4.49745641e+00  1.03224981e+01  8.83793089e+00
 2.31460317e+00 -5.22834646e+00  4.63131662e+00  1.03224356e+01  8.83101978e+00
 2.31460317e+00 -5.09448819e+00  4.76517717e+00  1.03223731e+01  8.82402563e+00
 2.31460317e+00 -4.96062992e+00  4.89903810e+00  1.03223101e+01  8.81690591e+00
 2.31460317e+00 -4.82677165e+00  5.03289751e+00  1.03222444e+01  8.80968035e+00
 2.31460317e+00 -4.69291339e+00  5.16676891e+00  1.03221690e+01  8.80236445e+00
 2.31460317e+00 -4.55905512e+00  5.30068588e+00  1.03221099e+01  8.79489835e+00
 2.31460317e+00 -4.42519685e+00  5.43457642e+00  1.03220591e+01  8.78727359e+00
 2.31460317e+00 -4.29133858e+00  5.56842916e+00  1.03220091e+01  8.77951715e+00
 2.31460317e+00 -4.15748031e+00  5.70239141e+00  1.03219804e+01  8.77165468e+00
 2.31460317e+00 -4.02362205e+00  5.83611484e+00  1.03219204e+01  8.76364127e+00
 2.31460317e+00 -3.88976378e+00  5.96937848e+00  1.03218175e+01  8.75543321e+00
 2.31460317e+00 -3.75590551e+00  6.10261254e+00  1.03217800e+01  8.74705005e+00
 2.31460317e+00 -3.62204724e+00  6.23596519e+00  1.03217404e+01  8.73852615e+00
 2.31460317e+00 -3.48818898e+00  6.36940625e+00  1.03216306e+01  8.72986448e+00
 2.31460317e+00 -3.35433071e+00  6.50290030e+00  1.03215449e+01  8.72100741e+00
 2.31460317e+00 -3.22047244e+00  6.63646953e+00  1.03214588e+01  8.71193981e+00
 2.31460317e+00 -3.08661417e+00  6.77015920e+00  1.03213282e+01  8.70266380e+00
 2.31460317e+00 -2.95275591e+00  6.90401170e+00  1.03211852e+01  8.69316780e+00
 2.31460317e+00 -2.81889764e+00  7.03812575e+00  1.03209987e+01  8.68342894e+00
 2.31460317e+00 -2.68503937e+00  7.17261057e+00  1.03207271e+01  8.67342039e+00
 2.31460317e+00 -2.55118110e+00  7.30755309e+00  1.03203704e+01  8.66311837e+00
 2.31460317e+00 -2.41732283e+00  7.44310075e+00  1.03199071e+01  8.65250942e+00
 2.31460317e+00 -2.28346457e+00  7.57951442e+00  1.03192899e+01  8.64154606e+00
 2.31460317e+00 -2.14960630e+00  7.71720838e+00  1.03184488e+01  8.63012344e+00
 2.31460317e+00 -2.01574803e+00  7.85668475e+00  1.03173209e+01  8.61817839e+00
 2.31460317e+00 -1.88188976e+00  7.99873138e+00  1.03158334e+01  8.60561120e+00
 2.31460317e+00 -1.74803150e+00  8.14462355e+00  1.03138221e+01  8.59223448e+00
 2.31460317e+00 -1.61417323e+00  8.29630570e+00  1.03108687e+01  8.57780152e+00
 2.31460317e+00 -1.48031496e+00  8.45728493e+00  1.03074026e+01  8.56182836e+00
 2.31460317e+00 -1.34645669e+00  8.63346133e+00  1.03040258e+01  8.54364396e+00
 2.31460317e+00 -1.21259843e+00  8.83424145e+00  1.03000210e+01  8.52250661e+00
 2.31460317e+00 -1.07874016e+00  9.07373962e+00  1.02972549e+01  8.49704979e+00
 2.31460317e+00 -9.44881890e-01  9.37018073e+00  1.03121980e+01  8.46394792e+00
 2.31460317e+00 -8.11023622e-01  9.74134100e+00  1.03761138e+01  8.41855322e+00
 2.31460317e+00 -6.77165354e-01  1.01674653e+01  1.05210021e+01  8.36259448e+00
 2.31460317e+00 -5.43307087e-01  1.05935896e+01  1.06658904e+01  8.30663574e+00
 2.31460317e+00 -4.09448819e-01  1.10197139e+01  1.08107787e+01  8.25067700e+00
 2.31460317e+00 -2.75590551e-01  1.14458382e+01  1.09556670e+01  8.19471826e+00
 2.31460317e+00 -1.41732283e-01  1.18719625e+01  1.11005553e+01  8.13875952e+00
 2.31460317e+00 -7.87401575e-03  1.22980868e+01  1.12454436e+01  8.08280078e+00
 2.31460317e+00  1.25984252e-01  1.27242111e+01  1.13903319e+01  8.02684204e+00
 2.31460317e+00  2.59842520e-01  1.31503354e+01  1.15352202e+01  7.97088330e+00
 2.31460317e+00  3.93700787e-01  1.35764597e+01  1.16801085e+01  7.91492456e+00
 2.31460317e+00  5.27559055e-01  1.40025840e+01  1.18249968e+01  7.85896582e+00
 2.31460317e+00  6.61417323e-01  1.44287083e+01  1.19698851e+01  7.80300708e+00
 2.31460317e+00  7.95275591e-01  1.48548326e+01  1.21147734e+01  7.74704834e+00
 2.31460317e+00  9.29133858e-01  1.52809569e+01  1.22596617e+01  7.69108960e+00
 2.31460317e+00  1.06299213e+00  1.57070812e+01  1.24045500e+01  7.63513086e+00
 2.31460317e+00  1.19685039e+00  1.61332055e+01  1.25494383e+01  7.57917212e+00
 2.31460317e+00  1.33070866e+00  1.65593298e+01  1.26943266e+01  7.52321338e+00
 2.31460317e+00  1.46456693e+00  1.69854541e+01  1.28392149e+01  7.46725464e+00
 2.31460317e+00  1.59842520e+00  1.74115784e+01  1.29841032e+01  7.41129590e+00
 2.31460317e+00  1.73228346e+00  1.78377027e+01  1.31289915e+01  7.35533716e+00
 2.31460317e+00  1.86614173e+00  1.82638270e+01  1.32738798e+01  7.29937842e+00
 2.31460317e+00  2.00000000e+00  1.86899513e+01  1.34187681e+01  7.24341968e+00
 2.39301587e+00 -1.50000000e+01 -5.06194649e+00  1.03911052e+01  9.18323314e+00
 2.39301587e+00 -1.48661417e+01 -4.92808069e+00  1.03911052e+01  9.17994467e+00
 2.39301587e+00 -1.47322835e+01 -4.79421219e+00  1.03911053e+01  9.17663671e+00
 2.39301587e+00 -1.45984252e+01 -4.66034001e+00  1.03911053e+01  9.17331538e+00
 2.39301587e+00 -1.44645669e+01 -4.52646282e+00  1.03911054e+01  9.16997343e+00
 2.39301587e+00 -1.43307087e+01 -4.39257883e+00  1.03911054e+01  9.16659603e+00
 2.39301587e+00 -1.41968504e+01 -4.25868555e+00  1.03911055e+01  9.16317821e+00
 2.39301587e+00 -1.40629921e+01 -4.12477966e+00  1.03911056e+01  9.15975821e+00
 2.39301587e+00 -1.39291339e+01 -3.99085657e+00  1.03911057e+01  9.15631271e+00
 2.39301587e+00 -1.37952756e+01 -3.85691008e+00  1.03911057e+01  9.15279490e+00
 2.39301587e+00 -1.36614173e+01 -3.72293144e+00  1.03912178e+01  9.14926398e+00
 2.39301587e+00 -1.35275591e+01 -3.58890852e+00  1.03911689e+01  9.14572420e+00
 2.39301587e+00 -1.33937008e+01 -3.45484983e+00  1.03911267e+01  9.14212848e+00
 2.39301587e+00 -1.32598425e+01 -3.32085322e+00  1.03910851e+01  9.13853724e+00
 2.39301587e+00 -1.31259843e+01 -3.18697955e+00  1.03910443e+01  9.13494461e+00
 2.39301587e+00 -1.29921260e+01 -3.05313915e+00  1.03910041e+01  9.13129504e+00
 2.39301587e+00 -1.28582677e+01 -2.91929585e+00  1.03909644e+01  9.12759949e+00
 2.39301587e+00 -1.27244094e+01 -2.78545294e+00  1.03909255e+01  9.12385767e+00
 2.39301587e+00 -1.25905512e+01 -2.65160928e+00  1.03908871e+01  9.12007019e+00
 2.39301587e+00 -1.24566929e+01 -2.51776517e+00  1.03908483e+01  9.11628937e+00
 2.39301587e+00 -1.23228346e+01 -2.38392054e+00  1.03908119e+01  9.11248897e+00
 2.39301587e+00 -1.21889764e+01 -2.25007543e+00  1.03907772e+01  9.10861413e+00
 2.39301587e+00 -1.20551181e+01 -2.11622986e+00  1.03907272e+01  9.10470971e+00
 2.39301587e+00 -1.19212598e+01 -1.98238383e+00  1.03906737e+01  9.10079103e+00
 2.39301587e+00 -1.17874016e+01 -1.84853737e+00  1.03906382e+01  9.09683614e+00
 2.39301587e+00 -1.16535433e+01 -1.71469049e+00  1.03906056e+01  9.09281788e+00
 2.39301587e+00 -1.15196850e+01 -1.58084320e+00  1.03905703e+01  9.08875549e+00
 2.39301587e+00 -1.13858268e+01 -1.44699502e+00  1.03905369e+01  9.08468702e+00
 2.39301587e+00 -1.12519685e+01 -1.31315870e+00  1.03903904e+01  9.08059795e+00
 2.39301587e+00 -1.11181102e+01 -1.17934271e+00  1.03901119e+01  9.07642048e+00
 2.39301587e+00 -1.09842520e+01 -1.04551543e+00  1.03899775e+01  9.07215366e+00
 2.39301587e+00 -1.08503937e+01 -9.11686786e-01  1.03898436e+01  9.06788804e+00
 2.39301587e+00 -1.07165354e+01 -7.77856706e-01  1.03897123e+01  9.06360978e+00
 2.39301587e+00 -1.05826772e+01 -6.44025236e-01  1.03895836e+01  9.05925564e+00
 2.39301587e+00 -1.04488189e+01 -5.10192427e-01  1.03894576e+01  9.05485650e+00
 2.39301587e+00 -1.03149606e+01 -3.76358327e-01  1.03893342e+01  9.05044227e+00
 2.39301587e+00 -1.01811024e+01 -2.42522987e-01  1.03892134e+01  9.04600280e+00
 2.39301587e+00 -1.00472441e+01 -1.08686455e-01  1.03890950e+01  9.04146626e+00
 2.39301587e+00 -9.91338583e+00  2.51512209e-02  1.03889792e+01  9.03686577e+00
 2.39301587e+00 -9.77952756e+00  1.58989995e-01  1.03888659e+01  9.03226540e+00
 2.39301587e+00 -9.64566929e+00  2.92829820e-01  1.03887550e+01  9.02763691e+00
 2.39301587e+00 -9.51181102e+00  4.26670654e-01  1.03886465e+01  9.02294295e+00
 2.39301587e+00 -9.37795276e+00  5.60512452e-01  1.03885404e+01  9.01817243e+00
 2.39301587e+00 -9.24409449e+00  6.94355175e-01  1.03884367e+01  9.01336257e+00
 2.39301587e+00 -9.11023622e+00  8.28198782e-01  1.03883353e+01  9.00850496e+00
 2.39301587e+00 -8.97637795e+00  9.62043231e-01  1.03882363e+01  9.00358287e+00
 2.39301587e+00 -8.84251969e+00  1.09588999e+00  1.03881410e+01  8.99862246e+00
 2.39301587e+00 -8.70866142e+00  1.22970771e+00  1.03876303e+01  8.99357387e+00
 2.39301587e+00 -8.57480315e+00  1.36353353e+00  1.03874351e+01  8.98845272e+00
 2.39301587e+00 -8.44094488e+00  1.49736395e+00  1.03872574e+01  8.98328329e+00
 2.39301587e+00 -8.30708661e+00  1.63119792e+00  1.03870845e+01  8.97808357e+00
 2.39301587e+00 -8.17322835e+00  1.76503496e+00  1.03869164e+01  8.97283704e+00
 2.39301587e+00 -8.03937008e+00  1.89887465e+00  1.03867530e+01  8.96749337e+00
 2.39301587e+00 -7.90551181e+00  2.03271663e+00  1.03865943e+01  8.96208785e+00
 2.39301587e+00 -7.77165354e+00  2.16656061e+00  1.03864401e+01  8.95664201e+00
 2.39301587e+00 -7.63779528e+00  2.30040632e+00  1.03862904e+01  8.95107321e+00
 2.39301587e+00 -7.50393701e+00  2.43425356e+00  1.03861451e+01  8.94544195e+00
 2.39301587e+00 -7.37007874e+00  2.56810214e+00  1.03860041e+01  8.93979765e+00
 2.39301587e+00 -7.23622047e+00  2.70195189e+00  1.03858674e+01  8.93403231e+00
 2.39301587e+00 -7.10236220e+00  2.83580270e+00  1.03857349e+01  8.92817220e+00
 2.39301587e+00 -6.96850394e+00  2.96965444e+00  1.03856065e+01  8.92226894e+00
 2.39301587e+00 -6.83464567e+00  3.10350713e+00  1.03854849e+01  8.91628379e+00
 2.39301587e+00 -6.70078740e+00  3.23735992e+00  1.03853384e+01  8.91020482e+00
 2.39301587e+00 -6.56692913e+00  3.37121377e+00  1.03852183e+01  8.90404284e+00
 2.39301587e+00 -6.43307087e+00  3.50506821e+00  1.03850985e+01  8.89780363e+00
 2.39301587e+00 -6.29921260e+00  3.63892324e+00  1.03849827e+01  8.89144947e+00
 2.39301587e+00 -6.16535433e+00  3.77277883e+00  1.03848709e+01  8.88502403e+00
 2.39301587e+00 -6.03149606e+00  3.90663492e+00  1.03847629e+01  8.87871264e+00
 2.39301587e+00 -5.89763780e+00  4.04049150e+00  1.03846587e+01  8.87244431e+00
 2.39301587e+00 -5.76377953e+00  4.17434855e+00  1.03845581e+01  8.86609547e+00
 2.39301587e+00 -5.62992126e+00  4.30820599e+00  1.03844615e+01  8.85966078e+00
 2.39301587e+00 -5.49606299e+00  4.44206403e+00  1.03843676e+01  8.85313202e+00
 2.39301587e+00 -5.36220472e+00  4.57592243e+00  1.03842764e+01  8.84649363e+00
 2.39301587e+00 -5.22834646e+00  4.70978054e+00  1.03841902e+01  8.83973386e+00
 2.39301587e+00 -5.09448819e+00  4.84364154e+00  1.03841154e+01  8.83287899e+00
 2.39301587e+00 -4.96062992e+00  4.97750180e+00  1.03840344e+01  8.82593002e+00
 2.39301587e+00 -4.82677165e+00  5.11135367e+00  1.03839635e+01  8.81883938e+00
 2.39301587e+00 -4.69291339e+00  5.24524559e+00  1.03838950e+01  8.81165516e+00
 2.39301587e+00 -4.55905512e+00  5.37917597e+00  1.03838256e+01  8.80437646e+00
 2.39301587e+00 -4.42519685e+00  5.51305369e+00  1.03837595e+01  8.79689397e+00
 2.39301587e+00 -4.29133858e+00  5.64693172e+00  1.03836949e+01  8.78928192e+00
 2.39301587e+00 -4.15748031e+00  5.78088784e+00  1.03836322e+01  8.78160359e+00
 2.39301587e+00 -4.02362205e+00  5.91494112e+00  1.03835742e+01  8.77379531e+00
 2.39301587e+00 -3.88976378e+00  6.04907299e+00  1.03834973e+01  8.76580616e+00
 2.39301587e+00 -3.75590551e+00  6.18325228e+00  1.03834067e+01  8.75764023e+00
 2.39301587e+00 -3.62204724e+00  6.31745910e+00  1.03833521e+01  8.74935205e+00
 2.39301587e+00 -3.48818898e+00  6.45173660e+00  1.03832903e+01  8.74091091e+00
 2.39301587e+00 -3.35433071e+00  6.58611503e+00  1.03831970e+01  8.73227798e+00
 2.39301587e+00 -3.22047244e+00  6.72058394e+00  1.03831080e+01  8.72344985e+00
 2.39301587e+00 -3.08661417e+00  6.85517466e+00  1.03830022e+01  8.71443509e+00
 2.39301587e+00 -2.95275591e+00  6.98994943e+00  1.03828641e+01  8.70521838e+00
 2.39301587e+00 -2.81889764e+00  7.12499754e+00  1.03827034e+01  8.69575656e+00
 2.39301587e+00 -2.68503937e+00  7.26044488e+00  1.03824876e+01  8.68603971e+00
 2.39301587e+00 -2.55118110e+00  7.39641289e+00  1.03822063e+01  8.67605882e+00
 2.39301587e+00 -2.41732283e+00  7.53304817e+00  1.03818720e+01  8.66578386e+00
 2.39301587e+00 -2.28346457e+00  7.67068996e+00  1.03814017e+01  8.65514489e+00
 2.39301587e+00 -2.14960630e+00  7.80973646e+00  1.03807556e+01  8.64409900e+00
 2.39301587e+00 -2.01574803e+00  7.95070509e+00  1.03799437e+01  8.63259170e+00
 2.39301587e+00 -1.88188976e+00  8.09451979e+00  1.03788985e+01  8.62041168e+00
 2.39301587e+00 -1.74803150e+00  8.24242456e+00  1.03774153e+01  8.60748297e+00
 2.39301587e+00 -1.61417323e+00  8.39644874e+00  1.03753474e+01  8.59363323e+00
 2.39301587e+00 -1.48031496e+00  8.56020206e+00  1.03729882e+01  8.57827763e+00
 2.39301587e+00 -1.34645669e+00  8.73917907e+00  1.03712064e+01  8.56091844e+00
 2.39301587e+00 -1.21259843e+00  8.94236984e+00  1.03692809e+01  8.54080582e+00
 2.39301587e+00 -1.07874016e+00  9.18241593e+00  1.03708523e+01  8.51652099e+00
 2.39301587e+00 -9.44881890e-01  9.47717613e+00  1.03903606e+01  8.48510731e+00
 2.39301587e+00 -8.11023622e-01  9.84217557e+00  1.04552239e+01  8.44299477e+00
 2.39301587e+00 -6.77165354e-01  1.02616141e+01  1.05983820e+01  8.39096962e+00
 2.39301587e+00 -5.43307087e-01  1.06810526e+01  1.07415401e+01  8.33894447e+00
 2.39301587e+00 -4.09448819e-01  1.11004912e+01  1.08846982e+01  8.28691932e+00
 2.39301587e+00 -2.75590551e-01  1.15199297e+01  1.10278563e+01  8.23489417e+00
 2.39301587e+00 -1.41732283e-01  1.19393682e+01  1.11710144e+01  8.18286902e+00
 2.39301587e+00 -7.87401575e-03  1.23588067e+01  1.13141725e+01  8.13084387e+00
 2.39301587e+00  1.25984252e-01  1.27782453e+01  1.14573306e+01  8.07881872e+00
 2.39301587e+00  2.59842520e-01  1.31976838e+01  1.16004887e+01  8.02679357e+00
 2.39301587e+00  3.93700787e-01  1.36171223e+01  1.17436468e+01  7.97476842e+00
 2.39301587e+00  5.27559055e-01  1.40365609e+01  1.18868049e+01  7.92274327e+00
 2.39301587e+00  6.61417323e-01  1.44559994e+01  1.20299630e+01  7.87071812e+00
 2.39301587e+00  7.95275591e-01  1.48754379e+01  1.21731211e+01  7.81869297e+00
 2.39301587e+00  9.29133858e-01  1.52948764e+01  1.23162792e+01  7.76666782e+00
 2.39301587e+00  1.06299213e+00  1.57143150e+01  1.24594373e+01  7.71464267e+00
 2.39301587e+00  1.19685039e+00  1.61337535e+01  1.26025954e+01  7.66261752e+00
 2.39301587e+00  1.33070866e+00  1.65531920e+01  1.27457535e+01  7.61059237e+00
 2.39301587e+00  1.46456693e+00  1.69726306e+01  1.28889116e+01  7.55856722e+00
 2.39301587e+00  1.59842520e+00  1.73920691e+01  1.30320697e+01  7.50654207e+00
 2.39301587e+00  1.73228346e+00  1.78115076e+01  1.31752278e+01  7.45451692e+00
 2.39301587e+00  1.86614173e+00  1.82309461e+01  1.33183859e+01  7.40249177e+00
 2.39301587e+00  2.00000000e+00  1.86503847e+01  1.34615440e+01  7.35046662e+00
 2.47142857e+00 -1.50000000e+01 -4.98353762e+00  1.04558138e+01  9.18696249e+00
 2.47142857e+00 -1.48661417e+01 -4.84967202e+00  1.04558137e+01  9.18370325e+00
 2.47142857e+00 -1.47322835e+01 -4.71580371e+00  1.04558136e+01  9.18044220e+00
 2.47142857e+00 -1.45984252e+01 -4.58193172e+00  1.04558134e+01  9.17716275e+00
 2.47142857e+00 -1.44645669e+01 -4.44805471e+00  1.04558131e+01  9.17382863e+00
 2.47142857e+00 -1.43307087e+01 -4.31417087e+00  1.04558129e+01  9.17051066e+00
 2.47142857e+00 -1.41968504e+01 -4.18027774e+00  1.04558126e+01  9.16718480e+00
 2.47142857e+00 -1.40629921e+01 -4.04637196e+00  1.04558122e+01  9.16378456e+00
 2.47142857e+00 -1.39291339e+01 -3.91244897e+00  1.04558119e+01  9.16033639e+00
 2.47142857e+00 -1.37952756e+01 -3.77850256e+00  1.04558327e+01  9.15687661e+00
 2.47142857e+00 -1.36614173e+01 -3.64452413e+00  1.04558187e+01  9.15340925e+00
 2.47142857e+00 -1.35275591e+01 -3.51050277e+00  1.04557902e+01  9.14990229e+00
 2.47142857e+00 -1.33937008e+01 -3.37642913e+00  1.04557621e+01  9.14635086e+00
 2.47142857e+00 -1.32598425e+01 -3.24239818e+00  1.04557345e+01  9.14277585e+00
 2.47142857e+00 -1.31259843e+01 -3.10849481e+00  1.04557073e+01  9.13918630e+00
 2.47142857e+00 -1.29921260e+01 -2.97463888e+00  1.04556805e+01  9.13557032e+00
 2.47142857e+00 -1.28582677e+01 -2.84078331e+00  1.04556539e+01  9.13191045e+00
 2.47142857e+00 -1.27244094e+01 -2.70692776e+00  1.04556275e+01  9.12820025e+00
 2.47142857e+00 -1.25905512e+01 -2.57307225e+00  1.04556015e+01  9.12447064e+00
 2.47142857e+00 -1.24566929e+01 -2.43921677e+00  1.04555758e+01  9.12074389e+00
 2.47142857e+00 -1.23228346e+01 -2.30536133e+00  1.04555494e+01  9.11697909e+00
 2.47142857e+00 -1.21889764e+01 -2.17150593e+00  1.04555256e+01  9.11317154e+00
 2.47142857e+00 -1.20551181e+01 -2.03765057e+00  1.04555058e+01  9.10932663e+00
 2.47142857e+00 -1.19212598e+01 -1.90379525e+00  1.04554827e+01  9.10542061e+00
 2.47142857e+00 -1.17874016e+01 -1.76993998e+00  1.04554572e+01  9.10147805e+00
 2.47142857e+00 -1.16535433e+01 -1.63608476e+00  1.04554329e+01  9.09753099e+00
 2.47142857e+00 -1.15196850e+01 -1.50222959e+00  1.04554088e+01  9.09356570e+00
 2.47142857e+00 -1.13858268e+01 -1.36837274e+00  1.04553900e+01  9.08956494e+00
 2.47142857e+00 -1.12519685e+01 -1.23453292e+00  1.04552773e+01  9.08550071e+00
 2.47142857e+00 -1.11181102e+01 -1.10068629e+00  1.04552323e+01  9.08137852e+00
 2.47142857e+00 -1.09842520e+01 -9.66840057e-01  1.04551830e+01  9.07721628e+00
 2.47142857e+00 -1.08503937e+01 -8.32993751e-01  1.04551344e+01  9.07302997e+00
 2.47142857e+00 -1.07165354e+01 -6.99147360e-01  1.04550867e+01  9.06879376e+00
 2.47142857e+00 -1.05826772e+01 -5.65300873e-01  1.04550396e+01  9.06451179e+00
 2.47142857e+00 -1.04488189e+01 -4.31454277e-01  1.04549934e+01  9.06019272e+00
 2.47142857e+00 -1.03149606e+01 -2.97607565e-01  1.04549478e+01  9.05582363e+00
 2.47142857e+00 -1.01811024e+01 -1.63760728e-01  1.04549030e+01  9.05141958e+00
 2.47142857e+00 -1.00472441e+01 -2.99137559e-02  1.04548590e+01  9.04699092e+00
 2.47142857e+00 -9.91338583e+00  1.03933358e-01  1.04548157e+01  9.04251404e+00
 2.47142857e+00 -9.77952756e+00  2.37780622e-01  1.04547731e+01  9.03798343e+00
 2.47142857e+00 -9.64566929e+00  3.71628043e-01  1.04547312e+01  9.03339983e+00
 2.47142857e+00 -9.51181102e+00  5.05475627e-01  1.04546901e+01  9.02875877e+00
 2.47142857e+00 -9.37795276e+00  6.39323381e-01  1.04546497e+01  9.02407358e+00
 2.47142857e+00 -9.24409449e+00  7.73171308e-01  1.04546100e+01  9.01934169e+00
 2.47142857e+00 -9.11023622e+00  9.07019423e-01  1.04545709e+01  9.01453015e+00
 2.47142857e+00 -8.97637795e+00  1.04086938e+00  1.04545299e+01  9.00968923e+00
 2.47142857e+00 -8.84251969e+00  1.17467562e+00  1.04542036e+01  9.00480680e+00
 2.47142857e+00 -8.70866142e+00  1.30842882e+00  1.04537829e+01  8.99980292e+00
 2.47142857e+00 -8.57480315e+00  1.44221420e+00  1.04536185e+01  8.99475640e+00
 2.47142857e+00 -8.44094488e+00  1.57601043e+00  1.04534613e+01  8.98968315e+00
 2.47142857e+00 -8.30708661e+00  1.70981555e+00  1.04533087e+01  8.98452910e+00
 2.47142857e+00 -8.17322835e+00  1.84362816e+00  1.04531605e+01  8.97933456e+00
 2.47142857e+00 -8.03937008e+00  1.97744708e+00  1.04530166e+01  8.97411671e+00
 2.47142857e+00 -7.90551181e+00  2.11127135e+00  1.04528769e+01  8.96879870e+00
 2.47142857e+00 -7.77165354e+00  2.24510019e+00  1.04527414e+01  8.96337686e+00
 2.47142857e+00 -7.63779528e+00  2.37893291e+00  1.04526100e+01  8.95789513e+00
 2.47142857e+00 -7.50393701e+00  2.51276897e+00  1.04524826e+01  8.95240188e+00
 2.47142857e+00 -7.37007874e+00  2.64660790e+00  1.04523592e+01  8.94683907e+00
 2.47142857e+00 -7.23622047e+00  2.78044932e+00  1.04522397e+01  8.94116728e+00
 2.47142857e+00 -7.10236220e+00  2.91429289e+00  1.04521240e+01  8.93542910e+00
 2.47142857e+00 -6.96850394e+00  3.04813842e+00  1.04520122e+01  8.92961056e+00
 2.47142857e+00 -6.83464567e+00  3.18198201e+00  1.04517975e+01  8.92369990e+00
 2.47142857e+00 -6.70078740e+00  3.31582633e+00  1.04515882e+01  8.91773332e+00
 2.47142857e+00 -6.56692913e+00  3.44967336e+00  1.04514249e+01  8.91171567e+00
 2.47142857e+00 -6.43307087e+00  3.58352194e+00  1.04512668e+01  8.90559476e+00
 2.47142857e+00 -6.29921260e+00  3.71737190e+00  1.04511143e+01  8.89931359e+00
 2.47142857e+00 -6.16535433e+00  3.85122305e+00  1.04509671e+01  8.89308184e+00
 2.47142857e+00 -6.03149606e+00  3.98507528e+00  1.04508251e+01  8.88698723e+00
 2.47142857e+00 -5.89763780e+00  4.11892849e+00  1.04506884e+01  8.88084648e+00
 2.47142857e+00 -5.76377953e+00  4.25278249e+00  1.04505567e+01  8.87462030e+00
 2.47142857e+00 -5.62992126e+00  4.38663735e+00  1.04504299e+01  8.86832090e+00
 2.47142857e+00 -5.49606299e+00  4.52049320e+00  1.04503084e+01  8.86194314e+00
 2.47142857e+00 -5.36220472e+00  4.65434873e+00  1.04501915e+01  8.85543341e+00
 2.47142857e+00 -5.22834646e+00  4.78820602e+00  1.04500850e+01  8.84878668e+00
 2.47142857e+00 -5.09448819e+00  4.92206696e+00  1.04499650e+01  8.84206481e+00
 2.47142857e+00 -4.96062992e+00  5.05591418e+00  1.04498578e+01  8.83525760e+00
 2.47142857e+00 -4.82677165e+00  5.18977554e+00  1.04497553e+01  8.82833867e+00
 2.47142857e+00 -4.69291339e+00  5.32371058e+00  1.04496580e+01  8.82129801e+00
 2.47142857e+00 -4.55905512e+00  5.45761261e+00  1.04495666e+01  8.81414272e+00
 2.47142857e+00 -4.42519685e+00  5.59145684e+00  1.04494779e+01  8.80687643e+00
 2.47142857e+00 -4.29133858e+00  5.72534572e+00  1.04493890e+01  8.79949182e+00
 2.47142857e+00 -4.15748031e+00  5.85921812e+00  1.04493186e+01  8.79198021e+00
 2.47142857e+00 -4.02362205e+00  5.99307601e+00  1.04492441e+01  8.78433111e+00
 2.47142857e+00 -3.88976378e+00  6.12701903e+00  1.04491155e+01  8.77653256e+00
 2.47142857e+00 -3.75590551e+00  6.26098051e+00  1.04490136e+01  8.76857719e+00
 2.47142857e+00 -3.62204724e+00  6.39493828e+00  1.04489610e+01  8.76046238e+00
 2.47142857e+00 -3.48818898e+00  6.52896558e+00  1.04488931e+01  8.75219328e+00
 2.47142857e+00 -3.35433071e+00  6.66308325e+00  1.04488101e+01  8.74379254e+00
 2.47142857e+00 -3.22047244e+00  6.79731626e+00  1.04487197e+01  8.73523064e+00
 2.47142857e+00 -3.08661417e+00  6.93170637e+00  1.04486173e+01  8.72644269e+00
 2.47142857e+00 -2.95275591e+00  7.06627591e+00  1.04484978e+01  8.71747387e+00
 2.47142857e+00 -2.81889764e+00  7.20112777e+00  1.04483523e+01  8.70832398e+00
 2.47142857e+00 -2.68503937e+00  7.33642568e+00  1.04481749e+01  8.69891988e+00
 2.47142857e+00 -2.55118110e+00  7.47222836e+00  1.04479828e+01  8.68921141e+00
 2.47142857e+00 -2.41732283e+00  7.60871963e+00  1.04477392e+01  8.67921903e+00
 2.47142857e+00 -2.28346457e+00  7.74624356e+00  1.04473798e+01  8.66896792e+00
 2.47142857e+00 -2.14960630e+00  7.88520677e+00  1.04469333e+01  8.65830599e+00
 2.47142857e+00 -2.01574803e+00  8.02616368e+00  1.04463739e+01  8.64715806e+00
 2.47142857e+00 -1.88188976e+00  8.16993845e+00  1.04456359e+01  8.63548604e+00
 2.47142857e+00 -1.74803150e+00  8.31783146e+00  1.04446882e+01  8.62311832e+00
 2.47142857e+00 -1.61417323e+00  8.47179539e+00  1.04433925e+01  8.60982581e+00
 2.47142857e+00 -1.48031496e+00  8.63495981e+00  1.04420823e+01  8.59528688e+00
 2.47142857e+00 -1.34645669e+00  8.81236141e+00  1.04413934e+01  8.57902330e+00
 2.47142857e+00 -1.21259843e+00  9.01166680e+00  1.04414165e+01  8.56026720e+00
 2.47142857e+00 -1.07874016e+00  9.24398711e+00  1.04452604e+01  8.53768615e+00
 2.47142857e+00 -9.44881890e-01  9.52508384e+00  1.04641653e+01  8.50940734e+00
 2.47142857e+00 -8.11023622e-01  9.87083373e+00  1.05200672e+01  8.47252828e+00
 2.47142857e+00 -6.77165354e-01  1.02731453e+01  1.06448714e+01  8.42562615e+00
 2.47142857e+00 -5.43307087e-01  1.07125040e+01  1.08693167e+01  8.36936848e+00
 2.47142857e+00 -4.09448819e-01  1.11518627e+01  1.10937620e+01  8.31311081e+00
 2.47142857e+00 -2.75590551e-01  1.15912214e+01  1.13182073e+01  8.25685314e+00
 2.47142857e+00 -1.41732283e-01  1.20305801e+01  1.15426526e+01  8.20059547e+00
 2.47142857e+00 -7.87401575e-03  1.24699388e+01  1.17670979e+01  8.14433780e+00
 2.47142857e+00  1.25984252e-01  1.29092975e+01  1.19915432e+01  8.08808013e+00
 2.47142857e+00  2.59842520e-01  1.33486562e+01  1.22159885e+01  8.03182246e+00
 2.47142857e+00  3.93700787e-01  1.37880149e+01  1.24404338e+01  7.97556479e+00
 2.47142857e+00  5.27559055e-01  1.42273736e+01  1.26648791e+01  7.91930712e+00
 2.47142857e+00  6.61417323e-01  1.46667323e+01  1.28893244e+01  7.86304945e+00
 2.47142857e+00  7.95275591e-01  1.51060910e+01  1.31137697e+01  7.80679178e+00
 2.47142857e+00  9.29133858e-01  1.55454497e+01  1.33382150e+01  7.75053411e+00
 2.47142857e+00  1.06299213e+00  1.59848084e+01  1.35626603e+01  7.69427643e+00
 2.47142857e+00  1.19685039e+00  1.64241671e+01  1.37871056e+01  7.63801877e+00
 2.47142857e+00  1.33070866e+00  1.68635258e+01  1.40115509e+01  7.58176110e+00
 2.47142857e+00  1.46456693e+00  1.73028845e+01  1.42359962e+01  7.52550342e+00
 2.47142857e+00  1.59842520e+00  1.77422432e+01  1.44604415e+01  7.46924575e+00
 2.47142857e+00  1.73228346e+00  1.81816019e+01  1.46848868e+01  7.41298809e+00
 2.47142857e+00  1.86614173e+00  1.86209606e+01  1.49093321e+01  7.35673042e+00
 2.47142857e+00  2.00000000e+00  1.90603193e+01  1.51337774e+01  7.30047274e+00
 2.54984127e+00 -1.50000000e+01 -4.90512812e+00  1.05234672e+01  9.19058511e+00
 2.54984127e+00 -1.48661417e+01 -4.77126178e+00  1.05234677e+01  9.18739839e+00
 2.54984127e+00 -1.47322835e+01 -4.63739273e+00  1.05234683e+01  9.18421020e+00
 2.54984127e+00 -1.45984252e+01 -4.50352003e+00  1.05234692e+01  9.18097409e+00
 2.54984127e+00 -1.44645669e+01 -4.36964236e+00  1.05234702e+01  9.17768536e+00
 2.54984127e+00 -1.43307087e+01 -4.23575791e+00  1.05234713e+01  9.17437126e+00
 2.54984127e+00 -1.41968504e+01 -4.10186423e+00  1.05234725e+01  9.17106264e+00
 2.54984127e+00 -1.40629921e+01 -3.96795796e+00  1.05234737e+01  9.16772073e+00
 2.54984127e+00 -1.39291339e+01 -3.83403455e+00  1.05234750e+01  9.16431835e+00
 2.54984127e+00 -1.37952756e+01 -3.70008776e+00  1.05235052e+01  9.16091130e+00
 2.54984127e+00 -1.36614173e+01 -3.56610923e+00  1.05234739e+01  9.15748740e+00
 2.54984127e+00 -1.35275591e+01 -3.43208675e+00  1.05234429e+01  9.15400820e+00
 2.54984127e+00 -1.33937008e+01 -3.29800852e+00  1.05234121e+01  9.15047513e+00
 2.54984127e+00 -1.32598425e+01 -3.16395816e+00  1.05233816e+01  9.14693696e+00
 2.54984127e+00 -1.31259843e+01 -3.03003299e+00  1.05233514e+01  9.14341281e+00
 2.54984127e+00 -1.29921260e+01 -2.89618040e+00  1.05233213e+01  9.13983418e+00
 2.54984127e+00 -1.28582677e+01 -2.76232498e+00  1.05232914e+01  9.13619395e+00
 2.54984127e+00 -1.27244094e+01 -2.62847028e+00  1.05232616e+01  9.13252636e+00
 2.54984127e+00 -1.25905512e+01 -2.49461549e+00  1.05232318e+01  9.12886603e+00
 2.54984127e+00 -1.24566929e+01 -2.36076081e+00  1.05232025e+01  9.12518422e+00
 2.54984127e+00 -1.23228346e+01 -2.22690618e+00  1.05231731e+01  9.12145177e+00
 2.54984127e+00 -1.21889764e+01 -2.09305159e+00  1.05231427e+01  9.11768495e+00
 2.54984127e+00 -1.20551181e+01 -1.95919705e+00  1.05231125e+01  9.11386517e+00
 2.54984127e+00 -1.19212598e+01 -1.82534255e+00  1.05230837e+01  9.10999559e+00
 2.54984127e+00 -1.17874016e+01 -1.69148808e+00  1.05230551e+01  9.10613321e+00
 2.54984127e+00 -1.16535433e+01 -1.55763364e+00  1.05230266e+01  9.10224976e+00
 2.54984127e+00 -1.15196850e+01 -1.42377927e+00  1.05229982e+01  9.09831057e+00
 2.54984127e+00 -1.13858268e+01 -1.28992515e+00  1.05229689e+01  9.09433328e+00
 2.54984127e+00 -1.12519685e+01 -1.15607116e+00  1.05229397e+01  9.09032605e+00
 2.54984127e+00 -1.11181102e+01 -1.02221717e+00  1.05229113e+01  9.08627691e+00
 2.54984127e+00 -1.09842520e+01 -8.88363213e-01  1.05228832e+01  9.08216200e+00
 2.54984127e+00 -1.08503937e+01 -7.54509289e-01  1.05228554e+01  9.07803044e+00
 2.54984127e+00 -1.07165354e+01 -6.20655388e-01  1.05228278e+01  9.07388933e+00
 2.54984127e+00 -1.05826772e+01 -4.86801525e-01  1.05228006e+01  9.06965535e+00
 2.54984127e+00 -1.04488189e+01 -3.52947698e-01  1.05227737e+01  9.06536733e+00
 2.54984127e+00 -1.03149606e+01 -2.19093907e-01  1.05227471e+01  9.06108221e+00
 2.54984127e+00 -1.01811024e+01 -8.52401614e-02  1.05227208e+01  9.05679485e+00
 2.54984127e+00 -1.00472441e+01  4.86135382e-02  1.05226948e+01  9.05242327e+00
 2.54984127e+00 -9.91338583e+00  1.82467190e-01  1.05226691e+01  9.04795678e+00
 2.54984127e+00 -9.77952756e+00  3.16320788e-01  1.05226438e+01  9.04349810e+00
 2.54984127e+00 -9.64566929e+00  4.50174329e-01  1.05226188e+01  9.03898827e+00
 2.54984127e+00 -9.51181102e+00  5.84027810e-01  1.05225941e+01  9.03440090e+00
 2.54984127e+00 -9.37795276e+00  7.17881225e-01  1.05225697e+01  9.02981619e+00
 2.54984127e+00 -9.24409449e+00  8.51734573e-01  1.05225456e+01  9.02516641e+00
 2.54984127e+00 -9.11023622e+00  9.85587877e-01  1.05225217e+01  9.02041882e+00
 2.54984127e+00 -8.97637795e+00  1.11944561e+00  1.05225072e+01  9.01564827e+00
 2.54984127e+00 -8.84251969e+00  1.25323765e+00  1.05222495e+01  9.01080572e+00
 2.54984127e+00 -8.70866142e+00  1.38705097e+00  1.05221796e+01  9.00592551e+00
 2.54984127e+00 -8.57480315e+00  1.52086816e+00  1.05221122e+01  9.00099613e+00
 2.54984127e+00 -8.44094488e+00  1.65468877e+00  1.05220466e+01  8.99599328e+00
 2.54984127e+00 -8.30708661e+00  1.78851249e+00  1.05219827e+01  8.99092445e+00
 2.54984127e+00 -8.17322835e+00  1.92233906e+00  1.05219204e+01  8.98583430e+00
 2.54984127e+00 -8.03937008e+00  2.05616821e+00  1.05218597e+01  8.98068109e+00
 2.54984127e+00 -7.90551181e+00  2.18999974e+00  1.05218006e+01  8.97543861e+00
 2.54984127e+00 -7.77165354e+00  2.32383346e+00  1.05217431e+01  8.97013332e+00
 2.54984127e+00 -7.63779528e+00  2.45766919e+00  1.05216872e+01  8.96478038e+00
 2.54984127e+00 -7.50393701e+00  2.59150677e+00  1.05216329e+01  8.95937299e+00
 2.54984127e+00 -7.37007874e+00  2.72534608e+00  1.05215801e+01  8.95388971e+00
 2.54984127e+00 -7.23622047e+00  2.85918698e+00  1.05215289e+01  8.94833852e+00
 2.54984127e+00 -7.10236220e+00  2.99302938e+00  1.05214793e+01  8.94271823e+00
 2.54984127e+00 -6.96850394e+00  3.12686760e+00  1.05213677e+01  8.93700644e+00
 2.54984127e+00 -6.83464567e+00  3.26067780e+00  1.05210030e+01  8.93119076e+00
 2.54984127e+00 -6.70078740e+00  3.39450460e+00  1.05208331e+01  8.92531782e+00
 2.54984127e+00 -6.56692913e+00  3.52833478e+00  1.05206639e+01  8.91936499e+00
 2.54984127e+00 -6.43307087e+00  3.66216822e+00  1.05205005e+01  8.91329225e+00
 2.54984127e+00 -6.29921260e+00  3.79600458e+00  1.05203426e+01  8.90719582e+00
 2.54984127e+00 -6.16535433e+00  3.92984353e+00  1.05201902e+01  8.90125798e+00
 2.54984127e+00 -6.03149606e+00  4.06368481e+00  1.05200432e+01  8.89534904e+00
 2.54984127e+00 -5.89763780e+00  4.19752818e+00  1.05199015e+01  8.88933460e+00
 2.54984127e+00 -5.76377953e+00  4.33137343e+00  1.05197649e+01  8.88319205e+00
 2.54984127e+00 -5.62992126e+00  4.46522049e+00  1.05196333e+01  8.87699541e+00
 2.54984127e+00 -5.49606299e+00  4.59906903e+00  1.05195066e+01  8.87073152e+00
 2.54984127e+00 -5.36220472e+00  4.73291877e+00  1.05193792e+01  8.86431309e+00
 2.54984127e+00 -5.22834646e+00  4.86676158e+00  1.05191039e+01  8.85781029e+00
 2.54984127e+00 -5.09448819e+00  5.00060731e+00  1.05189702e+01  8.85126538e+00
 2.54984127e+00 -4.96062992e+00  5.13445174e+00  1.05188206e+01  8.84460986e+00
 2.54984127e+00 -4.82677165e+00  5.26831547e+00  1.05186776e+01  8.83778795e+00
 2.54984127e+00 -4.69291339e+00  5.40220465e+00  1.05185401e+01  8.83085025e+00
 2.54984127e+00 -4.55905512e+00  5.53610045e+00  1.05184080e+01  8.82389201e+00
 2.54984127e+00 -4.42519685e+00  5.66996186e+00  1.05182872e+01  8.81679657e+00
 2.54984127e+00 -4.29133858e+00  5.80382205e+00  1.05181751e+01  8.80952941e+00
 2.54984127e+00 -4.15748031e+00  5.93775606e+00  1.05180617e+01  8.80216602e+00
 2.54984127e+00 -4.02362205e+00  6.07172052e+00  1.05179461e+01  8.79472215e+00
 2.54984127e+00 -3.88976378e+00  6.20569912e+00  1.05178355e+01  8.78714565e+00
 2.54984127e+00 -3.75590551e+00  6.33971582e+00  1.05177324e+01  8.77937225e+00
 2.54984127e+00 -3.62204724e+00  6.47376385e+00  1.05176570e+01  8.77146361e+00
 2.54984127e+00 -3.48818898e+00  6.60785845e+00  1.05175740e+01  8.76342797e+00
 2.54984127e+00 -3.35433071e+00  6.74203652e+00  1.05174399e+01  8.75521854e+00
 2.54984127e+00 -3.22047244e+00  6.87632344e+00  1.05173356e+01  8.74684316e+00
 2.54984127e+00 -3.08661417e+00  7.01079095e+00  1.05172649e+01  8.73829940e+00
 2.54984127e+00 -2.95275591e+00  7.14551844e+00  1.05171607e+01  8.72956994e+00
 2.54984127e+00 -2.81889764e+00  7.28048857e+00  1.05170093e+01  8.72064836e+00
 2.54984127e+00 -2.68503937e+00  7.41583651e+00  1.05168538e+01  8.71150622e+00
 2.54984127e+00 -2.55118110e+00  7.55178967e+00  1.05167241e+01  8.70211113e+00
 2.54984127e+00 -2.41732283e+00  7.68846433e+00  1.05165364e+01  8.69247157e+00
 2.54984127e+00 -2.28346457e+00  7.82615683e+00  1.05162915e+01  8.68253230e+00
 2.54984127e+00 -2.14960630e+00  7.96533455e+00  1.05160233e+01  8.67221707e+00
 2.54984127e+00 -2.01574803e+00  8.10655858e+00  1.05156751e+01  8.66150472e+00
 2.54984127e+00 -1.88188976e+00  8.25064394e+00  1.05152462e+01  8.65024600e+00
 2.54984127e+00 -1.74803150e+00  8.39878771e+00  1.05147341e+01  8.63830640e+00
 2.54984127e+00 -1.61417323e+00  8.55285133e+00  1.05141327e+01  8.62562244e+00
 2.54984127e+00 -1.48031496e+00  8.71598162e+00  1.05137078e+01  8.61180529e+00
 2.54984127e+00 -1.34645669e+00  8.89269309e+00  1.05139932e+01  8.59638876e+00
 2.54984127e+00 -1.21259843e+00  9.08975085e+00  1.05156101e+01  8.57871596e+00
 2.54984127e+00 -1.07874016e+00  9.31721915e+00  1.05216116e+01  8.55767350e+00
 2.54984127e+00 -9.44881890e-01  9.58912570e+00  1.05409026e+01  8.53179748e+00
 2.54984127e+00 -8.11023622e-01  9.91998467e+00  1.05920945e+01  8.49866037e+00
 2.54984127e+00 -6.77165354e-01  1.03017620e+01  1.07060480e+01  8.45618301e+00
 2.54984127e+00 -5.43307087e-01  1.07005529e+01  1.09114420e+01  8.40376922e+00
 2.54984127e+00 -4.09448819e-01  1.10993438e+01  1.11168360e+01  8.35135543e+00
 2.54984127e+00 -2.75590551e-01  1.14981347e+01  1.13222300e+01  8.29894164e+00
 2.54984127e+00 -1.41732283e-01  1.18969256e+01  1.15276240e+01  8.24652785e+00
 2.54984127e+00 -7.87401575e-03  1.22957165e+01  1.17330180e+01  8.19411406e+00
 2.54984127e+00  1.25984252e-01  1.26945074e+01  1.19384120e+01  8.14170027e+00
 2.54984127e+00  2.59842520e-01  1.30932983e+01  1.21438060e+01  8.08928648e+00
 2.54984127e+00  3.93700787e-01  1.34920892e+01  1.23492000e+01  8.03687269e+00
 2.54984127e+00  5.27559055e-01  1.38908801e+01  1.25545940e+01  7.98445890e+00
 2.54984127e+00  6.61417323e-01  1.42896710e+01  1.27599880e+01  7.93204511e+00
 2.54984127e+00  7.95275591e-01  1.46884619e+01  1.29653820e+01  7.87963132e+00
 2.54984127e+00  9.29133858e-01  1.50872528e+01  1.31707760e+01  7.82721753e+00
 2.54984127e+00  1.06299213e+00  1.54860437e+01  1.33761700e+01  7.77480373e+00
 2.54984127e+00  1.19685039e+00  1.58848346e+01  1.35815640e+01  7.72238995e+00
 2.54984127e+00  1.33070866e+00  1.62836255e+01  1.37869580e+01  7.66997616e+00
 2.54984127e+00  1.46456693e+00  1.66824164e+01  1.39923520e+01  7.61756237e+00
 2.54984127e+00  1.59842520e+00  1.70812073e+01  1.41977460e+01  7.56514857e+00
 2.54984127e+00  1.73228346e+00  1.74799982e+01  1.44031400e+01  7.51273479e+00
 2.54984127e+00  1.86614173e+00  1.78787891e+01  1.46085340e+01  7.46032100e+00
 2.54984127e+00  2.00000000e+00  1.82775800e+01  1.48139280e+01  7.40790720e+00
 2.62825397e+00 -1.50000000e+01 -4.82670003e+00  1.05933829e+01  9.19441815e+00
 2.62825397e+00 -1.48661417e+01 -4.69283646e+00  1.05933807e+01  9.19125290e+00
 2.62825397e+00 -1.47322835e+01 -4.55897013e+00  1.05933776e+01  9.18806112e+00
 2.62825397e+00 -1.45984252e+01 -4.42509998e+00  1.05933739e+01  9.18486012e+00
 2.62825397e+00 -1.44645669e+01 -4.29122466e+00  1.05933698e+01  9.18161812e+00
 2.62825397e+00 -1.43307087e+01 -4.15734237e+00  1.05933654e+01  9.17833117e+00
 2.62825397e+00 -1.41968504e+01 -4.02345062e+00  1.05933607e+01  9.17501360e+00
 2.62825397e+00 -1.40629921e+01 -3.88954601e+00  1.05933561e+01  9.17168430e+00
 2.62825397e+00 -1.39291339e+01 -3.75562405e+00  1.05934020e+01  9.16834469e+00
 2.62825397e+00 -1.37952756e+01 -3.62167857e+00  1.05933631e+01  9.16498507e+00
 2.62825397e+00 -1.36614173e+01 -3.48770101e+00  1.05933218e+01  9.16160161e+00
 2.62825397e+00 -1.35275591e+01 -3.35367985e+00  1.05932812e+01  9.15816841e+00
 2.62825397e+00 -1.33937008e+01 -3.21960259e+00  1.05932411e+01  9.15467817e+00
 2.62825397e+00 -1.32598425e+01 -3.08552847e+00  1.05932015e+01  9.15115972e+00
 2.62825397e+00 -1.31259843e+01 -2.95158546e+00  1.05931626e+01  9.14763041e+00
 2.62825397e+00 -1.29921260e+01 -2.81772727e+00  1.05931246e+01  9.14409406e+00
 2.62825397e+00 -1.28582677e+01 -2.68387199e+00  1.05930873e+01  9.14054456e+00
 2.62825397e+00 -1.27244094e+01 -2.55001782e+00  1.05930507e+01  9.13694828e+00
 2.62825397e+00 -1.25905512e+01 -2.41616335e+00  1.05930148e+01  9.13329575e+00
 2.62825397e+00 -1.24566929e+01 -2.28230886e+00  1.05929796e+01  9.12962119e+00
 2.62825397e+00 -1.23228346e+01 -2.14845432e+00  1.05929452e+01  9.12593043e+00
 2.62825397e+00 -1.21889764e+01 -2.01459980e+00  1.05929118e+01  9.12221370e+00
 2.62825397e+00 -1.20551181e+01 -1.88074527e+00  1.05928785e+01  9.11845937e+00
 2.62825397e+00 -1.19212598e+01 -1.74689078e+00  1.05928456e+01  9.11467610e+00
 2.62825397e+00 -1.17874016e+01 -1.61303637e+00  1.05928131e+01  9.11086511e+00
 2.62825397e+00 -1.16535433e+01 -1.47918202e+00  1.05927811e+01  9.10701210e+00
 2.62825397e+00 -1.15196850e+01 -1.34532796e+00  1.05927489e+01  9.10312097e+00
 2.62825397e+00 -1.13858268e+01 -1.21147302e+00  1.05927206e+01  9.09918441e+00
 2.62825397e+00 -1.12519685e+01 -1.07761866e+00  1.05926901e+01  9.09518334e+00
 2.62825397e+00 -1.11181102e+01 -9.43764315e-01  1.05926602e+01  9.09116825e+00
 2.62825397e+00 -1.09842520e+01 -8.09910038e-01  1.05926305e+01  9.08714674e+00
 2.62825397e+00 -1.08503937e+01 -6.76055894e-01  1.05926011e+01  9.08306167e+00
 2.62825397e+00 -1.07165354e+01 -5.42201852e-01  1.05925719e+01  9.07893094e+00
 2.62825397e+00 -1.05826772e+01 -4.08347894e-01  1.05925428e+01  9.07477640e+00
 2.62825397e+00 -1.04488189e+01 -2.74494047e-01  1.05925140e+01  9.07059292e+00
 2.62825397e+00 -1.03149606e+01 -1.40640292e-01  1.05924855e+01  9.06636589e+00
 2.62825397e+00 -1.01811024e+01 -6.78661577e-03  1.05924571e+01  9.06208759e+00
 2.62825397e+00 -1.00472441e+01  1.27066967e-01  1.05924289e+01  9.05776289e+00
 2.62825397e+00 -9.91338583e+00  2.60920467e-01  1.05924009e+01  9.05340480e+00
 2.62825397e+00 -9.77952756e+00  3.94773892e-01  1.05923731e+01  9.04900328e+00
 2.62825397e+00 -9.64566929e+00  5.28627242e-01  1.05923456e+01  9.04453283e+00
 2.62825397e+00 -9.51181102e+00  6.62480519e-01  1.05923183e+01  9.04002418e+00
 2.62825397e+00 -9.37795276e+00  7.96333728e-01  1.05922913e+01  9.03549165e+00
 2.62825397e+00 -9.24409449e+00  9.30186859e-01  1.05922647e+01  9.03091342e+00
 2.62825397e+00 -9.11023622e+00  1.06403962e+00  1.05922367e+01  9.02626661e+00
 2.62825397e+00 -8.97637795e+00  1.19788726e+00  1.05921844e+01  9.02156094e+00
 2.62825397e+00 -8.84251969e+00  1.33173732e+00  1.05921648e+01  9.01683759e+00
 2.62825397e+00 -8.70866142e+00  1.46558609e+00  1.05921361e+01  9.01205615e+00
 2.62825397e+00 -8.57480315e+00  1.59943494e+00  1.05921074e+01  9.00719528e+00
 2.62825397e+00 -8.44094488e+00  1.73328396e+00  1.05920792e+01  9.00226592e+00
 2.62825397e+00 -8.30708661e+00  1.86713313e+00  1.05920514e+01  8.99728334e+00
 2.62825397e+00 -8.17322835e+00  2.00098245e+00  1.05920242e+01  8.99226991e+00
 2.62825397e+00 -8.03937008e+00  2.13483191e+00  1.05919975e+01  8.98723257e+00
 2.62825397e+00 -7.90551181e+00  2.26868150e+00  1.05919713e+01  8.98209765e+00
 2.62825397e+00 -7.77165354e+00  2.40253121e+00  1.05919456e+01  8.97687419e+00
 2.62825397e+00 -7.63779528e+00  2.53638106e+00  1.05919205e+01  8.97163250e+00
 2.62825397e+00 -7.50393701e+00  2.67023103e+00  1.05918959e+01  8.96630542e+00
 2.62825397e+00 -7.37007874e+00  2.80408114e+00  1.05918718e+01  8.96089508e+00
 2.62825397e+00 -7.23622047e+00  2.93793139e+00  1.05918482e+01  8.95546466e+00
 2.62825397e+00 -7.10236220e+00  3.07178318e+00  1.05918254e+01  8.94995230e+00
 2.62825397e+00 -6.96850394e+00  3.20560236e+00  1.05916512e+01  8.94431996e+00
 2.62825397e+00 -6.83464567e+00  3.33942756e+00  1.05915428e+01  8.93863030e+00
 2.62825397e+00 -6.70078740e+00  3.47325726e+00  1.05914544e+01  8.93287986e+00
 2.62825397e+00 -6.56692913e+00  3.60708902e+00  1.05913689e+01  8.92703398e+00
 2.62825397e+00 -6.43307087e+00  3.74092274e+00  1.05912861e+01  8.92109817e+00
 2.62825397e+00 -6.29921260e+00  3.87475830e+00  1.05912060e+01  8.91525133e+00
 2.62825397e+00 -6.16535433e+00  4.00859563e+00  1.05911286e+01  8.90949484e+00
 2.62825397e+00 -6.03149606e+00  4.14243465e+00  1.05910538e+01  8.90367602e+00
 2.62825397e+00 -5.89763780e+00  4.27627530e+00  1.05909816e+01  8.89774549e+00
 2.62825397e+00 -5.76377953e+00  4.41011747e+00  1.05909119e+01  8.89171559e+00
 2.62825397e+00 -5.62992126e+00  4.54396111e+00  1.05908447e+01  8.88562092e+00
 2.62825397e+00 -5.49606299e+00  4.67780654e+00  1.05907776e+01  8.87946093e+00
 2.62825397e+00 -5.36220472e+00  4.81163328e+00  1.05905584e+01  8.87320708e+00
 2.62825397e+00 -5.22834646e+00  4.94540781e+00  1.05901648e+01  8.86683480e+00
 2.62825397e+00 -5.09448819e+00  5.07921624e+00  1.05899832e+01  8.86037258e+00
 2.62825397e+00 -4.96062992e+00  5.21302747e+00  1.05898073e+01  8.85379911e+00
 2.62825397e+00 -4.82677165e+00  5.34684084e+00  1.05896389e+01  8.84712242e+00
 2.62825397e+00 -4.69291339e+00  5.48072136e+00  1.05894861e+01  8.84037833e+00
 2.62825397e+00 -4.55905512e+00  5.61461913e+00  1.05893268e+01  8.83355111e+00
 2.62825397e+00 -4.42519685e+00  5.74845398e+00  1.05891416e+01  8.82659364e+00
 2.62825397e+00 -4.29133858e+00  5.88233159e+00  1.05889853e+01  8.81949461e+00
 2.62825397e+00 -4.15748031e+00  6.01625916e+00  1.05888632e+01  8.81227832e+00
 2.62825397e+00 -4.02362205e+00  6.15017122e+00  1.05887302e+01  8.80497504e+00
 2.62825397e+00 -3.88976378e+00  6.28408136e+00  1.05885817e+01  8.79757052e+00
 2.62825397e+00 -3.75590551e+00  6.41804702e+00  1.05884531e+01  8.79002495e+00
 2.62825397e+00 -3.62204724e+00  6.55210039e+00  1.05883312e+01  8.78230358e+00
 2.62825397e+00 -3.48818898e+00  6.68616555e+00  1.05881969e+01  8.77443099e+00
 2.62825397e+00 -3.35433071e+00  6.82030994e+00  1.05880784e+01  8.76641897e+00
 2.62825397e+00 -3.22047244e+00  6.95464436e+00  1.05879962e+01  8.75826608e+00
 2.62825397e+00 -3.08661417e+00  7.08911376e+00  1.05878747e+01  8.74997367e+00
 2.62825397e+00 -2.95275591e+00  7.22376914e+00  1.05877459e+01  8.74148542e+00
 2.62825397e+00 -2.81889764e+00  7.35873829e+00  1.05876613e+01  8.73276092e+00
 2.62825397e+00 -2.68503937e+00  7.49412940e+00  1.05875757e+01  8.72387983e+00
 2.62825397e+00 -2.55118110e+00  7.63007333e+00  1.05874487e+01  8.71480157e+00
 2.62825397e+00 -2.41732283e+00  7.76675610e+00  1.05872939e+01  8.70544653e+00
 2.62825397e+00 -2.28346457e+00  7.90446441e+00  1.05871830e+01  8.69582189e+00
 2.62825397e+00 -2.14960630e+00  8.04364090e+00  1.05870455e+01  8.68586717e+00
 2.62825397e+00 -2.01574803e+00  8.18488820e+00  1.05868485e+01  8.67549546e+00
 2.62825397e+00 -1.88188976e+00  8.32900204e+00  1.05866969e+01  8.66464148e+00
 2.62825397e+00 -1.74803150e+00  8.47712351e+00  1.05865898e+01  8.65322278e+00
 2.62825397e+00 -1.61417323e+00  8.63106337e+00  1.05865356e+01  8.64103707e+00
 2.62825397e+00 -1.48031496e+00  8.79364690e+00  1.05867635e+01  8.62779011e+00
 2.62825397e+00 -1.34645669e+00  8.96906137e+00  1.05879038e+01  8.61320183e+00
 2.62825397e+00 -1.21259843e+00  9.16342600e+00  1.05907678e+01  8.59664425e+00
 2.62825397e+00 -1.07874016e+00  9.38578583e+00  1.05982861e+01  8.57714043e+00
 2.62825397e+00 -9.44881890e-01  9.64851539e+00  1.06176656e+01  8.55330336e+00
 2.62825397e+00 -8.11023622e-01  9.96547098e+00  1.06639985e+01  8.52335820e+00
 2.62825397e+00 -6.77165354e-01  1.03334551e+01  1.07659551e+01  8.48534265e+00
 2.62825397e+00 -5.43307087e-01  1.07376580e+01  1.09518734e+01  8.43812153e+00
 2.62825397e+00 -4.09448819e-01  1.11418609e+01  1.11377917e+01  8.39090041e+00
 2.62825397e+00 -2.75590551e-01  1.15460638e+01  1.13237100e+01  8.34367929e+00
 2.62825397e+00 -1.41732283e-01  1.19502667e+01  1.15096283e+01  8.29645817e+00
 2.62825397e+00 -7.87401575e-03  1.23544696e+01  1.16955466e+01  8.24923705e+00
 2.62825397e+00  1.25984252e-01  1.27586725e+01  1.18814649e+01  8.20201593e+00
 2.62825397e+00  2.59842520e-01  1.31628754e+01  1.20673832e+01  8.15479481e+00
 2.62825397e+00  3.93700787e-01  1.35670783e+01  1.22533015e+01  8.10757369e+00
 2.62825397e+00  5.27559055e-01  1.39712812e+01  1.24392198e+01  8.06035257e+00
 2.62825397e+00  6.61417323e-01  1.43754841e+01  1.26251381e+01  8.01313145e+00
 2.62825397e+00  7.95275591e-01  1.47796870e+01  1.28110564e+01  7.96591033e+00
 2.62825397e+00  9.29133858e-01  1.51838899e+01  1.29969747e+01  7.91868921e+00
 2.62825397e+00  1.06299213e+00  1.55880928e+01  1.31828930e+01  7.87146809e+00
 2.62825397e+00  1.19685039e+00  1.59922957e+01  1.33688113e+01  7.82424697e+00
 2.62825397e+00  1.33070866e+00  1.63964986e+01  1.35547296e+01  7.77702585e+00
 2.62825397e+00  1.46456693e+00  1.68007015e+01  1.37406479e+01  7.72980473e+00
 2.62825397e+00  1.59842520e+00  1.72049044e+01  1.39265662e+01  7.68258360e+00
 2.62825397e+00  1.73228346e+00  1.76091073e+01  1.41124845e+01  7.63536249e+00
 2.62825397e+00  1.86614173e+00  1.80133102e+01  1.42984028e+01  7.58814137e+00
 2.62825397e+00  2.00000000e+00  1.84175131e+01  1.44843211e+01  7.54092025e+00
 2.70666667e+00 -1.50000000e+01 -4.74833989e+00  1.06645372e+01  9.19824380e+00
 2.70666667e+00 -1.48661417e+01 -4.61446611e+00  1.06645474e+01  9.19511187e+00
 2.70666667e+00 -1.47322835e+01 -4.48059003e+00  1.06645607e+01  9.19199236e+00
 2.70666667e+00 -1.45984252e+01 -4.34671082e+00  1.06645758e+01  9.18880108e+00
 2.70666667e+00 -1.44645669e+01 -4.21282719e+00  1.06645921e+01  9.18552963e+00
 2.70666667e+00 -1.43307087e+01 -4.07893736e+00  1.06646094e+01  9.18229016e+00
 2.70666667e+00 -1.41968504e+01 -3.94503902e+00  1.06646270e+01  9.17904052e+00
 2.70666667e+00 -1.40629921e+01 -3.81112876e+00  1.06646446e+01  9.17576756e+00
 2.70666667e+00 -1.39291339e+01 -3.67720173e+00  1.06646928e+01  9.17251745e+00
 2.70666667e+00 -1.37952756e+01 -3.54325194e+00  1.06646695e+01  9.16917078e+00
 2.70666667e+00 -1.36614173e+01 -3.40927080e+00  1.06646443e+01  9.16572204e+00
 2.70666667e+00 -1.35275591e+01 -3.27524750e+00  1.06646185e+01  9.16233608e+00
 2.70666667e+00 -1.33937008e+01 -3.14116455e+00  1.06645922e+01  9.15894574e+00
 2.70666667e+00 -1.32598425e+01 -3.00707041e+00  1.06645652e+01  9.15547825e+00
 2.70666667e+00 -1.31259843e+01 -2.87309782e+00  1.06645364e+01  9.15195914e+00
 2.70666667e+00 -1.29921260e+01 -2.73923224e+00  1.06645061e+01  9.14848002e+00
 2.70666667e+00 -1.28582677e+01 -2.60538039e+00  1.06644744e+01  9.14500340e+00
 2.70666667e+00 -1.27244094e+01 -2.47152696e+00  1.06644415e+01  9.14139309e+00
 2.70666667e+00 -1.25905512e+01 -2.33767456e+00  1.06644074e+01  9.13779166e+00
 2.70666667e+00 -1.24566929e+01 -2.20382240e+00  1.06643719e+01  9.13421548e+00
 2.70666667e+00 -1.23228346e+01 -2.06997033e+00  1.06643352e+01  9.13051779e+00
 2.70666667e+00 -1.21889764e+01 -1.93611840e+00  1.06642977e+01  9.12681993e+00
 2.70666667e+00 -1.20551181e+01 -1.80226660e+00  1.06642597e+01  9.12316025e+00
 2.70666667e+00 -1.19212598e+01 -1.66841466e+00  1.06642216e+01  9.11943285e+00
 2.70666667e+00 -1.17874016e+01 -1.53456262e+00  1.06641828e+01  9.11563454e+00
 2.70666667e+00 -1.16535433e+01 -1.40071054e+00  1.06641434e+01  9.11177967e+00
 2.70666667e+00 -1.15196850e+01 -1.26685855e+00  1.06641034e+01  9.10788498e+00
 2.70666667e+00 -1.13858268e+01 -1.13300627e+00  1.06640641e+01  9.10402187e+00
 2.70666667e+00 -1.12519685e+01 -9.99153918e-01  1.06640248e+01  9.10017472e+00
 2.70666667e+00 -1.11181102e+01 -8.65301603e-01  1.06639859e+01  9.09625128e+00
 2.70666667e+00 -1.09842520e+01 -7.31449087e-01  1.06639473e+01  9.09225336e+00
 2.70666667e+00 -1.08503937e+01 -5.97596329e-01  1.06639093e+01  9.08821336e+00
 2.70666667e+00 -1.07165354e+01 -4.63743503e-01  1.06638719e+01  9.08415696e+00
 2.70666667e+00 -1.05826772e+01 -3.29890538e-01  1.06638350e+01  9.08006154e+00
 2.70666667e+00 -1.04488189e+01 -1.96037441e-01  1.06637988e+01  9.07591664e+00
 2.70666667e+00 -1.03149606e+01 -6.21843188e-02  1.06637633e+01  9.07172370e+00
 2.70666667e+00 -1.01811024e+01  7.16688551e-02  1.06637284e+01  9.06745018e+00
 2.70666667e+00 -1.00472441e+01  2.05522067e-01  1.06636943e+01  9.06313258e+00
 2.70666667e+00 -9.91338583e+00  3.39375255e-01  1.06636610e+01  9.05884220e+00
 2.70666667e+00 -9.77952756e+00  4.73228399e-01  1.06636283e+01  9.05452824e+00
 2.70666667e+00 -9.64566929e+00  6.07081482e-01  1.06635961e+01  9.05017017e+00
 2.70666667e+00 -9.51181102e+00  7.40934471e-01  1.06635644e+01  9.04577158e+00
 2.70666667e+00 -9.37795276e+00  8.74787346e-01  1.06635333e+01  9.04125284e+00
 2.70666667e+00 -9.24409449e+00  1.00864013e+00  1.06635027e+01  9.03667746e+00
 2.70666667e+00 -9.11023622e+00  1.14249137e+00  1.06634679e+01  9.03217055e+00
 2.70666667e+00 -8.97637795e+00  1.27634718e+00  1.06634472e+01  9.02761603e+00
 2.70666667e+00 -8.84251969e+00  1.41020102e+00  1.06634197e+01  9.02292547e+00
 2.70666667e+00 -8.70866142e+00  1.54405450e+00  1.06633918e+01  9.01812446e+00
 2.70666667e+00 -8.57480315e+00  1.67790775e+00  1.06633642e+01  9.01334280e+00
 2.70666667e+00 -8.44094488e+00  1.81176077e+00  1.06633370e+01  9.00856703e+00
 2.70666667e+00 -8.30708661e+00  1.94561361e+00  1.06633101e+01  9.00369332e+00
 2.70666667e+00 -8.17322835e+00  2.07946621e+00  1.06632834e+01  8.99874535e+00
 2.70666667e+00 -8.03937008e+00  2.21331861e+00  1.06632571e+01  8.99374475e+00
 2.70666667e+00 -7.90551181e+00  2.34717085e+00  1.06632312e+01  8.98869056e+00
 2.70666667e+00 -7.77165354e+00  2.48102291e+00  1.06632057e+01  8.98357820e+00
 2.70666667e+00 -7.63779528e+00  2.61487481e+00  1.06631806e+01  8.97840494e+00
 2.70666667e+00 -7.50393701e+00  2.74872659e+00  1.06631559e+01  8.97316175e+00
 2.70666667e+00 -7.37007874e+00  2.88257824e+00  1.06631317e+01  8.96782092e+00
 2.70666667e+00 -7.23622047e+00  3.01642957e+00  1.06631080e+01  8.96241303e+00
 2.70666667e+00 -7.10236220e+00  3.15028148e+00  1.06630886e+01  8.95699273e+00
 2.70666667e+00 -6.96850394e+00  3.28412445e+00  1.06630346e+01  8.95154176e+00
 2.70666667e+00 -6.83464567e+00  3.41797147e+00  1.06630020e+01  8.94600791e+00
 2.70666667e+00 -6.70078740e+00  3.55181895e+00  1.06629714e+01  8.94033317e+00
 2.70666667e+00 -6.56692913e+00  3.68566667e+00  1.06629417e+01  8.93456263e+00
 2.70666667e+00 -6.43307087e+00  3.81951467e+00  1.06629128e+01  8.92881971e+00
 2.70666667e+00 -6.29921260e+00  3.95336298e+00  1.06628847e+01  8.92318382e+00
 2.70666667e+00 -6.16535433e+00  4.08721163e+00  1.06628575e+01  8.91751836e+00
 2.70666667e+00 -6.03149606e+00  4.22106064e+00  1.06628312e+01  8.91178205e+00
 2.70666667e+00 -5.89763780e+00  4.35491004e+00  1.06628057e+01  8.90599286e+00
 2.70666667e+00 -5.76377953e+00  4.48875980e+00  1.06627811e+01  8.90010262e+00
 2.70666667e+00 -5.62992126e+00  4.62261017e+00  1.06627576e+01  8.89412933e+00
 2.70666667e+00 -5.49606299e+00  4.75646480e+00  1.06627297e+01  8.88810187e+00
 2.70666667e+00 -5.36220472e+00  4.89022302e+00  1.06623869e+01  8.88191531e+00
 2.70666667e+00 -5.22834646e+00  5.02401084e+00  1.06622598e+01  8.87564565e+00
 2.70666667e+00 -5.09448819e+00  5.15781243e+00  1.06621465e+01  8.86930681e+00
 2.70666667e+00 -4.96062992e+00  5.29161039e+00  1.06620366e+01  8.86288755e+00
 2.70666667e+00 -4.82677165e+00  5.42544758e+00  1.06619350e+01  8.85636752e+00
 2.70666667e+00 -4.69291339e+00  5.55934489e+00  1.06618388e+01  8.84974754e+00
 2.70666667e+00 -4.55905512e+00  5.69319986e+00  1.06617234e+01  8.84307225e+00
 2.70666667e+00 -4.42519685e+00  5.82702871e+00  1.06616108e+01  8.83628395e+00
 2.70666667e+00 -4.29133858e+00  5.96089624e+00  1.06615273e+01  8.82932461e+00
 2.70666667e+00 -4.15748031e+00  6.09479425e+00  1.06614318e+01  8.82226989e+00
 2.70666667e+00 -4.02362205e+00  6.22870436e+00  1.06611891e+01  8.81510930e+00
 2.70666667e+00 -3.88976378e+00  6.36265839e+00  1.06610246e+01  8.80783401e+00
 2.70666667e+00 -3.75590551e+00  6.49665076e+00  1.06608633e+01  8.80045732e+00
 2.70666667e+00 -3.62204724e+00  6.63066703e+00  1.06607105e+01  8.79293223e+00
 2.70666667e+00 -3.48818898e+00  6.76472542e+00  1.06605777e+01  8.78523013e+00
 2.70666667e+00 -3.35433071e+00  6.89891738e+00  1.06604520e+01  8.77742701e+00
 2.70666667e+00 -3.22047244e+00  7.03322407e+00  1.06603243e+01  8.76950751e+00
 2.70666667e+00 -3.08661417e+00  7.16764782e+00  1.06601898e+01  8.76141404e+00
 2.70666667e+00 -2.95275591e+00  7.30234175e+00  1.06600314e+01  8.75311923e+00
 2.70666667e+00 -2.81889764e+00  7.43734165e+00  1.06599049e+01  8.74464087e+00
 2.70666667e+00 -2.68503937e+00  7.57269475e+00  1.06598106e+01  8.73599732e+00
 2.70666667e+00 -2.55118110e+00  7.70861084e+00  1.06597311e+01  8.72717105e+00
 2.70666667e+00 -2.41732283e+00  7.84532225e+00  1.06596460e+01  8.71809054e+00
 2.70666667e+00 -2.28346457e+00  7.98308934e+00  1.06595670e+01  8.70870855e+00
 2.70666667e+00 -2.14960630e+00  8.12225727e+00  1.06595205e+01  8.69904259e+00
 2.70666667e+00 -2.01574803e+00  8.26347541e+00  1.06595175e+01  8.68904879e+00
 2.70666667e+00 -1.88188976e+00  8.40756838e+00  1.06595710e+01  8.67862653e+00
 2.70666667e+00 -1.74803150e+00  8.55558087e+00  1.06597275e+01  8.66763774e+00
 2.70666667e+00 -1.61417323e+00  8.70917645e+00  1.06600790e+01  8.65593859e+00
 2.70666667e+00 -1.48031496e+00  8.87109557e+00  1.06609297e+01  8.64332373e+00
 2.70666667e+00 -1.34645669e+00  9.04525340e+00  1.06627893e+01  8.62946520e+00
 2.70666667e+00 -1.21259843e+00  9.23710403e+00  1.06666378e+01  8.61386039e+00
 2.70666667e+00 -1.07874016e+00  9.45463262e+00  1.06752617e+01  8.59567656e+00
 2.70666667e+00 -9.44881890e-01  9.70925835e+00  1.06945506e+01  8.57374240e+00
 2.70666667e+00 -8.11023622e-01  1.00131722e+01  1.07371265e+01  8.54652464e+00
 2.70666667e+00 -6.77165354e-01  1.03661936e+01  1.08293544e+01  8.51237474e+00
 2.70666667e+00 -5.43307087e-01  1.07595580e+01  1.09975998e+01  8.47032327e+00
 2.70666667e+00 -4.09448819e-01  1.11529224e+01  1.11658452e+01  8.42827180e+00
 2.70666667e+00 -2.75590551e-01  1.15462868e+01  1.13340906e+01  8.38622033e+00
 2.70666667e+00 -1.41732283e-01  1.19396512e+01  1.15023360e+01  8.34416886e+00
 2.70666667e+00 -7.87401575e-03  1.23330156e+01  1.16705814e+01  8.30211739e+00
 2.70666667e+00  1.25984252e-01  1.27263800e+01  1.18388268e+01  8.26006592e+00
 2.70666667e+00  2.59842520e-01  1.31197444e+01  1.20070722e+01  8.21801445e+00
 2.70666667e+00  3.93700787e-01  1.35131088e+01  1.21753176e+01  8.17596298e+00
 2.70666667e+00  5.27559055e-01  1.39064732e+01  1.23435630e+01  8.13391151e+00
 2.70666667e+00  6.61417323e-01  1.42998376e+01  1.25118084e+01  8.09186004e+00
 2.70666667e+00  7.95275591e-01  1.46932020e+01  1.26800538e+01  8.04980857e+00
 2.70666667e+00  9.29133858e-01  1.50865664e+01  1.28482992e+01  8.00775710e+00
 2.70666667e+00  1.06299213e+00  1.54799308e+01  1.30165446e+01  7.96570563e+00
 2.70666667e+00  1.19685039e+00  1.58732952e+01  1.31847900e+01  7.92365416e+00
 2.70666667e+00  1.33070866e+00  1.62666596e+01  1.33530354e+01  7.88160269e+00
 2.70666667e+00  1.46456693e+00  1.66600240e+01  1.35212808e+01  7.83955122e+00
 2.70666667e+00  1.59842520e+00  1.70533884e+01  1.36895262e+01  7.79749975e+00
 2.70666667e+00  1.73228346e+00  1.74467528e+01  1.38577716e+01  7.75544828e+00
 2.70666667e+00  1.86614173e+00  1.78401172e+01  1.40260170e+01  7.71339681e+00
 2.70666667e+00  2.00000000e+00  1.82334816e+01  1.41942624e+01  7.67134534e+00
 2.78507937e+00 -1.50000000e+01 -4.66975457e+00  1.07382021e+01  9.20228028e+00
 2.78507937e+00 -1.48661417e+01 -4.53591770e+00  1.07381568e+01  9.19918988e+00
 2.78507937e+00 -1.47322835e+01 -4.40207625e+00  1.07381020e+01  9.19607458e+00
 2.78507937e+00 -1.45984252e+01 -4.26822896e+00  1.07380425e+01  9.19278068e+00
 2.78507937e+00 -1.44645669e+01 -4.13437444e+00  1.07379788e+01  9.18954146e+00
 2.78507937e+00 -1.43307087e+01 -4.00051053e+00  1.07379124e+01  9.18640898e+00
 2.78507937e+00 -1.41968504e+01 -3.86663440e+00  1.07378464e+01  9.18319589e+00
 2.78507937e+00 -1.40629921e+01 -3.73274372e+00  1.07378359e+01  9.17992018e+00
 2.78507937e+00 -1.39291339e+01 -3.59883401e+00  1.07377190e+01  9.17660559e+00
 2.78507937e+00 -1.37952756e+01 -3.46489824e+00  1.07376107e+01  9.17324731e+00
 2.78507937e+00 -1.36614173e+01 -3.33092806e+00  1.07375066e+01  9.16989550e+00
 2.78507937e+00 -1.35275591e+01 -3.19691289e+00  1.07374057e+01  9.16657108e+00
 2.78507937e+00 -1.33937008e+01 -3.06283273e+00  1.07373081e+01  9.16323499e+00
 2.78507937e+00 -1.32598425e+01 -2.92872502e+00  1.07372174e+01  9.15979481e+00
 2.78507937e+00 -1.31259843e+01 -2.79471965e+00  1.07371349e+01  9.15628902e+00
 2.78507937e+00 -1.29921260e+01 -2.66084334e+00  1.07370590e+01  9.15283221e+00
 2.78507937e+00 -1.28582677e+01 -2.52698934e+00  1.07369894e+01  9.14935968e+00
 2.78507937e+00 -1.27244094e+01 -2.39313091e+00  1.07369262e+01  9.14585560e+00
 2.78507937e+00 -1.25905512e+01 -2.25927153e+00  1.07368690e+01  9.14235142e+00
 2.78507937e+00 -1.24566929e+01 -2.12541147e+00  1.07368179e+01  9.13877794e+00
 2.78507937e+00 -1.23228346e+01 -1.99155137e+00  1.07367720e+01  9.13512915e+00
 2.78507937e+00 -1.21889764e+01 -1.85769071e+00  1.07367300e+01  9.13146673e+00
 2.78507937e+00 -1.20551181e+01 -1.72383047e+00  1.07366904e+01  9.12782672e+00
 2.78507937e+00 -1.19212598e+01 -1.58997093e+00  1.07366538e+01  9.12413671e+00
 2.78507937e+00 -1.17874016e+01 -1.45611174e+00  1.07366212e+01  9.12032191e+00
 2.78507937e+00 -1.16535433e+01 -1.32225307e+00  1.07365908e+01  9.11655883e+00
 2.78507937e+00 -1.15196850e+01 -1.18839512e+00  1.07365617e+01  9.11281803e+00
 2.78507937e+00 -1.13858268e+01 -1.05453807e+00  1.07365333e+01  9.10895562e+00
 2.78507937e+00 -1.12519685e+01 -9.20681205e-01  1.07365056e+01  9.10510617e+00
 2.78507937e+00 -1.11181102e+01 -7.86824857e-01  1.07364780e+01  9.10126766e+00
 2.78507937e+00 -1.09842520e+01 -6.52969811e-01  1.07364500e+01  9.09733746e+00
 2.78507937e+00 -1.08503937e+01 -5.19115459e-01  1.07364215e+01  9.09335823e+00
 2.78507937e+00 -1.07165354e+01 -3.85261711e-01  1.07363923e+01  9.08933794e+00
 2.78507937e+00 -1.05826772e+01 -2.51408841e-01  1.07363624e+01  9.08526247e+00
 2.78507937e+00 -1.04488189e+01 -1.17556467e-01  1.07363315e+01  9.08118449e+00
 2.78507937e+00 -1.03149606e+01  1.62954941e-02  1.07362996e+01  9.07707007e+00
 2.78507937e+00 -1.01811024e+01  1.50146935e-01  1.07362669e+01  9.07286604e+00
 2.78507937e+00 -1.00472441e+01  2.83998067e-01  1.07362329e+01  9.06866026e+00
 2.78507937e+00 -9.91338583e+00  4.17849010e-01  1.07361978e+01  9.06443443e+00
 2.78507937e+00 -9.77952756e+00  5.51699798e-01  1.07361622e+01  9.06012759e+00
 2.78507937e+00 -9.64566929e+00  6.85550525e-01  1.07361267e+01  9.05580773e+00
 2.78507937e+00 -9.51181102e+00  8.19401270e-01  1.07360908e+01  9.05144204e+00
 2.78507937e+00 -9.37795276e+00  9.53252054e-01  1.07360543e+01  9.04698280e+00
 2.78507937e+00 -9.24409449e+00  1.08710281e+00  1.07360177e+01  9.04254972e+00
 2.78507937e+00 -9.11023622e+00  1.22095302e+00  1.07359799e+01  9.03807981e+00
 2.78507937e+00 -8.97637795e+00  1.35480388e+00  1.07359445e+01  9.03347065e+00
 2.78507937e+00 -8.84251969e+00  1.48865456e+00  1.07359087e+01  9.02885935e+00
 2.78507937e+00 -8.70866142e+00  1.62250530e+00  1.07358734e+01  9.02424054e+00
 2.78507937e+00 -8.57480315e+00  1.75635622e+00  1.07358386e+01  9.01954186e+00
 2.78507937e+00 -8.44094488e+00  1.89020713e+00  1.07358045e+01  9.01481050e+00
 2.78507937e+00 -8.30708661e+00  2.02405808e+00  1.07357713e+01  9.01002660e+00
 2.78507937e+00 -8.17322835e+00  2.15790915e+00  1.07357391e+01  9.00513944e+00
 2.78507937e+00 -8.03937008e+00  2.29176011e+00  1.07357073e+01  9.00016014e+00
 2.78507937e+00 -7.90551181e+00  2.42561097e+00  1.07356760e+01  8.99517655e+00
 2.78507937e+00 -7.77165354e+00  2.55946183e+00  1.07356456e+01  8.99021643e+00
 2.78507937e+00 -7.63779528e+00  2.69331249e+00  1.07356159e+01  8.98510027e+00
 2.78507937e+00 -7.50393701e+00  2.82716302e+00  1.07355867e+01  8.97989024e+00
 2.78507937e+00 -7.37007874e+00  2.96101352e+00  1.07355582e+01  8.97469912e+00
 2.78507937e+00 -7.23622047e+00  3.09486365e+00  1.07355302e+01  8.96941276e+00
 2.78507937e+00 -7.10236220e+00  3.22871529e+00  1.07355066e+01  8.96408668e+00
 2.78507937e+00 -6.96850394e+00  3.36256588e+00  1.07354796e+01  8.95875925e+00
 2.78507937e+00 -6.83464567e+00  3.49641651e+00  1.07354546e+01  8.95322636e+00
 2.78507937e+00 -6.70078740e+00  3.63026705e+00  1.07354300e+01  8.94759350e+00
 2.78507937e+00 -6.56692913e+00  3.76411764e+00  1.07354059e+01  8.94203552e+00
 2.78507937e+00 -6.43307087e+00  3.89796821e+00  1.07353825e+01  8.93647942e+00
 2.78507937e+00 -6.29921260e+00  4.03181881e+00  1.07353598e+01  8.93090357e+00
 2.78507937e+00 -6.16535433e+00  4.16566953e+00  1.07353376e+01  8.92531396e+00
 2.78507937e+00 -6.03149606e+00  4.29952041e+00  1.07353161e+01  8.91968512e+00
 2.78507937e+00 -5.89763780e+00  4.43337147e+00  1.07352952e+01  8.91401089e+00
 2.78507937e+00 -5.76377953e+00  4.56722273e+00  1.07352749e+01  8.90826894e+00
 2.78507937e+00 -5.62992126e+00  4.70107399e+00  1.07352551e+01  8.90239542e+00
 2.78507937e+00 -5.49606299e+00  4.83491381e+00  1.07351882e+01  8.89642387e+00
 2.78507937e+00 -5.36220472e+00  4.96874393e+00  1.07351398e+01  8.89040795e+00
 2.78507937e+00 -5.22834646e+00  5.10258060e+00  1.07351041e+01  8.88430360e+00
 2.78507937e+00 -5.09448819e+00  5.23641791e+00  1.07350691e+01  8.87810906e+00
 2.78507937e+00 -4.96062992e+00  5.37025787e+00  1.07350357e+01  8.87183406e+00
 2.78507937e+00 -4.82677165e+00  5.50411203e+00  1.07350024e+01  8.86545775e+00
 2.78507937e+00 -4.69291339e+00  5.63799444e+00  1.07349741e+01  8.85899333e+00
 2.78507937e+00 -4.55905512e+00  5.77188803e+00  1.07349517e+01  8.85243826e+00
 2.78507937e+00 -4.42519685e+00  5.90573489e+00  1.07349256e+01  8.84574457e+00
 2.78507937e+00 -4.29133858e+00  6.03959309e+00  1.07348994e+01  8.83896766e+00
 2.78507937e+00 -4.15748031e+00  6.17348684e+00  1.07347499e+01  8.83211574e+00
 2.78507937e+00 -4.02362205e+00  6.30741619e+00  1.07345830e+01  8.82510880e+00
 2.78507937e+00 -3.88976378e+00  6.44136941e+00  1.07344570e+01  8.81797559e+00
 2.78507937e+00 -3.75590551e+00  6.57533293e+00  1.07343374e+01  8.81074739e+00
 2.78507937e+00 -3.62204724e+00  6.70931657e+00  1.07342212e+01  8.80340045e+00
 2.78507937e+00 -3.48818898e+00  6.84338874e+00  1.07341118e+01  8.79590616e+00
 2.78507937e+00 -3.35433071e+00  6.97758167e+00  1.07340145e+01  8.78826003e+00
 2.78507937e+00 -3.22047244e+00  7.11185206e+00  1.07339309e+01  8.78049122e+00
 2.78507937e+00 -3.08661417e+00  7.24626324e+00  1.07337347e+01  8.77258819e+00
 2.78507937e+00 -2.95275591e+00  7.38094125e+00  1.07335907e+01  8.76453250e+00
 2.78507937e+00 -2.81889764e+00  7.51588971e+00  1.07334589e+01  8.75627054e+00
 2.78507937e+00 -2.68503937e+00  7.65123982e+00  1.07333458e+01  8.74783390e+00
 2.78507937e+00 -2.55118110e+00  7.78717268e+00  1.07332566e+01  8.73923619e+00
 2.78507937e+00 -2.41732283e+00  7.92387822e+00  1.07331903e+01  8.73042048e+00
 2.78507937e+00 -2.28346457e+00  8.06157257e+00  1.07331752e+01  8.72133171e+00
 2.78507937e+00 -2.14960630e+00  8.20067320e+00  1.07332139e+01  8.71194723e+00
 2.78507937e+00 -2.01574803e+00  8.34181498e+00  1.07332635e+01  8.70225521e+00
 2.78507937e+00 -1.88188976e+00  8.48570560e+00  1.07334666e+01  8.69216229e+00
 2.78507937e+00 -1.74803150e+00  8.63343091e+00  1.07338979e+01  8.68157554e+00
 2.78507937e+00 -1.61417323e+00  8.78664647e+00  1.07346294e+01  8.67037172e+00
 2.78507937e+00 -1.48031496e+00  8.94777434e+00  1.07359520e+01  8.65831402e+00
 2.78507937e+00 -1.34645669e+00  9.12045393e+00  1.07383889e+01  8.64512843e+00
 2.78507937e+00 -1.21259843e+00  9.30964578e+00  1.07429839e+01  8.63041652e+00
 2.78507937e+00 -1.07874016e+00  9.52254255e+00  1.07523765e+01  8.61342678e+00
 2.78507937e+00 -9.44881890e-01  9.76950623e+00  1.07714603e+01  8.59320305e+00
 2.78507937e+00 -8.11023622e-01  1.00616295e+01  1.08107495e+01  8.56836834e+00
 2.78507937e+00 -6.77165354e-01  1.04003034e+01  1.08940914e+01  8.53761042e+00
 2.78507937e+00 -5.43307087e-01  1.07779738e+01  1.10463631e+01  8.49996866e+00
 2.78507937e+00 -4.09448819e-01  1.11493697e+01  1.12579350e+01  8.45685781e+00
 2.78507937e+00 -2.75590551e-01  1.15207656e+01  1.14695069e+01  8.41374696e+00
 2.78507937e+00 -1.41732283e-01  1.18921615e+01  1.16810788e+01  8.37063611e+00
 2.78507937e+00 -7.87401575e-03  1.22635574e+01  1.18926507e+01  8.32752526e+00
 2.78507937e+00  1.25984252e-01  1.26349533e+01  1.21042226e+01  8.28441441e+00
 2.78507937e+00  2.59842520e-01  1.30063492e+01  1.23157945e+01  8.24130356e+00
 2.78507937e+00  3.93700787e-01  1.33777451e+01  1.25273664e+01  8.19819271e+00
 2.78507937e+00  5.27559055e-01  1.37491410e+01  1.27389383e+01  8.15508186e+00
 2.78507937e+00  6.61417323e-01  1.41205369e+01  1.29505102e+01  8.11197101e+00
 2.78507937e+00  7.95275591e-01  1.44919328e+01  1.31620821e+01  8.06886016e+00
 2.78507937e+00  9.29133858e-01  1.48633287e+01  1.33736540e+01  8.02574931e+00
 2.78507937e+00  1.06299213e+00  1.52347246e+01  1.35852259e+01  7.98263846e+00
 2.78507937e+00  1.19685039e+00  1.56061205e+01  1.37967978e+01  7.93952761e+00
 2.78507937e+00  1.33070866e+00  1.59775164e+01  1.40083697e+01  7.89641676e+00
 2.78507937e+00  1.46456693e+00  1.63489123e+01  1.42199416e+01  7.85330591e+00
 2.78507937e+00  1.59842520e+00  1.67203082e+01  1.44315135e+01  7.81019506e+00
 2.78507937e+00  1.73228346e+00  1.70917041e+01  1.46430854e+01  7.76708421e+00
 2.78507937e+00  1.86614173e+00  1.74631000e+01  1.48546573e+01  7.72397336e+00
 2.78507937e+00  2.00000000e+00  1.78344959e+01  1.50662292e+01  7.68086251e+00
 2.86349206e+00 -1.50000000e+01 -4.59189825e+00  1.08086771e+01  9.20545611e+00
 2.86349206e+00 -1.48661417e+01 -4.45792984e+00  1.08088696e+01  9.20250749e+00
 2.86349206e+00 -1.47322835e+01 -4.32396636e+00  1.08090856e+01  9.19947849e+00
 2.86349206e+00 -1.45984252e+01 -4.19000736e+00  1.08093170e+01  9.19637468e+00
 2.86349206e+00 -1.44645669e+01 -4.05605202e+00  1.08095627e+01  9.19331224e+00
 2.86349206e+00 -1.43307087e+01 -3.92210061e+00  1.08098105e+01  9.19026762e+00
 2.86349206e+00 -1.41968504e+01 -3.78814891e+00  1.08100872e+01  9.18714354e+00
 2.86349206e+00 -1.40629921e+01 -3.65419047e+00  1.08103369e+01  9.18387916e+00
 2.86349206e+00 -1.39291339e+01 -3.52022371e+00  1.08105240e+01  9.18066911e+00
 2.86349206e+00 -1.37952756e+01 -3.38624325e+00  1.08106943e+01  9.17748508e+00
 2.86349206e+00 -1.36614173e+01 -3.25223899e+00  1.08108529e+01  9.17418086e+00
 2.86349206e+00 -1.35275591e+01 -3.11819815e+00  1.08110022e+01  9.17085096e+00
 2.86349206e+00 -1.33937008e+01 -2.98410505e+00  1.08111335e+01  9.16752019e+00
 2.86349206e+00 -1.32598425e+01 -2.84997255e+00  1.08112357e+01  9.16414388e+00
 2.86349206e+00 -1.31259843e+01 -2.71594013e+00  1.08113127e+01  9.16072688e+00
 2.86349206e+00 -1.29921260e+01 -2.58205833e+00  1.08113675e+01  9.15728503e+00
 2.86349206e+00 -1.28582677e+01 -2.44821854e+00  1.08114002e+01  9.15382539e+00
 2.86349206e+00 -1.27244094e+01 -2.31438588e+00  1.08114113e+01  9.15033595e+00
 2.86349206e+00 -1.25905512e+01 -2.18055720e+00  1.08114011e+01  9.14680990e+00
 2.86349206e+00 -1.24566929e+01 -2.04672860e+00  1.08113712e+01  9.14325071e+00
 2.86349206e+00 -1.23228346e+01 -1.91290207e+00  1.08113260e+01  9.13967195e+00
 2.86349206e+00 -1.21889764e+01 -1.77907595e+00  1.08112712e+01  9.13605682e+00
 2.86349206e+00 -1.20551181e+01 -1.64524721e+00  1.08112091e+01  9.13237998e+00
 2.86349206e+00 -1.19212598e+01 -1.51141700e+00  1.08111338e+01  9.12865366e+00
 2.86349206e+00 -1.17874016e+01 -1.37758554e+00  1.08110482e+01  9.12494869e+00
 2.86349206e+00 -1.16535433e+01 -1.24375184e+00  1.08109594e+01  9.12128942e+00
 2.86349206e+00 -1.15196850e+01 -1.10991493e+00  1.08108685e+01  9.11752000e+00
 2.86349206e+00 -1.13858268e+01 -9.76076489e-01  1.08107764e+01  9.11366359e+00
 2.86349206e+00 -1.12519685e+01 -8.42237698e-01  1.08106845e+01  9.10982588e+00
 2.86349206e+00 -1.11181102e+01 -7.08394973e-01  1.08105948e+01  9.10599394e+00
 2.86349206e+00 -1.09842520e+01 -5.74548768e-01  1.08105087e+01  9.10211450e+00
 2.86349206e+00 -1.08503937e+01 -4.40701001e-01  1.08104267e+01  9.09816132e+00
 2.86349206e+00 -1.07165354e+01 -3.06850424e-01  1.08103488e+01  9.09419455e+00
 2.86349206e+00 -1.05826772e+01 -1.72997623e-01  1.08102758e+01  9.09020109e+00
 2.86349206e+00 -1.04488189e+01 -3.91437577e-02  1.08102083e+01  9.08615290e+00
 2.86349206e+00 -1.03149606e+01  9.47116747e-02  1.08101458e+01  9.08209596e+00
 2.86349206e+00 -1.01811024e+01  2.28568289e-01  1.08100892e+01  9.07801771e+00
 2.86349206e+00 -1.00472441e+01  3.62425336e-01  1.08100390e+01  9.07387454e+00
 2.86349206e+00 -9.91338583e+00  4.96282662e-01  1.08099933e+01  9.06964949e+00
 2.86349206e+00 -9.77952756e+00  6.30139983e-01  1.08099501e+01  9.06540002e+00
 2.86349206e+00 -9.64566929e+00  7.63996946e-01  1.08099089e+01  9.06116515e+00
 2.86349206e+00 -9.51181102e+00  8.97853330e-01  1.08098719e+01  9.05687085e+00
 2.86349206e+00 -9.37795276e+00  1.03170931e+00  1.08098378e+01  9.05251023e+00
 2.86349206e+00 -9.24409449e+00  1.16556486e+00  1.08098045e+01  9.04810566e+00
 2.86349206e+00 -9.11023622e+00  1.29941929e+00  1.08097726e+01  9.04365272e+00
 2.86349206e+00 -8.97637795e+00  1.43327289e+00  1.08097417e+01  9.03917868e+00
 2.86349206e+00 -8.84251969e+00  1.56712607e+00  1.08097109e+01  9.03468302e+00
 2.86349206e+00 -8.70866142e+00  1.70097815e+00  1.08096802e+01  9.03008892e+00
 2.86349206e+00 -8.57480315e+00  1.83482947e+00  1.08096494e+01  9.02543222e+00
 2.86349206e+00 -8.44094488e+00  1.96868039e+00  1.08096180e+01  9.02076107e+00
 2.86349206e+00 -8.30708661e+00  2.10253032e+00  1.08095847e+01  9.01603250e+00
 2.86349206e+00 -8.17322835e+00  2.23637979e+00  1.08095512e+01  9.01122488e+00
 2.86349206e+00 -8.03937008e+00  2.37022930e+00  1.08095187e+01  9.00635901e+00
 2.86349206e+00 -7.90551181e+00  2.50407833e+00  1.08094856e+01  9.00148790e+00
 2.86349206e+00 -7.77165354e+00  2.63792727e+00  1.08094521e+01  8.99653638e+00
 2.86349206e+00 -7.63779528e+00  2.77177646e+00  1.08094189e+01  8.99147150e+00
 2.86349206e+00 -7.50393701e+00  2.90562536e+00  1.08093858e+01  8.98642159e+00
 2.86349206e+00 -7.37007874e+00  3.03947411e+00  1.08093530e+01  8.98132971e+00
 2.86349206e+00 -7.23622047e+00  3.17332287e+00  1.08093206e+01  8.97613011e+00
 2.86349206e+00 -7.10236220e+00  3.30717139e+00  1.08092888e+01  8.97088937e+00
 2.86349206e+00 -6.96850394e+00  3.44102017e+00  1.08092575e+01  8.96557711e+00
 2.86349206e+00 -6.83464567e+00  3.57486943e+00  1.08092264e+01  8.96016341e+00
 2.86349206e+00 -6.70078740e+00  3.70871854e+00  1.08091967e+01  8.95470421e+00
 2.86349206e+00 -6.56692913e+00  3.84256770e+00  1.08091679e+01  8.94927359e+00
 2.86349206e+00 -6.43307087e+00  3.97641718e+00  1.08091394e+01  8.94389367e+00
 2.86349206e+00 -6.29921260e+00  4.11026674e+00  1.08091117e+01  8.93849775e+00
 2.86349206e+00 -6.16535433e+00  4.24411631e+00  1.08090849e+01  8.93302919e+00
 2.86349206e+00 -6.03149606e+00  4.37796597e+00  1.08090590e+01  8.92748282e+00
 2.86349206e+00 -5.89763780e+00  4.51181591e+00  1.08090341e+01  8.92190703e+00
 2.86349206e+00 -5.76377953e+00  4.64566601e+00  1.08090100e+01  8.91625542e+00
 2.86349206e+00 -5.62992126e+00  4.77951611e+00  1.08089859e+01  8.91049035e+00
 2.86349206e+00 -5.49606299e+00  4.91336773e+00  1.08089645e+01  8.90464771e+00
 2.86349206e+00 -5.36220472e+00  5.04721821e+00  1.08089433e+01  8.89874910e+00
 2.86349206e+00 -5.22834646e+00  5.18106978e+00  1.08089230e+01  8.89277965e+00
 2.86349206e+00 -5.09448819e+00  5.31492637e+00  1.08089030e+01  8.88669405e+00
 2.86349206e+00 -4.96062992e+00  5.44876726e+00  1.08088838e+01  8.88052671e+00
 2.86349206e+00 -4.82677165e+00  5.58261527e+00  1.08088651e+01  8.87429693e+00
 2.86349206e+00 -4.69291339e+00  5.71653958e+00  1.08088454e+01  8.86796573e+00
 2.86349206e+00 -4.55905512e+00  5.85044033e+00  1.08088266e+01  8.86154073e+00
 2.86349206e+00 -4.42519685e+00  5.98428903e+00  1.08088103e+01  8.85501969e+00
 2.86349206e+00 -4.29133858e+00  6.11820600e+00  1.08087892e+01  8.84837356e+00
 2.86349206e+00 -4.15748031e+00  6.25209434e+00  1.08087148e+01  8.84164171e+00
 2.86349206e+00 -4.02362205e+00  6.38596145e+00  1.08086687e+01  8.83484106e+00
 2.86349206e+00 -3.88976378e+00  6.51992604e+00  1.08086325e+01  8.82788923e+00
 2.86349206e+00 -3.75590551e+00  6.65391521e+00  1.08085972e+01  8.82081881e+00
 2.86349206e+00 -3.62204724e+00  6.78791387e+00  1.08085577e+01  8.81364350e+00
 2.86349206e+00 -3.48818898e+00  6.92203957e+00  1.08085196e+01  8.80631589e+00
 2.86349206e+00 -3.35433071e+00  7.05622571e+00  1.08084839e+01  8.79887198e+00
 2.86349206e+00 -3.22047244e+00  7.19043686e+00  1.08083568e+01  8.79130823e+00
 2.86349206e+00 -3.08661417e+00  7.32484550e+00  1.08082055e+01  8.78358222e+00
 2.86349206e+00 -2.95275591e+00  7.45949886e+00  1.08081145e+01  8.77569647e+00
 2.86349206e+00 -2.81889764e+00  7.59443288e+00  1.08080278e+01  8.76764677e+00
 2.86349206e+00 -2.68503937e+00  7.72978159e+00  1.08079542e+01  8.75943929e+00
 2.86349206e+00 -2.55118110e+00  7.86569492e+00  1.08079302e+01  8.75108347e+00
 2.86349206e+00 -2.41732283e+00  8.00225777e+00  1.08078070e+01  8.74251931e+00
 2.86349206e+00 -2.28346457e+00  8.13982002e+00  1.08078141e+01  8.73368646e+00
 2.86349206e+00 -2.14960630e+00  8.27882174e+00  1.08078660e+01  8.72457186e+00
 2.86349206e+00 -2.01574803e+00  8.41978266e+00  1.08080258e+01  8.71516080e+00
 2.86349206e+00 -1.88188976e+00  8.56338658e+00  1.08083900e+01  8.70540039e+00
 2.86349206e+00 -1.74803150e+00  8.71077734e+00  1.08090013e+01  8.69519305e+00
 2.86349206e+00 -1.61417323e+00  8.86345750e+00  1.08100058e+01  8.68440853e+00
 2.86349206e+00 -1.48031496e+00  9.02366057e+00  1.08117035e+01  8.67286546e+00
 2.86349206e+00 -1.34645669e+00  9.19475229e+00  1.08146107e+01  8.66032059e+00
 2.86349206e+00 -1.21259843e+00  9.38129095e+00  1.08197564e+01  8.64642968e+00
 2.86349206e+00 -1.07874016e+00  9.58987028e+00  1.08296320e+01  8.63046481e+00
 2.86349206e+00 -9.44881890e-01  9.82967420e+00  1.08483887e+01  8.61175394e+00
 2.86349206e+00 -8.11023622e-01  1.01107712e+01  1.08848940e+01  8.58909771e+00
 2.86349206e+00 -6.77165354e-01  1.04362747e+01  1.09603839e+01  8.56132153e+00
 2.86349206e+00 -5.43307087e-01  1.08019811e+01  1.10974867e+01  8.52751628e+00
 2.86349206e+00 -4.09448819e-01  1.11904970e+01  1.12905606e+01  8.48878513e+00
 2.86349206e+00 -2.75590551e-01  1.15790129e+01  1.14836345e+01  8.45005398e+00
 2.86349206e+00 -1.41732283e-01  1.19675288e+01  1.16767084e+01  8.41132283e+00
 2.86349206e+00 -7.87401575e-03  1.23560447e+01  1.18697823e+01  8.37259168e+00
 2.86349206e+00  1.25984252e-01  1.27445606e+01  1.20628562e+01  8.33386053e+00
 2.86349206e+00  2.59842520e-01  1.31330765e+01  1.22559301e+01  8.29512938e+00
 2.86349206e+00  3.93700787e-01  1.35215924e+01  1.24490040e+01  8.25639823e+00
 2.86349206e+00  5.27559055e-01  1.39101083e+01  1.26420779e+01  8.21766708e+00
 2.86349206e+00  6.61417323e-01  1.42986242e+01  1.28351518e+01  8.17893593e+00
 2.86349206e+00  7.95275591e-01  1.46871401e+01  1.30282257e+01  8.14020478e+00
 2.86349206e+00  9.29133858e-01  1.50756560e+01  1.32212996e+01  8.10147363e+00
 2.86349206e+00  1.06299213e+00  1.54641719e+01  1.34143735e+01  8.06274248e+00
 2.86349206e+00  1.19685039e+00  1.58526878e+01  1.36074474e+01  8.02401133e+00
 2.86349206e+00  1.33070866e+00  1.62412037e+01  1.38005213e+01  7.98528018e+00
 2.86349206e+00  1.46456693e+00  1.66297196e+01  1.39935952e+01  7.94654903e+00
 2.86349206e+00  1.59842520e+00  1.70182355e+01  1.41866691e+01  7.90781788e+00
 2.86349206e+00  1.73228346e+00  1.74067514e+01  1.43797430e+01  7.86908673e+00
 2.86349206e+00  1.86614173e+00  1.77952673e+01  1.45728169e+01  7.83035558e+00
 2.86349206e+00  2.00000000e+00  1.81837832e+01  1.47658908e+01  7.79162443e+00
 2.94190476e+00 -1.50000000e+01 -4.51173251e+00  1.08970764e+01  9.21091643e+00
 2.94190476e+00 -1.48661417e+01 -4.37822614e+00  1.08962827e+01  9.20754111e+00
 2.94190476e+00 -1.47322835e+01 -4.24468775e+00  1.08954374e+01  9.20419492e+00
 2.94190476e+00 -1.45984252e+01 -4.11111557e+00  1.08945318e+01  9.20086497e+00
 2.94190476e+00 -1.44645669e+01 -3.97750223e+00  1.08936007e+01  9.19754761e+00
 2.94190476e+00 -1.43307087e+01 -3.84384378e+00  1.08926824e+01  9.19423874e+00
 2.94190476e+00 -1.41968504e+01 -3.71015233e+00  1.08917992e+01  9.19090282e+00
 2.94190476e+00 -1.40629921e+01 -3.57642156e+00  1.08908163e+01  9.18756059e+00
 2.94190476e+00 -1.39291339e+01 -3.44263713e+00  1.08899086e+01  9.18423381e+00
 2.94190476e+00 -1.37952756e+01 -3.30879728e+00  1.08890557e+01  9.18086965e+00
 2.94190476e+00 -1.36614173e+01 -3.17489890e+00  1.08882357e+01  9.17749255e+00
 2.94190476e+00 -1.35275591e+01 -3.04093261e+00  1.08874576e+01  9.17414670e+00
 2.94190476e+00 -1.33937008e+01 -2.90687678e+00  1.08867840e+01  9.17079913e+00
 2.94190476e+00 -1.32598425e+01 -2.77273114e+00  1.08862196e+01  9.16745017e+00
 2.94190476e+00 -1.31259843e+01 -2.63862195e+00  1.08857402e+01  9.16410406e+00
 2.94190476e+00 -1.29921260e+01 -2.50466219e+00  1.08853452e+01  9.16071764e+00
 2.94190476e+00 -1.28582677e+01 -2.37074889e+00  1.08850336e+01  9.15733095e+00
 2.94190476e+00 -1.27244094e+01 -2.23680948e+00  1.08848031e+01  9.15398055e+00
 2.94190476e+00 -1.25905512e+01 -2.10286805e+00  1.08846511e+01  9.15059013e+00
 2.94190476e+00 -1.24566929e+01 -1.96892262e+00  1.08845662e+01  9.14715886e+00
 2.94190476e+00 -1.23228346e+01 -1.83497055e+00  1.08845275e+01  9.14371131e+00
 2.94190476e+00 -1.21889764e+01 -1.70102565e+00  1.08845097e+01  9.14022388e+00
 2.94190476e+00 -1.20551181e+01 -1.56708884e+00  1.08845330e+01  9.13669185e+00
 2.94190476e+00 -1.19212598e+01 -1.43315621e+00  1.08846142e+01  9.13313171e+00
 2.94190476e+00 -1.17874016e+01 -1.29923042e+00  1.08847175e+01  9.12956882e+00
 2.94190476e+00 -1.16535433e+01 -1.16531562e+00  1.08848295e+01  9.12597370e+00
 2.94190476e+00 -1.15196850e+01 -1.03141079e+00  1.08849497e+01  9.12230477e+00
 2.94190476e+00 -1.13858268e+01 -8.97506805e-01  1.08850734e+01  9.11855881e+00
 2.94190476e+00 -1.12519685e+01 -7.63611877e-01  1.08851936e+01  9.11478916e+00
 2.94190476e+00 -1.11181102e+01 -6.29733440e-01  1.08853039e+01  9.11102425e+00
 2.94190476e+00 -1.09842520e+01 -4.95862301e-01  1.08854012e+01  9.10720898e+00
 2.94190476e+00 -1.08503937e+01 -3.61999630e-01  1.08854850e+01  9.10335882e+00
 2.94190476e+00 -1.07165354e+01 -2.28147611e-01  1.08855541e+01  9.09948251e+00
 2.94190476e+00 -1.05826772e+01 -9.43007020e-02  1.08856047e+01  9.09552155e+00
 2.94190476e+00 -1.04488189e+01  3.95410121e-02  1.08856376e+01  9.09150807e+00
 2.94190476e+00 -1.03149606e+01  1.73376836e-01  1.08856527e+01  9.08747808e+00
 2.94190476e+00 -1.01811024e+01  3.07209880e-01  1.08856454e+01  9.08340048e+00
 2.94190476e+00 -1.00472441e+01  4.41041360e-01  1.08856199e+01  9.07927033e+00
 2.94190476e+00 -9.91338583e+00  5.74871916e-01  1.08855842e+01  9.07510848e+00
 2.94190476e+00 -9.77952756e+00  7.08702880e-01  1.08855439e+01  9.07094549e+00
 2.94190476e+00 -9.64566929e+00  8.42535293e-01  1.08854931e+01  9.06675256e+00
 2.94190476e+00 -9.51181102e+00  9.76369192e-01  1.08854293e+01  9.06248683e+00
 2.94190476e+00 -9.37795276e+00  1.11020368e+00  1.08853627e+01  9.05813808e+00
 2.94190476e+00 -9.24409449e+00  1.24404103e+00  1.08852944e+01  9.05378287e+00
 2.94190476e+00 -9.11023622e+00  1.37788192e+00  1.08852232e+01  9.04944167e+00
 2.94190476e+00 -8.97637795e+00  1.51172380e+00  1.08851525e+01  9.04501008e+00
 2.94190476e+00 -8.84251969e+00  1.64556815e+00  1.08850837e+01  9.04049968e+00
 2.94190476e+00 -8.70866142e+00  1.77941576e+00  1.08850173e+01  9.03595553e+00
 2.94190476e+00 -8.57480315e+00  1.91326421e+00  1.08849541e+01  9.03139083e+00
 2.94190476e+00 -8.44094488e+00  2.04711485e+00  1.08848987e+01  9.02679519e+00
 2.94190476e+00 -8.30708661e+00  2.18096793e+00  1.08848503e+01  9.02215244e+00
 2.94190476e+00 -8.17322835e+00  2.31482034e+00  1.08848006e+01  9.01744867e+00
 2.94190476e+00 -8.03937008e+00  2.44867311e+00  1.08847532e+01  9.01266223e+00
 2.94190476e+00 -7.90551181e+00  2.58252663e+00  1.08847111e+01  9.00780413e+00
 2.94190476e+00 -7.77165354e+00  2.71637853e+00  1.08846711e+01  9.00292412e+00
 2.94190476e+00 -7.63779528e+00  2.85023006e+00  1.08846327e+01  8.99800159e+00
 2.94190476e+00 -7.50393701e+00  2.98408211e+00  1.08845966e+01  8.99302461e+00
 2.94190476e+00 -7.37007874e+00  3.11793350e+00  1.08845621e+01  8.98801738e+00
 2.94190476e+00 -7.23622047e+00  3.25178472e+00  1.08845277e+01  8.98292775e+00
 2.94190476e+00 -7.10236220e+00  3.38563575e+00  1.08844943e+01  8.97774940e+00
 2.94190476e+00 -6.96850394e+00  3.51948447e+00  1.08844636e+01  8.97254822e+00
 2.94190476e+00 -6.83464567e+00  3.65333262e+00  1.08844323e+01  8.96724750e+00
 2.94190476e+00 -6.70078740e+00  3.78718120e+00  1.08843996e+01  8.96187103e+00
 2.94190476e+00 -6.56692913e+00  3.92102877e+00  1.08843689e+01  8.95659316e+00
 2.94190476e+00 -6.43307087e+00  4.05487588e+00  1.08843394e+01  8.95133988e+00
 2.94190476e+00 -6.29921260e+00  4.18872332e+00  1.08843100e+01  8.94602738e+00
 2.94190476e+00 -6.16535433e+00  4.32257119e+00  1.08842807e+01  8.94066554e+00
 2.94190476e+00 -6.03149606e+00  4.45641910e+00  1.08842516e+01  8.93524751e+00
 2.94190476e+00 -5.89763780e+00  4.59026697e+00  1.08842230e+01  8.92975481e+00
 2.94190476e+00 -5.76377953e+00  4.72411533e+00  1.08841957e+01  8.92417023e+00
 2.94190476e+00 -5.62992126e+00  4.85796473e+00  1.08841710e+01  8.91851143e+00
 2.94190476e+00 -5.49606299e+00  4.99181384e+00  1.08841442e+01  8.91279698e+00
 2.94190476e+00 -5.36220472e+00  5.12566374e+00  1.08841175e+01  8.90702437e+00
 2.94190476e+00 -5.22834646e+00  5.25951450e+00  1.08840922e+01  8.90113416e+00
 2.94190476e+00 -5.09448819e+00  5.39336523e+00  1.08840691e+01  8.89513784e+00
 2.94190476e+00 -4.96062992e+00  5.52721581e+00  1.08840466e+01  8.88911943e+00
 2.94190476e+00 -4.82677165e+00  5.66107715e+00  1.08840255e+01  8.88303370e+00
 2.94190476e+00 -4.69291339e+00  5.79495769e+00  1.08840056e+01  8.87683757e+00
 2.94190476e+00 -4.55905512e+00  5.92885460e+00  1.08839859e+01  8.87053341e+00
 2.94190476e+00 -4.42519685e+00  6.06274408e+00  1.08839671e+01  8.86412082e+00
 2.94190476e+00 -4.29133858e+00  6.19661851e+00  1.08839450e+01  8.85762227e+00
 2.94190476e+00 -4.15748031e+00  6.33050279e+00  1.08839258e+01  8.85106969e+00
 2.94190476e+00 -4.02362205e+00  6.46442289e+00  1.08839115e+01  8.84440902e+00
 2.94190476e+00 -3.88976378e+00  6.59838182e+00  1.08838953e+01  8.83760566e+00
 2.94190476e+00 -3.75590551e+00  6.73236743e+00  1.08838683e+01  8.83067803e+00
 2.94190476e+00 -3.62204724e+00  6.86641501e+00  1.08838726e+01  8.82367817e+00
 2.94190476e+00 -3.48818898e+00  7.00051681e+00  1.08839013e+01  8.81657621e+00
 2.94190476e+00 -3.35433071e+00  7.13464687e+00  1.08838978e+01  8.80929063e+00
 2.94190476e+00 -3.22047244e+00  7.26889176e+00  1.08837891e+01  8.80187612e+00
 2.94190476e+00 -3.08661417e+00  7.40335207e+00  1.08837409e+01  8.79436329e+00
 2.94190476e+00 -2.95275591e+00  7.53798823e+00  1.08837556e+01  8.78668339e+00
 2.94190476e+00 -2.81889764e+00  7.67290693e+00  1.08837974e+01  8.77886941e+00
 2.94190476e+00 -2.68503937e+00  7.80823569e+00  1.08838430e+01  8.77090763e+00
 2.94190476e+00 -2.55118110e+00  7.94399501e+00  1.08837067e+01  8.76271395e+00
 2.94190476e+00 -2.41732283e+00  8.08042101e+00  1.08835813e+01  8.75432071e+00
 2.94190476e+00 -2.28346457e+00  8.21790006e+00  1.08836305e+01  8.74573110e+00
 2.94190476e+00 -2.14960630e+00  8.35672936e+00  1.08838095e+01  8.73689981e+00
 2.94190476e+00 -2.01574803e+00  8.49742152e+00  1.08840098e+01  8.72780930e+00
 2.94190476e+00 -1.88188976e+00  8.64072218e+00  1.08844182e+01  8.71838555e+00
 2.94190476e+00 -1.74803150e+00  8.78762516e+00  1.08851632e+01  8.70851487e+00
 2.94190476e+00 -1.61417323e+00  8.93962204e+00  1.08863798e+01  8.69811902e+00
 2.94190476e+00 -1.48031496e+00  9.09884639e+00  1.08883634e+01  8.68706419e+00
 2.94190476e+00 -1.34645669e+00  9.26829323e+00  1.08916254e+01  8.67511224e+00
 2.94190476e+00 -1.21259843e+00  9.45223109e+00  1.08971836e+01  8.66190889e+00
 2.94190476e+00 -1.07874016e+00  9.65660899e+00  1.09073284e+01  8.64699511e+00
 2.94190476e+00 -9.44881890e-01  9.88967767e+00  1.09255999e+01  8.62963964e+00
 2.94190476e+00 -8.11023622e-01  1.01606300e+01  1.09596204e+01  8.60884474e+00
 2.94190476e+00 -6.77165354e-01  1.04736895e+01  1.10281241e+01  8.58374199e+00
 2.94190476e+00 -5.43307087e-01  1.08265004e+01  1.11512864e+01  8.55333482e+00
 2.94190476e+00 -4.09448819e-01  1.12016717e+01  1.13281188e+01  8.51834967e+00
 2.94190476e+00 -2.75590551e-01  1.15768430e+01  1.15049512e+01  8.48336452e+00
 2.94190476e+00 -1.41732283e-01  1.19520143e+01  1.16817836e+01  8.44837937e+00
 2.94190476e+00 -7.87401575e-03  1.23271856e+01  1.18586160e+01  8.41339422e+00
 2.94190476e+00  1.25984252e-01  1.27023569e+01  1.20354484e+01  8.37840907e+00
 2.94190476e+00  2.59842520e-01  1.30775282e+01  1.22122808e+01  8.34342392e+00
 2.94190476e+00  3.93700787e-01  1.34526995e+01  1.23891132e+01  8.30843877e+00
 2.94190476e+00  5.27559055e-01  1.38278708e+01  1.25659456e+01  8.27345362e+00
 2.94190476e+00  6.61417323e-01  1.42030421e+01  1.27427780e+01  8.23846847e+00
 2.94190476e+00  7.95275591e-01  1.45782134e+01  1.29196104e+01  8.20348332e+00
 2.94190476e+00  9.29133858e-01  1.49533847e+01  1.30964428e+01  8.16849817e+00
 2.94190476e+00  1.06299213e+00  1.53285560e+01  1.32732752e+01  8.13351302e+00
 2.94190476e+00  1.19685039e+00  1.57037273e+01  1.34501076e+01  8.09852787e+00
 2.94190476e+00  1.33070866e+00  1.60788986e+01  1.36269400e+01  8.06354272e+00
 2.94190476e+00  1.46456693e+00  1.64540699e+01  1.38037724e+01  8.02855757e+00
 2.94190476e+00  1.59842520e+00  1.68292412e+01  1.39806048e+01  7.99357242e+00
 2.94190476e+00  1.73228346e+00  1.72044125e+01  1.41574372e+01  7.95858727e+00
 2.94190476e+00  1.86614173e+00  1.75795838e+01  1.43342696e+01  7.92360212e+00
 2.94190476e+00  2.00000000e+00  1.79547551e+01  1.45111020e+01  7.88861697e+00
 3.02031746e+00 -1.50000000e+01 -4.43849165e+00  1.09349909e+01  9.21026374e+00
 3.02031746e+00 -1.48661417e+01 -4.30339551e+00  1.09371537e+01  9.20824944e+00
 3.02031746e+00 -1.47322835e+01 -4.16840443e+00  1.09396778e+01  9.20614072e+00
 3.02031746e+00 -1.45984252e+01 -4.03352637e+00  1.09424313e+01  9.20395129e+00
 3.02031746e+00 -1.44645669e+01 -3.89879410e+00  1.09453883e+01  9.20160229e+00
 3.02031746e+00 -1.43307087e+01 -3.76416091e+00  1.09484864e+01  9.19914029e+00
 3.02031746e+00 -1.41968504e+01 -3.62959004e+00  1.09514023e+01  9.19661031e+00
 3.02031746e+00 -1.40629921e+01 -3.49513401e+00  1.09542423e+01  9.19395448e+00
 3.02031746e+00 -1.39291339e+01 -3.36079114e+00  1.09569910e+01  9.19114034e+00
 3.02031746e+00 -1.37952756e+01 -3.22652934e+00  1.09595868e+01  9.18818671e+00
 3.02031746e+00 -1.36614173e+01 -3.09232078e+00  1.09619500e+01  9.18514967e+00
 3.02031746e+00 -1.35275591e+01 -2.95816683e+00  1.09640629e+01  9.18200753e+00
 3.02031746e+00 -1.33937008e+01 -2.82406379e+00  1.09659072e+01  9.17874075e+00
 3.02031746e+00 -1.32598425e+01 -2.68999713e+00  1.09674275e+01  9.17538912e+00
 3.02031746e+00 -1.31259843e+01 -2.55603469e+00  1.09686403e+01  9.17196543e+00
 3.02031746e+00 -1.29921260e+01 -2.42228982e+00  1.09695723e+01  9.16845600e+00
 3.02031746e+00 -1.28582677e+01 -2.28873302e+00  1.09702157e+01  9.16483738e+00
 3.02031746e+00 -1.27244094e+01 -2.15521257e+00  1.09705608e+01  9.16117491e+00
 3.02031746e+00 -1.25905512e+01 -2.02168863e+00  1.09706497e+01  9.15750222e+00
 3.02031746e+00 -1.24566929e+01 -1.88820121e+00  1.09705818e+01  9.15375829e+00
 3.02031746e+00 -1.23228346e+01 -1.75470790e+00  1.09703132e+01  9.14997419e+00
 3.02031746e+00 -1.21889764e+01 -1.62117223e+00  1.09698398e+01  9.14619121e+00
 3.02031746e+00 -1.20551181e+01 -1.48761953e+00  1.09692915e+01  9.14240536e+00
 3.02031746e+00 -1.19212598e+01 -1.35404859e+00  1.09686820e+01  9.13861870e+00
 3.02031746e+00 -1.17874016e+01 -1.22044379e+00  1.09680074e+01  9.13482250e+00
 3.02031746e+00 -1.16535433e+01 -1.08679447e+00  1.09673094e+01  9.13099517e+00
 3.02031746e+00 -1.15196850e+01 -9.53135523e-01  1.09665981e+01  9.12717323e+00
 3.02031746e+00 -1.13858268e+01 -8.19469808e-01  1.09658871e+01  9.12336565e+00
 3.02031746e+00 -1.12519685e+01 -6.85739392e-01  1.09652123e+01  9.11951940e+00
 3.02031746e+00 -1.11181102e+01 -5.51965546e-01  1.09645863e+01  9.11566221e+00
 3.02031746e+00 -1.09842520e+01 -4.18170274e-01  1.09640110e+01  9.11182238e+00
 3.02031746e+00 -1.08503937e+01 -2.84334767e-01  1.09634883e+01  9.10798255e+00
 3.02031746e+00 -1.07165354e+01 -1.50472386e-01  1.09630310e+01  9.10413530e+00
 3.02031746e+00 -1.05826772e+01 -1.65946636e-02  1.09626442e+01  9.10026598e+00
 3.02031746e+00 -1.04488189e+01  1.17305584e-01  1.09623209e+01  9.09635257e+00
 3.02031746e+00 -1.03149606e+01  2.51220481e-01  1.09620803e+01  9.09242934e+00
 3.02031746e+00 -1.01811024e+01  3.85141493e-01  1.09619251e+01  9.08848985e+00
 3.02031746e+00 -1.00472441e+01  5.19066895e-01  1.09618227e+01  9.08446697e+00
 3.02031746e+00 -9.91338583e+00  6.52992426e-01  1.09617394e+01  9.08041796e+00
 3.02031746e+00 -9.77952756e+00  7.86913592e-01  1.09616790e+01  9.07637335e+00
 3.02031746e+00 -9.64566929e+00  9.20828063e-01  1.09616801e+01  9.07227780e+00
 3.02031746e+00 -9.51181102e+00  1.05473906e+00  1.09617110e+01  9.06812154e+00
 3.02031746e+00 -9.37795276e+00  1.18864401e+00  1.09617460e+01  9.06390900e+00
 3.02031746e+00 -9.24409449e+00  1.32253399e+00  1.09617950e+01  9.05964768e+00
 3.02031746e+00 -9.11023622e+00  1.45641647e+00  1.09618497e+01  9.05537855e+00
 3.02031746e+00 -8.97637795e+00  1.59029344e+00  1.09619008e+01  9.05107654e+00
 3.02031746e+00 -8.84251969e+00  1.72415662e+00  1.09619455e+01  9.04665462e+00
 3.02031746e+00 -8.70866142e+00  1.85801305e+00  1.09619842e+01  9.04218301e+00
 3.02031746e+00 -8.57480315e+00  1.99186449e+00  1.09620036e+01  9.03770331e+00
 3.02031746e+00 -8.44094488e+00  2.12570411e+00  1.09619850e+01  9.03316896e+00
 3.02031746e+00 -8.30708661e+00  2.25954148e+00  1.09619656e+01  9.02856164e+00
 3.02031746e+00 -8.17322835e+00  2.39338013e+00  1.09619569e+01  9.02388984e+00
 3.02031746e+00 -8.03937008e+00  2.52721369e+00  1.09619302e+01  9.01917715e+00
 3.02031746e+00 -7.90551181e+00  2.66104952e+00  1.09618932e+01  9.01442735e+00
 3.02031746e+00 -7.77165354e+00  2.79488936e+00  1.09618540e+01  9.00962152e+00
 3.02031746e+00 -7.63779528e+00  2.92872625e+00  1.09618094e+01  9.00473972e+00
 3.02031746e+00 -7.50393701e+00  3.06256351e+00  1.09617607e+01  8.99983844e+00
 3.02031746e+00 -7.37007874e+00  3.19640195e+00  1.09617119e+01  8.99490791e+00
 3.02031746e+00 -7.23622047e+00  3.33023859e+00  1.09616651e+01  8.98987454e+00
 3.02031746e+00 -7.10236220e+00  3.46408098e+00  1.09616131e+01  8.98479897e+00
 3.02031746e+00 -6.96850394e+00  3.59792909e+00  1.09615594e+01  8.97967771e+00
 3.02031746e+00 -6.83464567e+00  3.73177485e+00  1.09615170e+01  8.97444147e+00
 3.02031746e+00 -6.70078740e+00  3.86562226e+00  1.09614752e+01  8.96919086e+00
 3.02031746e+00 -6.56692913e+00  3.99947290e+00  1.09614293e+01  8.96397300e+00
 3.02031746e+00 -6.43307087e+00  4.13332317e+00  1.09613861e+01  8.95874992e+00
 3.02031746e+00 -6.29921260e+00  4.26717211e+00  1.09613465e+01  8.95354803e+00
 3.02031746e+00 -6.16535433e+00  4.40102066e+00  1.09613101e+01  8.94832449e+00
 3.02031746e+00 -6.03149606e+00  4.53487029e+00  1.09612764e+01  8.94298523e+00
 3.02031746e+00 -5.89763780e+00  4.66871995e+00  1.09612438e+01  8.93757133e+00
 3.02031746e+00 -5.76377953e+00  4.80256952e+00  1.09612115e+01  8.93210898e+00
 3.02031746e+00 -5.62992126e+00  4.93641804e+00  1.09611790e+01  8.92657550e+00
 3.02031746e+00 -5.49606299e+00  5.07026704e+00  1.09611537e+01  8.92094903e+00
 3.02031746e+00 -5.36220472e+00  5.20411544e+00  1.09611319e+01  8.91523989e+00
 3.02031746e+00 -5.22834646e+00  5.33796364e+00  1.09611054e+01  8.90947521e+00
 3.02031746e+00 -5.09448819e+00  5.47181622e+00  1.09610784e+01  8.90363211e+00
 3.02031746e+00 -4.96062992e+00  5.60566176e+00  1.09610528e+01  8.89772209e+00
 3.02031746e+00 -4.82677165e+00  5.73949635e+00  1.09610267e+01  8.89176515e+00
 3.02031746e+00 -4.69291339e+00  5.87339038e+00  1.09610015e+01  8.88567048e+00
 3.02031746e+00 -4.55905512e+00  6.00730649e+00  1.09609780e+01  8.87945541e+00
 3.02031746e+00 -4.42519685e+00  6.14115632e+00  1.09609565e+01  8.87321550e+00
 3.02031746e+00 -4.29133858e+00  6.27504386e+00  1.09609375e+01  8.86691226e+00
 3.02031746e+00 -4.15748031e+00  6.40898111e+00  1.09609143e+01  8.86048054e+00
 3.02031746e+00 -4.02362205e+00  6.54289769e+00  1.09608896e+01  8.85389440e+00
 3.02031746e+00 -3.88976378e+00  6.67682316e+00  1.09608975e+01  8.84723743e+00
 3.02031746e+00 -3.75590551e+00  6.81078725e+00  1.09609269e+01  8.84052565e+00
 3.02031746e+00 -3.62204724e+00  6.94480142e+00  1.09609381e+01  8.83369699e+00
 3.02031746e+00 -3.48818898e+00  7.07887602e+00  1.09609344e+01  8.82668607e+00
 3.02031746e+00 -3.35433071e+00  7.21304136e+00  1.09609153e+01  8.81955993e+00
 3.02031746e+00 -3.22047244e+00  7.34734478e+00  1.09609072e+01  8.81240926e+00
 3.02031746e+00 -3.08661417e+00  7.48176974e+00  1.09609334e+01  8.80507000e+00
 3.02031746e+00 -2.95275591e+00  7.61638898e+00  1.09609942e+01  8.79755197e+00
 3.02031746e+00 -2.81889764e+00  7.75131741e+00  1.09610613e+01  8.78995861e+00
 3.02031746e+00 -2.68503937e+00  7.88660805e+00  1.09611056e+01  8.78219465e+00
 3.02031746e+00 -2.55118110e+00  8.02224317e+00  1.09610296e+01  8.77420111e+00
 3.02031746e+00 -2.41732283e+00  8.15868124e+00  1.09611546e+01  8.76605044e+00
 3.02031746e+00 -2.28346457e+00  8.29609909e+00  1.09613307e+01  8.75771045e+00
 3.02031746e+00 -2.14960630e+00  8.43476200e+00  1.09614804e+01  8.74914345e+00
 3.02031746e+00 -2.01574803e+00  8.57508567e+00  1.09616402e+01  8.74030578e+00
 3.02031746e+00 -1.88188976e+00  8.71799964e+00  1.09621287e+01  8.73115204e+00
 3.02031746e+00 -1.74803150e+00  8.86439263e+00  1.09629467e+01  8.72162343e+00
 3.02031746e+00 -1.61417323e+00  9.01562915e+00  1.09643127e+01  8.71164023e+00
 3.02031746e+00 -1.48031496e+00  9.17370565e+00  1.09665039e+01  8.70103808e+00
 3.02031746e+00 -1.34645669e+00  9.34143055e+00  1.09699880e+01  8.68961399e+00
 3.02031746e+00 -1.21259843e+00  9.52282795e+00  1.09758086e+01  8.67713477e+00
 3.02031746e+00 -1.07874016e+00  9.72317417e+00  1.09861246e+01  8.66310303e+00
 3.02031746e+00 -9.44881890e-01  9.94985486e+00  1.10037581e+01  8.64695945e+00
 3.02031746e+00 -8.11023622e-01  1.02115211e+01  1.10354365e+01  8.62787037e+00
 3.02031746e+00 -6.77165354e-01  1.05127518e+01  1.10974908e+01  8.60501203e+00
 3.02031746e+00 -5.43307087e-01  1.08531123e+01  1.12080540e+01  8.57763723e+00
 3.02031746e+00 -4.09448819e-01  1.12171891e+01  1.13689288e+01  8.54613111e+00
 3.02031746e+00 -2.75590551e-01  1.15812659e+01  1.15298036e+01  8.51462499e+00
 3.02031746e+00 -1.41732283e-01  1.19453427e+01  1.16906784e+01  8.48311887e+00
 3.02031746e+00 -7.87401575e-03  1.23094195e+01  1.18515532e+01  8.45161275e+00
 3.02031746e+00  1.25984252e-01  1.26734963e+01  1.20124280e+01  8.42010663e+00
 3.02031746e+00  2.59842520e-01  1.30375731e+01  1.21733028e+01  8.38860051e+00
 3.02031746e+00  3.93700787e-01  1.34016499e+01  1.23341776e+01  8.35709439e+00
 3.02031746e+00  5.27559055e-01  1.37657267e+01  1.24950524e+01  8.32558827e+00
 3.02031746e+00  6.61417323e-01  1.41298035e+01  1.26559272e+01  8.29408215e+00
 3.02031746e+00  7.95275591e-01  1.44938803e+01  1.28168020e+01  8.26257603e+00
 3.02031746e+00  9.29133858e-01  1.48579571e+01  1.29776768e+01  8.23106991e+00
 3.02031746e+00  1.06299213e+00  1.52220339e+01  1.31385516e+01  8.19956379e+00
 3.02031746e+00  1.19685039e+00  1.55861107e+01  1.32994264e+01  8.16805767e+00
 3.02031746e+00  1.33070866e+00  1.59501875e+01  1.34603012e+01  8.13655155e+00
 3.02031746e+00  1.46456693e+00  1.63142643e+01  1.36211760e+01  8.10504543e+00
 3.02031746e+00  1.59842520e+00  1.66783411e+01  1.37820508e+01  8.07353931e+00
 3.02031746e+00  1.73228346e+00  1.70424179e+01  1.39429256e+01  8.04203319e+00
 3.02031746e+00  1.86614173e+00  1.74064947e+01  1.41038004e+01  8.01052707e+00
 3.02031746e+00  2.00000000e+00  1.77705715e+01  1.42646752e+01  7.97902095e+00
 3.09873016e+00 -1.50000000e+01 -4.33067537e+00  1.13200566e+01  9.24195733e+00
 3.09873016e+00 -1.48661417e+01 -4.20268419e+00  1.12922422e+01  9.23384928e+00
 3.09873016e+00 -1.47322835e+01 -4.07410654e+00  1.12652923e+01  9.22620430e+00
 3.09873016e+00 -1.45984252e+01 -3.94496021e+00  1.12393994e+01  9.21905213e+00
 3.09873016e+00 -1.44645669e+01 -3.81525648e+00  1.12147143e+01  9.21236849e+00
 3.09873016e+00 -1.43307087e+01 -3.68498146e+00  1.11913408e+01  9.20607145e+00
 3.09873016e+00 -1.41968504e+01 -3.55415440e+00  1.11692881e+01  9.20018938e+00
 3.09873016e+00 -1.40629921e+01 -3.42281818e+00  1.11487335e+01  9.19473758e+00
 3.09873016e+00 -1.39291339e+01 -3.29102142e+00  1.11298182e+01  9.18966905e+00
 3.09873016e+00 -1.37952756e+01 -3.15873983e+00  1.11125958e+01  9.18494225e+00
 3.09873016e+00 -1.36614173e+01 -3.02594794e+00  1.10970924e+01  9.18055306e+00
 3.09873016e+00 -1.35275591e+01 -2.89267122e+00  1.10833417e+01  9.17654143e+00
 3.09873016e+00 -1.33937008e+01 -2.75893980e+00  1.10713469e+01  9.17287557e+00
 3.09873016e+00 -1.32598425e+01 -2.62475849e+00  1.10611148e+01  9.16950884e+00
 3.09873016e+00 -1.31259843e+01 -2.49020620e+00  1.10526667e+01  9.16641939e+00
 3.09873016e+00 -1.29921260e+01 -2.35553702e+00  1.10458651e+01  9.16351520e+00
 3.09873016e+00 -1.28582677e+01 -2.22080984e+00  1.10405233e+01  9.16074757e+00
 3.09873016e+00 -1.27244094e+01 -2.08591464e+00  1.10365140e+01  9.15816342e+00
 3.09873016e+00 -1.25905512e+01 -1.95095944e+00  1.10337409e+01  9.15563821e+00
 3.09873016e+00 -1.24566929e+01 -1.81603080e+00  1.10320520e+01  9.15306803e+00
 3.09873016e+00 -1.23228346e+01 -1.68108012e+00  1.10312183e+01  9.15047197e+00
 3.09873016e+00 -1.21889764e+01 -1.54615360e+00  1.10310668e+01  9.14781621e+00
 3.09873016e+00 -1.20551181e+01 -1.41130401e+00  1.10314735e+01  9.14506264e+00
 3.09873016e+00 -1.19212598e+01 -1.27654796e+00  1.10323483e+01  9.14220338e+00
 3.09873016e+00 -1.17874016e+01 -1.14191519e+00  1.10335906e+01  9.13926536e+00
 3.09873016e+00 -1.16535433e+01 -1.00741895e+00  1.10350593e+01  9.13623917e+00
 3.09873016e+00 -1.15196850e+01 -8.73046047e-01  1.10366028e+01  9.13307265e+00
 3.09873016e+00 -1.13858268e+01 -7.38779565e-01  1.10382184e+01  9.12977487e+00
 3.09873016e+00 -1.12519685e+01 -6.04605935e-01  1.10398351e+01  9.12634652e+00
 3.09873016e+00 -1.11181102e+01 -4.70526254e-01  1.10412938e+01  9.12277100e+00
 3.09873016e+00 -1.09842520e+01 -3.36583943e-01  1.10425970e+01  9.11908908e+00
 3.09873016e+00 -1.08503937e+01 -2.02764181e-01  1.10437338e+01  9.11531931e+00
 3.09873016e+00 -1.07165354e+01 -6.89990518e-02  1.10446420e+01  9.11144562e+00
 3.09873016e+00 -1.05826772e+01  6.46914363e-02  1.10453181e+01  9.10748026e+00
 3.09873016e+00 -1.04488189e+01  1.98311630e-01  1.10457836e+01  9.10344396e+00
 3.09873016e+00 -1.03149606e+01  3.31907110e-01  1.10460668e+01  9.09935260e+00
 3.09873016e+00 -1.01811024e+01  4.65485453e-01  1.10461911e+01  9.09520143e+00
 3.09873016e+00 -1.00472441e+01  5.99054157e-01  1.10461514e+01  9.09099554e+00
 3.09873016e+00 -9.91338583e+00  7.32631672e-01  1.10459354e+01  9.08675817e+00
 3.09873016e+00 -9.77952756e+00  8.66236622e-01  1.10456134e+01  9.08252063e+00
 3.09873016e+00 -9.64566929e+00  9.99862266e-01  1.10452439e+01  9.07826024e+00
 3.09873016e+00 -9.51181102e+00  1.13349203e+00  1.10448440e+01  9.07392749e+00
 3.09873016e+00 -9.37795276e+00  1.26716994e+00  1.10444029e+01  9.06958894e+00
 3.09873016e+00 -9.24409449e+00  1.40089493e+00  1.10439346e+01  9.06528299e+00
 3.09873016e+00 -9.11023622e+00  1.53462610e+00  1.10434767e+01  9.06098499e+00
 3.09873016e+00 -8.97637795e+00  1.66840027e+00  1.10430368e+01  9.05664976e+00
 3.09873016e+00 -8.84251969e+00  1.80221951e+00  1.10426390e+01  9.05225604e+00
 3.09873016e+00 -8.70866142e+00  1.93604922e+00  1.10423068e+01  9.04781879e+00
 3.09873016e+00 -8.57480315e+00  2.06991493e+00  1.10419764e+01  9.04338232e+00
 3.09873016e+00 -8.44094488e+00  2.20380827e+00  1.10416648e+01  9.03893499e+00
 3.09873016e+00 -8.30708661e+00  2.33769186e+00  1.10414552e+01  9.03442807e+00
 3.09873016e+00 -8.17322835e+00  2.47158841e+00  1.10413213e+01  9.02989098e+00
 3.09873016e+00 -8.03937008e+00  2.60548956e+00  1.10412257e+01  9.02531977e+00
 3.09873016e+00 -7.90551181e+00  2.73936394e+00  1.10411498e+01  9.02067758e+00
 3.09873016e+00 -7.77165354e+00  2.87324354e+00  1.10410946e+01  9.01597792e+00
 3.09873016e+00 -7.63779528e+00  3.00713396e+00  1.10410596e+01  9.01123399e+00
 3.09873016e+00 -7.50393701e+00  3.14101511e+00  1.10410359e+01  9.00644510e+00
 3.09873016e+00 -7.37007874e+00  3.27490034e+00  1.10410062e+01  9.00159860e+00
 3.09873016e+00 -7.23622047e+00  3.40877830e+00  1.10409877e+01  8.99667860e+00
 3.09873016e+00 -7.10236220e+00  3.54262633e+00  1.10410013e+01  8.99167480e+00
 3.09873016e+00 -6.96850394e+00  3.67647370e+00  1.10409847e+01  8.98660019e+00
 3.09873016e+00 -6.83464567e+00  3.81032421e+00  1.10409434e+01  8.98151687e+00
 3.09873016e+00 -6.70078740e+00  3.94416046e+00  1.10409299e+01  8.97648556e+00
 3.09873016e+00 -6.56692913e+00  4.07799294e+00  1.10409205e+01  8.97144787e+00
 3.09873016e+00 -6.43307087e+00  4.21182977e+00  1.10409000e+01  8.96636416e+00
 3.09873016e+00 -6.29921260e+00  4.34567045e+00  1.10408716e+01  8.96123382e+00
 3.09873016e+00 -6.16535433e+00  4.47950886e+00  1.10408362e+01  8.95606697e+00
 3.09873016e+00 -6.03149606e+00  4.61334550e+00  1.10407984e+01  8.95083845e+00
 3.09873016e+00 -5.89763780e+00  4.74718474e+00  1.10407644e+01  8.94551884e+00
 3.09873016e+00 -5.76377953e+00  4.88102506e+00  1.10407352e+01  8.94014682e+00
 3.09873016e+00 -5.62992126e+00  5.01486686e+00  1.10406923e+01  8.93471412e+00
 3.09873016e+00 -5.49606299e+00  5.14871189e+00  1.10406247e+01  8.92919002e+00
 3.09873016e+00 -5.36220472e+00  5.28255690e+00  1.10405748e+01  8.92360480e+00
 3.09873016e+00 -5.22834646e+00  5.41640449e+00  1.10405453e+01  8.91795681e+00
 3.09873016e+00 -5.09448819e+00  5.55025559e+00  1.10405133e+01  8.91222801e+00
 3.09873016e+00 -4.96062992e+00  5.68409663e+00  1.10404848e+01  8.90643927e+00
 3.09873016e+00 -4.82677165e+00  5.81796124e+00  1.10404612e+01  8.90056231e+00
 3.09873016e+00 -4.69291339e+00  5.95187544e+00  1.10404367e+01  8.89457039e+00
 3.09873016e+00 -4.55905512e+00  6.08575661e+00  1.10404075e+01  8.88854001e+00
 3.09873016e+00 -4.42519685e+00  6.21960837e+00  1.10403805e+01  8.88244264e+00
 3.09873016e+00 -4.29133858e+00  6.35348949e+00  1.10403625e+01  8.87621000e+00
 3.09873016e+00 -4.15748031e+00  6.48740518e+00  1.10403358e+01  8.86988624e+00
 3.09873016e+00 -4.02362205e+00  6.62132773e+00  1.10403185e+01  8.86349772e+00
 3.09873016e+00 -3.88976378e+00  6.75523971e+00  1.10403333e+01  8.85702955e+00
 3.09873016e+00 -3.75590551e+00  6.88918885e+00  1.10403501e+01  8.85042909e+00
 3.09873016e+00 -3.62204724e+00  7.02320436e+00  1.10403519e+01  8.84369151e+00
 3.09873016e+00 -3.48818898e+00  7.15729588e+00  1.10403363e+01  8.83685097e+00
 3.09873016e+00 -3.35433071e+00  7.29147416e+00  1.10403118e+01  8.82994623e+00
 3.09873016e+00 -3.22047244e+00  7.42573902e+00  1.10403172e+01  8.82293909e+00
 3.09873016e+00 -3.08661417e+00  7.56012072e+00  1.10403824e+01  8.81578055e+00
 3.09873016e+00 -2.95275591e+00  7.69471745e+00  1.10404527e+01  8.80849506e+00
 3.09873016e+00 -2.81889764e+00  7.82961446e+00  1.10405073e+01  8.80106833e+00
 3.09873016e+00 -2.68503937e+00  7.96486175e+00  1.10405483e+01  8.79347534e+00
 3.09873016e+00 -2.55118110e+00  8.10058406e+00  1.10407021e+01  8.78575564e+00
 3.09873016e+00 -2.41732283e+00  8.23699754e+00  1.10409173e+01  8.77787564e+00
 3.09873016e+00 -2.28346457e+00  8.37438848e+00  1.10411690e+01  8.76979059e+00
 3.09873016e+00 -2.14960630e+00  8.51270352e+00  1.10412859e+01  8.76144660e+00
 3.09873016e+00 -2.01574803e+00  8.65276773e+00  1.10416411e+01  8.75287129e+00
 3.09873016e+00 -1.88188976e+00  8.79530083e+00  1.10422352e+01  8.74400530e+00
 3.09873016e+00 -1.74803150e+00  8.94112003e+00  1.10430872e+01  8.73477486e+00
 3.09873016e+00 -1.61417323e+00  9.09160105e+00  1.10445396e+01  8.72512536e+00
 3.09873016e+00 -1.48031496e+00  9.24857465e+00  1.10468569e+01  8.71494959e+00
 3.09873016e+00 -1.34645669e+00  9.41463815e+00  1.10505200e+01  8.70407397e+00
 3.09873016e+00 -1.21259843e+00  9.59337193e+00  1.10564480e+01  8.69220589e+00
 3.09873016e+00 -1.07874016e+00  9.78979527e+00  1.10665205e+01  8.67895511e+00
 3.09873016e+00 -9.44881890e-01  1.00104387e+01  1.10834688e+01  8.66396678e+00
 3.09873016e+00 -8.11023622e-01  1.02632924e+01  1.11128878e+01  8.64637435e+00
 3.09873016e+00 -6.77165354e-01  1.05534056e+01  1.11688763e+01  8.62554097e+00
 3.09873016e+00 -5.43307087e-01  1.08812876e+01  1.12674393e+01  8.60075194e+00
 3.09873016e+00 -4.09448819e-01  1.12317353e+01  1.14126143e+01  8.57231828e+00
 3.09873016e+00 -2.75590551e-01  1.15821830e+01  1.15577893e+01  8.54388462e+00
 3.09873016e+00 -1.41732283e-01  1.19326307e+01  1.17029643e+01  8.51545096e+00
 3.09873016e+00 -7.87401575e-03  1.22830784e+01  1.18481393e+01  8.48701730e+00
 3.09873016e+00  1.25984252e-01  1.26335261e+01  1.19933143e+01  8.45858364e+00
 3.09873016e+00  2.59842520e-01  1.29839738e+01  1.21384893e+01  8.43014998e+00
 3.09873016e+00  3.93700787e-01  1.33344215e+01  1.22836643e+01  8.40171632e+00
 3.09873016e+00  5.27559055e-01  1.36848692e+01  1.24288393e+01  8.37328266e+00
 3.09873016e+00  6.61417323e-01  1.40353169e+01  1.25740143e+01  8.34484900e+00
 3.09873016e+00  7.95275591e-01  1.43857646e+01  1.27191893e+01  8.31641534e+00
 3.09873016e+00  9.29133858e-01  1.47362123e+01  1.28643643e+01  8.28798168e+00
 3.09873016e+00  1.06299213e+00  1.50866600e+01  1.30095393e+01  8.25954802e+00
 3.09873016e+00  1.19685039e+00  1.54371077e+01  1.31547143e+01  8.23111436e+00
 3.09873016e+00  1.33070866e+00  1.57875554e+01  1.32998893e+01  8.20268070e+00
 3.09873016e+00  1.46456693e+00  1.61380031e+01  1.34450643e+01  8.17424704e+00
 3.09873016e+00  1.59842520e+00  1.64884508e+01  1.35902393e+01  8.14581338e+00
 3.09873016e+00  1.73228346e+00  1.68388985e+01  1.37354143e+01  8.11737972e+00
 3.09873016e+00  1.86614173e+00  1.71893462e+01  1.38805893e+01  8.08894606e+00
 3.09873016e+00  2.00000000e+00  1.75397939e+01  1.40257643e+01  8.06051240e+00
 3.17714286e+00 -1.50000000e+01 -4.11540193e+00  1.19702386e+01  9.36233546e+00
 3.17714286e+00 -1.48661417e+01 -3.98771649e+00  1.19409031e+01  9.35390833e+00
 3.17714286e+00 -1.47322835e+01 -3.85961619e+00  1.19119554e+01  9.34587106e+00
 3.17714286e+00 -1.45984252e+01 -3.73118521e+00  1.18834443e+01  9.33805768e+00
 3.17714286e+00 -1.44645669e+01 -3.60250843e+00  1.18553583e+01  9.33038692e+00
 3.17714286e+00 -1.43307087e+01 -3.47369318e+00  1.18277149e+01  9.32286023e+00
 3.17714286e+00 -1.41968504e+01 -3.34494547e+00  1.18004474e+01  9.31534664e+00
 3.17714286e+00 -1.40629921e+01 -3.21638297e+00  1.17734167e+01  9.30769331e+00
 3.17714286e+00 -1.39291339e+01 -3.08801095e+00  1.17464208e+01  9.29977210e+00
 3.17714286e+00 -1.37952756e+01 -2.95997462e+00  1.17192753e+01  9.29150727e+00
 3.17714286e+00 -1.36614173e+01 -2.83241092e+00  1.16918099e+01  9.28285765e+00
 3.17714286e+00 -1.35275591e+01 -2.70534928e+00  1.16638719e+01  9.27380704e+00
 3.17714286e+00 -1.33937008e+01 -2.57871778e+00  1.16353684e+01  9.26433646e+00
 3.17714286e+00 -1.32598425e+01 -2.45241206e+00  1.16062624e+01  9.25448682e+00
 3.17714286e+00 -1.31259843e+01 -2.32639771e+00  1.15765965e+01  9.24444744e+00
 3.17714286e+00 -1.29921260e+01 -2.20061309e+00  1.15465477e+01  9.23432780e+00
 3.17714286e+00 -1.28582677e+01 -2.07486361e+00  1.15163483e+01  9.22417845e+00
 3.17714286e+00 -1.27244094e+01 -1.94896394e+00  1.14861693e+01  9.21416197e+00
 3.17714286e+00 -1.25905512e+01 -1.82275524e+00  1.14562172e+01  9.20442025e+00
 3.17714286e+00 -1.24566929e+01 -1.69607020e+00  1.14267469e+01  9.19502360e+00
 3.17714286e+00 -1.23228346e+01 -1.56885386e+00  1.13979738e+01  9.18598216e+00
 3.17714286e+00 -1.21889764e+01 -1.44109179e+00  1.13700910e+01  9.17733422e+00
 3.17714286e+00 -1.20551181e+01 -1.31274938e+00  1.13432841e+01  9.16921143e+00
 3.17714286e+00 -1.19212598e+01 -1.18379470e+00  1.13177306e+01  9.16158963e+00
 3.17714286e+00 -1.17874016e+01 -1.05421207e+00  1.12935792e+01  9.15438879e+00
 3.17714286e+00 -1.16535433e+01 -9.24021866e-01  1.12709138e+01  9.14766523e+00
 3.17714286e+00 -1.15196850e+01 -7.93228562e-01  1.12498597e+01  9.14141526e+00
 3.17714286e+00 -1.13858268e+01 -6.61841872e-01  1.12305552e+01  9.13558583e+00
 3.17714286e+00 -1.12519685e+01 -5.29949043e-01  1.12130348e+01  9.13018550e+00
 3.17714286e+00 -1.11181102e+01 -3.97550136e-01  1.11973424e+01  9.12519618e+00
 3.17714286e+00 -1.09842520e+01 -2.64594975e-01  1.11835309e+01  9.12056632e+00
 3.17714286e+00 -1.08503937e+01 -1.31217136e-01  1.11715534e+01  9.11625564e+00
 3.17714286e+00 -1.07165354e+01  2.48811985e-03  1.11613347e+01  9.11224021e+00
 3.17714286e+00 -1.05826772e+01  1.36505876e-01  1.11527966e+01  9.10848787e+00
 3.17714286e+00 -1.04488189e+01  2.70811300e-01  1.11458449e+01  9.10488528e+00
 3.17714286e+00 -1.03149606e+01  4.05316179e-01  1.11402975e+01  9.10136015e+00
 3.17714286e+00 -1.01811024e+01  5.39885255e-01  1.11359328e+01  9.09789237e+00
 3.17714286e+00 -1.00472441e+01  6.74424962e-01  1.11326688e+01  9.09444499e+00
 3.17714286e+00 -9.91338583e+00  8.08971076e-01  1.11303248e+01  9.09097289e+00
 3.17714286e+00 -9.77952756e+00  9.43582631e-01  1.11286633e+01  9.08743408e+00
 3.17714286e+00 -9.64566929e+00  1.07806705e+00  1.11276187e+01  9.08380811e+00
 3.17714286e+00 -9.51181102e+00  1.21241040e+00  1.11270729e+01  9.08006900e+00
 3.17714286e+00 -9.37795276e+00  1.34671054e+00  1.11268533e+01  9.07620820e+00
 3.17714286e+00 -9.24409449e+00  1.48085016e+00  1.11268305e+01  9.07228968e+00
 3.17714286e+00 -9.11023622e+00  1.61484289e+00  1.11269334e+01  9.06828650e+00
 3.17714286e+00 -8.97637795e+00  1.74879941e+00  1.11271105e+01  9.06412162e+00
 3.17714286e+00 -8.84251969e+00  1.88272680e+00  1.11272623e+01  9.05980816e+00
 3.17714286e+00 -8.70866142e+00  2.01654745e+00  1.11273629e+01  9.05541856e+00
 3.17714286e+00 -8.57480315e+00  2.15021575e+00  1.11274239e+01  9.05099879e+00
 3.17714286e+00 -8.44094488e+00  2.28389366e+00  1.11273950e+01  9.04644690e+00
 3.17714286e+00 -8.30708661e+00  2.41759682e+00  1.11272701e+01  9.04179913e+00
 3.17714286e+00 -8.17322835e+00  2.55123883e+00  1.11270782e+01  9.03715093e+00
 3.17714286e+00 -8.03937008e+00  2.68481680e+00  1.11268344e+01  9.03244536e+00
 3.17714286e+00 -7.90551181e+00  2.81841069e+00  1.11265372e+01  9.02769293e+00
 3.17714286e+00 -7.77165354e+00  2.95209813e+00  1.11261844e+01  9.02293675e+00
 3.17714286e+00 -7.63779528e+00  3.08582309e+00  1.11258002e+01  9.01813573e+00
 3.17714286e+00 -7.50393701e+00  3.21952556e+00  1.11254130e+01  9.01328938e+00
 3.17714286e+00 -7.37007874e+00  3.35321154e+00  1.11250482e+01  9.00841614e+00
 3.17714286e+00 -7.23622047e+00  3.48700975e+00  1.11247210e+01  9.00348889e+00
 3.17714286e+00 -7.10236220e+00  3.62087059e+00  1.11244204e+01  8.99851897e+00
 3.17714286e+00 -6.96850394e+00  3.75468761e+00  1.11241391e+01  8.99356537e+00
 3.17714286e+00 -6.83464567e+00  3.88854225e+00  1.11239148e+01  8.98871626e+00
 3.17714286e+00 -6.70078740e+00  4.02243811e+00  1.11237316e+01  8.98391786e+00
 3.17714286e+00 -6.56692913e+00  4.15632317e+00  1.11235591e+01  8.97904940e+00
 3.17714286e+00 -6.43307087e+00  4.29018526e+00  1.11234274e+01  8.97407121e+00
 3.17714286e+00 -6.29921260e+00  4.42404540e+00  1.11233426e+01  8.96904764e+00
 3.17714286e+00 -6.16535433e+00  4.55792322e+00  1.11232820e+01  8.96401938e+00
 3.17714286e+00 -6.03149606e+00  4.69179658e+00  1.11232099e+01  8.95885351e+00
 3.17714286e+00 -5.89763780e+00  4.82566262e+00  1.11231453e+01  8.95360878e+00
 3.17714286e+00 -5.76377953e+00  4.95952736e+00  1.11231027e+01  8.94838646e+00
 3.17714286e+00 -5.62992126e+00  5.09338286e+00  1.11230181e+01  8.94308701e+00
 3.17714286e+00 -5.49606299e+00  5.22723259e+00  1.11229329e+01  8.93766741e+00
 3.17714286e+00 -5.36220472e+00  5.36108278e+00  1.11229045e+01  8.93215367e+00
 3.17714286e+00 -5.22834646e+00  5.49492822e+00  1.11228781e+01  8.92660479e+00
 3.17714286e+00 -5.09448819e+00  5.62876615e+00  1.11228344e+01  8.92100738e+00
 3.17714286e+00 -4.96062992e+00  5.76260657e+00  1.11227822e+01  8.91532233e+00
 3.17714286e+00 -4.82677165e+00  5.89647624e+00  1.11227291e+01  8.90955121e+00
 3.17714286e+00 -4.69291339e+00  6.03035082e+00  1.11226951e+01  8.90370575e+00
 3.17714286e+00 -4.55905512e+00  6.16419930e+00  1.11226795e+01  8.89779176e+00
 3.17714286e+00 -4.42519685e+00  6.29804032e+00  1.11226339e+01  8.89179678e+00
 3.17714286e+00 -4.29133858e+00  6.43191133e+00  1.11225851e+01  8.88570393e+00
 3.17714286e+00 -4.15748031e+00  6.56582883e+00  1.11225655e+01  8.87951628e+00
 3.17714286e+00 -4.02362205e+00  6.69975702e+00  1.11225373e+01  8.87327057e+00
 3.17714286e+00 -3.88976378e+00  6.83368449e+00  1.11225297e+01  8.86693057e+00
 3.17714286e+00 -3.75590551e+00  6.96763392e+00  1.11225595e+01  8.86046282e+00
 3.17714286e+00 -3.62204724e+00  7.10165479e+00  1.11225536e+01  8.85390997e+00
 3.17714286e+00 -3.48818898e+00  7.23573304e+00  1.11225273e+01  8.84725766e+00
 3.17714286e+00 -3.35433071e+00  7.36985605e+00  1.11225223e+01  8.84048834e+00
 3.17714286e+00 -3.22047244e+00  7.50407529e+00  1.11225348e+01  8.83363204e+00
 3.17714286e+00 -3.08661417e+00  7.63845581e+00  1.11225694e+01  8.82666315e+00
 3.17714286e+00 -2.95275591e+00  7.77305640e+00  1.11226260e+01  8.81955359e+00
 3.17714286e+00 -2.81889764e+00  7.90791999e+00  1.11226889e+01  8.81232041e+00
 3.17714286e+00 -2.68503937e+00  8.04311659e+00  1.11227771e+01  8.80496594e+00
 3.17714286e+00 -2.55118110e+00  8.17876732e+00  1.11229216e+01  8.79746497e+00
 3.17714286e+00 -2.41732283e+00  8.31510209e+00  1.11231664e+01  8.78977859e+00
 3.17714286e+00 -2.28346457e+00  8.45232087e+00  1.11234459e+01  8.78191205e+00
 3.17714286e+00 -2.14960630e+00  8.59069160e+00  1.11238047e+01  8.77386065e+00
 3.17714286e+00 -2.01574803e+00  8.73071368e+00  1.11243597e+01  8.76555562e+00
 3.17714286e+00 -1.88188976e+00  8.87277195e+00  1.11249819e+01  8.75695071e+00
 3.17714286e+00 -1.74803150e+00  9.01802974e+00  1.11259872e+01  8.74804709e+00
 3.17714286e+00 -1.61417323e+00  9.16773140e+00  1.11275561e+01  8.73875659e+00
 3.17714286e+00 -1.48031496e+00  9.32354847e+00  1.11299577e+01  8.72897230e+00
 3.17714286e+00 -1.34645669e+00  9.48781121e+00  1.11335906e+01  8.71856195e+00
 3.17714286e+00 -1.21259843e+00  9.66391037e+00  1.11393703e+01  8.70727543e+00
 3.17714286e+00 -1.07874016e+00  9.85645758e+00  1.11490641e+01  8.69478523e+00
 3.17714286e+00 -9.44881890e-01  1.00714510e+01  1.11650561e+01  8.68074668e+00
 3.17714286e+00 -8.11023622e-01  1.03159004e+01  1.11923166e+01  8.66451602e+00
 3.17714286e+00 -6.77165354e-01  1.05955719e+01  1.12426636e+01  8.64549973e+00
 3.17714286e+00 -5.43307087e-01  1.09113605e+01  1.13298387e+01  8.62301913e+00
 3.17714286e+00 -4.09448819e-01  1.12487376e+01  1.14585282e+01  8.59736931e+00
 3.17714286e+00 -2.75590551e-01  1.15861147e+01  1.15872177e+01  8.57171949e+00
 3.17714286e+00 -1.41732283e-01  1.19234918e+01  1.17159072e+01  8.54606967e+00
 3.17714286e+00 -7.87401575e-03  1.22608689e+01  1.18445967e+01  8.52041985e+00
 3.17714286e+00  1.25984252e-01  1.25982460e+01  1.19732862e+01  8.49477003e+00
 3.17714286e+00  2.59842520e-01  1.29356231e+01  1.21019757e+01  8.46912021e+00
 3.17714286e+00  3.93700787e-01  1.32730002e+01  1.22306652e+01  8.44347039e+00
 3.17714286e+00  5.27559055e-01  1.36103773e+01  1.23593547e+01  8.41782057e+00
 3.17714286e+00  6.61417323e-01  1.39477544e+01  1.24880442e+01  8.39217075e+00
 3.17714286e+00  7.95275591e-01  1.42851315e+01  1.26167337e+01  8.36652093e+00
 3.17714286e+00  9.29133858e-01  1.46225086e+01  1.27454232e+01  8.34087111e+00
 3.17714286e+00  1.06299213e+00  1.49598857e+01  1.28741127e+01  8.31522129e+00
 3.17714286e+00  1.19685039e+00  1.52972628e+01  1.30028022e+01  8.28957147e+00
 3.17714286e+00  1.33070866e+00  1.56346399e+01  1.31314917e+01  8.26392165e+00
 3.17714286e+00  1.46456693e+00  1.59720170e+01  1.32601812e+01  8.23827183e+00
 3.17714286e+00  1.59842520e+00  1.63093941e+01  1.33888707e+01  8.21262201e+00
 3.17714286e+00  1.73228346e+00  1.66467712e+01  1.35175602e+01  8.18697219e+00
 3.17714286e+00  1.86614173e+00  1.69841483e+01  1.36462497e+01  8.16132237e+00
 3.17714286e+00  2.00000000e+00  1.73215254e+01  1.37749392e+01  8.13567255e+00
 3.25555556e+00 -1.50000000e+01 -3.91789365e+00  1.22780560e+01  9.46301061e+00
 3.25555556e+00 -1.48661417e+01 -3.78405287e+00  1.22817946e+01  9.45985048e+00
 3.25555556e+00 -1.47322835e+01 -3.65066307e+00  1.22845160e+01  9.45626684e+00
 3.25555556e+00 -1.45984252e+01 -3.51782998e+00  1.22859664e+01  9.45220524e+00
 3.25555556e+00 -1.44645669e+01 -3.38571213e+00  1.22859294e+01  9.44759529e+00
 3.25555556e+00 -1.43307087e+01 -3.25442767e+00  1.22841713e+01  9.44235264e+00
 3.25555556e+00 -1.41968504e+01 -3.12391541e+00  1.22803525e+01  9.43637269e+00
 3.25555556e+00 -1.40629921e+01 -2.99426816e+00  1.22741603e+01  9.42958049e+00
 3.25555556e+00 -1.39291339e+01 -2.86566422e+00  1.22653587e+01  9.42194364e+00
 3.25555556e+00 -1.37952756e+01 -2.73809256e+00  1.22538098e+01  9.41347298e+00
 3.25555556e+00 -1.36614173e+01 -2.61144143e+00  1.22394435e+01  9.40421408e+00
 3.25555556e+00 -1.35275591e+01 -2.48553721e+00  1.22222680e+01  9.39425173e+00
 3.25555556e+00 -1.33937008e+01 -2.36020022e+00  1.22024747e+01  9.38374585e+00
 3.25555556e+00 -1.32598425e+01 -2.23530769e+00  1.21803354e+01  9.37286752e+00
 3.25555556e+00 -1.31259843e+01 -2.11073215e+00  1.21561517e+01  9.36176791e+00
 3.25555556e+00 -1.29921260e+01 -1.98624569e+00  1.21302301e+01  9.35064194e+00
 3.25555556e+00 -1.28582677e+01 -1.86162442e+00  1.21029042e+01  9.33966111e+00
 3.25555556e+00 -1.27244094e+01 -1.73671729e+00  1.20745694e+01  9.32884910e+00
 3.25555556e+00 -1.25905512e+01 -1.61142446e+00  1.20455320e+01  9.31827057e+00
 3.25555556e+00 -1.24566929e+01 -1.48571353e+00  1.20160034e+01  9.30803653e+00
 3.25555556e+00 -1.23228346e+01 -1.35965151e+00  1.19861969e+01  9.29814001e+00
 3.25555556e+00 -1.21889764e+01 -1.23326256e+00  1.19562951e+01  9.28852432e+00
 3.25555556e+00 -1.20551181e+01 -1.10647605e+00  1.19264164e+01  9.27911823e+00
 3.25555556e+00 -1.19212598e+01 -9.79470779e-01  1.18965855e+01  9.26983969e+00
 3.25555556e+00 -1.17874016e+01 -8.52472060e-01  1.18667682e+01  9.26060698e+00
 3.25555556e+00 -1.16535433e+01 -7.25482543e-01  1.18369028e+01  9.25135266e+00
 3.25555556e+00 -1.15196850e+01 -5.98630982e-01  1.18069386e+01  9.24198790e+00
 3.25555556e+00 -1.13858268e+01 -4.72104223e-01  1.17768100e+01  9.23241465e+00
 3.25555556e+00 -1.12519685e+01 -3.45834893e-01  1.17463526e+01  9.22256825e+00
 3.25555556e+00 -1.11181102e+01 -2.19821689e-01  1.17155160e+01  9.21244431e+00
 3.25555556e+00 -1.09842520e+01 -9.41720155e-02  1.16844037e+01  9.20210500e+00
 3.25555556e+00 -1.08503937e+01  3.12630788e-02  1.16530509e+01  9.19163380e+00
 3.25555556e+00 -1.07165354e+01  1.56694203e-01  1.16215481e+01  9.18110767e+00
 3.25555556e+00 -1.05826772e+01  2.82254472e-01  1.15901490e+01  9.17058666e+00
 3.25555556e+00 -1.04488189e+01  4.08059357e-01  1.15590607e+01  9.16020764e+00
 3.25555556e+00 -1.03149606e+01  5.34209621e-01  1.15284759e+01  9.15013145e+00
 3.25555556e+00 -1.01811024e+01  6.60777196e-01  1.14986761e+01  9.14042248e+00
 3.25555556e+00 -1.00472441e+01  7.87874987e-01  1.14698971e+01  9.13109704e+00
 3.25555556e+00 -9.91338583e+00  9.15640632e-01  1.14423072e+01  9.12216292e+00
 3.25555556e+00 -9.77952756e+00  1.04406962e+00  1.14160657e+01  9.11373595e+00
 3.25555556e+00 -9.64566929e+00  1.17314240e+00  1.13913581e+01  9.10584978e+00
 3.25555556e+00 -9.51181102e+00  1.30288616e+00  1.13683927e+01  9.09838078e+00
 3.25555556e+00 -9.37795276e+00  1.43328150e+00  1.13472026e+01  9.09139032e+00
 3.25555556e+00 -9.24409449e+00  1.56429973e+00  1.13278180e+01  9.08493894e+00
 3.25555556e+00 -9.11023622e+00  1.69594066e+00  1.13104026e+01  9.07891139e+00
 3.25555556e+00 -8.97637795e+00  1.82819939e+00  1.12949154e+01  9.07324270e+00
 3.25555556e+00 -8.84251969e+00  1.96099150e+00  1.12812757e+01  9.06791457e+00
 3.25555556e+00 -8.70866142e+00  2.09409481e+00  1.12695472e+01  9.06291640e+00
 3.25555556e+00 -8.57480315e+00  2.22754284e+00  1.12595450e+01  9.05816326e+00
 3.25555556e+00 -8.44094488e+00  2.36137665e+00  1.12510311e+01  9.05355089e+00
 3.25555556e+00 -8.30708661e+00  2.49531786e+00  1.12439550e+01  9.04903002e+00
 3.25555556e+00 -8.17322835e+00  2.62930616e+00  1.12381350e+01  9.04458404e+00
 3.25555556e+00 -8.03937008e+00  2.76338577e+00  1.12333552e+01  9.04017741e+00
 3.25555556e+00 -7.90551181e+00  2.89750481e+00  1.12294976e+01  9.03571555e+00
 3.25555556e+00 -7.77165354e+00  3.03163785e+00  1.12263906e+01  9.03121773e+00
 3.25555556e+00 -7.63779528e+00  3.16571955e+00  1.12238721e+01  9.02669166e+00
 3.25555556e+00 -7.50393701e+00  3.29959828e+00  1.12218601e+01  9.02201058e+00
 3.25555556e+00 -7.37007874e+00  3.43344118e+00  1.12201969e+01  9.01724589e+00
 3.25555556e+00 -7.23622047e+00  3.56738024e+00  1.12187623e+01  9.01245848e+00
 3.25555556e+00 -7.10236220e+00  3.70117655e+00  1.12175775e+01  9.00750648e+00
 3.25555556e+00 -6.96850394e+00  3.83484732e+00  1.12165569e+01  9.00253149e+00
 3.25555556e+00 -6.83464567e+00  3.96851286e+00  1.12155996e+01  8.99767336e+00
 3.25555556e+00 -6.70078740e+00  4.10219408e+00  1.12146955e+01  8.99278827e+00
 3.25555556e+00 -6.56692913e+00  4.23584234e+00  1.12138831e+01  8.98781866e+00
 3.25555556e+00 -6.43307087e+00  4.36945002e+00  1.12131736e+01  8.98278000e+00
 3.25555556e+00 -6.29921260e+00  4.50312390e+00  1.12125012e+01  8.97770652e+00
 3.25555556e+00 -6.16535433e+00  4.63685584e+00  1.12118643e+01  8.97257772e+00
 3.25555556e+00 -6.03149606e+00  4.77059764e+00  1.12112925e+01  8.96739142e+00
 3.25555556e+00 -5.89763780e+00  4.90434502e+00  1.12108024e+01  8.96221549e+00
 3.25555556e+00 -5.76377953e+00  5.03812160e+00  1.12103691e+01  8.95700755e+00
 3.25555556e+00 -5.62992126e+00  5.17193427e+00  1.12099765e+01  8.95171973e+00
 3.25555556e+00 -5.49606299e+00  5.30574790e+00  1.12096502e+01  8.94638794e+00
 3.25555556e+00 -5.36220472e+00  5.43957766e+00  1.12093615e+01  8.94099608e+00
 3.25555556e+00 -5.22834646e+00  5.57343645e+00  1.12090983e+01  8.93553706e+00
 3.25555556e+00 -5.09448819e+00  5.70729345e+00  1.12089089e+01  8.93005393e+00
 3.25555556e+00 -4.96062992e+00  5.84114389e+00  1.12087327e+01  8.92449283e+00
 3.25555556e+00 -4.82677165e+00  5.97498875e+00  1.12085394e+01  8.91881967e+00
 3.25555556e+00 -4.69291339e+00  6.10882070e+00  1.12084155e+01  8.91309771e+00
 3.25555556e+00 -4.55905512e+00  6.24266598e+00  1.12083077e+01  8.90731244e+00
 3.25555556e+00 -4.42519685e+00  6.37654291e+00  1.12081780e+01  8.90143648e+00
 3.25555556e+00 -4.29133858e+00  6.51043398e+00  1.12081010e+01  8.89548042e+00
 3.25555556e+00 -4.15748031e+00  6.64432752e+00  1.12080346e+01  8.88943823e+00
 3.25555556e+00 -4.02362205e+00  6.77821908e+00  1.12079458e+01  8.88330876e+00
 3.25555556e+00 -3.88976378e+00  6.91211698e+00  1.12078890e+01  8.87710807e+00
 3.25555556e+00 -3.75590551e+00  7.04607748e+00  1.12078527e+01  8.87082895e+00
 3.25555556e+00 -3.62204724e+00  7.18010924e+00  1.12078092e+01  8.86444184e+00
 3.25555556e+00 -3.48818898e+00  7.31414278e+00  1.12077547e+01  8.85791080e+00
 3.25555556e+00 -3.35433071e+00  7.44824662e+00  1.12077029e+01  8.85127438e+00
 3.25555556e+00 -3.22047244e+00  7.58248827e+00  1.12076819e+01  8.84456650e+00
 3.25555556e+00 -3.08661417e+00  7.71686096e+00  1.12077186e+01  8.83777141e+00
 3.25555556e+00 -2.95275591e+00  7.85141164e+00  1.12077643e+01  8.83086991e+00
 3.25555556e+00 -2.81889764e+00  7.98621051e+00  1.12078083e+01  8.82383958e+00
 3.25555556e+00 -2.68503937e+00  8.12133578e+00  1.12079133e+01  8.81665845e+00
 3.25555556e+00 -2.55118110e+00  8.25691122e+00  1.12080585e+01  8.80933418e+00
 3.25555556e+00 -2.41732283e+00  8.39312310e+00  1.12082541e+01  8.80187031e+00
 3.25555556e+00 -2.28346457e+00  8.53022063e+00  1.12085735e+01  8.79424701e+00
 3.25555556e+00 -2.14960630e+00  8.66850643e+00  1.12090379e+01  8.78642487e+00
 3.25555556e+00 -2.01574803e+00  8.80832703e+00  1.12096403e+01  8.77838846e+00
 3.25555556e+00 -1.88188976e+00  8.95019853e+00  1.12104484e+01  8.77013926e+00
 3.25555556e+00 -1.74803150e+00  9.09502696e+00  1.12116241e+01  8.76156460e+00
 3.25555556e+00 -1.61417323e+00  9.24393867e+00  1.12132883e+01  8.75258492e+00
 3.25555556e+00 -1.48031496e+00  9.39850101e+00  1.12156376e+01  8.74315818e+00
 3.25555556e+00 -1.34645669e+00  9.56095838e+00  1.12191735e+01  8.73319664e+00
 3.25555556e+00 -1.21259843e+00  9.73452889e+00  1.12247288e+01  8.72245262e+00
 3.25555556e+00 -1.07874016e+00  9.92331810e+00  1.12339347e+01  8.71068391e+00
 3.25555556e+00 -9.44881890e-01  1.01329093e+01  1.12488882e+01  8.69753306e+00
 3.25555556e+00 -8.11023622e-01  1.03694918e+01  1.12739451e+01  8.68251652e+00
 3.25555556e+00 -6.77165354e-01  1.06393123e+01  1.13190128e+01  8.66503305e+00
 3.25555556e+00 -5.43307087e-01  1.09435890e+01  1.13960141e+01  8.64462755e+00
 3.25555556e+00 -4.09448819e-01  1.12670586e+01  1.15107180e+01  8.62135746e+00
 3.25555556e+00 -2.75590551e-01  1.15905282e+01  1.16254219e+01  8.59808737e+00
 3.25555556e+00 -1.41732283e-01  1.19139978e+01  1.17401258e+01  8.57481728e+00
 3.25555556e+00 -7.87401575e-03  1.22374674e+01  1.18548297e+01  8.55154719e+00
 3.25555556e+00  1.25984252e-01  1.25609370e+01  1.19695336e+01  8.52827710e+00
 3.25555556e+00  2.59842520e-01  1.28844066e+01  1.20842375e+01  8.50500701e+00
 3.25555556e+00  3.93700787e-01  1.32078762e+01  1.21989414e+01  8.48173692e+00
 3.25555556e+00  5.27559055e-01  1.35313458e+01  1.23136453e+01  8.45846683e+00
 3.25555556e+00  6.61417323e-01  1.38548154e+01  1.24283492e+01  8.43519674e+00
 3.25555556e+00  7.95275591e-01  1.41782850e+01  1.25430531e+01  8.41192665e+00
 3.25555556e+00  9.29133858e-01  1.45017546e+01  1.26577570e+01  8.38865656e+00
 3.25555556e+00  1.06299213e+00  1.48252242e+01  1.27724609e+01  8.36538647e+00
 3.25555556e+00  1.19685039e+00  1.51486938e+01  1.28871648e+01  8.34211638e+00
 3.25555556e+00  1.33070866e+00  1.54721634e+01  1.30018687e+01  8.31884629e+00
 3.25555556e+00  1.46456693e+00  1.57956330e+01  1.31165726e+01  8.29557620e+00
 3.25555556e+00  1.59842520e+00  1.61191026e+01  1.32312765e+01  8.27230611e+00
 3.25555556e+00  1.73228346e+00  1.64425722e+01  1.33459804e+01  8.24903602e+00
 3.25555556e+00  1.86614173e+00  1.67660418e+01  1.34606843e+01  8.22576593e+00
 3.25555556e+00  2.00000000e+00  1.70895114e+01  1.35753882e+01  8.20249584e+00
 3.33396825e+00 -1.50000000e+01 -3.86259127e+00  1.22251044e+01  9.44580014e+00
 3.33396825e+00 -1.48661417e+01 -3.72877539e+00  1.22240114e+01  9.44253308e+00
 3.33396825e+00 -1.47322835e+01 -3.59483679e+00  1.22231122e+01  9.43930725e+00
 3.33396825e+00 -1.45984252e+01 -3.46076345e+00  1.22224618e+01  9.43618403e+00
 3.33396825e+00 -1.44645669e+01 -3.32655169e+00  1.22221943e+01  9.43315723e+00
 3.33396825e+00 -1.43307087e+01 -3.19215310e+00  1.22223748e+01  9.43025591e+00
 3.33396825e+00 -1.41968504e+01 -3.05750663e+00  1.22230100e+01  9.42752179e+00
 3.33396825e+00 -1.40629921e+01 -2.92264563e+00  1.22241854e+01  9.42489520e+00
 3.33396825e+00 -1.39291339e+01 -2.78756042e+00  1.22259811e+01  9.42239552e+00
 3.33396825e+00 -1.37952756e+01 -2.65221693e+00  1.22284311e+01  9.42009720e+00
 3.33396825e+00 -1.36614173e+01 -2.51666761e+00  1.22314872e+01  9.41797929e+00
 3.33396825e+00 -1.35275591e+01 -2.38094026e+00  1.22351465e+01  9.41591840e+00
 3.33396825e+00 -1.33937008e+01 -2.24506792e+00  1.22393850e+01  9.41381118e+00
 3.33396825e+00 -1.32598425e+01 -2.10922396e+00  1.22440038e+01  9.41175421e+00
 3.33396825e+00 -1.31259843e+01 -1.97358149e+00  1.22488350e+01  9.40964433e+00
 3.33396825e+00 -1.29921260e+01 -1.83817614e+00  1.22537433e+01  9.40732143e+00
 3.33396825e+00 -1.28582677e+01 -1.70301835e+00  1.22585652e+01  9.40482106e+00
 3.33396825e+00 -1.27244094e+01 -1.56818879e+00  1.22630860e+01  9.40203398e+00
 3.33396825e+00 -1.25905512e+01 -1.43377148e+00  1.22670608e+01  9.39884844e+00
 3.33396825e+00 -1.24566929e+01 -1.29985312e+00  1.22702405e+01  9.39532010e+00
 3.33396825e+00 -1.23228346e+01 -1.16649800e+00  1.22724199e+01  9.39133097e+00
 3.33396825e+00 -1.21889764e+01 -1.03380924e+00  1.22733300e+01  9.38673487e+00
 3.33396825e+00 -1.20551181e+01 -9.01968746e-01  1.22725532e+01  9.38151289e+00
 3.33396825e+00 -1.19212598e+01 -7.71038158e-01  1.22697892e+01  9.37557467e+00
 3.33396825e+00 -1.17874016e+01 -6.41058843e-01  1.22647868e+01  9.36880996e+00
 3.33396825e+00 -1.16535433e+01 -5.12153593e-01  1.22572661e+01  9.36116813e+00
 3.33396825e+00 -1.15196850e+01 -3.84349867e-01  1.22470100e+01  9.35268848e+00
 3.33396825e+00 -1.13858268e+01 -2.57586240e-01  1.22338956e+01  9.34343018e+00
 3.33396825e+00 -1.12519685e+01 -1.31729236e-01  1.22179535e+01  9.33338382e+00
 3.33396825e+00 -1.11181102e+01 -6.62366291e-03  1.21993085e+01  9.32267962e+00
 3.33396825e+00 -1.09842520e+01  1.17904515e-01  1.21781672e+01  9.31155493e+00
 3.33396825e+00 -1.08503937e+01  2.42077717e-01  1.21548435e+01  9.30014128e+00
 3.33396825e+00 -1.07165354e+01  3.66104178e-01  1.21296621e+01  9.28855900e+00
 3.33396825e+00 -1.05826772e+01  4.90150961e-01  1.21029273e+01  9.27695860e+00
 3.33396825e+00 -1.04488189e+01  6.14362172e-01  1.20749468e+01  9.26546541e+00
 3.33396825e+00 -1.03149606e+01  7.38827262e-01  1.20460204e+01  9.25415773e+00
 3.33396825e+00 -1.01811024e+01  8.63511703e-01  1.20164121e+01  9.24302315e+00
 3.33396825e+00 -1.00472441e+01  9.88419854e-01  1.19862838e+01  9.23205726e+00
 3.33396825e+00 -9.91338583e+00  1.11359074e+00  1.19557062e+01  9.22126200e+00
 3.33396825e+00 -9.77952756e+00  1.23893041e+00  1.19247710e+01  9.21054719e+00
 3.33396825e+00 -9.64566929e+00  1.36431410e+00  1.18935432e+01  9.19982794e+00
 3.33396825e+00 -9.51181102e+00  1.48964409e+00  1.18620271e+01  9.18907827e+00
 3.33396825e+00 -9.37795276e+00  1.61485638e+00  1.18302104e+01  9.17827139e+00
 3.33396825e+00 -9.24409449e+00  1.73992517e+00  1.17980969e+01  9.16736931e+00
 3.33396825e+00 -9.11023622e+00  1.86488263e+00  1.17657532e+01  9.15631640e+00
 3.33396825e+00 -8.97637795e+00  1.98979752e+00  1.17332971e+01  9.14515583e+00
 3.33396825e+00 -8.84251969e+00  2.11476578e+00  1.17008915e+01  9.13402219e+00
 3.33396825e+00 -8.70866142e+00  2.23989493e+00  1.16687342e+01  9.12302894e+00
 3.33396825e+00 -8.57480315e+00  2.36530463e+00  1.16370764e+01  9.11226478e+00
 3.33396825e+00 -8.44094488e+00  2.49112586e+00  1.16062249e+01  9.10178892e+00
 3.33396825e+00 -8.30708661e+00  2.61745846e+00  1.15763571e+01  9.09164073e+00
 3.33396825e+00 -8.17322835e+00  2.74438812e+00  1.15476337e+01  9.08187116e+00
 3.33396825e+00 -8.03937008e+00  2.87200721e+00  1.15203635e+01  9.07258210e+00
 3.33396825e+00 -7.90551181e+00  3.00035602e+00  1.14947729e+01  9.06380470e+00
 3.33396825e+00 -7.77165354e+00  3.12942704e+00  1.14709814e+01  9.05550802e+00
 3.33396825e+00 -7.63779528e+00  3.25920822e+00  1.14490552e+01  9.04768895e+00
 3.33396825e+00 -7.50393701e+00  3.38968487e+00  1.14290902e+01  9.04035496e+00
 3.33396825e+00 -7.37007874e+00  3.52082378e+00  1.14111600e+01  9.03349034e+00
 3.33396825e+00 -7.23622047e+00  3.65251092e+00  1.13949972e+01  9.02694905e+00
 3.33396825e+00 -7.10236220e+00  3.78474690e+00  1.13809700e+01  9.02077562e+00
 3.33396825e+00 -6.96850394e+00  3.91763372e+00  1.13699735e+01  9.01521403e+00
 3.33396825e+00 -6.83464567e+00  4.05078025e+00  1.13603101e+01  9.00988724e+00
 3.33396825e+00 -6.70078740e+00  4.18395292e+00  1.13509994e+01  9.00452189e+00
 3.33396825e+00 -6.56692913e+00  4.31733867e+00  1.13431158e+01  8.99926999e+00
 3.33396825e+00 -6.43307087e+00  4.45086818e+00  1.13365008e+01  8.99409834e+00
 3.33396825e+00 -6.29921260e+00  4.58444490e+00  1.13307746e+01  8.98892183e+00
 3.33396825e+00 -6.16535433e+00  4.71806891e+00  1.13259210e+01  8.98369937e+00
 3.33396825e+00 -6.03149606e+00  4.85169102e+00  1.13218172e+01  8.97843297e+00
 3.33396825e+00 -5.89763780e+00  4.98528232e+00  1.13183077e+01  8.97312178e+00
 3.33396825e+00 -5.76377953e+00  5.11886428e+00  1.13152673e+01  8.96775344e+00
 3.33396825e+00 -5.62992126e+00  5.25243790e+00  1.13126217e+01  8.96237993e+00
 3.33396825e+00 -5.49606299e+00  5.38600860e+00  1.13103071e+01  8.95699742e+00
 3.33396825e+00 -5.36220472e+00  5.51959596e+00  1.13082616e+01  8.95151745e+00
 3.33396825e+00 -5.22834646e+00  5.65320408e+00  1.13064818e+01  8.94595590e+00
 3.33396825e+00 -5.09448819e+00  5.78682629e+00  1.13049542e+01  8.94034844e+00
 3.33396825e+00 -4.96062992e+00  5.92045714e+00  1.13036234e+01  8.93470836e+00
 3.33396825e+00 -4.82677165e+00  6.05413230e+00  1.13024280e+01  8.92905531e+00
 3.33396825e+00 -4.69291339e+00  6.18785873e+00  1.13013789e+01  8.92336091e+00
 3.33396825e+00 -4.55905512e+00  6.32159999e+00  1.13005488e+01  8.91756001e+00
 3.33396825e+00 -4.42519685e+00  6.45537770e+00  1.12998415e+01  8.91173208e+00
 3.33396825e+00 -4.29133858e+00  6.58919176e+00  1.12991806e+01  8.90588306e+00
 3.33396825e+00 -4.15748031e+00  6.72300340e+00  1.12985919e+01  8.89990252e+00
 3.33396825e+00 -4.02362205e+00  6.85684371e+00  1.12981249e+01  8.89386209e+00
 3.33396825e+00 -3.88976378e+00  6.99074546e+00  1.12977636e+01  8.88779295e+00
 3.33396825e+00 -3.75590551e+00  7.12470601e+00  1.12974245e+01  8.88161803e+00
 3.33396825e+00 -3.62204724e+00  7.25868038e+00  1.12971211e+01  8.87533499e+00
 3.33396825e+00 -3.48818898e+00  7.39268906e+00  1.12968645e+01  8.86896217e+00
 3.33396825e+00 -3.35433071e+00  7.52681747e+00  1.12966376e+01  8.86250932e+00
 3.33396825e+00 -3.22047244e+00  7.66102492e+00  1.12964718e+01  8.85597129e+00
 3.33396825e+00 -3.08661417e+00  7.79531528e+00  1.12963637e+01  8.84932310e+00
 3.33396825e+00 -2.95275591e+00  7.92978718e+00  1.12962699e+01  8.84253698e+00
 3.33396825e+00 -2.81889764e+00  8.06454049e+00  1.12962173e+01  8.83565146e+00
 3.33396825e+00 -2.68503937e+00  8.19963597e+00  1.12962298e+01  8.82867708e+00
 3.33396825e+00 -2.55118110e+00  8.33512433e+00  1.12963070e+01  8.82157519e+00
 3.33396825e+00 -2.41732283e+00  8.47119382e+00  1.12964539e+01  8.81431227e+00
 3.33396825e+00 -2.28346457e+00  8.60809887e+00  1.12967068e+01  8.80687973e+00
 3.33396825e+00 -2.14960630e+00  8.74615314e+00  1.12971224e+01  8.79928783e+00
 3.33396825e+00 -2.01574803e+00  8.88572664e+00  1.12976975e+01  8.79152150e+00
 3.33396825e+00 -1.88188976e+00  9.02735109e+00  1.12985097e+01  8.78353152e+00
 3.33396825e+00 -1.74803150e+00  9.17173008e+00  1.12996831e+01  8.77524367e+00
 3.33396825e+00 -1.61417323e+00  9.31993570e+00  1.13013753e+01  8.76660703e+00
 3.33396825e+00 -1.48031496e+00  9.47323512e+00  1.13036523e+01  8.75756427e+00
 3.33396825e+00 -1.34645669e+00  9.63397835e+00  1.13070626e+01  8.74804028e+00
 3.33396825e+00 -1.21259843e+00  9.80510001e+00  1.13124073e+01  8.73783158e+00
 3.33396825e+00 -1.07874016e+00  9.99038551e+00  1.13210444e+01  8.72667553e+00
 3.33396825e+00 -9.44881890e-01  1.01947372e+01  1.13349332e+01  8.71436528e+00
 3.33396825e+00 -8.11023622e-01  1.04240874e+01  1.13577767e+01  8.70042997e+00
 3.33396825e+00 -6.77165354e-01  1.06843866e+01  1.13978782e+01  8.68433674e+00
 3.33396825e+00 -5.43307087e-01  1.09781076e+01  1.14653996e+01  8.66562621e+00
 3.33396825e+00 -4.09448819e-01  1.12876325e+01  1.15663838e+01  8.64451769e+00
 3.33396825e+00 -2.75590551e-01  1.15971574e+01  1.16673680e+01  8.62340917e+00
 3.33396825e+00 -1.41732283e-01  1.19066823e+01  1.17683522e+01  8.60230065e+00
 3.33396825e+00 -7.87401575e-03  1.22162072e+01  1.18693364e+01  8.58119213e+00
 3.33396825e+00  1.25984252e-01  1.25257321e+01  1.19703206e+01  8.56008361e+00
 3.33396825e+00  2.59842520e-01  1.28352570e+01  1.20713048e+01  8.53897509e+00
 3.33396825e+00  3.93700787e-01  1.31447819e+01  1.21722890e+01  8.51786657e+00
 3.33396825e+00  5.27559055e-01  1.34543068e+01  1.22732732e+01  8.49675805e+00
 3.33396825e+00  6.61417323e-01  1.37638317e+01  1.23742574e+01  8.47564953e+00
 3.33396825e+00  7.95275591e-01  1.40733566e+01  1.24752416e+01  8.45454101e+00
 3.33396825e+00  9.29133858e-01  1.43828815e+01  1.25762258e+01  8.43343249e+00
 3.33396825e+00  1.06299213e+00  1.46924064e+01  1.26772100e+01  8.41232397e+00
 3.33396825e+00  1.19685039e+00  1.50019313e+01  1.27781942e+01  8.39121545e+00
 3.33396825e+00  1.33070866e+00  1.53114562e+01  1.28791784e+01  8.37010693e+00
 3.33396825e+00  1.46456693e+00  1.56209811e+01  1.29801626e+01  8.34899841e+00
 3.33396825e+00  1.59842520e+00  1.59305060e+01  1.30811468e+01  8.32788989e+00
 3.33396825e+00  1.73228346e+00  1.62400309e+01  1.31821310e+01  8.30678137e+00
 3.33396825e+00  1.86614173e+00  1.65495558e+01  1.32831152e+01  8.28567285e+00
 3.33396825e+00  2.00000000e+00  1.68590807e+01  1.33840994e+01  8.26456433e+00
 3.41238095e+00 -1.50000000e+01 -3.77762741e+00  1.22536863e+01  9.45091740e+00
 3.41238095e+00 -1.48661417e+01 -3.64373346e+00  1.22541079e+01  9.44773242e+00
 3.41238095e+00 -1.47322835e+01 -3.50984179e+00  1.22544616e+01  9.44457776e+00
 3.41238095e+00 -1.45984252e+01 -3.37596250e+00  1.22547196e+01  9.44135775e+00
 3.41238095e+00 -1.44645669e+01 -3.24216144e+00  1.22548465e+01  9.43798401e+00
 3.41238095e+00 -1.43307087e+01 -3.10845406e+00  1.22548471e+01  9.43463046e+00
 3.41238095e+00 -1.41968504e+01 -2.97478074e+00  1.22546963e+01  9.43120889e+00
 3.41238095e+00 -1.40629921e+01 -2.84110741e+00  1.22543634e+01  9.42757977e+00
 3.41238095e+00 -1.39291339e+01 -2.70753804e+00  1.22538528e+01  9.42389908e+00
 3.41238095e+00 -1.37952756e+01 -2.57401689e+00  1.22531323e+01  9.42021447e+00
 3.41238095e+00 -1.36614173e+01 -2.44044869e+00  1.22521906e+01  9.41647670e+00
 3.41238095e+00 -1.35275591e+01 -2.30688508e+00  1.22511147e+01  9.41263170e+00
 3.41238095e+00 -1.33937008e+01 -2.17333855e+00  1.22499240e+01  9.40871389e+00
 3.41238095e+00 -1.32598425e+01 -2.03983096e+00  1.22486176e+01  9.40478559e+00
 3.41238095e+00 -1.31259843e+01 -1.90636790e+00  1.22472521e+01  9.40085232e+00
 3.41238095e+00 -1.29921260e+01 -1.77292195e+00  1.22458364e+01  9.39694464e+00
 3.41238095e+00 -1.28582677e+01 -1.63947204e+00  1.22443992e+01  9.39306644e+00
 3.41238095e+00 -1.27244094e+01 -1.50594914e+00  1.22430728e+01  9.38913648e+00
 3.41238095e+00 -1.25905512e+01 -1.37230034e+00  1.22418740e+01  9.38526324e+00
 3.41238095e+00 -1.24566929e+01 -1.23852448e+00  1.22407969e+01  9.38154251e+00
 3.41238095e+00 -1.23228346e+01 -1.10468432e+00  1.22399490e+01  9.37780921e+00
 3.41238095e+00 -1.21889764e+01 -9.70691169e-01  1.22393988e+01  9.37413887e+00
 3.41238095e+00 -1.20551181e+01 -8.36448859e-01  1.22391955e+01  9.37065385e+00
 3.41238095e+00 -1.19212598e+01 -7.02032255e-01  1.22394116e+01  9.36725112e+00
 3.41238095e+00 -1.17874016e+01 -5.67430729e-01  1.22401396e+01  9.36393510e+00
 3.41238095e+00 -1.16535433e+01 -4.32599543e-01  1.22414377e+01  9.36078153e+00
 3.41238095e+00 -1.15196850e+01 -2.97550524e-01  1.22432792e+01  9.35783666e+00
 3.41238095e+00 -1.13858268e+01 -1.62342532e-01  1.22456572e+01  9.35497128e+00
 3.41238095e+00 -1.12519685e+01 -2.70227528e-02  1.22485472e+01  9.35207312e+00
 3.41238095e+00 -1.11181102e+01  1.08394180e-01  1.22518623e+01  9.34920822e+00
 3.41238095e+00 -1.09842520e+01  2.43708074e-01  1.22554693e+01  9.34637222e+00
 3.41238095e+00 -1.08503937e+01  3.78787705e-01  1.22591445e+01  9.34340966e+00
 3.41238095e+00 -1.07165354e+01  5.13697453e-01  1.22625752e+01  9.34004889e+00
 3.41238095e+00 -1.05826772e+01  6.48203166e-01  1.22656025e+01  9.33638685e+00
 3.41238095e+00 -1.04488189e+01  7.82095939e-01  1.22679646e+01  9.33242868e+00
 3.41238095e+00 -1.03149606e+01  9.15357933e-01  1.22691959e+01  9.32787716e+00
 3.41238095e+00 -1.01811024e+01  1.04784681e+00  1.22690426e+01  9.32269910e+00
 3.41238095e+00 -1.00472441e+01  1.17940884e+00  1.22671996e+01  9.31685865e+00
 3.41238095e+00 -9.91338583e+00  1.30994490e+00  1.22632037e+01  9.31019060e+00
 3.41238095e+00 -9.77952756e+00  1.43936019e+00  1.22568060e+01  9.30267874e+00
 3.41238095e+00 -9.64566929e+00  1.56760362e+00  1.22478186e+01  9.29433760e+00
 3.41238095e+00 -9.51181102e+00  1.69470056e+00  1.22360226e+01  9.28513532e+00
 3.41238095e+00 -9.37795276e+00  1.82076098e+00  1.22213626e+01  9.27508526e+00
 3.41238095e+00 -9.24409449e+00  1.94592156e+00  1.22039110e+01  9.26428354e+00
 3.41238095e+00 -9.11023622e+00  2.07030288e+00  1.21838600e+01  9.25296144e+00
 3.41238095e+00 -8.97637795e+00  2.19414901e+00  1.21614814e+01  9.24126594e+00
 3.41238095e+00 -8.84251969e+00  2.31775924e+00  1.21370862e+01  9.22928201e+00
 3.41238095e+00 -8.70866142e+00  2.44122482e+00  1.21109734e+01  9.21720344e+00
 3.41238095e+00 -8.57480315e+00  2.56462266e+00  1.20834182e+01  9.20514582e+00
 3.41238095e+00 -8.44094488e+00  2.68809164e+00  1.20546609e+01  9.19306668e+00
 3.41238095e+00 -8.30708661e+00  2.81169904e+00  1.20249479e+01  9.18102115e+00
 3.41238095e+00 -8.17322835e+00  2.93544703e+00  1.19944996e+01  9.16908264e+00
 3.41238095e+00 -8.03937008e+00  3.05927469e+00  1.19634383e+01  9.15718989e+00
 3.41238095e+00 -7.90551181e+00  3.18315023e+00  1.19318426e+01  9.14531545e+00
 3.41238095e+00 -7.77165354e+00  3.30707865e+00  1.18997768e+01  9.13348625e+00
 3.41238095e+00 -7.63779528e+00  3.43102808e+00  1.18673844e+01  9.12168029e+00
 3.41238095e+00 -7.50393701e+00  3.55499679e+00  1.18348113e+01  9.10985976e+00
 3.41238095e+00 -7.37007874e+00  3.67907579e+00  1.18021712e+01  9.09801790e+00
 3.41238095e+00 -7.23622047e+00  3.80345403e+00  1.17698576e+01  9.08646552e+00
 3.41238095e+00 -7.10236220e+00  3.92829697e+00  1.17383055e+01  9.07554928e+00
 3.41238095e+00 -6.96850394e+00  4.05345890e+00  1.17073708e+01  9.06493594e+00
 3.41238095e+00 -6.83464567e+00  4.17899874e+00  1.16771310e+01  9.05448142e+00
 3.41238095e+00 -6.70078740e+00  4.30526404e+00  1.16480805e+01  9.04443906e+00
 3.41238095e+00 -6.56692913e+00  4.43225284e+00  1.16205637e+01  9.03487048e+00
 3.41238095e+00 -6.43307087e+00  4.55990380e+00  1.15947822e+01  9.02577006e+00
 3.41238095e+00 -6.29921260e+00  4.68833463e+00  1.15708168e+01  9.01717117e+00
 3.41238095e+00 -6.16535433e+00  4.81756341e+00  1.15487870e+01  9.00900710e+00
 3.41238095e+00 -6.03149606e+00  4.94752382e+00  1.15287871e+01  9.00120519e+00
 3.41238095e+00 -5.89763780e+00  5.07813024e+00  1.15107660e+01  8.99384875e+00
 3.41238095e+00 -5.76377953e+00  5.20932164e+00  1.14946868e+01  8.98688526e+00
 3.41238095e+00 -5.62992126e+00  5.34103662e+00  1.14805030e+01  8.98017296e+00
 3.41238095e+00 -5.49606299e+00  5.47314275e+00  1.14680345e+01  8.97369560e+00
 3.41238095e+00 -5.36220472e+00  5.60555104e+00  1.14570779e+01  8.96738468e+00
 3.41238095e+00 -5.22834646e+00  5.73821652e+00  1.14474750e+01  8.96114687e+00
 3.41238095e+00 -5.09448819e+00  5.87106899e+00  1.14391940e+01  8.95503883e+00
 3.41238095e+00 -4.96062992e+00  6.00407477e+00  1.14320424e+01  8.94901361e+00
 3.41238095e+00 -4.82677165e+00  6.13721550e+00  1.14257343e+01  8.94294256e+00
 3.41238095e+00 -4.69291339e+00  6.27039176e+00  1.14202632e+01  8.93685673e+00
 3.41238095e+00 -4.55905512e+00  6.40360659e+00  1.14155504e+01  8.93077134e+00
 3.41238095e+00 -4.42519685e+00  6.53693983e+00  1.14114206e+01  8.92466045e+00
 3.41238095e+00 -4.29133858e+00  6.67034003e+00  1.14078017e+01  8.91852963e+00
 3.41238095e+00 -4.15748031e+00  6.80377933e+00  1.14046586e+01  8.91239454e+00
 3.41238095e+00 -4.02362205e+00  6.93728395e+00  1.14019621e+01  8.90625765e+00
 3.41238095e+00 -3.88976378e+00  7.07088710e+00  1.13996563e+01  8.90006721e+00
 3.41238095e+00 -3.75590551e+00  7.20457111e+00  1.13976730e+01  8.89380872e+00
 3.41238095e+00 -3.62204724e+00  7.33829660e+00  1.13959489e+01  8.88750731e+00
 3.41238095e+00 -3.48818898e+00  7.47211726e+00  1.13944630e+01  8.88116289e+00
 3.41238095e+00 -3.35433071e+00  7.60605619e+00  1.13931984e+01  8.87474473e+00
 3.41238095e+00 -3.22047244e+00  7.74010116e+00  1.13921305e+01  8.86821974e+00
 3.41238095e+00 -3.08661417e+00  7.87428315e+00  1.13912275e+01  8.86162298e+00
 3.41238095e+00 -2.95275591e+00  8.00866068e+00  1.13904733e+01  8.85497600e+00
 3.41238095e+00 -2.81889764e+00  8.14330089e+00  1.13898606e+01  8.84825633e+00
 3.41238095e+00 -2.68503937e+00  8.27825713e+00  1.13893692e+01  8.84138571e+00
 3.41238095e+00 -2.55118110e+00  8.41361928e+00  1.13890103e+01  8.83437057e+00
 3.41238095e+00 -2.41732283e+00  8.54952986e+00  1.13888071e+01  8.82726668e+00
 3.41238095e+00 -2.28346457e+00  8.68621436e+00  1.13887460e+01  8.82004378e+00
 3.41238095e+00 -2.14960630e+00  8.82398876e+00  1.13888599e+01  8.81266964e+00
 3.41238095e+00 -2.01574803e+00  8.96324152e+00  1.13892010e+01  8.80511720e+00
 3.41238095e+00 -1.88188976e+00  9.10441914e+00  1.13897827e+01  8.79734803e+00
 3.41238095e+00 -1.74803150e+00  9.24825821e+00  1.13907579e+01  8.78933373e+00
 3.41238095e+00 -1.61417323e+00  9.39561925e+00  1.13922368e+01  8.78101426e+00
 3.41238095e+00 -1.48031496e+00  9.54790361e+00  1.13943785e+01  8.77231775e+00
 3.41238095e+00 -1.34645669e+00  9.70707255e+00  1.13976371e+01  8.76319439e+00
 3.41238095e+00 -1.21259843e+00  9.87583333e+00  1.14026353e+01  8.75342074e+00
 3.41238095e+00 -1.07874016e+00  1.00576717e+01  1.14105400e+01  8.74283443e+00
 3.41238095e+00 -9.44881890e-01  1.02571071e+01  1.14231667e+01  8.73128473e+00
 3.41238095e+00 -8.11023622e-01  1.04795889e+01  1.14438674e+01  8.71833056e+00
 3.41238095e+00 -6.77165354e-01  1.07310145e+01  1.14792652e+01  8.70345274e+00
 3.41238095e+00 -5.43307087e-01  1.10150358e+01  1.15379371e+01  8.68622218e+00
 3.41238095e+00 -4.09448819e-01  1.13118936e+01  1.16267949e+01  8.66704996e+00
 3.41238095e+00 -2.75590551e-01  1.16087514e+01  1.17156527e+01  8.64787774e+00
 3.41238095e+00 -1.41732283e-01  1.19056092e+01  1.18045105e+01  8.62870552e+00
 3.41238095e+00 -7.87401575e-03  1.22024670e+01  1.18933683e+01  8.60953330e+00
 3.41238095e+00  1.25984252e-01  1.24993248e+01  1.19822261e+01  8.59036108e+00
 3.41238095e+00  2.59842520e-01  1.27961826e+01  1.20710839e+01  8.57118886e+00
 3.41238095e+00  3.93700787e-01  1.30930404e+01  1.21599417e+01  8.55201664e+00
 3.41238095e+00  5.27559055e-01  1.33898982e+01  1.22487995e+01  8.53284442e+00
 3.41238095e+00  6.61417323e-01  1.36867560e+01  1.23376573e+01  8.51367220e+00
 3.41238095e+00  7.95275591e-01  1.39836138e+01  1.24265151e+01  8.49449998e+00
 3.41238095e+00  9.29133858e-01  1.42804716e+01  1.25153729e+01  8.47532776e+00
 3.41238095e+00  1.06299213e+00  1.45773294e+01  1.26042307e+01  8.45615554e+00
 3.41238095e+00  1.19685039e+00  1.48741872e+01  1.26930885e+01  8.43698332e+00
 3.41238095e+00  1.33070866e+00  1.51710450e+01  1.27819463e+01  8.41781110e+00
 3.41238095e+00  1.46456693e+00  1.54679028e+01  1.28708041e+01  8.39863888e+00
 3.41238095e+00  1.59842520e+00  1.57647606e+01  1.29596619e+01  8.37946666e+00
 3.41238095e+00  1.73228346e+00  1.60616184e+01  1.30485197e+01  8.36029444e+00
 3.41238095e+00  1.86614173e+00  1.63584762e+01  1.31373775e+01  8.34112222e+00
 3.41238095e+00  2.00000000e+00  1.66553340e+01  1.32262353e+01  8.32195000e+00
 3.49079365e+00 -1.50000000e+01 -3.69920463e+00  1.22688319e+01  9.44976617e+00
 3.49079365e+00 -1.48661417e+01 -3.56560931e+00  1.22681129e+01  9.44643683e+00
 3.49079365e+00 -1.47322835e+01 -3.43187807e+00  1.22674162e+01  9.44309300e+00
 3.49079365e+00 -1.45984252e+01 -3.29812276e+00  1.22668082e+01  9.43976909e+00
 3.49079365e+00 -1.44645669e+01 -3.16438391e+00  1.22662737e+01  9.43643842e+00
 3.49079365e+00 -1.43307087e+01 -3.03061434e+00  1.22657998e+01  9.43309240e+00
 3.49079365e+00 -1.41968504e+01 -2.89671617e+00  1.22654515e+01  9.42980672e+00
 3.49079365e+00 -1.40629921e+01 -2.76276553e+00  1.22652270e+01  9.42653238e+00
 3.49079365e+00 -1.39291339e+01 -2.62882124e+00  1.22651089e+01  9.42321703e+00
 3.49079365e+00 -1.37952756e+01 -2.49477011e+00  1.22651133e+01  9.41991375e+00
 3.49079365e+00 -1.36614173e+01 -2.36062801e+00  1.22652129e+01  9.41662809e+00
 3.49079365e+00 -1.35275591e+01 -2.22645259e+00  1.22653881e+01  9.41333170e+00
 3.49079365e+00 -1.33937008e+01 -2.09224048e+00  1.22656650e+01  9.40999286e+00
 3.49079365e+00 -1.32598425e+01 -1.95797244e+00  1.22660288e+01  9.40663250e+00
 3.49079365e+00 -1.31259843e+01 -1.82376865e+00  1.22664407e+01  9.40326320e+00
 3.49079365e+00 -1.29921260e+01 -1.68976872e+00  1.22668608e+01  9.39984940e+00
 3.49079365e+00 -1.28582677e+01 -1.55579004e+00  1.22672851e+01  9.39641124e+00
 3.49079365e+00 -1.27244094e+01 -1.42174816e+00  1.22677132e+01  9.39295495e+00
 3.49079365e+00 -1.25905512e+01 -1.28777058e+00  1.22681239e+01  9.38942969e+00
 3.49079365e+00 -1.24566929e+01 -1.15389826e+00  1.22684819e+01  9.38583330e+00
 3.49079365e+00 -1.23228346e+01 -1.02007911e+00  1.22687595e+01  9.38216383e+00
 3.49079365e+00 -1.21889764e+01 -8.86217360e-01  1.22689457e+01  9.37839525e+00
 3.49079365e+00 -1.20551181e+01 -7.52452221e-01  1.22690118e+01  9.37455470e+00
 3.49079365e+00 -1.19212598e+01 -6.18831104e-01  1.22689360e+01  9.37066316e+00
 3.49079365e+00 -1.17874016e+01 -4.85174611e-01  1.22687091e+01  9.36669878e+00
 3.49079365e+00 -1.16535433e+01 -3.51555245e-01  1.22682835e+01  9.36262832e+00
 3.49079365e+00 -1.15196850e+01 -2.18070074e-01  1.22676586e+01  9.35845588e+00
 3.49079365e+00 -1.13858268e+01 -8.46859512e-02  1.22669095e+01  9.35423020e+00
 3.49079365e+00 -1.12519685e+01  4.87358424e-02  1.22660442e+01  9.34992703e+00
 3.49079365e+00 -1.11181102e+01  1.82201587e-01  1.22650472e+01  9.34555917e+00
 3.49079365e+00 -1.09842520e+01  3.15541843e-01  1.22639237e+01  9.34121131e+00
 3.49079365e+00 -1.08503937e+01  4.48959842e-01  1.22627634e+01  9.33683972e+00
 3.49079365e+00 -1.07165354e+01  5.82548229e-01  1.22616529e+01  9.33243687e+00
 3.49079365e+00 -1.05826772e+01  7.16096713e-01  1.22606270e+01  9.32810009e+00
 3.49079365e+00 -1.04488189e+01  8.49742655e-01  1.22597010e+01  9.32382328e+00
 3.49079365e+00 -1.03149606e+01  9.83610322e-01  1.22589485e+01  9.31957606e+00
 3.49079365e+00 -1.01811024e+01  1.11762258e+00  1.22585126e+01  9.31536371e+00
 3.49079365e+00 -1.00472441e+01  1.25176489e+00  1.22584244e+01  9.31125965e+00
 3.49079365e+00 -9.91338583e+00  1.38608384e+00  1.22586795e+01  9.30729264e+00
 3.49079365e+00 -9.77952756e+00  1.52064536e+00  1.22593040e+01  9.30340718e+00
 3.49079365e+00 -9.64566929e+00  1.65537960e+00  1.22604338e+01  9.29959242e+00
 3.49079365e+00 -9.51181102e+00  1.79023795e+00  1.22620740e+01  9.29584112e+00
 3.49079365e+00 -9.37795276e+00  1.92521542e+00  1.22640312e+01  9.29212524e+00
 3.49079365e+00 -9.24409449e+00  2.06009517e+00  1.22661726e+01  9.28839733e+00
 3.49079365e+00 -9.11023622e+00  2.19478077e+00  1.22683440e+01  9.28454700e+00
 3.49079365e+00 -8.97637795e+00  2.32930491e+00  1.22703225e+01  9.28041392e+00
 3.49079365e+00 -8.84251969e+00  2.46332769e+00  1.22717950e+01  9.27590955e+00
 3.49079365e+00 -8.70866142e+00  2.59665757e+00  1.22723767e+01  9.27096952e+00
 3.49079365e+00 -8.57480315e+00  2.72930116e+00  1.22716573e+01  9.26550635e+00
 3.49079365e+00 -8.44094488e+00  2.86098597e+00  1.22693423e+01  9.25933765e+00
 3.49079365e+00 -8.30708661e+00  2.99153923e+00  1.22650723e+01  9.25235886e+00
 3.49079365e+00 -8.17322835e+00  3.12095286e+00  1.22584233e+01  9.24455929e+00
 3.49079365e+00 -8.03937008e+00  3.24913614e+00  1.22491905e+01  9.23587616e+00
 3.49079365e+00 -7.90551181e+00  3.37605739e+00  1.22371904e+01  9.22631752e+00
 3.49079365e+00 -7.77165354e+00  3.50181134e+00  1.22222598e+01  9.21599005e+00
 3.49079365e+00 -7.63779528e+00  3.62663319e+00  1.22048410e+01  9.20492381e+00
 3.49079365e+00 -7.50393701e+00  3.75066214e+00  1.21849233e+01  9.19322255e+00
 3.49079365e+00 -7.37007874e+00  3.87377205e+00  1.21612303e+01  9.18121492e+00
 3.49079365e+00 -7.23622047e+00  3.99634072e+00  1.21349680e+01  9.16911554e+00
 3.49079365e+00 -7.10236220e+00  4.11898291e+00  1.21085517e+01  9.15699924e+00
 3.49079365e+00 -6.96850394e+00  4.24164349e+00  1.20812330e+01  9.14480091e+00
 3.49079365e+00 -6.83464567e+00  4.36421531e+00  1.20523136e+01  9.13250575e+00
 3.49079365e+00 -6.70078740e+00  4.48678692e+00  1.20224428e+01  9.12022590e+00
 3.49079365e+00 -6.56692913e+00  4.60942585e+00  1.19918885e+01  9.10802814e+00
 3.49079365e+00 -6.43307087e+00  4.73217337e+00  1.19606926e+01  9.09592130e+00
 3.49079365e+00 -6.29921260e+00  4.85505616e+00  1.19290802e+01  9.08383660e+00
 3.49079365e+00 -6.16535433e+00  4.97812331e+00  1.18972920e+01  9.07180885e+00
 3.49079365e+00 -6.03149606e+00  5.10145393e+00  1.18655525e+01  9.05998944e+00
 3.49079365e+00 -5.89763780e+00  5.22513429e+00  1.18341405e+01  9.04839347e+00
 3.49079365e+00 -5.76377953e+00  5.34926566e+00  1.18033480e+01  9.03702559e+00
 3.49079365e+00 -5.62992126e+00  5.47397490e+00  1.17734445e+01  9.02599758e+00
 3.49079365e+00 -5.49606299e+00  5.59935467e+00  1.17447144e+01  9.01536824e+00
 3.49079365e+00 -5.36220472e+00  5.72546354e+00  1.17174378e+01  9.00515360e+00
 3.49079365e+00 -5.22834646e+00  5.85234275e+00  1.16918181e+01  8.99541328e+00
 3.49079365e+00 -5.09448819e+00  5.98002441e+00  1.16679986e+01  8.98616214e+00
 3.49079365e+00 -4.96062992e+00  6.10852157e+00  1.16460660e+01  8.97734107e+00
 3.49079365e+00 -4.82677165e+00  6.23776416e+00  1.16260740e+01  8.96888380e+00
 3.49079365e+00 -4.69291339e+00  6.36767273e+00  1.16080364e+01  8.96075897e+00
 3.49079365e+00 -4.55905512e+00  6.49820599e+00  1.15919084e+01  8.95298910e+00
 3.49079365e+00 -4.42519685e+00  6.62926983e+00  1.15775302e+01  8.94550680e+00
 3.49079365e+00 -4.29133858e+00  6.76075958e+00  1.15647348e+01  8.93822558e+00
 3.49079365e+00 -4.15748031e+00  6.89261236e+00  1.15534576e+01  8.93112179e+00
 3.49079365e+00 -4.02362205e+00  7.02476121e+00  1.15435776e+01  8.92414116e+00
 3.49079365e+00 -3.88976378e+00  7.15715257e+00  1.15349182e+01  8.91722379e+00
 3.49079365e+00 -3.75590551e+00  7.28977538e+00  1.15272827e+01  8.91035135e+00
 3.49079365e+00 -3.62204724e+00  7.42260503e+00  1.15205829e+01  8.90351989e+00
 3.49079365e+00 -3.48818898e+00  7.55561495e+00  1.15147705e+01  8.89672409e+00
 3.49079365e+00 -3.35433071e+00  7.68880681e+00  1.15097271e+01  8.88994198e+00
 3.49079365e+00 -3.22047244e+00  7.82221690e+00  1.15053408e+01  8.88314694e+00
 3.49079365e+00 -3.08661417e+00  7.95587370e+00  1.15015343e+01  8.87632498e+00
 3.49079365e+00 -2.95275591e+00  8.08974570e+00  1.14982819e+01  8.86949306e+00
 3.49079365e+00 -2.81889764e+00  8.22389554e+00  1.14955007e+01  8.86262813e+00
 3.49079365e+00 -2.68503937e+00  8.35843329e+00  1.14931108e+01  8.85569009e+00
 3.49079365e+00 -2.55118110e+00  8.49342609e+00  1.14911324e+01  8.84866990e+00
 3.49079365e+00 -2.41732283e+00  8.62898680e+00  1.14895455e+01  8.84159088e+00
 3.49079365e+00 -2.28346457e+00  8.76530827e+00  1.14882904e+01  8.83444781e+00
 3.49079365e+00 -2.14960630e+00  8.90268499e+00  1.14873078e+01  8.82714462e+00
 3.49079365e+00 -2.01574803e+00  9.04145045e+00  1.14866859e+01  8.81966852e+00
 3.49079365e+00 -1.88188976e+00  9.18206491e+00  1.14865169e+01  8.81203986e+00
 3.49079365e+00 -1.74803150e+00  9.32523367e+00  1.14867891e+01  8.80423526e+00
 3.49079365e+00 -1.61417323e+00  9.47179110e+00  1.14876211e+01  8.79614486e+00
 3.49079365e+00 -1.48031496e+00  9.62299269e+00  1.14892586e+01  8.78769792e+00
 3.49079365e+00 -1.34645669e+00  9.78058276e+00  1.14919810e+01  8.77886089e+00
 3.49079365e+00 -1.21259843e+00  9.94676624e+00  1.14961593e+01  8.76950569e+00
 3.49079365e+00 -1.07874016e+00  1.01253018e+01  1.15030270e+01  8.75945107e+00
 3.49079365e+00 -9.44881890e-01  1.03201266e+01  1.15142478e+01  8.74849657e+00
 3.49079365e+00 -8.11023622e-01  1.05361304e+01  1.15326448e+01  8.73636916e+00
 3.49079365e+00 -6.77165354e-01  1.07789585e+01  1.15634759e+01  8.72259292e+00
 3.49079365e+00 -5.43307087e-01  1.10552313e+01  1.16144929e+01  8.70685424e+00
 3.49079365e+00 -4.09448819e-01  1.13315041e+01  1.16655099e+01  8.69111556e+00
 3.49079365e+00 -2.75590551e-01  1.16077769e+01  1.17165269e+01  8.67537688e+00
 3.49079365e+00 -1.41732283e-01  1.18840497e+01  1.17675439e+01  8.65963820e+00
 3.49079365e+00 -7.87401575e-03  1.21603225e+01  1.18185609e+01  8.64389952e+00
 3.49079365e+00  1.25984252e-01  1.24365953e+01  1.18695779e+01  8.62816084e+00
 3.49079365e+00  2.59842520e-01  1.27128681e+01  1.19205949e+01  8.61242216e+00
 3.49079365e+00  3.93700787e-01  1.29891409e+01  1.19716119e+01  8.59668348e+00
 3.49079365e+00  5.27559055e-01  1.32654137e+01  1.20226289e+01  8.58094480e+00
 3.49079365e+00  6.61417323e-01  1.35416865e+01  1.20736459e+01  8.56520612e+00
 3.49079365e+00  7.95275591e-01  1.38179593e+01  1.21246629e+01  8.54946744e+00
 3.49079365e+00  9.29133858e-01  1.40942321e+01  1.21756799e+01  8.53372876e+00
 3.49079365e+00  1.06299213e+00  1.43705049e+01  1.22266969e+01  8.51799008e+00
 3.49079365e+00  1.19685039e+00  1.46467777e+01  1.22777139e+01  8.50225140e+00
 3.49079365e+00  1.33070866e+00  1.49230505e+01  1.23287309e+01  8.48651272e+00
 3.49079365e+00  1.46456693e+00  1.51993233e+01  1.23797479e+01  8.47077404e+00
 3.49079365e+00  1.59842520e+00  1.54755961e+01  1.24307649e+01  8.45503536e+00
 3.49079365e+00  1.73228346e+00  1.57518689e+01  1.24817819e+01  8.43929668e+00
 3.49079365e+00  1.86614173e+00  1.60281417e+01  1.25327989e+01  8.42355800e+00
 3.49079365e+00  2.00000000e+00  1.63044145e+01  1.25838159e+01  8.40781932e+00
 3.56920635e+00 -1.50000000e+01 -3.62253726e+00  1.22688789e+01  9.45024897e+00
 3.56920635e+00 -1.48661417e+01 -3.48789864e+00  1.22709360e+01  9.44767338e+00
 3.56920635e+00 -1.47322835e+01 -3.35338904e+00  1.22729050e+01  9.44501445e+00
 3.56920635e+00 -1.45984252e+01 -3.21897292e+00  1.22747867e+01  9.44226763e+00
 3.56920635e+00 -1.44645669e+01 -3.08464858e+00  1.22764440e+01  9.43935966e+00
 3.56920635e+00 -1.43307087e+01 -2.95039848e+00  1.22778916e+01  9.43633698e+00
 3.56920635e+00 -1.41968504e+01 -2.81623116e+00  1.22791473e+01  9.43324915e+00
 3.56920635e+00 -1.40629921e+01 -2.68219349e+00  1.22801583e+01  9.43007947e+00
 3.56920635e+00 -1.39291339e+01 -2.54828519e+00  1.22809401e+01  9.42679102e+00
 3.56920635e+00 -1.37952756e+01 -2.41443907e+00  1.22814786e+01  9.42339126e+00
 3.56920635e+00 -1.36614173e+01 -2.28055387e+00  1.22817144e+01  9.41993999e+00
 3.56920635e+00 -1.35275591e+01 -2.14670079e+00  1.22817547e+01  9.41641874e+00
 3.56920635e+00 -1.33937008e+01 -2.01289375e+00  1.22816667e+01  9.41280344e+00
 3.56920635e+00 -1.32598425e+01 -1.87907499e+00  1.22813999e+01  9.40911086e+00
 3.56920635e+00 -1.31259843e+01 -1.74536234e+00  1.22809694e+01  9.40540946e+00
 3.56920635e+00 -1.29921260e+01 -1.61175942e+00  1.22804500e+01  9.40170991e+00
 3.56920635e+00 -1.28582677e+01 -1.47816124e+00  1.22799341e+01  9.39795238e+00
 3.56920635e+00 -1.27244094e+01 -1.34456233e+00  1.22793821e+01  9.39418364e+00
 3.56920635e+00 -1.25905512e+01 -1.21094537e+00  1.22787920e+01  9.39044184e+00
 3.56920635e+00 -1.24566929e+01 -1.07725714e+00  1.22782461e+01  9.38670625e+00
 3.56920635e+00 -1.23228346e+01 -9.43556665e-01  1.22777393e+01  9.38294350e+00
 3.56920635e+00 -1.21889764e+01 -8.09838104e-01  1.22772780e+01  9.37915257e+00
 3.56920635e+00 -1.20551181e+01 -6.76008534e-01  1.22769095e+01  9.37536938e+00
 3.56920635e+00 -1.19212598e+01 -5.42158849e-01  1.22766293e+01  9.37159993e+00
 3.56920635e+00 -1.17874016e+01 -4.08320033e-01  1.22764331e+01  9.36784499e+00
 3.56920635e+00 -1.16535433e+01 -2.74402887e-01  1.22763376e+01  9.36410249e+00
 3.56920635e+00 -1.15196850e+01 -1.40426680e-01  1.22763581e+01  9.36032910e+00
 3.56920635e+00 -1.13858268e+01 -6.44064920e-03  1.22764748e+01  9.35650852e+00
 3.56920635e+00 -1.12519685e+01  1.27529157e-01  1.22766435e+01  9.35267324e+00
 3.56920635e+00 -1.11181102e+01  2.61532227e-01  1.22768863e+01  9.34886673e+00
 3.56920635e+00 -1.09842520e+01  3.95557606e-01  1.22771902e+01  9.34503973e+00
 3.56920635e+00 -1.08503937e+01  5.29534941e-01  1.22774962e+01  9.34108380e+00
 3.56920635e+00 -1.07165354e+01  6.63530183e-01  1.22778115e+01  9.33709097e+00
 3.56920635e+00 -1.05826772e+01  7.97524135e-01  1.22781246e+01  9.33307945e+00
 3.56920635e+00 -1.04488189e+01  9.31405851e-01  1.22783888e+01  9.32896052e+00
 3.56920635e+00 -1.03149606e+01  1.06523370e+00  1.22785782e+01  9.32477987e+00
 3.56920635e+00 -1.01811024e+01  1.19904045e+00  1.22786852e+01  9.32055024e+00
 3.56920635e+00 -1.00472441e+01  1.33279242e+00  1.22786981e+01  9.31621816e+00
 3.56920635e+00 -9.91338583e+00  1.46648636e+00  1.22785421e+01  9.31175708e+00
 3.56920635e+00 -9.77952756e+00  1.60011287e+00  1.22782204e+01  9.30719754e+00
 3.56920635e+00 -9.64566929e+00  1.73365701e+00  1.22777995e+01  9.30260098e+00
 3.56920635e+00 -9.51181102e+00  1.86714142e+00  1.22772225e+01  9.29795356e+00
 3.56920635e+00 -9.37795276e+00  2.00060944e+00  1.22764784e+01  9.29320872e+00
 3.56920635e+00 -9.24409449e+00  2.13409524e+00  1.22756346e+01  9.28834203e+00
 3.56920635e+00 -9.11023622e+00  2.26755748e+00  1.22747635e+01  9.28346455e+00
 3.56920635e+00 -8.97637795e+00  2.40103875e+00  1.22739209e+01  9.27861773e+00
 3.56920635e+00 -8.84251969e+00  2.53465597e+00  1.22731438e+01  9.27375945e+00
 3.56920635e+00 -8.70866142e+00  2.66841935e+00  1.22724625e+01  9.26891726e+00
 3.56920635e+00 -8.57480315e+00  2.80227070e+00  1.22719275e+01  9.26411943e+00
 3.56920635e+00 -8.44094488e+00  2.93616496e+00  1.22716091e+01  9.25937589e+00
 3.56920635e+00 -8.30708661e+00  3.07025166e+00  1.22715723e+01  9.25469040e+00
 3.56920635e+00 -8.17322835e+00  3.20455356e+00  1.22718427e+01  9.25004840e+00
 3.56920635e+00 -8.03937008e+00  3.33893814e+00  1.22723890e+01  9.24542041e+00
 3.56920635e+00 -7.90551181e+00  3.47331024e+00  1.22731131e+01  9.24078120e+00
 3.56920635e+00 -7.77165354e+00  3.60762329e+00  1.22739433e+01  9.23608116e+00
 3.56920635e+00 -7.63779528e+00  3.74178056e+00  1.22747109e+01  9.23122906e+00
 3.56920635e+00 -7.50393701e+00  3.87542422e+00  1.22748289e+01  9.22607888e+00
 3.56920635e+00 -7.37007874e+00  4.00849035e+00  1.22741231e+01  9.22060685e+00
 3.56920635e+00 -7.23622047e+00  4.14104137e+00  1.22726153e+01  9.21480223e+00
 3.56920635e+00 -7.10236220e+00  4.27263933e+00  1.22696443e+01  9.20835797e+00
 3.56920635e+00 -6.96850394e+00  4.40306443e+00  1.22647201e+01  9.20113750e+00
 3.56920635e+00 -6.83464567e+00  4.53232823e+00  1.22575849e+01  9.19316952e+00
 3.56920635e+00 -6.70078740e+00  4.66032135e+00  1.22479010e+01  9.18439141e+00
 3.56920635e+00 -6.56692913e+00  4.78701519e+00  1.22355022e+01  9.17480751e+00
 3.56920635e+00 -6.43307087e+00  4.91249727e+00  1.22204152e+01  9.16450063e+00
 3.56920635e+00 -6.29921260e+00  5.03689781e+00  1.22026962e+01  9.15350233e+00
 3.56920635e+00 -6.16535433e+00  5.16039761e+00  1.21824700e+01  9.14191403e+00
 3.56920635e+00 -6.03149606e+00  5.28323569e+00  1.21599710e+01  9.12997002e+00
 3.56920635e+00 -5.89763780e+00  5.40557671e+00  1.21355162e+01  9.11776787e+00
 3.56920635e+00 -5.76377953e+00  5.52755664e+00  1.21094448e+01  9.10533413e+00
 3.56920635e+00 -5.62992126e+00  5.64937650e+00  1.20820169e+01  9.09276389e+00
 3.56920635e+00 -5.49606299e+00  5.77116461e+00  1.20534873e+01  9.08016441e+00
 3.56920635e+00 -5.36220472e+00  5.89295189e+00  1.20241324e+01  9.06763138e+00
 3.56920635e+00 -5.22834646e+00  6.01485505e+00  1.19942230e+01  9.05518446e+00
 3.56920635e+00 -5.09448819e+00  6.13701616e+00  1.19640439e+01  9.04283379e+00
 3.56920635e+00 -4.96062992e+00  6.25952189e+00  1.19339278e+01  9.03066534e+00
 3.56920635e+00 -4.82677165e+00  6.38246847e+00  1.19041536e+01  9.01874896e+00
 3.56920635e+00 -4.69291339e+00  6.50596771e+00  1.18749568e+01  9.00712459e+00
 3.56920635e+00 -4.55905512e+00  6.63010110e+00  1.18467043e+01  8.99583391e+00
 3.56920635e+00 -4.42519685e+00  6.75495933e+00  1.18197291e+01  8.98493522e+00
 3.56920635e+00 -4.29133858e+00  6.88066529e+00  1.17941921e+01  8.97450974e+00
 3.56920635e+00 -4.15748031e+00  7.00722549e+00  1.17702591e+01  8.96452721e+00
 3.56920635e+00 -4.02362205e+00  7.13457863e+00  1.17480959e+01  8.95490900e+00
 3.56920635e+00 -3.88976378e+00  7.26272714e+00  1.17278178e+01  8.94569140e+00
 3.56920635e+00 -3.75590551e+00  7.39166194e+00  1.17093992e+01  8.93686038e+00
 3.56920635e+00 -3.62204724e+00  7.52133321e+00  1.16927080e+01  8.92833208e+00
 3.56920635e+00 -3.48818898e+00  7.65162596e+00  1.16777603e+01  8.92007055e+00
 3.56920635e+00 -3.35433071e+00  7.78245392e+00  1.16644810e+01  8.91202729e+00
 3.56920635e+00 -3.22047244e+00  7.91379362e+00  1.16526426e+01  8.90412682e+00
 3.56920635e+00 -3.08661417e+00  8.04560134e+00  1.16421849e+01  8.89635522e+00
 3.56920635e+00 -2.95275591e+00  8.17786841e+00  1.16330291e+01  8.88871657e+00
 3.56920635e+00 -2.81889764e+00  8.31064670e+00  1.16249811e+01  8.88119676e+00
 3.56920635e+00 -2.68503937e+00  8.44393779e+00  1.16179222e+01  8.87372043e+00
 3.56920635e+00 -2.55118110e+00  8.57778848e+00  1.16117940e+01  8.86624214e+00
 3.56920635e+00 -2.41732283e+00  8.71235405e+00  1.16065646e+01  8.85879207e+00
 3.56920635e+00 -2.28346457e+00  8.84778410e+00  1.16020985e+01  8.85132433e+00
 3.56920635e+00 -2.14960630e+00  8.98427724e+00  1.15983298e+01  8.84379101e+00
 3.56920635e+00 -2.01574803e+00  9.12214470e+00  1.15953334e+01  8.83618907e+00
 3.56920635e+00 -1.88188976e+00  9.26186020e+00  1.15930091e+01  8.82849014e+00
 3.56920635e+00 -1.74803150e+00  9.40404422e+00  1.15913538e+01  8.82065339e+00
 3.56920635e+00 -1.61417323e+00  9.54949822e+00  1.15905472e+01  8.81262019e+00
 3.56920635e+00 -1.48031496e+00  9.69934626e+00  1.15907033e+01  8.80428231e+00
 3.56920635e+00 -1.34645669e+00  9.85493012e+00  1.15919724e+01  8.79561023e+00
 3.56920635e+00 -1.21259843e+00  1.00185867e+01  1.15947555e+01  8.78653924e+00
 3.56920635e+00 -1.07874016e+00  1.01938887e+01  1.16000872e+01  8.77685623e+00
 3.56920635e+00 -9.44881890e-01  1.03842445e+01  1.16094566e+01  8.76637823e+00
 3.56920635e+00 -8.11023622e-01  1.05939567e+01  1.16250734e+01  8.75487795e+00
 3.56920635e+00 -6.77165354e-01  1.08286489e+01  1.16514944e+01  8.74209325e+00
 3.56920635e+00 -5.43307087e-01  1.10962109e+01  1.16952995e+01  8.72768620e+00
 3.56920635e+00 -4.09448819e-01  1.13811938e+01  1.17635639e+01  8.71082619e+00
 3.56920635e+00 -2.75590551e-01  1.22362724e+01  1.20072520e+01  8.69068284e+00
 3.56920635e+00 -1.41732283e-01  1.30232994e+01  1.22841610e+01  8.66504396e+00
 3.56920635e+00 -7.87401575e-03  1.38103264e+01  1.25610700e+01  8.63940508e+00
 3.56920635e+00  1.25984252e-01  1.45973534e+01  1.28379790e+01  8.61376620e+00
 3.56920635e+00  2.59842520e-01  1.53843804e+01  1.31148880e+01  8.58812732e+00
 3.56920635e+00  3.93700787e-01  1.61714074e+01  1.33917970e+01  8.56248844e+00
 3.56920635e+00  5.27559055e-01  1.69584344e+01  1.36687060e+01  8.53684956e+00
 3.56920635e+00  6.61417323e-01  1.77454614e+01  1.39456150e+01  8.51121068e+00
 3.56920635e+00  7.95275591e-01  1.85324884e+01  1.42225240e+01  8.48557180e+00
 3.56920635e+00  9.29133858e-01  1.93195154e+01  1.44994330e+01  8.45993292e+00
 3.56920635e+00  1.06299213e+00  2.01065424e+01  1.47763420e+01  8.43429404e+00
 3.56920635e+00  1.19685039e+00  2.08935694e+01  1.50532510e+01  8.40865516e+00
 3.56920635e+00  1.33070866e+00  2.16805964e+01  1.53301600e+01  8.38301628e+00
 3.56920635e+00  1.46456693e+00  2.24676234e+01  1.56070690e+01  8.35737740e+00
 3.56920635e+00  1.59842520e+00  2.32546504e+01  1.58839780e+01  8.33173852e+00
 3.56920635e+00  1.73228346e+00  2.40416773e+01  1.61608870e+01  8.30609964e+00
 3.56920635e+00  1.86614173e+00  2.48287044e+01  1.64377960e+01  8.28046076e+00
 3.56920635e+00  2.00000000e+00  2.56157314e+01  1.67147050e+01  8.25482188e+00
 3.64761905e+00 -1.50000000e+01 -3.53267279e+00  1.23662666e+01  9.46372477e+00
 3.64761905e+00 -1.48661417e+01 -3.40253039e+00  1.23533788e+01  9.45770541e+00
 3.64761905e+00 -1.47322835e+01 -3.27188955e+00  1.23415428e+01  9.45195956e+00
 3.64761905e+00 -1.45984252e+01 -3.14071278e+00  1.23309104e+01  9.44658966e+00
 3.64761905e+00 -1.44645669e+01 -3.00900954e+00  1.23214752e+01  9.44160715e+00
 3.64761905e+00 -1.43307087e+01 -2.87683630e+00  1.23130902e+01  9.43688800e+00
 3.64761905e+00 -1.41968504e+01 -2.74429461e+00  1.23058977e+01  9.43246872e+00
 3.64761905e+00 -1.40629921e+01 -2.61139376e+00  1.22999671e+01  9.42838579e+00
 3.64761905e+00 -1.39291339e+01 -2.47802680e+00  1.22951717e+01  9.42460701e+00
 3.64761905e+00 -1.37952756e+01 -2.34417615e+00  1.22914190e+01  9.42107746e+00
 3.64761905e+00 -1.36614173e+01 -2.20998930e+00  1.22886322e+01  9.41772899e+00
 3.64761905e+00 -1.35275591e+01 -2.07570050e+00  1.22867336e+01  9.41449935e+00
 3.64761905e+00 -1.33937008e+01 -1.94114720e+00  1.22856462e+01  9.41139944e+00
 3.64761905e+00 -1.32598425e+01 -1.80631506e+00  1.22852751e+01  9.40841200e+00
 3.64761905e+00 -1.31259843e+01 -1.67154975e+00  1.22854822e+01  9.40546531e+00
 3.64761905e+00 -1.29921260e+01 -1.53690505e+00  1.22860731e+01  9.40251214e+00
 3.64761905e+00 -1.28582677e+01 -1.40229403e+00  1.22869309e+01  9.39948917e+00
 3.64761905e+00 -1.27244094e+01 -1.26776366e+00  1.22880162e+01  9.39635210e+00
 3.64761905e+00 -1.25905512e+01 -1.13328483e+00  1.22892068e+01  9.39321984e+00
 3.64761905e+00 -1.24566929e+01 -9.98882400e-01  1.22904013e+01  9.39007250e+00
 3.64761905e+00 -1.23228346e+01 -8.64626118e-01  1.22915487e+01  9.38675717e+00
 3.64761905e+00 -1.21889764e+01 -7.30400886e-01  1.22926223e+01  9.38331206e+00
 3.64761905e+00 -1.20551181e+01 -5.96230980e-01  1.22935850e+01  9.37976926e+00
 3.64761905e+00 -1.19212598e+01 -4.62254498e-01  1.22943876e+01  9.37612368e+00
 3.64761905e+00 -1.17874016e+01 -3.28385481e-01  1.22949910e+01  9.37241844e+00
 3.64761905e+00 -1.16535433e+01 -1.94552772e-01  1.22954108e+01  9.36863122e+00
 3.64761905e+00 -1.15196850e+01 -6.07653669e-02  1.22956783e+01  9.36470725e+00
 3.64761905e+00 -1.13858268e+01  7.29082329e-02  1.22957211e+01  9.36072066e+00
 3.64761905e+00 -1.12519685e+01  2.06511137e-01  1.22956072e+01  9.35670947e+00
 3.64761905e+00 -1.11181102e+01  3.40155029e-01  1.22954689e+01  9.35265131e+00
 3.64761905e+00 -1.09842520e+01  4.73810904e-01  1.22951718e+01  9.34851882e+00
 3.64761905e+00 -1.08503937e+01  6.07466048e-01  1.22947405e+01  9.34434613e+00
 3.64761905e+00 -1.07165354e+01  7.41135206e-01  1.22943415e+01  9.34018892e+00
 3.64761905e+00 -1.05826772e+01  8.74789649e-01  1.22939796e+01  9.33599610e+00
 3.64761905e+00 -1.04488189e+01  1.00846575e+00  1.22936317e+01  9.33175688e+00
 3.64761905e+00 -1.03149606e+01  1.14223044e+00  1.22932877e+01  9.32751179e+00
 3.64761905e+00 -1.01811024e+01  1.27604066e+00  1.22929603e+01  9.32328949e+00
 3.64761905e+00 -1.00472441e+01  1.40985045e+00  1.22927035e+01  9.31907335e+00
 3.64761905e+00 -9.91338583e+00  1.54366646e+00  1.22925742e+01  9.31482280e+00
 3.64761905e+00 -9.77952756e+00  1.67759888e+00  1.22925376e+01  9.31053525e+00
 3.64761905e+00 -9.64566929e+00  1.81160723e+00  1.22925243e+01  9.30622299e+00
 3.64761905e+00 -9.51181102e+00  1.94556191e+00  1.22925065e+01  9.30189071e+00
 3.64761905e+00 -9.37795276e+00  2.07949138e+00  1.22926146e+01  9.29750482e+00
 3.64761905e+00 -9.24409449e+00  2.21345094e+00  1.22928296e+01  9.29307838e+00
 3.64761905e+00 -9.11023622e+00  2.34744829e+00  1.22930335e+01  9.28863770e+00
 3.64761905e+00 -8.97637795e+00  2.48137260e+00  1.22932296e+01  9.28412682e+00
 3.64761905e+00 -8.84251969e+00  2.61527253e+00  1.22934167e+01  9.27953801e+00
 3.64761905e+00 -8.70866142e+00  2.74922546e+00  1.22935602e+01  9.27488511e+00
 3.64761905e+00 -8.57480315e+00  2.88302160e+00  1.22935966e+01  9.27011294e+00
 3.64761905e+00 -8.44094488e+00  3.01670300e+00  1.22935376e+01  9.26523156e+00
 3.64761905e+00 -8.30708661e+00  3.15042876e+00  1.22934050e+01  9.26029073e+00
 3.64761905e+00 -8.17322835e+00  3.28408180e+00  1.22931027e+01  9.25529244e+00
 3.64761905e+00 -8.03937008e+00  3.41763576e+00  1.22926765e+01  9.25019347e+00
 3.64761905e+00 -7.90551181e+00  3.55115601e+00  1.22922080e+01  9.24495710e+00
 3.64761905e+00 -7.77165354e+00  3.68468862e+00  1.22915782e+01  9.23963700e+00
 3.64761905e+00 -7.63779528e+00  3.81828317e+00  1.22908534e+01  9.23431769e+00
 3.64761905e+00 -7.50393701e+00  3.95195963e+00  1.22901862e+01  9.22905254e+00
 3.64761905e+00 -7.37007874e+00  4.08564913e+00  1.22895489e+01  9.22378567e+00
 3.64761905e+00 -7.23622047e+00  4.21932164e+00  1.22889251e+01  9.21849484e+00
 3.64761905e+00 -7.10236220e+00  4.35300649e+00  1.22883630e+01  9.21319834e+00
 3.64761905e+00 -6.96850394e+00  4.48678287e+00  1.22879874e+01  9.20792055e+00
 3.64761905e+00 -6.83464567e+00  4.62063738e+00  1.22877189e+01  9.20261660e+00
 3.64761905e+00 -6.70078740e+00  4.75447550e+00  1.22873987e+01  9.19723022e+00
 3.64761905e+00 -6.56692913e+00  4.88817192e+00  1.22870206e+01  9.19178507e+00
 3.64761905e+00 -6.43307087e+00  5.02160382e+00  1.22863691e+01  9.18616645e+00
 3.64761905e+00 -6.29921260e+00  5.15463151e+00  1.22851025e+01  9.18021262e+00
 3.64761905e+00 -6.16535433e+00  5.28705763e+00  1.22829385e+01  9.17388280e+00
 3.64761905e+00 -6.03149606e+00  5.41862297e+00  1.22795117e+01  9.16706724e+00
 3.64761905e+00 -5.89763780e+00  5.54909210e+00  1.22744067e+01  9.15962697e+00
 3.64761905e+00 -5.76377953e+00  5.67836893e+00  1.22672284e+01  9.15148953e+00
 3.64761905e+00 -5.62992126e+00  5.80638259e+00  1.22576869e+01  9.14260058e+00
 3.64761905e+00 -5.49606299e+00  5.93307967e+00  1.22456121e+01  9.13293370e+00
 3.64761905e+00 -5.36220472e+00  6.05845717e+00  1.22309780e+01  9.12253601e+00
 3.64761905e+00 -5.22834646e+00  6.18264247e+00  1.22138202e+01  9.11150343e+00
 3.64761905e+00 -5.09448819e+00  6.30587298e+00  1.21942266e+01  9.09995881e+00
 3.64761905e+00 -4.96062992e+00  6.42833245e+00  1.21724538e+01  9.08799248e+00
 3.64761905e+00 -4.82677165e+00  6.55018472e+00  1.21488244e+01  9.07569216e+00
 3.64761905e+00 -4.69291339e+00  6.67160324e+00  1.21236753e+01  9.06316857e+00
 3.64761905e+00 -4.55905512e+00  6.79281139e+00  1.20973212e+01  9.05056013e+00
 3.64761905e+00 -4.42519685e+00  6.91404133e+00  1.20700655e+01  9.03800082e+00
 3.64761905e+00 -4.29133858e+00  7.03538311e+00  1.20422518e+01  9.02551081e+00
 3.64761905e+00 -4.15748031e+00  7.15694733e+00  1.20142350e+01  9.01311475e+00
 3.64761905e+00 -4.02362205e+00  7.27895055e+00  1.19863645e+01  9.00090432e+00
 3.64761905e+00 -3.88976378e+00  7.40152631e+00  1.19589338e+01  8.98897837e+00
 3.64761905e+00 -3.75590551e+00  7.52474926e+00  1.19322219e+01  8.97741216e+00
 3.64761905e+00 -3.62204724e+00  7.64872087e+00  1.19065847e+01  8.96618755e+00
 3.64761905e+00 -3.48818898e+00  7.77354025e+00  1.18822798e+01  8.95531918e+00
 3.64761905e+00 -3.35433071e+00  7.89928222e+00  1.18594167e+01  8.94488218e+00
 3.64761905e+00 -3.22047244e+00  8.02594809e+00  1.18381717e+01  8.93483731e+00
 3.64761905e+00 -3.08661417e+00  8.15351726e+00  1.18186807e+01  8.92512256e+00
 3.64761905e+00 -2.95275591e+00  8.28199611e+00  1.18009120e+01  8.91574905e+00
 3.64761905e+00 -2.81889764e+00  8.41137060e+00  1.17848131e+01  8.90666983e+00
 3.64761905e+00 -2.68503937e+00  8.54162884e+00  1.17703320e+01  8.89781388e+00
 3.64761905e+00 -2.55118110e+00  8.67282250e+00  1.17574125e+01  8.88918675e+00
 3.64761905e+00 -2.41732283e+00  8.80499592e+00  1.17459711e+01  8.88075469e+00
 3.64761905e+00 -2.28346457e+00  8.93821838e+00  1.17359044e+01  8.87244283e+00
 3.64761905e+00 -2.14960630e+00  9.07272015e+00  1.17271289e+01  8.86420547e+00
 3.64761905e+00 -2.01574803e+00  9.20877807e+00  1.17195964e+01  8.85600197e+00
 3.64761905e+00 -1.88188976e+00  9.34673418e+00  1.17132677e+01  8.84779840e+00
 3.64761905e+00 -1.74803150e+00  9.48713980e+00  1.17080515e+01  8.83958544e+00
 3.64761905e+00 -1.61417323e+00  9.63077765e+00  1.17040285e+01  8.83127826e+00
 3.64761905e+00 -1.48031496e+00  9.77868346e+00  1.17013359e+01  8.82278266e+00
 3.64761905e+00 -1.34645669e+00  9.93198664e+00  1.16999139e+01  8.81409396e+00
 3.64761905e+00 -1.21259843e+00  1.00928412e+01  1.17002242e+01  8.80503649e+00
 3.64761905e+00 -1.07874016e+00  1.02646819e+01  1.17031783e+01  8.79550023e+00
 3.64761905e+00 -9.44881890e-01  1.04504139e+01  1.17097850e+01  8.78533354e+00
 3.64761905e+00 -8.11023622e-01  1.06538339e+01  1.17221161e+01  8.77428108e+00
 3.64761905e+00 -6.77165354e-01  1.08810251e+01  1.17437421e+01  8.76212198e+00
 3.64761905e+00 -5.43307087e-01  1.11362884e+01  1.17798017e+01  8.74853134e+00
 3.64761905e+00 -4.09448819e-01  1.14187305e+01  1.18386517e+01  8.73281688e+00
 3.64761905e+00 -2.75590551e-01  1.16910273e+01  1.19201160e+01  8.71452010e+00
 3.64761905e+00 -1.41732283e-01  1.19646745e+01  1.20283474e+01  8.69464870e+00
 3.64761905e+00 -7.87401575e-03  1.22261931e+01  1.21540949e+01  8.67354866e+00
 3.64761905e+00  1.25984252e-01  1.24757398e+01  1.22920005e+01  8.65102701e+00
 3.64761905e+00  2.59842520e-01  1.27184112e+01  1.24396588e+01  8.62650763e+00
 3.64761905e+00  3.93700787e-01  1.29576195e+01  1.25933604e+01  8.59976639e+00
 3.64761905e+00  5.27559055e-01  1.31943221e+01  1.27489323e+01  8.57035808e+00
 3.64761905e+00  6.61417323e-01  1.34289647e+01  1.29019264e+01  8.53807005e+00
 3.64761905e+00  7.95275591e-01  1.36636073e+01  1.30549205e+01  8.50578202e+00
 3.64761905e+00  9.29133858e-01  1.38982499e+01  1.32079146e+01  8.47349399e+00
 3.64761905e+00  1.06299213e+00  1.41328925e+01  1.33609087e+01  8.44120596e+00
 3.64761905e+00  1.19685039e+00  1.43675351e+01  1.35139028e+01  8.40891793e+00
 3.64761905e+00  1.33070866e+00  1.46021777e+01  1.36668969e+01  8.37662990e+00
 3.64761905e+00  1.46456693e+00  1.48368203e+01  1.38198910e+01  8.34434187e+00
 3.64761905e+00  1.59842520e+00  1.50714629e+01  1.39728851e+01  8.31205384e+00
 3.64761905e+00  1.73228346e+00  1.53061055e+01  1.41258792e+01  8.27976581e+00
 3.64761905e+00  1.86614173e+00  1.55407481e+01  1.42788733e+01  8.24747778e+00
 3.64761905e+00  2.00000000e+00  1.57753907e+01  1.44318674e+01  8.21518975e+00
 3.72603175e+00 -1.50000000e+01 -3.33785485e+00  1.27300605e+01  9.55791886e+00
 3.72603175e+00 -1.48661417e+01 -3.21129489e+00  1.27068208e+01  9.54881503e+00
 3.72603175e+00 -1.47322835e+01 -3.08441178e+00  1.26845793e+01  9.53999324e+00
 3.72603175e+00 -1.45984252e+01 -2.95733425e+00  1.26631050e+01  9.53140357e+00
 3.72603175e+00 -1.44645669e+01 -2.83015319e+00  1.26422075e+01  9.52292542e+00
 3.72603175e+00 -1.43307087e+01 -2.70294931e+00  1.26218919e+01  9.51437745e+00
 3.72603175e+00 -1.41968504e+01 -2.57581091e+00  1.26019389e+01  9.50575663e+00
 3.72603175e+00 -1.40629921e+01 -2.44878973e+00  1.25821194e+01  9.49710408e+00
 3.72603175e+00 -1.39291339e+01 -2.32184641e+00  1.25624498e+01  9.48835735e+00
 3.72603175e+00 -1.37952756e+01 -2.19494207e+00  1.25428730e+01  9.47951361e+00
 3.72603175e+00 -1.36614173e+01 -2.06801718e+00  1.25233425e+01  9.47063721e+00
 3.72603175e+00 -1.35275591e+01 -1.94090816e+00  1.25041247e+01  9.46183713e+00
 3.72603175e+00 -1.33937008e+01 -1.81350546e+00  1.24853814e+01  9.45321708e+00
 3.72603175e+00 -1.32598425e+01 -1.68580653e+00  1.24671037e+01  9.44485601e+00
 3.72603175e+00 -1.31259843e+01 -1.55782113e+00  1.24493963e+01  9.43677665e+00
 3.72603175e+00 -1.29921260e+01 -1.42948194e+00  1.24324760e+01  9.42899233e+00
 3.72603175e+00 -1.28582677e+01 -1.30063588e+00  1.24166344e+01  9.42153875e+00
 3.72603175e+00 -1.27244094e+01 -1.17128797e+00  1.24018347e+01  9.41448936e+00
 3.72603175e+00 -1.25905512e+01 -1.04148475e+00  1.23880185e+01  9.40788784e+00
 3.72603175e+00 -1.24566929e+01 -9.11088117e-01  1.23754131e+01  9.40167279e+00
 3.72603175e+00 -1.23228346e+01 -7.80139512e-01  1.23640850e+01  9.39576188e+00
 3.72603175e+00 -1.21889764e+01 -6.48724249e-01  1.23539988e+01  9.39012698e+00
 3.72603175e+00 -1.20551181e+01 -5.16729271e-01  1.23451910e+01  9.38488718e+00
 3.72603175e+00 -1.19212598e+01 -3.84263128e-01  1.23376770e+01  9.38003875e+00
 3.72603175e+00 -1.17874016e+01 -2.51491374e-01  1.23314101e+01  9.37548332e+00
 3.72603175e+00 -1.16535433e+01 -1.18234889e-01  1.23262652e+01  9.37116281e+00
 3.72603175e+00 -1.15196850e+01  1.53960693e-02  1.23221648e+01  9.36704432e+00
 3.72603175e+00 -1.13858268e+01  1.49146921e-01  1.23190609e+01  9.36308924e+00
 3.72603175e+00 -1.12519685e+01  2.83107699e-01  1.23168751e+01  9.35921397e+00
 3.72603175e+00 -1.11181102e+01  4.17292909e-01  1.23153725e+01  9.35538569e+00
 3.72603175e+00 -1.09842520e+01  5.51583154e-01  1.23143083e+01  9.35160148e+00
 3.72603175e+00 -1.08503937e+01  6.85789300e-01  1.23137111e+01  9.34782440e+00
 3.72603175e+00 -1.07165354e+01  8.19922327e-01  1.23135102e+01  9.34403895e+00
 3.72603175e+00 -1.05826772e+01  9.54090815e-01  1.23135481e+01  9.34021458e+00
 3.72603175e+00 -1.04488189e+01  1.08827138e+00  1.23137018e+01  9.33624721e+00
 3.72603175e+00 -1.03149606e+01  1.22237155e+00  1.23138615e+01  9.33219325e+00
 3.72603175e+00 -1.01811024e+01  1.35631870e+00  1.23139800e+01  9.32813699e+00
 3.72603175e+00 -1.00472441e+01  1.49016395e+00  1.23141371e+01  9.32396349e+00
 3.72603175e+00 -9.91338583e+00  1.62396009e+00  1.23142754e+01  9.31966957e+00
 3.72603175e+00 -9.77952756e+00  1.75773934e+00  1.23142813e+01  9.31530519e+00
 3.72603175e+00 -9.64566929e+00  1.89150810e+00  1.23141475e+01  9.31084108e+00
 3.72603175e+00 -9.51181102e+00  2.02524242e+00  1.23139262e+01  9.30632527e+00
 3.72603175e+00 -9.37795276e+00  2.15892095e+00  1.23136746e+01  9.30181314e+00
 3.72603175e+00 -9.24409449e+00  2.29256734e+00  1.23133991e+01  9.29725276e+00
 3.72603175e+00 -9.11023622e+00  2.42622281e+00  1.23130813e+01  9.29260807e+00
 3.72603175e+00 -8.97637795e+00  2.55990876e+00  1.23127225e+01  9.28791208e+00
 3.72603175e+00 -8.84251969e+00  2.69359419e+00  1.23123853e+01  9.28328716e+00
 3.72603175e+00 -8.70866142e+00  2.82732068e+00  1.23120690e+01  9.27861867e+00
 3.72603175e+00 -8.57480315e+00  2.96113780e+00  1.23117752e+01  9.27378950e+00
 3.72603175e+00 -8.44094488e+00  3.09500522e+00  1.23115914e+01  9.26898283e+00
 3.72603175e+00 -8.30708661e+00  3.22884847e+00  1.23114681e+01  9.26420074e+00
 3.72603175e+00 -8.17322835e+00  3.36265083e+00  1.23113532e+01  9.25937008e+00
 3.72603175e+00 -8.03937008e+00  3.49653286e+00  1.23113510e+01  9.25452242e+00
 3.72603175e+00 -7.90551181e+00  3.63050377e+00  1.23113672e+01  9.24961886e+00
 3.72603175e+00 -7.77165354e+00  3.76448851e+00  1.23113220e+01  9.24463139e+00
 3.72603175e+00 -7.63779528e+00  3.89840119e+00  1.23113917e+01  9.23964065e+00
 3.72603175e+00 -7.50393701e+00  4.03226902e+00  1.23115082e+01  9.23463305e+00
 3.72603175e+00 -7.37007874e+00  4.16614060e+00  1.23115300e+01  9.22955490e+00
 3.72603175e+00 -7.23622047e+00  4.29998255e+00  1.23114688e+01  9.22439251e+00
 3.72603175e+00 -7.10236220e+00  4.43374069e+00  1.23113540e+01  9.21916843e+00
 3.72603175e+00 -6.96850394e+00  4.56740251e+00  1.23111803e+01  9.21387815e+00
 3.72603175e+00 -6.83464567e+00  4.70103748e+00  1.23108834e+01  9.20844439e+00
 3.72603175e+00 -6.70078740e+00  4.83464502e+00  1.23104545e+01  9.20287746e+00
 3.72603175e+00 -6.56692913e+00  4.96819661e+00  1.23099242e+01  9.19723922e+00
 3.72603175e+00 -6.43307087e+00  5.10169019e+00  1.23093295e+01  9.19158234e+00
 3.72603175e+00 -6.29921260e+00  5.23514892e+00  1.23086482e+01  9.18584308e+00
 3.72603175e+00 -6.16535433e+00  5.36859953e+00  1.23078617e+01  9.17997894e+00
 3.72603175e+00 -6.03149606e+00  5.50204841e+00  1.23070135e+01  9.17408120e+00
 3.72603175e+00 -5.89763780e+00  5.63545007e+00  1.23061435e+01  9.16812229e+00
 3.72603175e+00 -5.76377953e+00  5.76874046e+00  1.23051942e+01  9.16204938e+00
 3.72603175e+00 -5.62992126e+00  5.90186549e+00  1.23039512e+01  9.15587463e+00
 3.72603175e+00 -5.49606299e+00  6.03475780e+00  1.23022869e+01  9.14951127e+00
 3.72603175e+00 -5.36220472e+00  6.16725259e+00  1.23000214e+01  9.14285630e+00
 3.72603175e+00 -5.22834646e+00  6.29903646e+00  1.22967898e+01  9.13586655e+00
 3.72603175e+00 -5.09448819e+00  6.42993054e+00  1.22922662e+01  9.12842762e+00
 3.72603175e+00 -4.96062992e+00  6.55979848e+00  1.22861141e+01  9.12040241e+00
 3.72603175e+00 -4.82677165e+00  6.68844579e+00  1.22779341e+01  9.11169642e+00
 3.72603175e+00 -4.69291339e+00  6.81575954e+00  1.22675081e+01  9.10231215e+00
 3.72603175e+00 -4.55905512e+00  6.94171530e+00  1.22547335e+01  9.09229595e+00
 3.72603175e+00 -4.42519685e+00  7.06638439e+00  1.22395225e+01  9.08166942e+00
 3.72603175e+00 -4.29133858e+00  7.18990765e+00  1.22219785e+01  9.07047642e+00
 3.72603175e+00 -4.15748031e+00  7.31247808e+00  1.22023576e+01  9.05879233e+00
 3.72603175e+00 -4.02362205e+00  7.43432391e+00  1.21808733e+01  9.04673887e+00
 3.72603175e+00 -3.88976378e+00  7.55565873e+00  1.21578046e+01  9.03444990e+00
 3.72603175e+00 -3.75590551e+00  7.67666368e+00  1.21335748e+01  9.02205694e+00
 3.72603175e+00 -3.62204724e+00  7.79758210e+00  1.21085596e+01  9.00966172e+00
 3.72603175e+00 -3.48818898e+00  7.91867823e+00  1.20830995e+01  8.99734485e+00
 3.72603175e+00 -3.35433071e+00  8.04010791e+00  1.20575685e+01  8.98518215e+00
 3.72603175e+00 -3.22047244e+00  8.16203075e+00  1.20323300e+01  8.97324384e+00
 3.72603175e+00 -3.08661417e+00  8.28465585e+00  1.20077129e+01  8.96158909e+00
 3.72603175e+00 -2.95275591e+00  8.40815150e+00  1.19839905e+01  8.95022847e+00
 3.72603175e+00 -2.81889764e+00  8.53263892e+00  1.19614007e+01  8.93916471e+00
 3.72603175e+00 -2.68503937e+00  8.65816821e+00  1.19401645e+01  8.92847000e+00
 3.72603175e+00 -2.55118110e+00  8.78483282e+00  1.19204390e+01  8.91814341e+00
 3.72603175e+00 -2.41732283e+00  8.91279268e+00  1.19023049e+01  8.90809994e+00
 3.72603175e+00 -2.28346457e+00  9.04218830e+00  1.18857749e+01  8.89834650e+00
 3.72603175e+00 -2.14960630e+00  9.17315897e+00  1.18708551e+01  8.88887751e+00
 3.72603175e+00 -2.01574803e+00  9.30587917e+00  1.18575719e+01  8.87961236e+00
 3.72603175e+00 -1.88188976e+00  9.44070978e+00  1.18458903e+01  8.87050563e+00
 3.72603175e+00 -1.74803150e+00  9.57816671e+00  1.18357727e+01  8.86150409e+00
 3.72603175e+00 -1.61417323e+00  9.71890875e+00  1.18272290e+01  8.85251304e+00
 3.72603175e+00 -1.48031496e+00  9.86384064e+00  1.18203017e+01  8.84350317e+00
 3.72603175e+00 -1.34645669e+00  1.00141368e+01  1.18151250e+01  8.83439806e+00
 3.72603175e+00 -1.21259843e+00  1.01715617e+01  1.18119473e+01  8.82504296e+00
 3.72603175e+00 -1.07874016e+00  1.03392170e+01  1.18113921e+01  8.81539384e+00
 3.72603175e+00 -9.44881890e-01  1.05197620e+01  1.18144007e+01  8.80520251e+00
 3.72603175e+00 -8.11023622e-01  1.07167180e+01  1.18227445e+01  8.79437389e+00
 3.72603175e+00 -6.77165354e-01  1.09359226e+01  1.18391820e+01  8.78262742e+00
 3.72603175e+00 -5.43307087e-01  1.11830273e+01  1.18680253e+01  8.76965325e+00
 3.72603175e+00 -4.09448819e-01  1.14577437e+01  1.19166892e+01  8.75459235e+00
 3.72603175e+00 -2.75590551e-01  1.17591053e+01  1.19928599e+01  8.73715481e+00
 3.72603175e+00 -1.41732283e-01  1.20593495e+01  1.20959018e+01  8.71811786e+00
 3.72603175e+00 -7.87401575e-03  1.23467794e+01  1.22186892e+01  8.69778592e+00
 3.72603175e+00  1.25984252e-01  1.26228021e+01  1.23568204e+01  8.67565136e+00
 3.72603175e+00  2.59842520e-01  1.28926044e+01  1.25059322e+01  8.65118380e+00
 3.72603175e+00  3.93700787e-01  1.31587138e+01  1.26602649e+01  8.62384472e+00
 3.72603175e+00  5.27559055e-01  1.34255414e+01  1.28141123e+01  8.59341888e+00
 3.72603175e+00  6.61417323e-01  1.36923690e+01  1.29679597e+01  8.56299304e+00
 3.72603175e+00  7.95275591e-01  1.39591966e+01  1.31218071e+01  8.53256720e+00
 3.72603175e+00  9.29133858e-01  1.42260242e+01  1.32756545e+01  8.50214136e+00
 3.72603175e+00  1.06299213e+00  1.44928518e+01  1.34295019e+01  8.47171552e+00
 3.72603175e+00  1.19685039e+00  1.47596794e+01  1.35833493e+01  8.44128968e+00
 3.72603175e+00  1.33070866e+00  1.50265070e+01  1.37371967e+01  8.41086384e+00
 3.72603175e+00  1.46456693e+00  1.52933346e+01  1.38910441e+01  8.38043800e+00
 3.72603175e+00  1.59842520e+00  1.55601622e+01  1.40448915e+01  8.35001216e+00
 3.72603175e+00  1.73228346e+00  1.58269898e+01  1.41987389e+01  8.31958632e+00
 3.72603175e+00  1.86614173e+00  1.60938174e+01  1.43525863e+01  8.28916048e+00
 3.72603175e+00  2.00000000e+00  1.63606450e+01  1.45064337e+01  8.25873464e+00
 3.80444444e+00 -1.50000000e+01 -3.09733987e+00  1.31041845e+01  9.68342437e+00
 3.80444444e+00 -1.48661417e+01 -2.96729118e+00  1.30989430e+01  9.67712907e+00
 3.80444444e+00 -1.47322835e+01 -2.83831941e+00  1.30914006e+01  9.66994851e+00
 3.80444444e+00 -1.45984252e+01 -2.71060230e+00  1.30812734e+01  9.66179438e+00
 3.80444444e+00 -1.44645669e+01 -2.58420903e+00  1.30684536e+01  9.65264491e+00
 3.80444444e+00 -1.43307087e+01 -2.45908620e+00  1.30529457e+01  9.64255092e+00
 3.80444444e+00 -1.41968504e+01 -2.33504737e+00  1.30347943e+01  9.63165525e+00
 3.80444444e+00 -1.40629921e+01 -2.21185892e+00  1.30141878e+01  9.62009186e+00
 3.80444444e+00 -1.39291339e+01 -2.08927020e+00  1.29914398e+01  9.60798981e+00
 3.80444444e+00 -1.37952756e+01 -1.96706326e+00  1.29668820e+01  9.59556848e+00
 3.80444444e+00 -1.36614173e+01 -1.84500713e+00  1.29408879e+01  9.58303898e+00
 3.80444444e+00 -1.35275591e+01 -1.72282637e+00  1.29139013e+01  9.57054548e+00
 3.80444444e+00 -1.33937008e+01 -1.60036030e+00  1.28863356e+01  9.55823110e+00
 3.80444444e+00 -1.32598425e+01 -1.47756587e+00  1.28585713e+01  9.54622345e+00
 3.80444444e+00 -1.31259843e+01 -1.35435580e+00  1.28309037e+01  9.53454745e+00
 3.80444444e+00 -1.29921260e+01 -1.23064243e+00  1.28035416e+01  9.52323126e+00
 3.80444444e+00 -1.28582677e+01 -1.10649936e+00  1.27766371e+01  9.51234079e+00
 3.80444444e+00 -1.27244094e+01 -9.81899946e-01  1.27503642e+01  9.50178763e+00
 3.80444444e+00 -1.25905512e+01 -8.56818797e-01  1.27248263e+01  9.49145247e+00
 3.80444444e+00 -1.24566929e+01 -7.31430690e-01  1.26999114e+01  9.48134920e+00
 3.80444444e+00 -1.23228346e+01 -6.05830135e-01  1.26755515e+01  9.47144644e+00
 3.80444444e+00 -1.21889764e+01 -4.80031877e-01  1.26517446e+01  9.46165783e+00
 3.80444444e+00 -1.20551181e+01 -3.54152011e-01  1.26284592e+01  9.45191806e+00
 3.80444444e+00 -1.19212598e+01 -2.28232541e-01  1.26056447e+01  9.44221130e+00
 3.80444444e+00 -1.17874016e+01 -1.02175237e-01  1.25832552e+01  9.43257936e+00
 3.80444444e+00 -1.16535433e+01  2.40549538e-02  1.25613706e+01  9.42303519e+00
 3.80444444e+00 -1.15196850e+01  1.50484697e-01  1.25401051e+01  9.41361795e+00
 3.80444444e+00 -1.13858268e+01  2.77205425e-01  1.25195184e+01  9.40445974e+00
 3.80444444e+00 -1.12519685e+01  4.04338651e-01  1.24997100e+01  9.39560698e+00
 3.80444444e+00 -1.11181102e+01  5.31997849e-01  1.24808197e+01  9.38705124e+00
 3.80444444e+00 -1.09842520e+01  6.60204811e-01  1.24629966e+01  9.37885862e+00
 3.80444444e+00 -1.08503937e+01  7.88935187e-01  1.24463501e+01  9.37104955e+00
 3.80444444e+00 -1.07165354e+01  9.18165454e-01  1.24309461e+01  9.36359203e+00
 3.80444444e+00 -1.05826772e+01  1.04802100e+00  1.24168655e+01  9.35654618e+00
 3.80444444e+00 -1.04488189e+01  1.17852459e+00  1.24041796e+01  9.34992656e+00
 3.80444444e+00 -1.03149606e+01  1.30951597e+00  1.23929148e+01  9.34364932e+00
 3.80444444e+00 -1.01811024e+01  1.44108685e+00  1.23830152e+01  9.33772552e+00
 3.80444444e+00 -1.00472441e+01  1.57326919e+00  1.23744246e+01  9.33216128e+00
 3.80444444e+00 -9.91338583e+00  1.70582738e+00  1.23671265e+01  9.32688117e+00
 3.80444444e+00 -9.77952756e+00  1.83867551e+00  1.23610904e+01  9.32181306e+00
 3.80444444e+00 -9.64566929e+00  1.97183759e+00  1.23561750e+01  9.31691635e+00
 3.80444444e+00 -9.51181102e+00  2.10535119e+00  1.23520951e+01  9.31218322e+00
 3.80444444e+00 -9.37795276e+00  2.23897366e+00  1.23488413e+01  9.30750974e+00
 3.80444444e+00 -9.24409449e+00  2.37258225e+00  1.23463669e+01  9.30283481e+00
 3.80444444e+00 -9.11023622e+00  2.50643176e+00  1.23443678e+01  9.29823234e+00
 3.80444444e+00 -8.97637795e+00  2.64033785e+00  1.23427617e+01  9.29362678e+00
 3.80444444e+00 -8.84251969e+00  2.77409881e+00  1.23415035e+01  9.28893823e+00
 3.80444444e+00 -8.70866142e+00  2.90784305e+00  1.23404450e+01  9.28420062e+00
 3.80444444e+00 -8.57480315e+00  3.04162470e+00  1.23395783e+01  9.27941400e+00
 3.80444444e+00 -8.44094488e+00  3.17539002e+00  1.23388636e+01  9.27456856e+00
 3.80444444e+00 -8.30708661e+00  3.30901860e+00  1.23381347e+01  9.26966936e+00
 3.80444444e+00 -8.17322835e+00  3.44261556e+00  1.23374648e+01  9.26470935e+00
 3.80444444e+00 -8.03937008e+00  3.57627011e+00  1.23368944e+01  9.25968121e+00
 3.80444444e+00 -7.90551181e+00  3.70990347e+00  1.23362717e+01  9.25459337e+00
 3.80444444e+00 -7.77165354e+00  3.84355656e+00  1.23356802e+01  9.24949761e+00
 3.80444444e+00 -7.63779528e+00  3.97725926e+00  1.23351992e+01  9.24442611e+00
 3.80444444e+00 -7.50393701e+00  4.11094991e+00  1.23347417e+01  9.23935115e+00
 3.80444444e+00 -7.37007874e+00  4.24467385e+00  1.23342851e+01  9.23423840e+00
 3.80444444e+00 -7.23622047e+00  4.37845897e+00  1.23338654e+01  9.22907718e+00
 3.80444444e+00 -7.10236220e+00  4.51224210e+00  1.23335446e+01  9.22388668e+00
 3.80444444e+00 -6.96850394e+00  4.64602444e+00  1.23332936e+01  9.21863758e+00
 3.80444444e+00 -6.83464567e+00  4.77984517e+00  1.23330771e+01  9.21332333e+00
 3.80444444e+00 -6.70078740e+00  4.91373453e+00  1.23329066e+01  9.20799255e+00
 3.80444444e+00 -6.56692913e+00  5.04758569e+00  1.23327905e+01  9.20262953e+00
 3.80444444e+00 -6.43307087e+00  5.18136955e+00  1.23327013e+01  9.19718332e+00
 3.80444444e+00 -6.29921260e+00  5.31521046e+00  1.23325733e+01  9.19160840e+00
 3.80444444e+00 -6.16535433e+00  5.44900748e+00  1.23324030e+01  9.18596539e+00
 3.80444444e+00 -6.03149606e+00  5.58268672e+00  1.23321949e+01  9.18027302e+00
 3.80444444e+00 -5.89763780e+00  5.71632552e+00  1.23319226e+01  9.17444963e+00
 3.80444444e+00 -5.76377953e+00  5.84991594e+00  1.23315214e+01  9.16850871e+00
 3.80444444e+00 -5.62992126e+00  5.98342940e+00  1.23309586e+01  9.16247032e+00
 3.80444444e+00 -5.49606299e+00  6.11685807e+00  1.23302597e+01  9.15631226e+00
 3.80444444e+00 -5.36220472e+00  6.25019264e+00  1.23294190e+01  9.15002107e+00
 3.80444444e+00 -5.22834646e+00  6.38341097e+00  1.23284011e+01  9.14361759e+00
 3.80444444e+00 -5.09448819e+00  6.51647753e+00  1.23271505e+01  9.13714441e+00
 3.80444444e+00 -4.96062992e+00  6.64937029e+00  1.23256296e+01  9.13053275e+00
 3.80444444e+00 -4.82677165e+00  6.78201173e+00  1.23237306e+01  9.12370713e+00
 3.80444444e+00 -4.69291339e+00  6.91424273e+00  1.23212401e+01  9.11664244e+00
 3.80444444e+00 -4.55905512e+00  7.04591459e+00  1.23179470e+01  9.10932639e+00
 3.80444444e+00 -4.42519685e+00  7.17685974e+00  1.23135973e+01  9.10167638e+00
 3.80444444e+00 -4.29133858e+00  7.30687809e+00  1.23078714e+01  9.09352556e+00
 3.80444444e+00 -4.15748031e+00  7.43579149e+00  1.23004550e+01  9.08485150e+00
 3.80444444e+00 -4.02362205e+00  7.56344400e+00  1.22910825e+01  9.07563602e+00
 3.80444444e+00 -3.88976378e+00  7.68971715e+00  1.22795703e+01  9.06577651e+00
 3.80444444e+00 -3.75590551e+00  7.81468548e+00  1.22658341e+01  9.05532335e+00
 3.80444444e+00 -3.62204724e+00  7.93849758e+00  1.22499049e+01  9.04439049e+00
 3.80444444e+00 -3.48818898e+00  8.06124132e+00  1.22320115e+01  9.03303338e+00
 3.80444444e+00 -3.35433071e+00  8.18312971e+00  1.22124160e+01  9.02132973e+00
 3.80444444e+00 -3.22047244e+00  8.30449088e+00  1.21913949e+01  9.00938905e+00
 3.80444444e+00 -3.08661417e+00  8.42558691e+00  1.21693556e+01  8.99733302e+00
 3.80444444e+00 -2.95275591e+00  8.54665692e+00  1.21466933e+01  8.98526417e+00
 3.80444444e+00 -2.81889764e+00  8.66795244e+00  1.21236871e+01  8.97323872e+00
 3.80444444e+00 -2.68503937e+00  8.78975853e+00  1.21007355e+01  8.96135012e+00
 3.80444444e+00 -2.55118110e+00  8.91237927e+00  1.20783074e+01  8.94971218e+00
 3.80444444e+00 -2.41732283e+00  9.03605142e+00  1.20566118e+01  8.93834290e+00
 3.80444444e+00 -2.28346457e+00  9.16100192e+00  1.20358456e+01  8.92723983e+00
 3.80444444e+00 -2.14960630e+00  9.28748656e+00  1.20163251e+01  8.91641759e+00
 3.80444444e+00 -2.01574803e+00  9.41584765e+00  1.19982633e+01  8.90586255e+00
 3.80444444e+00 -1.88188976e+00  9.54647782e+00  1.19817683e+01  8.89555255e+00
 3.80444444e+00 -1.74803150e+00  9.67975916e+00  1.19668454e+01  8.88549046e+00
 3.80444444e+00 -1.61417323e+00  9.81639092e+00  1.19536160e+01  8.87559444e+00
 3.80444444e+00 -1.48031496e+00  9.95734458e+00  1.19422750e+01  8.86575318e+00
 3.80444444e+00 -1.34645669e+00  1.01034078e+01  1.19328571e+01  8.85597925e+00
 3.80444444e+00 -1.21259843e+00  1.02564896e+01  1.19256009e+01  8.84612443e+00
 3.80444444e+00 -1.07874016e+00  1.04191376e+01  1.19210269e+01  8.83602819e+00
 3.80444444e+00 -9.44881890e-01  1.05938085e+01  1.19199696e+01  8.82565065e+00
 3.80444444e+00 -8.11023622e-01  1.07837650e+01  1.19237739e+01  8.81472121e+00
 3.80444444e+00 -6.77165354e-01  1.09949839e+01  1.19348581e+01  8.80301322e+00
 3.80444444e+00 -5.43307087e-01  1.12334736e+01  1.19566582e+01  8.79025735e+00
 3.80444444e+00 -4.09448819e-01  1.14969930e+01  1.19954476e+01  8.77559805e+00
 3.80444444e+00 -2.75590551e-01  1.17768283e+01  1.20571691e+01  8.75870354e+00
 3.80444444e+00 -1.41732283e-01  1.20585586e+01  1.21439794e+01  8.74031212e+00
 3.80444444e+00 -7.87401575e-03  1.23318339e+01  1.22514756e+01  8.72067667e+00
 3.80444444e+00  1.25984252e-01  1.25958174e+01  1.23761162e+01  8.69946920e+00
 3.80444444e+00  2.59842520e-01  1.28537456e+01  1.25141992e+01  8.67612955e+00
 3.80444444e+00  3.93700787e-01  1.31082883e+01  1.26601913e+01  8.65044757e+00
 3.80444444e+00  5.27559055e-01  1.33703654e+01  1.28120681e+01  8.62221698e+00
 3.80444444e+00  6.61417323e-01  1.36324425e+01  1.29639449e+01  8.59398639e+00
 3.80444444e+00  7.95275591e-01  1.38945196e+01  1.31158217e+01  8.56575580e+00
 3.80444444e+00  9.29133858e-01  1.41565967e+01  1.32676985e+01  8.53752521e+00
 3.80444444e+00  1.06299213e+00  1.44186738e+01  1.34195753e+01  8.50929462e+00
 3.80444444e+00  1.19685039e+00  1.46807509e+01  1.35714521e+01  8.48106403e+00
 3.80444444e+00  1.33070866e+00  1.49428280e+01  1.37233289e+01  8.45283344e+00
 3.80444444e+00  1.46456693e+00  1.52049051e+01  1.38752057e+01  8.42460285e+00
 3.80444444e+00  1.59842520e+00  1.54669822e+01  1.40270825e+01  8.39637226e+00
 3.80444444e+00  1.73228346e+00  1.57290593e+01  1.41789593e+01  8.36814167e+00
 3.80444444e+00  1.86614173e+00  1.59911364e+01  1.43308361e+01  8.33991108e+00
 3.80444444e+00  2.00000000e+00  1.62532135e+01  1.44827129e+01  8.31168049e+00
 3.88285714e+00 -1.50000000e+01 -3.03033826e+00  1.30778724e+01  9.67734352e+00
 3.88285714e+00 -1.48661417e+01 -2.89612685e+00  1.30782627e+01  9.67402700e+00
 3.88285714e+00 -1.47322835e+01 -2.76167994e+00  1.30790627e+01  9.67087446e+00
 3.88285714e+00 -1.45984252e+01 -2.62689384e+00  1.30803195e+01  9.66787868e+00
 3.88285714e+00 -1.44645669e+01 -2.49194802e+00  1.30821747e+01  9.66498846e+00
 3.88285714e+00 -1.43307087e+01 -2.35684532e+00  1.30844633e+01  9.66225504e+00
 3.88285714e+00 -1.41968504e+01 -2.22154856e+00  1.30870557e+01  9.65964550e+00
 3.88285714e+00 -1.40629921e+01 -2.08612192e+00  1.30900502e+01  9.65695564e+00
 3.88285714e+00 -1.39291339e+01 -1.95071959e+00  1.30931587e+01  9.65425554e+00
 3.88285714e+00 -1.37952756e+01 -1.81546024e+00  1.30961438e+01  9.65152358e+00
 3.88285714e+00 -1.36614173e+01 -1.68039319e+00  1.30990156e+01  9.64849085e+00
 3.88285714e+00 -1.35275591e+01 -1.54571863e+00  1.31014474e+01  9.64516165e+00
 3.88285714e+00 -1.33937008e+01 -1.41161554e+00  1.31030791e+01  9.64149218e+00
 3.88285714e+00 -1.32598425e+01 -1.27817349e+00  1.31036591e+01  9.63727947e+00
 3.88285714e+00 -1.31259843e+01 -1.14556531e+00  1.31028951e+01  9.63248853e+00
 3.88285714e+00 -1.29921260e+01 -1.01394179e+00  1.31005061e+01  9.62703547e+00
 3.88285714e+00 -1.28582677e+01 -8.83413674e-01  1.30962159e+01  9.62073484e+00
 3.88285714e+00 -1.27244094e+01 -7.54038168e-01  1.30896090e+01  9.61354847e+00
 3.88285714e+00 -1.25905512e+01 -6.25928284e-01  1.30803968e+01  9.60544024e+00
 3.88285714e+00 -1.24566929e+01 -4.99257142e-01  1.30685338e+01  9.59632301e+00
 3.88285714e+00 -1.23228346e+01 -3.73888026e-01  1.30539416e+01  9.58621783e+00
 3.88285714e+00 -1.21889764e+01 -2.49626698e-01  1.30365929e+01  9.57523501e+00
 3.88285714e+00 -1.20551181e+01 -1.26414453e-01  1.30166486e+01  9.56357593e+00
 3.88285714e+00 -1.19212598e+01 -3.99998074e-03  1.29943811e+01  9.55137988e+00
 3.88285714e+00 -1.17874016e+01  1.17974579e-01  1.29701326e+01  9.53875628e+00
 3.88285714e+00 -1.16535433e+01  2.39674860e-01  1.29443314e+01  9.52593754e+00
 3.88285714e+00 -1.15196850e+01  3.61275791e-01  1.29173979e+01  9.51312082e+00
 3.88285714e+00 -1.13858268e+01  4.83039728e-01  1.28896967e+01  9.50039856e+00
 3.88285714e+00 -1.12519685e+01  6.05108756e-01  1.28615186e+01  9.48787674e+00
 3.88285714e+00 -1.11181102e+01  7.27545773e-01  1.28331365e+01  9.47563769e+00
 3.88285714e+00 -1.09842520e+01  8.50411035e-01  1.28048971e+01  9.46363088e+00
 3.88285714e+00 -1.08503937e+01  9.73715016e-01  1.27770048e+01  9.45186874e+00
 3.88285714e+00 -1.07165354e+01  1.09740446e+00  1.27494684e+01  9.44045475e+00
 3.88285714e+00 -1.05826772e+01  1.22142545e+00  1.27223781e+01  9.42928810e+00
 3.88285714e+00 -1.04488189e+01  1.34574377e+00  1.26958217e+01  9.41824390e+00
 3.88285714e+00 -1.03149606e+01  1.47036767e+00  1.26697789e+01  9.40737727e+00
 3.88285714e+00 -1.01811024e+01  1.59527378e+00  1.26443191e+01  9.39671732e+00
 3.88285714e+00 -1.00472441e+01  1.72043779e+00  1.26195804e+01  9.38625299e+00
 3.88285714e+00 -9.91338583e+00  1.84597676e+00  1.25956091e+01  9.37599713e+00
 3.88285714e+00 -9.77952756e+00  1.97194593e+00  1.25724809e+01  9.36599714e+00
 3.88285714e+00 -9.64566929e+00  2.09827701e+00  1.25503445e+01  9.35632803e+00
 3.88285714e+00 -9.51181102e+00  2.22509434e+00  1.25293315e+01  9.34698667e+00
 3.88285714e+00 -9.37795276e+00  2.35255422e+00  1.25095593e+01  9.33797720e+00
 3.88285714e+00 -9.24409449e+00  2.48065988e+00  1.24911253e+01  9.32939792e+00
 3.88285714e+00 -9.11023622e+00  2.60943843e+00  1.24740991e+01  9.32125514e+00
 3.88285714e+00 -8.97637795e+00  2.73890572e+00  1.24585328e+01  9.31350377e+00
 3.88285714e+00 -8.84251969e+00  2.86893604e+00  1.24444755e+01  9.30617434e+00
 3.88285714e+00 -8.70866142e+00  2.99950556e+00  1.24319816e+01  9.29922710e+00
 3.88285714e+00 -8.57480315e+00  3.13068250e+00  1.24210552e+01  9.29257458e+00
 3.88285714e+00 -8.44094488e+00  3.26239826e+00  1.24114574e+01  9.28625381e+00
 3.88285714e+00 -8.30708661e+00  3.39455189e+00  1.24031425e+01  9.28022741e+00
 3.88285714e+00 -8.17322835e+00  3.52705224e+00  1.23962196e+01  9.27436519e+00
 3.88285714e+00 -8.03937008e+00  3.65983166e+00  1.23902485e+01  9.26864206e+00
 3.88285714e+00 -7.90551181e+00  3.79288011e+00  1.23852284e+01  9.26306564e+00
 3.88285714e+00 -7.77165354e+00  3.92620051e+00  1.23815721e+01  9.25762707e+00
 3.88285714e+00 -7.63779528e+00  4.05958498e+00  1.23784219e+01  9.25223574e+00
 3.88285714e+00 -7.50393701e+00  4.19294568e+00  1.23753532e+01  9.24685191e+00
 3.88285714e+00 -7.37007874e+00  4.32637745e+00  1.23727797e+01  9.24150441e+00
 3.88285714e+00 -7.23622047e+00  4.45984517e+00  1.23706281e+01  9.23613987e+00
 3.88285714e+00 -7.10236220e+00  4.59332380e+00  1.23687412e+01  9.23071704e+00
 3.88285714e+00 -6.96850394e+00  4.72683262e+00  1.23670566e+01  9.22524343e+00
 3.88285714e+00 -6.83464567e+00  4.86032565e+00  1.23655580e+01  9.21975189e+00
 3.88285714e+00 -6.70078740e+00  4.99382411e+00  1.23642447e+01  9.21423199e+00
 3.88285714e+00 -6.56692913e+00  5.12741257e+00  1.23631087e+01  9.20863606e+00
 3.88285714e+00 -6.43307087e+00  5.26101638e+00  1.23620890e+01  9.20300320e+00
 3.88285714e+00 -6.29921260e+00  5.39460830e+00  1.23611791e+01  9.19734869e+00
 3.88285714e+00 -6.16535433e+00  5.52825045e+00  1.23604258e+01  9.19164593e+00
 3.88285714e+00 -6.03149606e+00  5.66193034e+00  1.23597644e+01  9.18593057e+00
 3.88285714e+00 -5.89763780e+00  5.79563359e+00  1.23591401e+01  9.18017332e+00
 3.88285714e+00 -5.76377953e+00  5.92935751e+00  1.23585611e+01  9.17429096e+00
 3.88285714e+00 -5.62992126e+00  6.06305348e+00  1.23580962e+01  9.16836720e+00
 3.88285714e+00 -5.49606299e+00  6.19674291e+00  1.23576970e+01  9.16240131e+00
 3.88285714e+00 -5.36220472e+00  6.33048727e+00  1.23572235e+01  9.15629564e+00
 3.88285714e+00 -5.22834646e+00  6.46414243e+00  1.23567515e+01  9.15014065e+00
 3.88285714e+00 -5.09448819e+00  6.59766607e+00  1.23562654e+01  9.14393114e+00
 3.88285714e+00 -4.96062992e+00  6.73114403e+00  1.23556223e+01  9.13754432e+00
 3.88285714e+00 -4.82677165e+00  6.86450674e+00  1.23548112e+01  9.13101512e+00
 3.88285714e+00 -4.69291339e+00  6.99771558e+00  1.23538112e+01  9.12435293e+00
 3.88285714e+00 -4.55905512e+00  7.13078315e+00  1.23525543e+01  9.11751996e+00
 3.88285714e+00 -4.42519685e+00  7.26361739e+00  1.23509819e+01  9.11057806e+00
 3.88285714e+00 -4.29133858e+00  7.39612278e+00  1.23490102e+01  9.10349806e+00
 3.88285714e+00 -4.15748031e+00  7.52822698e+00  1.23465200e+01  9.09615637e+00
 3.88285714e+00 -4.02362205e+00  7.65984339e+00  1.23433626e+01  9.08855207e+00
 3.88285714e+00 -3.88976378e+00  7.79083427e+00  1.23392868e+01  9.08066646e+00
 3.88285714e+00 -3.75590551e+00  7.92100861e+00  1.23339648e+01  9.07242210e+00
 3.88285714e+00 -3.62204724e+00  8.05016285e+00  1.23271978e+01  9.06373585e+00
 3.88285714e+00 -3.48818898e+00  8.17811027e+00  1.23187809e+01  9.05455128e+00
 3.88285714e+00 -3.35433071e+00  8.30472193e+00  1.23084704e+01  9.04485126e+00
 3.88285714e+00 -3.22047244e+00  8.43008070e+00  1.22961649e+01  9.03464851e+00
 3.88285714e+00 -3.08661417e+00  8.55430405e+00  1.22818784e+01  9.02397947e+00
 3.88285714e+00 -2.95275591e+00  8.67744212e+00  1.22657523e+01  9.01290966e+00
 3.88285714e+00 -2.81889764e+00  8.79974250e+00  1.22480495e+01  9.00152624e+00
 3.88285714e+00 -2.68503937e+00  8.92156445e+00  1.22290950e+01  8.98992739e+00
 3.88285714e+00 -2.55118110e+00  9.04318572e+00  1.22092116e+01  8.97821318e+00
 3.88285714e+00 -2.41732283e+00  9.16494398e+00  1.21887443e+01  8.96647272e+00
 3.88285714e+00 -2.28346457e+00  9.28729141e+00  1.21680774e+01  8.95477863e+00
 3.88285714e+00 -2.14960630e+00  9.41060598e+00  1.21476049e+01  8.94319089e+00
 3.88285714e+00 -2.01574803e+00  9.53527311e+00  1.21277074e+01  8.93176502e+00
 3.88285714e+00 -1.88188976e+00  9.66184651e+00  1.21086953e+01  8.92055745e+00
 3.88285714e+00 -1.74803150e+00  9.79091343e+00  1.20908149e+01  8.90957443e+00
 3.88285714e+00 -1.61417323e+00  9.92310244e+00  1.20742689e+01  8.89877022e+00
 3.88285714e+00 -1.48031496e+00  1.00592867e+01  1.20593415e+01  8.88812472e+00
 3.88285714e+00 -1.34645669e+00  1.02006120e+01  1.20462919e+01  8.87758951e+00
 3.88285714e+00 -1.21259843e+00  1.03486146e+01  1.20353318e+01  8.86706174e+00
 3.88285714e+00 -1.07874016e+00  1.05055685e+01  1.20269047e+01  8.85643860e+00
 3.88285714e+00 -9.44881890e-01  1.06737139e+01  1.20218640e+01  8.84560394e+00
 3.88285714e+00 -8.11023622e-01  1.08562831e+01  1.20213960e+01  8.83437995e+00
 3.88285714e+00 -6.77165354e-01  1.10593306e+01  1.20269182e+01  8.82251095e+00
 3.88285714e+00 -5.43307087e-01  1.12887443e+01  1.20415380e+01  8.80964420e+00
 3.88285714e+00 -4.09448819e-01  1.15432441e+01  1.20717374e+01  8.79519331e+00
 3.88285714e+00 -2.75590551e-01  1.18144734e+01  1.21236184e+01  8.77873472e+00
 3.88285714e+00 -1.41732283e-01  1.20879251e+01  1.21991992e+01  8.76095553e+00
 3.88285714e+00 -7.87401575e-03  1.23553712e+01  1.22953918e+01  8.74188304e+00
 3.88285714e+00  1.25984252e-01  1.26167055e+01  1.24101530e+01  8.72129080e+00
 3.88285714e+00  2.59842520e-01  1.28745543e+01  1.25403553e+01  8.69882925e+00
 3.88285714e+00  3.93700787e-01  1.31302023e+01  1.26802971e+01  8.67416833e+00
 3.88285714e+00  5.27559055e-01  1.33920859e+01  1.28268884e+01  8.64729692e+00
 3.88285714e+00  6.61417323e-01  1.36539695e+01  1.29734797e+01  8.62042551e+00
 3.88285714e+00  7.95275591e-01  1.39158531e+01  1.31200710e+01  8.59355410e+00
 3.88285714e+00  9.29133858e-01  1.41777367e+01  1.32666623e+01  8.56668269e+00
 3.88285714e+00  1.06299213e+00  1.44396203e+01  1.34132536e+01  8.53981128e+00
 3.88285714e+00  1.19685039e+00  1.47015039e+01  1.35598449e+01  8.51293987e+00
 3.88285714e+00  1.33070866e+00  1.49633875e+01  1.37064362e+01  8.48606846e+00
 3.88285714e+00  1.46456693e+00  1.52252711e+01  1.38530275e+01  8.45919705e+00
 3.88285714e+00  1.59842520e+00  1.54871547e+01  1.39996188e+01  8.43232564e+00
 3.88285714e+00  1.73228346e+00  1.57490383e+01  1.41462101e+01  8.40545423e+00
 3.88285714e+00  1.86614173e+00  1.60109219e+01  1.42928014e+01  8.37858282e+00
 3.88285714e+00  2.00000000e+00  1.62728055e+01  1.44393927e+01  8.35171141e+00
 3.96126984e+00 -1.50000000e+01 -2.94069851e+00  1.31197245e+01  9.68879676e+00
 3.96126984e+00 -1.48661417e+01 -2.80762573e+00  1.31171035e+01  9.68464038e+00
 3.96126984e+00 -1.47322835e+01 -2.67456143e+00  1.31145975e+01  9.68042088e+00
 3.96126984e+00 -1.45984252e+01 -2.54148727e+00  1.31121756e+01  9.67615554e+00
 3.96126984e+00 -1.44645669e+01 -2.40841794e+00  1.31098339e+01  9.67187668e+00
 3.96126984e+00 -1.43307087e+01 -2.27540433e+00  1.31075781e+01  9.66758709e+00
 3.96126984e+00 -1.41968504e+01 -2.14238885e+00  1.31053757e+01  9.66322600e+00
 3.96126984e+00 -1.40629921e+01 -2.00931659e+00  1.31032125e+01  9.65879721e+00
 3.96126984e+00 -1.39291339e+01 -1.87618620e+00  1.31011163e+01  9.65438530e+00
 3.96126984e+00 -1.37952756e+01 -1.74304269e+00  1.30991559e+01  9.64998217e+00
 3.96126984e+00 -1.36614173e+01 -1.60983882e+00  1.30973545e+01  9.64557126e+00
 3.96126984e+00 -1.35275591e+01 -1.47643645e+00  1.30956833e+01  9.64117024e+00
 3.96126984e+00 -1.33937008e+01 -1.34293648e+00  1.30942188e+01  9.63683469e+00
 3.96126984e+00 -1.32598425e+01 -1.20944457e+00  1.30930288e+01  9.63257748e+00
 3.96126984e+00 -1.31259843e+01 -1.07585602e+00  1.30921216e+01  9.62836087e+00
 3.96126984e+00 -1.29921260e+01 -9.42098180e-01  1.30914907e+01  9.62423826e+00
 3.96126984e+00 -1.28582677e+01 -8.08165431e-01  1.30912061e+01  9.62023527e+00
 3.96126984e+00 -1.27244094e+01 -6.74028458e-01  1.30913952e+01  9.61632065e+00
 3.96126984e+00 -1.25905512e+01 -5.39669668e-01  1.30920040e+01  9.61253108e+00
 3.96126984e+00 -1.24566929e+01 -4.05113391e-01  1.30930153e+01  9.60886391e+00
 3.96126984e+00 -1.23228346e+01 -2.70422215e-01  1.30944712e+01  9.60525992e+00
 3.96126984e+00 -1.21889764e+01 -1.35637784e-01  1.30962001e+01  9.60171730e+00
 3.96126984e+00 -1.20551181e+01 -8.48177889e-04  1.30980507e+01  9.59816936e+00
 3.96126984e+00 -1.19212598e+01  1.33804295e-01  1.30999115e+01  9.59447999e+00
 3.96126984e+00 -1.17874016e+01  2.68185193e-01  1.31014767e+01  9.59058093e+00
 3.96126984e+00 -1.16535433e+01  4.02140587e-01  1.31024624e+01  9.58635600e+00
 3.96126984e+00 -1.15196850e+01  5.35491012e-01  1.31026086e+01  9.58165619e+00
 3.96126984e+00 -1.13858268e+01  6.68041857e-01  1.31014860e+01  9.57644199e+00
 3.96126984e+00 -1.12519685e+01  7.99629513e-01  1.30987482e+01  9.57056312e+00
 3.96126984e+00 -1.11181102e+01  9.30113957e-01  1.30941279e+01  9.56380268e+00
 3.96126984e+00 -1.09842520e+01  1.05932407e+00  1.30872167e+01  9.55618034e+00
 3.96126984e+00 -1.08503937e+01  1.18716414e+00  1.30777103e+01  9.54765814e+00
 3.96126984e+00 -1.07165354e+01  1.31363290e+00  1.30654658e+01  9.53811261e+00
 3.96126984e+00 -1.05826772e+01  1.43877922e+00  1.30504376e+01  9.52762928e+00
 3.96126984e+00 -1.04488189e+01  1.56271164e+00  1.30326697e+01  9.51634144e+00
 3.96126984e+00 -1.03149606e+01  1.68561357e+00  1.30123124e+01  9.50435250e+00
 3.96126984e+00 -1.01811024e+01  1.80772516e+00  1.29896544e+01  9.49180949e+00
 3.96126984e+00 -1.00472441e+01  1.92931000e+00  1.29650532e+01  9.47888872e+00
 3.96126984e+00 -9.91338583e+00  2.05062257e+00  1.29388682e+01  9.46577971e+00
 3.96126984e+00 -9.77952756e+00  2.17187211e+00  1.29114776e+01  9.45261823e+00
 3.96126984e+00 -9.64566929e+00  2.29321543e+00  1.28832787e+01  9.43948049e+00
 3.96126984e+00 -9.51181102e+00  2.41479006e+00  1.28545817e+01  9.42650510e+00
 3.96126984e+00 -9.37795276e+00  2.53669373e+00  1.28256586e+01  9.41380452e+00
 3.96126984e+00 -9.24409449e+00  2.65893397e+00  1.27967898e+01  9.40132725e+00
 3.96126984e+00 -9.11023622e+00  2.78154311e+00  1.27681443e+01  9.38905315e+00
 3.96126984e+00 -8.97637795e+00  2.90458419e+00  1.27397864e+01  9.37702026e+00
 3.96126984e+00 -8.84251969e+00  3.02803467e+00  1.27118724e+01  9.36523513e+00
 3.96126984e+00 -8.70866142e+00  3.15186838e+00  1.26845906e+01  9.35370676e+00
 3.96126984e+00 -8.57480315e+00  3.27612850e+00  1.26581150e+01  9.34247529e+00
 3.96126984e+00 -8.44094488e+00  3.40090105e+00  1.26326094e+01  9.33155641e+00
 3.96126984e+00 -8.30708661e+00  3.52626097e+00  1.26081765e+01  9.32094016e+00
 3.96126984e+00 -8.17322835e+00  3.65214120e+00  1.25847130e+01  9.31060369e+00
 3.96126984e+00 -8.03937008e+00  3.77873896e+00  1.25627457e+01  9.30077437e+00
 3.96126984e+00 -7.90551181e+00  3.90649997e+00  1.25433674e+01  9.29187893e+00
 3.96126984e+00 -7.77165354e+00  4.03489078e+00  1.25254504e+01  9.28344941e+00
 3.96126984e+00 -7.63779528e+00  4.16348383e+00  1.25080284e+01  9.27505075e+00
 3.96126984e+00 -7.50393701e+00  4.29279827e+00  1.24921690e+01  9.26700950e+00
 3.96126984e+00 -7.37007874e+00  4.42286504e+00  1.24781316e+01  9.25941141e+00
 3.96126984e+00 -7.23622047e+00  4.55345945e+00  1.24656452e+01  9.25216237e+00
 3.96126984e+00 -7.10236220e+00  4.68457403e+00  1.24546232e+01  9.24519323e+00
 3.96126984e+00 -6.96850394e+00  4.81615888e+00  1.24449912e+01  9.23845030e+00
 3.96126984e+00 -6.83464567e+00  4.94812820e+00  1.24366372e+01  9.23189193e+00
 3.96126984e+00 -6.70078740e+00  5.08044106e+00  1.24293853e+01  9.22548908e+00
 3.96126984e+00 -6.56692913e+00  5.21300270e+00  1.24230869e+01  9.21920325e+00
 3.96126984e+00 -6.43307087e+00  5.34571083e+00  1.24176430e+01  9.21298854e+00
 3.96126984e+00 -6.29921260e+00  5.47857936e+00  1.24130110e+01  9.20680486e+00
 3.96126984e+00 -6.16535433e+00  5.61158241e+00  1.24089953e+01  9.20062204e+00
 3.96126984e+00 -6.03149606e+00  5.74466238e+00  1.24053738e+01  9.19443130e+00
 3.96126984e+00 -5.89763780e+00  5.87781481e+00  1.24022374e+01  9.18826292e+00
 3.96126984e+00 -5.76377953e+00  6.01103230e+00  1.23995953e+01  9.18209467e+00
 3.96126984e+00 -5.62992126e+00  6.14431157e+00  1.23973266e+01  9.17587925e+00
 3.96126984e+00 -5.49606299e+00  6.27769092e+00  1.23952760e+01  9.16963935e+00
 3.96126984e+00 -5.36220472e+00  6.41112883e+00  1.23934487e+01  9.16337754e+00
 3.96126984e+00 -5.22834646e+00  6.54455073e+00  1.23919152e+01  9.15707602e+00
 3.96126984e+00 -5.09448819e+00  6.67799897e+00  1.23905371e+01  9.15073744e+00
 3.96126984e+00 -4.96062992e+00  6.81149475e+00  1.23892714e+01  9.14433957e+00
 3.96126984e+00 -4.82677165e+00  6.94501655e+00  1.23881499e+01  9.13785543e+00
 3.96126984e+00 -4.69291339e+00  7.07852146e+00  1.23870982e+01  9.13131212e+00
 3.96126984e+00 -4.55905512e+00  7.21196839e+00  1.23860558e+01  9.12469530e+00
 3.96126984e+00 -4.42519685e+00  7.34532392e+00  1.23849826e+01  9.11795853e+00
 3.96126984e+00 -4.29133858e+00  7.47856366e+00  1.23838170e+01  9.11108471e+00
 3.96126984e+00 -4.15748031e+00  7.61165823e+00  1.23825059e+01  9.10408118e+00
 3.96126984e+00 -4.02362205e+00  7.74455920e+00  1.23809744e+01  9.09694587e+00
 3.96126984e+00 -3.88976378e+00  7.87717650e+00  1.23790581e+01  9.08960830e+00
 3.96126984e+00 -3.75590551e+00  8.00942389e+00  1.23766762e+01  9.08207238e+00
 3.96126984e+00 -3.62204724e+00  8.14120840e+00  1.23737683e+01  9.07436563e+00
 3.96126984e+00 -3.48818898e+00  8.27238688e+00  1.23700832e+01  9.06637317e+00
 3.96126984e+00 -3.35433071e+00  8.40283605e+00  1.23653906e+01  9.05804450e+00
 3.96126984e+00 -3.22047244e+00  8.53243852e+00  1.23595024e+01  9.04938876e+00
 3.96126984e+00 -3.08661417e+00  8.66100752e+00  1.23522001e+01  9.04034331e+00
 3.96126984e+00 -2.95275591e+00  8.78839997e+00  1.23432867e+01  9.03085630e+00
 3.96126984e+00 -2.81889764e+00  8.91455976e+00  1.23326131e+01  9.02091198e+00
 3.96126984e+00 -2.68503937e+00  9.03956976e+00  1.23201295e+01  9.01053512e+00
 3.96126984e+00 -2.55118110e+00  9.16358823e+00  1.23059154e+01  8.99978781e+00
 3.96126984e+00 -2.41732283e+00  9.28683839e+00  1.22902058e+01  8.98876535e+00
 3.96126984e+00 -2.28346457e+00  9.40967880e+00  1.22732554e+01  8.97749912e+00
 3.96126984e+00 -2.14960630e+00  9.53254812e+00  1.22553602e+01  8.96602365e+00
 3.96126984e+00 -2.01574803e+00  9.65591883e+00  1.22369540e+01  8.95450420e+00
 3.96126984e+00 -1.88188976e+00  9.78033197e+00  1.22184311e+01  8.94304114e+00
 3.96126984e+00 -1.74803150e+00  9.90644132e+00  1.22001262e+01  8.93163210e+00
 3.96126984e+00 -1.61417323e+00  1.00351030e+01  1.21824370e+01  8.92027861e+00
 3.96126984e+00 -1.48031496e+00  1.01672726e+01  1.21657434e+01  8.90899492e+00
 3.96126984e+00 -1.34645669e+00  1.03039572e+01  1.21503339e+01  8.89780688e+00
 3.96126984e+00 -1.21259843e+00  1.04468111e+01  1.21366432e+01  8.88669055e+00
 3.96126984e+00 -1.07874016e+00  1.05979600e+01  1.21251988e+01  8.87556803e+00
 3.96126984e+00 -9.44881890e-01  1.07594988e+01  1.21167347e+01  8.86429069e+00
 3.96126984e+00 -8.11023622e-01  1.09346747e+01  1.21129810e+01  8.85261427e+00
 3.96126984e+00 -6.77165354e-01  1.11292646e+01  1.21145243e+01  8.84049638e+00
 3.96126984e+00 -5.43307087e-01  1.13490296e+01  1.21223009e+01  8.82745391e+00
 3.96126984e+00 -4.09448819e-01  1.15935851e+01  1.21437182e+01  8.81290927e+00
 3.96126984e+00 -2.75590551e-01  1.18561338e+01  1.21866224e+01  8.79661167e+00
 3.96126984e+00 -1.41732283e-01  1.21203216e+01  1.22528186e+01  8.77917120e+00
 3.96126984e+00 -7.87401575e-03  1.23772630e+01  1.23386713e+01  8.76080782e+00
 3.96126984e+00  1.25984252e-01  1.26307286e+01  1.24435672e+01  8.74118831e+00
 3.96126984e+00  2.59842520e-01  1.28855500e+01  1.25654006e+01  8.71993709e+00
 3.96126984e+00  3.93700787e-01  1.31390468e+01  1.26986742e+01  8.69672808e+00
 3.96126984e+00  5.27559055e-01  1.33958348e+01  1.28393925e+01  8.67147293e+00
 3.96126984e+00  6.61417323e-01  1.38464129e+01  1.30731216e+01  8.64397561e+00
 3.96126984e+00  7.95275591e-01  1.42969910e+01  1.33068507e+01  8.61647829e+00
 3.96126984e+00  9.29133858e-01  1.47475691e+01  1.35405798e+01  8.58898097e+00
 3.96126984e+00  1.06299213e+00  1.51981472e+01  1.37743089e+01  8.56148365e+00
 3.96126984e+00  1.19685039e+00  1.56487253e+01  1.40080380e+01  8.53398633e+00
 3.96126984e+00  1.33070866e+00  1.60993034e+01  1.42417671e+01  8.50648901e+00
 3.96126984e+00  1.46456693e+00  1.65498815e+01  1.44754962e+01  8.47899169e+00
 3.96126984e+00  1.59842520e+00  1.70004596e+01  1.47092253e+01  8.45149437e+00
 3.96126984e+00  1.73228346e+00  1.74510377e+01  1.49429544e+01  8.42399705e+00
 3.96126984e+00  1.86614173e+00  1.79016158e+01  1.51766835e+01  8.39649973e+00
 3.96126984e+00  2.00000000e+00  1.83521939e+01  1.54104126e+01  8.36900241e+00
 4.03968254e+00 -1.50000000e+01 -2.84935822e+00  1.31691914e+01  9.70123907e+00
 4.03968254e+00 -1.48661417e+01 -2.71551267e+00  1.31695362e+01  9.69770666e+00
 4.03968254e+00 -1.47322835e+01 -2.58172081e+00  1.31697296e+01  9.69407194e+00
 4.03968254e+00 -1.45984252e+01 -2.44799559e+00  1.31697203e+01  9.69038355e+00
 4.03968254e+00 -1.44645669e+01 -2.31433998e+00  1.31694536e+01  9.68659710e+00
 4.03968254e+00 -1.43307087e+01 -2.18080729e+00  1.31688291e+01  9.68268003e+00
 4.03968254e+00 -1.41968504e+01 -2.04743898e+00  1.31677679e+01  9.67862958e+00
 4.03968254e+00 -1.40629921e+01 -1.91415703e+00  1.31663169e+01  9.67446775e+00
 4.03968254e+00 -1.39291339e+01 -1.78094923e+00  1.31644519e+01  9.67017831e+00
 4.03968254e+00 -1.37952756e+01 -1.64784354e+00  1.31621315e+01  9.66574741e+00
 4.03968254e+00 -1.36614173e+01 -1.51481696e+00  1.31594270e+01  9.66123603e+00
 4.03968254e+00 -1.35275591e+01 -1.38182645e+00  1.31564236e+01  9.65662226e+00
 4.03968254e+00 -1.33937008e+01 -1.24885974e+00  1.31532021e+01  9.65187209e+00
 4.03968254e+00 -1.32598425e+01 -1.11599131e+00  1.31498458e+01  9.64708946e+00
 4.03968254e+00 -1.31259843e+01 -9.83216616e-01  1.31464586e+01  9.64230343e+00
 4.03968254e+00 -1.29921260e+01 -8.50444959e-01  1.31431308e+01  9.63748585e+00
 4.03968254e+00 -1.28582677e+01 -7.17644353e-01  1.31398894e+01  9.63264377e+00
 4.03968254e+00 -1.27244094e+01 -5.84821474e-01  1.31367215e+01  9.62777871e+00
 4.03968254e+00 -1.25905512e+01 -4.51983228e-01  1.31336276e+01  9.62288708e+00
 4.03968254e+00 -1.24566929e+01 -3.19105768e-01  1.31307007e+01  9.61797398e+00
 4.03968254e+00 -1.23228346e+01 -1.86221921e-01  1.31279131e+01  9.61303929e+00
 4.03968254e+00 -1.21889764e+01 -5.33620363e-02  1.31252009e+01  9.60808546e+00
 4.03968254e+00 -1.20551181e+01  7.95804799e-02  1.31226872e+01  9.60313535e+00
 4.03968254e+00 -1.19212598e+01  2.12610259e-01  1.31203481e+01  9.59818197e+00
 4.03968254e+00 -1.17874016e+01  3.45662162e-01  1.31181012e+01  9.59321940e+00
 4.03968254e+00 -1.16535433e+01  4.78762774e-01  1.31161027e+01  9.58831762e+00
 4.03968254e+00 -1.15196850e+01  6.11982459e-01  1.31143497e+01  9.58346056e+00
 4.03968254e+00 -1.13858268e+01  7.45376191e-01  1.31127786e+01  9.57859308e+00
 4.03968254e+00 -1.12519685e+01  8.78892688e-01  1.31116191e+01  9.57378113e+00
 4.03968254e+00 -1.11181102e+01  1.01254402e+00  1.31108367e+01  9.56907523e+00
 4.03968254e+00 -1.09842520e+01  1.14638144e+00  1.31102552e+01  9.56446679e+00
 4.03968254e+00 -1.08503937e+01  1.28037319e+00  1.31100383e+01  9.55986945e+00
 4.03968254e+00 -1.07165354e+01  1.41449034e+00  1.31102479e+01  9.55532188e+00
 4.03968254e+00 -1.05826772e+01  1.54867901e+00  1.31107463e+01  9.55087540e+00
 4.03968254e+00 -1.04488189e+01  1.68277547e+00  1.31112118e+01  9.54631389e+00
 4.03968254e+00 -1.03149606e+01  1.81666903e+00  1.31114950e+01  9.54155041e+00
 4.03968254e+00 -1.01811024e+01  1.95026098e+00  1.31114706e+01  9.53657518e+00
 4.03968254e+00 -1.00472441e+01  2.08333790e+00  1.31106764e+01  9.53123165e+00
 4.03968254e+00 -9.91338583e+00  2.21566298e+00  1.31087322e+01  9.52536358e+00
 4.03968254e+00 -9.77952756e+00  2.34701903e+00  1.31053230e+01  9.51884204e+00
 4.03968254e+00 -9.64566929e+00  2.47724398e+00  1.31000343e+01  9.51156053e+00
 4.03968254e+00 -9.51181102e+00  2.60618504e+00  1.30924739e+01  9.50344269e+00
 4.03968254e+00 -9.37795276e+00  2.73372941e+00  1.30823363e+01  9.49442891e+00
 4.03968254e+00 -9.24409449e+00  2.85988913e+00  1.30694834e+01  9.48444778e+00
 4.03968254e+00 -9.11023622e+00  2.98471683e+00  1.30538436e+01  9.47353172e+00
 4.03968254e+00 -8.97637795e+00  3.10829653e+00  1.30354261e+01  9.46181980e+00
 4.03968254e+00 -8.84251969e+00  3.23080730e+00  1.30145195e+01  9.44944974e+00
 4.03968254e+00 -8.70866142e+00  3.35250416e+00  1.29914331e+01  9.43656923e+00
 4.03968254e+00 -8.57480315e+00  3.47371978e+00  1.29663604e+01  9.42334969e+00
 4.03968254e+00 -8.44094488e+00  3.59464539e+00  1.29396976e+01  9.40990539e+00
 4.03968254e+00 -8.30708661e+00  3.71541472e+00  1.29119318e+01  9.39635291e+00
 4.03968254e+00 -8.17322835e+00  3.83638991e+00  1.28832099e+01  9.38301332e+00
 4.03968254e+00 -8.03937008e+00  3.95776018e+00  1.28538444e+01  9.37003743e+00
 4.03968254e+00 -7.90551181e+00  4.07932783e+00  1.28245585e+01  9.35720485e+00
 4.03968254e+00 -7.77165354e+00  4.20114473e+00  1.27955086e+01  9.34453026e+00
 4.03968254e+00 -7.63779528e+00  4.32341449e+00  1.27665679e+01  9.33216931e+00
 4.03968254e+00 -7.50393701e+00  4.44617078e+00  1.27380966e+01  9.32010911e+00
 4.03968254e+00 -7.37007874e+00  4.56944468e+00  1.27104130e+01  9.30833822e+00
 4.03968254e+00 -7.23622047e+00  4.69332248e+00  1.26836161e+01  9.29690569e+00
 4.03968254e+00 -7.10236220e+00  4.81787764e+00  1.26578889e+01  9.28584640e+00
 4.03968254e+00 -6.96850394e+00  4.94315289e+00  1.26334426e+01  9.27518729e+00
 4.03968254e+00 -6.83464567e+00  5.06913272e+00  1.26104171e+01  9.26495821e+00
 4.03968254e+00 -6.70078740e+00  5.19584637e+00  1.25888929e+01  9.25515145e+00
 4.03968254e+00 -6.56692913e+00  5.32335290e+00  1.25689368e+01  9.24573879e+00
 4.03968254e+00 -6.43307087e+00  5.45161675e+00  1.25507310e+01  9.23675066e+00
 4.03968254e+00 -6.29921260e+00  5.58058550e+00  1.25343080e+01  9.22817667e+00
 4.03968254e+00 -6.16535433e+00  5.71021405e+00  1.25194545e+01  9.21992973e+00
 4.03968254e+00 -6.03149606e+00  5.84041020e+00  1.25059166e+01  9.21191795e+00
 4.03968254e+00 -5.89763780e+00  5.97111183e+00  1.24936791e+01  9.20410835e+00
 4.03968254e+00 -5.76377953e+00  6.10232609e+00  1.24830833e+01  9.19655813e+00
 4.03968254e+00 -5.62992126e+00  6.23394845e+00  1.24739868e+01  9.18925892e+00
 4.03968254e+00 -5.49606299e+00  6.36585448e+00  1.24660586e+01  9.18213068e+00
 4.03968254e+00 -5.36220472e+00  6.49799728e+00  1.24591017e+01  9.17504411e+00
 4.03968254e+00 -5.22834646e+00  6.63036841e+00  1.24530010e+01  9.16803277e+00
 4.03968254e+00 -5.09448819e+00  6.76294077e+00  1.24476632e+01  9.16113186e+00
 4.03968254e+00 -4.96062992e+00  6.89562710e+00  1.24429734e+01  9.15420931e+00
 4.03968254e+00 -4.82677165e+00  7.02844504e+00  1.24388770e+01  9.14726605e+00
 4.03968254e+00 -4.69291339e+00  7.16142273e+00  1.24353116e+01  9.14035044e+00
 4.03968254e+00 -4.55905512e+00  7.29447677e+00  1.24321293e+01  9.13342635e+00
 4.03968254e+00 -4.42519685e+00  7.42754185e+00  1.24292918e+01  9.12644812e+00
 4.03968254e+00 -4.29133858e+00  7.56060701e+00  1.24267885e+01  9.11939565e+00
 4.03968254e+00 -4.15748031e+00  7.69372804e+00  1.24245172e+01  9.11229893e+00
 4.03968254e+00 -4.02362205e+00  7.82686217e+00  1.24223630e+01  9.10515885e+00
 4.03968254e+00 -3.88976378e+00  7.95991486e+00  1.24202453e+01  9.09794081e+00
 4.03968254e+00 -3.75590551e+00  8.09281828e+00  1.24181501e+01  9.09058488e+00
 4.03968254e+00 -3.62204724e+00  8.22551814e+00  1.24159487e+01  9.08309622e+00
 4.03968254e+00 -3.48818898e+00  8.35796437e+00  1.24134804e+01  9.07547322e+00
 4.03968254e+00 -3.35433071e+00  8.49009631e+00  1.24106692e+01  9.06761883e+00
 4.03968254e+00 -3.22047244e+00  8.62177992e+00  1.24073495e+01  9.05955162e+00
 4.03968254e+00 -3.08661417e+00  8.75286505e+00  1.24033242e+01  9.05131050e+00
 4.03968254e+00 -2.95275591e+00  8.88326033e+00  1.23984586e+01  9.04279373e+00
 4.03968254e+00 -2.81889764e+00  9.01280493e+00  1.23925079e+01  9.03391381e+00
 4.03968254e+00 -2.68503937e+00  9.14134136e+00  1.23851922e+01  9.02464153e+00
 4.03968254e+00 -2.55118110e+00  9.26886422e+00  1.23763544e+01  9.01503671e+00
 4.03968254e+00 -2.41732283e+00  9.39537350e+00  1.23658985e+01  9.00506798e+00
 4.03968254e+00 -2.28346457e+00  9.52089805e+00  1.23538017e+01  8.99465505e+00
 4.03968254e+00 -2.14960630e+00  9.64567232e+00  1.23402050e+01  8.98390437e+00
 4.03968254e+00 -2.01574803e+00  9.77009458e+00  1.23253274e+01  8.97291433e+00
 4.03968254e+00 -1.88188976e+00  9.89472782e+00  1.23094473e+01  8.96170974e+00
 4.03968254e+00 -1.74803150e+00  1.00201939e+01  1.22929194e+01  8.95037634e+00
 4.03968254e+00 -1.61417323e+00  1.01472322e+01  1.22761795e+01  8.93899617e+00
 4.03968254e+00 -1.48031496e+00  1.02768382e+01  1.22597676e+01  8.92755488e+00
 4.03968254e+00 -1.34645669e+00  1.04101651e+01  1.22439851e+01  8.91607332e+00
 4.03968254e+00 -1.21259843e+00  1.05487053e+01  1.22289768e+01  8.90458711e+00
 4.03968254e+00 -1.07874016e+00  1.06946469e+01  1.22152025e+01  8.89302588e+00
 4.03968254e+00 -9.44881890e-01  1.08500835e+01  1.22046412e+01  8.88132231e+00
 4.03968254e+00 -8.11023622e-01  1.10179783e+01  1.21990651e+01  8.86936264e+00
 4.03968254e+00 -6.77165354e-01  1.12041991e+01  1.21973286e+01  8.85690906e+00
 4.03968254e+00 -5.43307087e-01  1.14147460e+01  1.21992560e+01  8.84365319e+00
 4.03968254e+00 -4.09448819e-01  1.16498536e+01  1.22132877e+01  8.82895450e+00
 4.03968254e+00 -2.75590551e-01  1.19029702e+01  1.22478520e+01  8.81267108e+00
 4.03968254e+00 -1.41732283e-01  1.21561332e+01  1.23046678e+01  8.79545546e+00
 4.03968254e+00 -7.87401575e-03  1.24010230e+01  1.23814065e+01  8.77762292e+00
 4.03968254e+00  1.25984252e-01  1.26468480e+01  1.24776133e+01  8.75883146e+00
 4.03968254e+00  2.59842520e-01  1.29009813e+01  1.25920555e+01  8.73874381e+00
 4.03968254e+00  3.93700787e-01  1.31551956e+01  1.27196423e+01  8.71700931e+00
 4.03968254e+00  5.27559055e-01  1.34071342e+01  1.28547425e+01  8.69351741e+00
 4.03968254e+00  6.61417323e-01  1.36639994e+01  1.29890831e+01  8.66808122e+00
 4.03968254e+00  7.95275591e-01  1.38884677e+01  1.31094944e+01  8.64023404e+00
 4.03968254e+00  9.29133858e-01  1.41129360e+01  1.32299057e+01  8.61238686e+00
 4.03968254e+00  1.06299213e+00  1.43374043e+01  1.33503170e+01  8.58453968e+00
 4.03968254e+00  1.19685039e+00  1.45618726e+01  1.34707283e+01  8.55669250e+00
 4.03968254e+00  1.33070866e+00  1.47863409e+01  1.35911396e+01  8.52884532e+00
 4.03968254e+00  1.46456693e+00  1.50108092e+01  1.37115509e+01  8.50099814e+00
 4.03968254e+00  1.59842520e+00  1.52352775e+01  1.38319622e+01  8.47315096e+00
 4.03968254e+00  1.73228346e+00  1.54597458e+01  1.39523735e+01  8.44530378e+00
 4.03968254e+00  1.86614173e+00  1.56842141e+01  1.40727848e+01  8.41745660e+00
 4.03968254e+00  2.00000000e+00  1.59086824e+01  1.41931961e+01  8.38960942e+00
 4.11809524e+00 -1.50000000e+01 -2.77044566e+00  1.31796745e+01  9.70329408e+00
 4.11809524e+00 -1.48661417e+01 -2.63661352e+00  1.31795147e+01  9.69983043e+00
 4.11809524e+00 -1.47322835e+01 -2.50275877e+00  1.31793724e+01  9.69629069e+00
 4.11809524e+00 -1.45984252e+01 -2.36888393e+00  1.31792445e+01  9.69269877e+00
 4.11809524e+00 -1.44645669e+01 -2.23501398e+00  1.31791308e+01  9.68910694e+00
 4.11809524e+00 -1.43307087e+01 -2.10116594e+00  1.31790678e+01  9.68549830e+00
 4.11809524e+00 -1.41968504e+01 -1.96728877e+00  1.31790498e+01  9.68185263e+00
 4.11809524e+00 -1.40629921e+01 -1.83333856e+00  1.31790689e+01  9.67817631e+00
 4.11809524e+00 -1.39291339e+01 -1.69935120e+00  1.31791585e+01  9.67451412e+00
 4.11809524e+00 -1.37952756e+01 -1.56532334e+00  1.31793151e+01  9.67083804e+00
 4.11809524e+00 -1.36614173e+01 -1.43124029e+00  1.31795300e+01  9.66712756e+00
 4.11809524e+00 -1.35275591e+01 -1.29710741e+00  1.31798171e+01  9.66343707e+00
 4.11809524e+00 -1.33937008e+01 -1.16294699e+00  1.31801232e+01  9.65970459e+00
 4.11809524e+00 -1.32598425e+01 -1.02885315e+00  1.31804222e+01  9.65588175e+00
 4.11809524e+00 -1.31259843e+01 -8.94883350e-01  1.31807836e+01  9.65204070e+00
 4.11809524e+00 -1.29921260e+01 -7.60962007e-01  1.31811523e+01  9.64816885e+00
 4.11809524e+00 -1.28582677e+01 -6.27064133e-01  1.31814525e+01  9.64422848e+00
 4.11809524e+00 -1.27244094e+01 -4.93218996e-01  1.31816761e+01  9.64021328e+00
 4.11809524e+00 -1.25905512e+01 -3.59435147e-01  1.31817629e+01  9.63611205e+00
 4.11809524e+00 -1.24566929e+01 -2.25723328e-01  1.31816409e+01  9.63190486e+00
 4.11809524e+00 -1.23228346e+01 -9.21070245e-02  1.31812622e+01  9.62757031e+00
 4.11809524e+00 -1.21889764e+01  4.13842961e-02  1.31805612e+01  9.62313879e+00
 4.11809524e+00 -1.20551181e+01  1.74733610e-01  1.31794789e+01  9.61860189e+00
 4.11809524e+00 -1.19212598e+01  3.07946188e-01  1.31779826e+01  9.61386888e+00
 4.11809524e+00 -1.17874016e+01  4.41019224e-01  1.31760526e+01  9.60898135e+00
 4.11809524e+00 -1.16535433e+01  5.73960126e-01  1.31737027e+01  9.60398421e+00
 4.11809524e+00 -1.15196850e+01  7.06796233e-01  1.31709935e+01  9.59883351e+00
 4.11809524e+00 -1.13858268e+01  8.39540750e-01  1.31679927e+01  9.59353186e+00
 4.11809524e+00 -1.12519685e+01  9.72222042e-01  1.31647708e+01  9.58814075e+00
 4.11809524e+00 -1.11181102e+01  1.10489215e+00  1.31614041e+01  9.58275741e+00
 4.11809524e+00 -1.09842520e+01  1.23753160e+00  1.31579879e+01  9.57729684e+00
 4.11809524e+00 -1.08503937e+01  1.37013346e+00  1.31545999e+01  9.57170489e+00
 4.11809524e+00 -1.07165354e+01  1.50276642e+00  1.31512776e+01  9.56612337e+00
 4.11809524e+00 -1.05826772e+01  1.63547282e+00  1.31480708e+01  9.56058965e+00
 4.11809524e+00 -1.04488189e+01  1.76825411e+00  1.31450147e+01  9.55505557e+00
 4.11809524e+00 -1.03149606e+01  1.90107376e+00  1.31421127e+01  9.54944575e+00
 4.11809524e+00 -1.01811024e+01  2.03395272e+00  1.31394430e+01  9.54383176e+00
 4.11809524e+00 -1.00472441e+01  2.16694128e+00  1.31370414e+01  9.53829028e+00
 4.11809524e+00 -9.91338583e+00  2.30007704e+00  1.31348077e+01  9.53277121e+00
 4.11809524e+00 -9.77952756e+00  2.43330159e+00  1.31328457e+01  9.52728977e+00
 4.11809524e+00 -9.64566929e+00  2.56658484e+00  1.31312465e+01  9.52184344e+00
 4.11809524e+00 -9.51181102e+00  2.70002595e+00  1.31298681e+01  9.51633572e+00
 4.11809524e+00 -9.37795276e+00  2.83354648e+00  1.31286719e+01  9.51084228e+00
 4.11809524e+00 -9.24409449e+00  2.96701024e+00  1.31276324e+01  9.50540530e+00
 4.11809524e+00 -9.11023622e+00  3.10035924e+00  1.31266065e+01  9.49983465e+00
 4.11809524e+00 -8.97637795e+00  3.23350096e+00  1.31253462e+01  9.49407647e+00
 4.11809524e+00 -8.84251969e+00  3.36625172e+00  1.31235099e+01  9.48806370e+00
 4.11809524e+00 -8.70866142e+00  3.49832814e+00  1.31207087e+01  9.48157083e+00
 4.11809524e+00 -8.57480315e+00  3.62969466e+00  1.31168746e+01  9.47458679e+00
 4.11809524e+00 -8.44094488e+00  3.75996323e+00  1.31113455e+01  9.46695292e+00
 4.11809524e+00 -8.30708661e+00  3.88800137e+00  1.31022789e+01  9.45809607e+00
 4.11809524e+00 -8.17322835e+00  4.01456147e+00  1.30907202e+01  9.44842342e+00
 4.11809524e+00 -8.03937008e+00  4.14076708e+00  1.30782517e+01  9.43850402e+00
 4.11809524e+00 -7.90551181e+00  4.26585274e+00  1.30634587e+01  9.42784452e+00
 4.11809524e+00 -7.77165354e+00  4.38951833e+00  1.30456973e+01  9.41627209e+00
 4.11809524e+00 -7.63779528e+00  4.51211441e+00  1.30254043e+01  9.40403524e+00
 4.11809524e+00 -7.50393701e+00  4.63382594e+00  1.30028721e+01  9.39131693e+00
 4.11809524e+00 -7.37007874e+00  4.75486249e+00  1.29783747e+01  9.37824240e+00
 4.11809524e+00 -7.23622047e+00  4.87556880e+00  1.29522526e+01  9.36488772e+00
 4.11809524e+00 -7.10236220e+00  4.99615022e+00  1.29248595e+01  9.35142153e+00
 4.11809524e+00 -6.96850394e+00  5.11672449e+00  1.28965583e+01  9.33804293e+00
 4.11809524e+00 -6.83464567e+00  5.23748931e+00  1.28677089e+01  9.32477617e+00
 4.11809524e+00 -6.70078740e+00  5.35859679e+00  1.28386318e+01  9.31164181e+00
 4.11809524e+00 -6.56692913e+00  5.48009412e+00  1.28095980e+01  9.29873247e+00
 4.11809524e+00 -6.43307087e+00  5.60211970e+00  1.27810303e+01  9.28613135e+00
 4.11809524e+00 -6.29921260e+00  5.72482090e+00  1.27532468e+01  9.27387530e+00
 4.11809524e+00 -6.16535433e+00  5.84811411e+00  1.27257622e+01  9.26186239e+00
 4.11809524e+00 -6.03149606e+00  5.97201730e+00  1.26987043e+01  9.25011392e+00
 4.11809524e+00 -5.89763780e+00  6.09674626e+00  1.26732138e+01  9.23884655e+00
 4.11809524e+00 -5.76377953e+00  6.22235077e+00  1.26496960e+01  9.22811915e+00
 4.11809524e+00 -5.62992126e+00  6.34879413e+00  1.26280574e+01  9.21787763e+00
 4.11809524e+00 -5.49606299e+00  6.47604742e+00  1.26079889e+01  9.20800860e+00
 4.11809524e+00 -5.36220472e+00  6.60405492e+00  1.25895161e+01  9.19848405e+00
 4.11809524e+00 -5.22834646e+00  6.73275257e+00  1.25728487e+01  9.18933092e+00
 4.11809524e+00 -5.09448819e+00  6.86212771e+00  1.25578091e+01  9.18050446e+00
 4.11809524e+00 -4.96062992e+00  6.99210877e+00  1.25442642e+01  9.17195477e+00
 4.11809524e+00 -4.82677165e+00  7.12256532e+00  1.25322064e+01  9.16364372e+00
 4.11809524e+00 -4.69291339e+00  7.25345781e+00  1.25215436e+01  9.15553097e+00
 4.11809524e+00 -4.55905512e+00  7.38475324e+00  1.25121274e+01  9.14754906e+00
 4.11809524e+00 -4.42519685e+00  7.51638494e+00  1.25037779e+01  9.13962137e+00
 4.11809524e+00 -4.29133858e+00  7.64826176e+00  1.24963539e+01  9.13181006e+00
 4.11809524e+00 -4.15748031e+00  7.78033166e+00  1.24897691e+01  9.12412020e+00
 4.11809524e+00 -4.02362205e+00  7.91260161e+00  1.24839781e+01  9.11641975e+00
 4.11809524e+00 -3.88976378e+00  8.04502527e+00  1.24788246e+01  9.10867214e+00
 4.11809524e+00 -3.75590551e+00  8.17751614e+00  1.24741886e+01  9.10092159e+00
 4.11809524e+00 -3.62204724e+00  8.30998356e+00  1.24700475e+01  9.09323907e+00
 4.11809524e+00 -3.48818898e+00  8.44248107e+00  1.24662019e+01  9.08547904e+00
 4.11809524e+00 -3.35433071e+00  8.57499592e+00  1.24624365e+01  9.07754198e+00
 4.11809524e+00 -3.22047244e+00  8.70732843e+00  1.24586422e+01  9.06952956e+00
 4.11809524e+00 -3.08661417e+00  8.83937838e+00  1.24547692e+01  9.06142134e+00
 4.11809524e+00 -2.95275591e+00  8.97107784e+00  1.24506816e+01  9.05313940e+00
 4.11809524e+00 -2.81889764e+00  9.10232459e+00  1.24460903e+01  9.04462187e+00
 4.11809524e+00 -2.68503937e+00  9.23298639e+00  1.24409129e+01  9.03588127e+00
 4.11809524e+00 -2.55118110e+00  9.36296274e+00  1.24350617e+01  9.02692991e+00
 4.11809524e+00 -2.41732283e+00  9.49222849e+00  1.24282461e+01  9.01771297e+00
 4.11809524e+00 -2.28346457e+00  9.62070574e+00  1.24202282e+01  9.00815751e+00
 4.11809524e+00 -2.14960630e+00  9.74833614e+00  1.24108188e+01  8.99821243e+00
 4.11809524e+00 -2.01574803e+00  9.87520093e+00  1.23998510e+01  8.98789357e+00
 4.11809524e+00 -1.88188976e+00  1.00016197e+01  1.23873845e+01  8.97726144e+00
 4.11809524e+00 -1.74803150e+00  1.01281152e+01  1.23737413e+01  8.96638673e+00
 4.11809524e+00 -1.61417323e+00  1.02553674e+01  1.23596082e+01  8.95528218e+00
 4.11809524e+00 -1.48031496e+00  1.03842092e+01  1.23450958e+01  8.94396908e+00
 4.11809524e+00 -1.34645669e+00  1.05157140e+01  1.23297303e+01  8.93249171e+00
 4.11809524e+00 -1.21259843e+00  1.06515158e+01  1.23144416e+01  8.92085835e+00
 4.11809524e+00 -1.07874016e+00  1.07935017e+01  1.23003514e+01  8.90907156e+00
 4.11809524e+00 -9.44881890e-01  1.09436611e+01  1.22879659e+01  8.89712132e+00
 4.11809524e+00 -8.11023622e-01  1.11049027e+01  1.22776576e+01  8.88484671e+00
 4.11809524e+00 -6.77165354e-01  1.12835615e+01  1.22709606e+01  8.87213149e+00
 4.11809524e+00 -5.43307087e-01  1.14864892e+01  1.22715503e+01  8.85878403e+00
 4.11809524e+00 -4.09448819e-01  1.17100576e+01  1.22847881e+01  8.84436159e+00
 4.11809524e+00 -2.75590551e-01  1.19419598e+01  1.23156393e+01  8.82889683e+00
 4.11809524e+00 -1.41732283e-01  1.21774591e+01  1.23651642e+01  8.81261120e+00
 4.11809524e+00 -7.87401575e-03  1.24179356e+01  1.24327774e+01  8.79553673e+00
 4.11809524e+00  1.25984252e-01  1.26640403e+01  1.25195859e+01  8.77745768e+00
 4.11809524e+00  2.59842520e-01  1.29148686e+01  1.26245161e+01  8.75809665e+00
 4.11809524e+00  3.93700787e-01  1.31660200e+01  1.27438840e+01  8.73728001e+00
 4.11809524e+00  5.27559055e-01  1.34170473e+01  1.28725177e+01  8.71481586e+00
 4.11809524e+00  6.61417323e-01  1.36756901e+01  1.30045546e+01  8.69067992e+00
 4.11809524e+00  7.95275591e-01  1.39451965e+01  1.31388008e+01  8.66484947e+00
 4.11809524e+00  9.29133858e-01  1.41869489e+01  1.32657893e+01  8.63715910e+00
 4.11809524e+00  1.06299213e+00  1.44313439e+01  1.33920582e+01  8.60790443e+00
 4.11809524e+00  1.19685039e+00  1.46757389e+01  1.35183271e+01  8.57864976e+00
 4.11809524e+00  1.33070866e+00  1.49201339e+01  1.36445960e+01  8.54939509e+00
 4.11809524e+00  1.46456693e+00  1.51645289e+01  1.37708649e+01  8.52014042e+00
 4.11809524e+00  1.59842520e+00  1.54089239e+01  1.38971338e+01  8.49088575e+00
 4.11809524e+00  1.73228346e+00  1.56533188e+01  1.40234027e+01  8.46163109e+00
 4.11809524e+00  1.86614173e+00  1.58977138e+01  1.41496716e+01  8.43237642e+00
 4.11809524e+00  2.00000000e+00  1.61421088e+01  1.42759405e+01  8.40312175e+00
 4.19650794e+00 -1.50000000e+01 -2.69512069e+00  1.31890689e+01  9.70428599e+00
 4.19650794e+00 -1.48661417e+01 -2.56123273e+00  1.31891075e+01  9.70085631e+00
 4.19650794e+00 -1.47322835e+01 -2.42732770e+00  1.31891866e+01  9.69743575e+00
 4.19650794e+00 -1.45984252e+01 -2.29340982e+00  1.31892987e+01  9.69392578e+00
 4.19650794e+00 -1.44645669e+01 -2.15951819e+00  1.31894228e+01  9.69036736e+00
 4.19650794e+00 -1.43307087e+01 -2.02565182e+00  1.31895503e+01  9.68681353e+00
 4.19650794e+00 -1.41968504e+01 -1.89173119e+00  1.31896986e+01  9.68322678e+00
 4.19650794e+00 -1.40629921e+01 -1.75778066e+00  1.31898521e+01  9.67958374e+00
 4.19650794e+00 -1.39291339e+01 -1.62383306e+00  1.31899900e+01  9.67589592e+00
 4.19650794e+00 -1.37952756e+01 -1.48985962e+00  1.31901086e+01  9.67220374e+00
 4.19650794e+00 -1.36614173e+01 -1.35586345e+00  1.31902002e+01  9.66847265e+00
 4.19650794e+00 -1.35275591e+01 -1.22183856e+00  1.31902579e+01  9.66469175e+00
 4.19650794e+00 -1.33937008e+01 -1.08776933e+00  1.31902805e+01  9.66091883e+00
 4.19650794e+00 -1.32598425e+01 -9.53764339e-01  1.31902695e+01  9.65708376e+00
 4.19650794e+00 -1.31259843e+01 -8.19889722e-01  1.31902271e+01  9.65315815e+00
 4.19650794e+00 -1.29921260e+01 -6.86050865e-01  1.31901555e+01  9.64923655e+00
 4.19650794e+00 -1.28582677e+01 -5.52208989e-01  1.31900606e+01  9.64529266e+00
 4.19650794e+00 -1.27244094e+01 -4.18375627e-01  1.31899529e+01  9.64129291e+00
 4.19650794e+00 -1.25905512e+01 -2.84540036e-01  1.31898444e+01  9.63726131e+00
 4.19650794e+00 -1.24566929e+01 -1.50695728e-01  1.31897353e+01  9.63319498e+00
 4.19650794e+00 -1.23228346e+01 -1.68402676e-02  1.31896374e+01  9.62908255e+00
 4.19650794e+00 -1.21889764e+01  1.17025453e-01  1.31895794e+01  9.62492567e+00
 4.19650794e+00 -1.20551181e+01  2.50903240e-01  1.31895554e+01  9.62077241e+00
 4.19650794e+00 -1.19212598e+01  3.84796886e-01  1.31895625e+01  9.61661700e+00
 4.19650794e+00 -1.17874016e+01  5.18709571e-01  1.31896187e+01  9.61238291e+00
 4.19650794e+00 -1.16535433e+01  6.52633904e-01  1.31897282e+01  9.60813286e+00
 4.19650794e+00 -1.15196850e+01  7.86560673e-01  1.31898808e+01  9.60388231e+00
 4.19650794e+00 -1.13858268e+01  9.20483739e-01  1.31900549e+01  9.59954221e+00
 4.19650794e+00 -1.12519685e+01  1.05439949e+00  1.31902325e+01  9.59515733e+00
 4.19650794e+00 -1.11181102e+01  1.18829815e+00  1.31903966e+01  9.59074536e+00
 4.19650794e+00 -1.09842520e+01  1.32216149e+00  1.31905154e+01  9.58623877e+00
 4.19650794e+00 -1.08503937e+01  1.45597278e+00  1.31904864e+01  9.58162395e+00
 4.19650794e+00 -1.07165354e+01  1.58971076e+00  1.31902601e+01  9.57690128e+00
 4.19650794e+00 -1.05826772e+01  1.72334795e+00  1.31898582e+01  9.57206452e+00
 4.19650794e+00 -1.04488189e+01  1.85685807e+00  1.31891850e+01  9.56710830e+00
 4.19650794e+00 -1.03149606e+01  1.99023437e+00  1.31881476e+01  9.56202211e+00
 4.19650794e+00 -1.01811024e+01  2.12347688e+00  1.31867030e+01  9.55678401e+00
 4.19650794e+00 -1.00472441e+01  2.25651204e+00  1.31848090e+01  9.55135046e+00
 4.19650794e+00 -9.91338583e+00  2.38936381e+00  1.31824703e+01  9.54572290e+00
 4.19650794e+00 -9.77952756e+00  2.52216202e+00  1.31797492e+01  9.53995556e+00
 4.19650794e+00 -9.64566929e+00  2.65484920e+00  1.31767201e+01  9.53406048e+00
 4.19650794e+00 -9.51181102e+00  2.78740070e+00  1.31734642e+01  9.52804449e+00
 4.19650794e+00 -9.37795276e+00  2.91990196e+00  1.31700546e+01  9.52193047e+00
 4.19650794e+00 -9.24409449e+00  3.05241235e+00  1.31665383e+01  9.51576488e+00
 4.19650794e+00 -9.11023622e+00  3.18496625e+00  1.31629985e+01  9.50956373e+00
 4.19650794e+00 -8.97637795e+00  3.31757120e+00  1.31595646e+01  9.50330738e+00
 4.19650794e+00 -8.84251969e+00  3.45020652e+00  1.31562886e+01  9.49705151e+00
 4.19650794e+00 -8.70866142e+00  3.58288190e+00  1.31531690e+01  9.49078863e+00
 4.19650794e+00 -8.57480315e+00  3.71564775e+00  1.31502032e+01  9.48443390e+00
 4.19650794e+00 -8.44094488e+00  3.84848123e+00  1.31475707e+01  9.47817876e+00
 4.19650794e+00 -8.30708661e+00  3.98132069e+00  1.31452820e+01  9.47208875e+00
 4.19650794e+00 -8.17322835e+00  4.11409716e+00  1.31430499e+01  9.46593030e+00
 4.19650794e+00 -8.03937008e+00  4.24676655e+00  1.31408055e+01  9.45964003e+00
 4.19650794e+00 -7.90551181e+00  4.37925948e+00  1.31384338e+01  9.45321274e+00
 4.19650794e+00 -7.77165354e+00  4.51143697e+00  1.31356161e+01  9.44659977e+00
 4.19650794e+00 -7.63779528e+00  4.64302366e+00  1.31320286e+01  9.43961340e+00
 4.19650794e+00 -7.50393701e+00  4.77377736e+00  1.31273009e+01  9.43210026e+00
 4.19650794e+00 -7.37007874e+00  4.90357044e+00  1.31209897e+01  9.42402721e+00
 4.19650794e+00 -7.23622047e+00  5.03218099e+00  1.31127243e+01  9.41526446e+00
 4.19650794e+00 -7.10236220e+00  5.15943770e+00  1.31021857e+01  9.40569384e+00
 4.19650794e+00 -6.96850394e+00  5.28533849e+00  1.30890879e+01  9.39530269e+00
 4.19650794e+00 -6.83464567e+00  5.40990203e+00  1.30733990e+01  9.38411457e+00
 4.19650794e+00 -6.70078740e+00  5.53318988e+00  1.30552152e+01  9.37219513e+00
 4.19650794e+00 -6.56692913e+00  5.65538907e+00  1.30345669e+01  9.35969216e+00
 4.19650794e+00 -6.43307087e+00  5.77675493e+00  1.30116963e+01  9.34674550e+00
 4.19650794e+00 -6.29921260e+00  5.89757889e+00  1.29870650e+01  9.33347052e+00
 4.19650794e+00 -6.16535433e+00  6.01805954e+00  1.29609705e+01  9.31998418e+00
 4.19650794e+00 -6.03149606e+00  6.13837921e+00  1.29336857e+01  9.30640704e+00
 4.19650794e+00 -5.89763780e+00  6.25878023e+00  1.29056129e+01  9.29286453e+00
 4.19650794e+00 -5.76377953e+00  6.37946010e+00  1.28771295e+01  9.27945027e+00
 4.19650794e+00 -5.62992126e+00  6.50055599e+00  1.28485705e+01  9.26622650e+00
 4.19650794e+00 -5.49606299e+00  6.62216058e+00  1.28202707e+01  9.25326564e+00
 4.19650794e+00 -5.36220472e+00  6.74436235e+00  1.27925417e+01  9.24063115e+00
 4.19650794e+00 -5.22834646e+00  6.86727933e+00  1.27656351e+01  9.22835297e+00
 4.19650794e+00 -5.09448819e+00  6.99100523e+00  1.27397964e+01  9.21644884e+00
 4.19650794e+00 -4.96062992e+00  7.11559084e+00  1.27152503e+01  9.20493099e+00
 4.19650794e+00 -4.82677165e+00  7.24099910e+00  1.26921010e+01  9.19381747e+00
 4.19650794e+00 -4.69291339e+00  7.36720103e+00  1.26704654e+01  9.18311813e+00
 4.19650794e+00 -4.55905512e+00  7.49421853e+00  1.26505251e+01  9.17282064e+00
 4.19650794e+00 -4.42519685e+00  7.62199071e+00  1.26322694e+01  9.16285081e+00
 4.19650794e+00 -4.29133858e+00  7.75044637e+00  1.26156063e+01  9.15314729e+00
 4.19650794e+00 -4.15748031e+00  7.87959909e+00  1.26005119e+01  9.14375501e+00
 4.19650794e+00 -4.02362205e+00  8.00931791e+00  1.25869241e+01  9.13463428e+00
 4.19650794e+00 -3.88976378e+00  8.13944855e+00  1.25746935e+01  9.12567830e+00
 4.19650794e+00 -3.75590551e+00  8.27013823e+00  1.25635446e+01  9.11681617e+00
 4.19650794e+00 -3.62204724e+00  8.40120973e+00  1.25534768e+01  9.10804921e+00
 4.19650794e+00 -3.48818898e+00  8.53227433e+00  1.25446583e+01  9.09942604e+00
 4.19650794e+00 -3.35433071e+00  8.66351816e+00  1.25368924e+01  9.09094996e+00
 4.19650794e+00 -3.22047244e+00  8.79512411e+00  1.25299769e+01  9.08253491e+00
 4.19650794e+00 -3.08661417e+00  8.92704074e+00  1.25237586e+01  9.07405028e+00
 4.19650794e+00 -2.95275591e+00  9.05886495e+00  1.25179382e+01  9.06553483e+00
 4.19650794e+00 -2.81889764e+00  9.19037605e+00  1.25123575e+01  9.05698416e+00
 4.19650794e+00 -2.68503937e+00  9.32168010e+00  1.25070473e+01  9.04831517e+00
 4.19650794e+00 -2.55118110e+00  9.45291892e+00  1.25019129e+01  9.03956963e+00
 4.19650794e+00 -2.41732283e+00  9.58392898e+00  1.24965178e+01  9.03069493e+00
 4.19650794e+00 -2.28346457e+00  9.71423411e+00  1.24901368e+01  9.02149817e+00
 4.19650794e+00 -2.14960630e+00  9.84380669e+00  1.24825412e+01  9.01195485e+00
 4.19650794e+00 -2.01574803e+00  9.97278447e+00  1.24736792e+01  9.00209193e+00
 4.19650794e+00 -1.88188976e+00  1.01013143e+01  1.24635100e+01  8.99191648e+00
 4.19650794e+00 -1.74803150e+00  1.02296144e+01  1.24521556e+01  8.98141097e+00
 4.19650794e+00 -1.61417323e+00  1.03580813e+01  1.24397923e+01  8.97057676e+00
 4.19650794e+00 -1.48031496e+00  1.04874396e+01  1.24265663e+01  8.95947361e+00
 4.19650794e+00 -1.34645669e+00  1.06186270e+01  1.24127536e+01  8.94814362e+00
 4.19650794e+00 -1.21259843e+00  1.07529555e+01  1.23987259e+01  8.93658292e+00
 4.19650794e+00 -1.07874016e+00  1.08924556e+01  1.23848871e+01  8.92471017e+00
 4.19650794e+00 -9.44881890e-01  1.10386284e+01  1.23717947e+01  8.91256286e+00
 4.19650794e+00 -8.11023622e-01  1.11943502e+01  1.23604223e+01  8.90019227e+00
 4.19650794e+00 -6.77165354e-01  1.13670533e+01  1.23526403e+01  8.88745607e+00
 4.19650794e+00 -5.43307087e-01  1.15602966e+01  1.23513774e+01  8.87435069e+00
 4.19650794e+00 -4.09448819e-01  1.17662389e+01  1.23629428e+01  8.86081009e+00
 4.19650794e+00 -2.75590551e-01  1.19783135e+01  1.23929582e+01  8.84667512e+00
 4.19650794e+00 -1.41732283e-01  1.22008081e+01  1.24379933e+01  8.83160125e+00
 4.19650794e+00 -7.87401575e-03  1.24376301e+01  1.24957198e+01  8.81518079e+00
 4.19650794e+00  1.25984252e-01  1.26810505e+01  1.25701101e+01  8.79737432e+00
 4.19650794e+00  2.59842520e-01  1.29254131e+01  1.26633248e+01  8.77824586e+00
 4.19650794e+00  3.93700787e-01  1.31738905e+01  1.27727082e+01  8.75771017e+00
 4.19650794e+00  5.27559055e-01  1.34278594e+01  1.28934799e+01  8.73574314e+00
 4.19650794e+00  6.61417323e-01  1.36854854e+01  1.30191905e+01  8.71231758e+00
 4.19650794e+00  7.95275591e-01  1.39415881e+01  1.31450135e+01  8.68761488e+00
 4.19650794e+00  9.29133858e-01  1.42005098e+01  1.32717618e+01  8.66182866e+00
 4.19650794e+00  1.06299213e+00  1.44508860e+01  1.33953953e+01  8.63472466e+00
 4.19650794e+00  1.19685039e+00  1.46785450e+01  1.35171185e+01  8.60574815e+00
 4.19650794e+00  1.33070866e+00  1.48876463e+01  1.36375833e+01  8.57451248e+00
 4.19650794e+00  1.46456693e+00  1.50967476e+01  1.37580481e+01  8.54327681e+00
 4.19650794e+00  1.59842520e+00  1.53058489e+01  1.38785129e+01  8.51204114e+00
 4.19650794e+00  1.73228346e+00  1.55149502e+01  1.39989777e+01  8.48080547e+00
 4.19650794e+00  1.86614173e+00  1.57240515e+01  1.41194425e+01  8.44956980e+00
 4.19650794e+00  2.00000000e+00  1.59331528e+01  1.42399073e+01  8.41833413e+00
 4.27492063e+00 -1.50000000e+01 -2.61403729e+00  1.32163977e+01  9.70955445e+00
 4.27492063e+00 -1.48661417e+01 -2.48035900e+00  1.32156470e+01  9.70591274e+00
 4.27492063e+00 -1.47322835e+01 -2.34667848e+00  1.32149015e+01  9.70229026e+00
 4.27492063e+00 -1.45984252e+01 -2.21302047e+00  1.32141205e+01  9.69866037e+00
 4.27492063e+00 -1.44645669e+01 -2.07942375e+00  1.32132513e+01  9.69491948e+00
 4.27492063e+00 -1.43307087e+01 -1.94581189e+00  1.32123693e+01  9.69114357e+00
 4.27492063e+00 -1.41968504e+01 -1.81214203e+00  1.32115221e+01  9.68738283e+00
 4.27492063e+00 -1.40629921e+01 -1.67845496e+00  1.32106767e+01  9.68358163e+00
 4.27492063e+00 -1.39291339e+01 -1.54474104e+00  1.32098585e+01  9.67972301e+00
 4.27492063e+00 -1.37952756e+01 -1.41097570e+00  1.32090993e+01  9.67584694e+00
 4.27492063e+00 -1.36614173e+01 -1.27714299e+00  1.32084140e+01  9.67201779e+00
 4.27492063e+00 -1.35275591e+01 -1.14324764e+00  1.32078176e+01  9.66815971e+00
 4.27492063e+00 -1.33937008e+01 -1.00928437e+00  1.32073166e+01  9.66426536e+00
 4.27492063e+00 -1.32598425e+01 -8.75314502e-01  1.32069086e+01  9.66042834e+00
 4.27492063e+00 -1.31259843e+01 -7.41451287e-01  1.32065962e+01  9.65654603e+00
 4.27492063e+00 -1.29921260e+01 -6.07638479e-01  1.32063709e+01  9.65258824e+00
 4.27492063e+00 -1.28582677e+01 -4.73798961e-01  1.32062130e+01  9.64865915e+00
 4.27492063e+00 -1.27244094e+01 -3.39946999e-01  1.32061202e+01  9.64472512e+00
 4.27492063e+00 -1.25905512e+01 -2.06092309e-01  1.32060869e+01  9.64074199e+00
 4.27492063e+00 -1.24566929e+01 -7.22245126e-02  1.32060987e+01  9.63670912e+00
 4.27492063e+00 -1.23228346e+01  6.16588947e-02  1.32061439e+01  9.63264834e+00
 4.27492063e+00 -1.21889764e+01  1.95547076e-01  1.32062161e+01  9.62855855e+00
 4.27492063e+00 -1.20551181e+01  3.29424598e-01  1.32063099e+01  9.62442183e+00
 4.27492063e+00 -1.19212598e+01  4.63307649e-01  1.32064062e+01  9.62028335e+00
 4.27492063e+00 -1.17874016e+01  5.97192394e-01  1.32064971e+01  9.61611359e+00
 4.27492063e+00 -1.16535433e+01  7.31054532e-01  1.32065858e+01  9.61182923e+00
 4.27492063e+00 -1.15196850e+01  8.64913950e-01  1.32066542e+01  9.60753386e+00
 4.27492063e+00 -1.13858268e+01  9.98775853e-01  1.32066942e+01  9.60322840e+00
 4.27492063e+00 -1.12519685e+01  1.13262452e+00  1.32067120e+01  9.59880397e+00
 4.27492063e+00 -1.11181102e+01  1.26647213e+00  1.32067024e+01  9.59435166e+00
 4.27492063e+00 -1.09842520e+01  1.40031790e+00  1.32066666e+01  9.58989619e+00
 4.27492063e+00 -1.08503937e+01  1.53414942e+00  1.32066140e+01  9.58536313e+00
 4.27492063e+00 -1.07165354e+01  1.66798883e+00  1.32065498e+01  9.58076258e+00
 4.27492063e+00 -1.05826772e+01  1.80184116e+00  1.32064856e+01  9.57611366e+00
 4.27492063e+00 -1.04488189e+01  1.93569266e+00  1.32064346e+01  9.57142134e+00
 4.27492063e+00 -1.03149606e+01  2.06955490e+00  1.32063937e+01  9.56668727e+00
 4.27492063e+00 -1.01811024e+01  2.20343435e+00  1.32063665e+01  9.56193252e+00
 4.27492063e+00 -1.00472441e+01  2.33732519e+00  1.32063647e+01  9.55716751e+00
 4.27492063e+00 -9.91338583e+00  2.47121644e+00  1.32063898e+01  9.55229967e+00
 4.27492063e+00 -9.77952756e+00  2.60510163e+00  1.32064195e+01  9.54735615e+00
 4.27492063e+00 -9.64566929e+00  2.73897645e+00  1.32064208e+01  9.54242854e+00
 4.27492063e+00 -9.51181102e+00  2.87282612e+00  1.32063877e+01  9.53737613e+00
 4.27492063e+00 -9.37795276e+00  3.00663564e+00  1.32062566e+01  9.53218917e+00
 4.27492063e+00 -9.24409449e+00  3.14037584e+00  1.32059396e+01  9.52696041e+00
 4.27492063e+00 -9.11023622e+00  3.27396737e+00  1.32054536e+01  9.52157872e+00
 4.27492063e+00 -8.97637795e+00  3.40741724e+00  1.32047161e+01  9.51602607e+00
 4.27492063e+00 -8.84251969e+00  3.54078787e+00  1.32035929e+01  9.51036478e+00
 4.27492063e+00 -8.70866142e+00  3.67403716e+00  1.32021133e+01  9.50452533e+00
 4.27492063e+00 -8.57480315e+00  3.80698972e+00  1.32000509e+01  9.49843110e+00
 4.27492063e+00 -8.44094488e+00  3.93952096e+00  1.31972197e+01  9.49208504e+00
 4.27492063e+00 -8.30708661e+00  4.07195023e+00  1.31942152e+01  9.48566978e+00
 4.27492063e+00 -8.17322835e+00  4.20435760e+00  1.31911376e+01  9.47921252e+00
 4.27492063e+00 -8.03937008e+00  4.33660424e+00  1.31877200e+01  9.47261737e+00
 4.27492063e+00 -7.90551181e+00  4.46877328e+00  1.31841397e+01  9.46593406e+00
 4.27492063e+00 -7.77165354e+00  4.60092753e+00  1.31805321e+01  9.45918564e+00
 4.27492063e+00 -7.63779528e+00  4.73306574e+00  1.31769223e+01  9.45234736e+00
 4.27492063e+00 -7.50393701e+00  4.86519060e+00  1.31733624e+01  9.44542693e+00
 4.27492063e+00 -7.37007874e+00  4.99730130e+00  1.31698729e+01  9.43848423e+00
 4.27492063e+00 -7.23622047e+00  5.12937534e+00  1.31664289e+01  9.43157117e+00
 4.27492063e+00 -7.10236220e+00  5.26131613e+00  1.31629646e+01  9.42451814e+00
 4.27492063e+00 -6.96850394e+00  5.39303591e+00  1.31593315e+01  9.41725585e+00
 4.27492063e+00 -6.83464567e+00  5.52444487e+00  1.31552919e+01  9.40984676e+00
 4.27492063e+00 -6.70078740e+00  5.65529818e+00  1.31505518e+01  9.40215352e+00
 4.27492063e+00 -6.56692913e+00  5.78537190e+00  1.31447464e+01  9.39401614e+00
 4.27492063e+00 -6.43307087e+00  5.91451258e+00  1.31374579e+01  9.38531906e+00
 4.27492063e+00 -6.29921260e+00  6.04251965e+00  1.31283408e+01  9.37594204e+00
 4.27492063e+00 -6.16535433e+00  6.16923976e+00  1.31170987e+01  9.36584400e+00
 4.27492063e+00 -6.03149606e+00  6.29462134e+00  1.31034833e+01  9.35508823e+00
 4.27492063e+00 -5.89763780e+00  6.41869950e+00  1.30874256e+01  9.34363333e+00
 4.27492063e+00 -5.76377953e+00  6.54159214e+00  1.30689727e+01  9.33146627e+00
 4.27492063e+00 -5.62992126e+00  6.66352705e+00  1.30482507e+01  9.31877430e+00
 4.27492063e+00 -5.49606299e+00  6.78471201e+00  1.30255128e+01  9.30568646e+00
 4.27492063e+00 -5.36220472e+00  6.90534151e+00  1.30011191e+01  9.29226995e+00
 4.27492063e+00 -5.22834646e+00  7.02571462e+00  1.29754257e+01  9.27869500e+00
 4.27492063e+00 -5.09448819e+00  7.14610445e+00  1.29487801e+01  9.26512251e+00
 4.27492063e+00 -4.96062992e+00  7.26665541e+00  1.29215335e+01  9.25161700e+00
 4.27492063e+00 -4.82677165e+00  7.38752127e+00  1.28940604e+01  9.23824664e+00
 4.27492063e+00 -4.69291339e+00  7.50887360e+00  1.28667441e+01  9.22509149e+00
 4.27492063e+00 -4.55905512e+00  7.63085090e+00  1.28398953e+01  9.21221863e+00
 4.27492063e+00 -4.42519685e+00  7.75355532e+00  1.28137573e+01  9.19966684e+00
 4.27492063e+00 -4.29133858e+00  7.87703656e+00  1.27884940e+01  9.18742941e+00
 4.27492063e+00 -4.15748031e+00  8.00130885e+00  1.27643869e+01  9.17554494e+00
 4.27492063e+00 -4.02362205e+00  8.12637595e+00  1.27417594e+01  9.16406817e+00
 4.27492063e+00 -3.88976378e+00  8.25228749e+00  1.27207276e+01  9.15297125e+00
 4.27492063e+00 -3.75590551e+00  8.37895842e+00  1.27014550e+01  9.14227427e+00
 4.27492063e+00 -3.62204724e+00  8.50616686e+00  1.26842067e+01  9.13205878e+00
 4.27492063e+00 -3.48818898e+00  8.63405078e+00  1.26691450e+01  9.12225090e+00
 4.27492063e+00 -3.35433071e+00  8.76291726e+00  1.26561772e+01  9.11271761e+00
 4.27492063e+00 -3.22047244e+00  8.89301249e+00  1.26447956e+01  9.10334314e+00
 4.27492063e+00 -3.08661417e+00  9.02369394e+00  1.26344964e+01  9.09409258e+00
 4.27492063e+00 -2.95275591e+00  9.15418465e+00  1.26247789e+01  9.08492331e+00
 4.27492063e+00 -2.81889764e+00  9.28462524e+00  1.26151558e+01  9.07568011e+00
 4.27492063e+00 -2.68503937e+00  9.41507814e+00  1.26054118e+01  9.06630728e+00
 4.27492063e+00 -2.55118110e+00  9.54548672e+00  1.25955781e+01  9.05681362e+00
 4.27492063e+00 -2.41732283e+00  9.67586070e+00  1.25858632e+01  9.04717261e+00
 4.27492063e+00 -2.28346457e+00  9.80621689e+00  1.25763791e+01  9.03741977e+00
 4.27492063e+00 -2.14960630e+00  9.93654006e+00  1.25671187e+01  9.02762405e+00
 4.27492063e+00 -2.01574803e+00  1.00667199e+01  1.25580088e+01  9.01777680e+00
 4.27492063e+00 -1.88188976e+00  1.01966897e+01  1.25487731e+01  9.00778630e+00
 4.27492063e+00 -1.74803150e+00  1.03264918e+01  1.25389655e+01  8.99751985e+00
 4.27492063e+00 -1.61417323e+00  1.04563802e+01  1.25281956e+01  8.98694100e+00
 4.27492063e+00 -1.48031496e+00  1.05868875e+01  1.25164916e+01  8.97608247e+00
 4.27492063e+00 -1.34645669e+00  1.07188055e+01  1.25042522e+01  8.96499669e+00
 4.27492063e+00 -1.21259843e+00  1.08528288e+01  1.24912929e+01  8.95356742e+00
 4.27492063e+00 -1.07874016e+00  1.09904735e+01  1.24780843e+01  8.94178853e+00
 4.27492063e+00 -9.44881890e-01  1.11341743e+01  1.24667442e+01  8.92995553e+00
 4.27492063e+00 -8.11023622e-01  1.12838872e+01  1.24609958e+01  8.91862646e+00
 4.27492063e+00 -6.77165354e-01  1.14422318e+01  1.24589334e+01  8.90736270e+00
 4.27492063e+00 -5.43307087e-01  1.16148901e+01  1.24564782e+01  8.89495939e+00
 4.27492063e+00 -4.09448819e-01  1.18039545e+01  1.24593511e+01  8.88106610e+00
 4.27492063e+00 -2.75590551e-01  1.20073219e+01  1.24761149e+01  8.86596850e+00
 4.27492063e+00 -1.41732283e-01  1.22251371e+01  1.25075925e+01  8.85004008e+00
 4.27492063e+00 -7.87401575e-03  1.24577946e+01  1.25540980e+01  8.83314238e+00
 4.27492063e+00  1.25984252e-01  1.26974314e+01  1.26185851e+01  8.81521958e+00
 4.27492063e+00  2.59842520e-01  1.29391725e+01  1.27019875e+01  8.79622795e+00
 4.27492063e+00  3.93700787e-01  1.31869357e+01  1.28026834e+01  8.77611941e+00
 4.27492063e+00  5.27559055e-01  1.34415824e+01  1.29166525e+01  8.75506382e+00
 4.27492063e+00  6.61417323e-01  1.36981029e+01  1.30370098e+01  8.73298527e+00
 4.27492063e+00  7.95275591e-01  1.39535695e+01  1.31597859e+01  8.70981729e+00
 4.27492063e+00  9.29133858e-01  1.42039889e+01  1.32826157e+01  8.68524483e+00
 4.27492063e+00  1.06299213e+00  1.44514570e+01  1.34039079e+01  8.65946858e+00
 4.27492063e+00  1.19685039e+00  1.47020128e+01  1.35234735e+01  8.63249932e+00
 4.27492063e+00  1.33070866e+00  1.49502905e+01  1.36423344e+01  8.60394110e+00
 4.27492063e+00  1.46456693e+00  1.51791647e+01  1.37605296e+01  8.57298466e+00
 4.27492063e+00  1.59842520e+00  1.53955024e+01  1.38768761e+01  8.53989899e+00
 4.27492063e+00  1.73228346e+00  1.56118401e+01  1.39932226e+01  8.50681332e+00
 4.27492063e+00  1.86614173e+00  1.58281778e+01  1.41095691e+01  8.47372765e+00
 4.27492063e+00  2.00000000e+00  1.60445155e+01  1.42259156e+01  8.44064198e+00
 4.35333333e+00 -1.50000000e+01 -2.52080289e+00  1.33074817e+01  9.72425069e+00
 4.35333333e+00 -1.48661417e+01 -2.38793021e+00  1.33028431e+01  9.71995457e+00
 4.35333333e+00 -1.47322835e+01 -2.25518869e+00  1.32974905e+01  9.71559841e+00
 4.35333333e+00 -1.45984252e+01 -2.12260601e+00  1.32915436e+01  9.71113610e+00
 4.35333333e+00 -1.44645669e+01 -1.99010260e+00  1.32851914e+01  9.70657985e+00
 4.35333333e+00 -1.43307087e+01 -1.85754979e+00  1.32786575e+01  9.70199643e+00
 4.35333333e+00 -1.41968504e+01 -1.72495381e+00  1.32721650e+01  9.69740400e+00
 4.35333333e+00 -1.40629921e+01 -1.59228942e+00  1.32659434e+01  9.69281253e+00
 4.35333333e+00 -1.39291339e+01 -1.45949359e+00  1.32601978e+01  9.68825027e+00
 4.35333333e+00 -1.37952756e+01 -1.32654129e+00  1.32550587e+01  9.68379466e+00
 4.35333333e+00 -1.36614173e+01 -1.19342021e+00  1.32505884e+01  9.67941437e+00
 4.35333333e+00 -1.35275591e+01 -1.06012193e+00  1.32467946e+01  9.67503261e+00
 4.35333333e+00 -1.33937008e+01 -9.26647087e-01  1.32436382e+01  9.67076834e+00
 4.35333333e+00 -1.32598425e+01 -7.93076491e-01  1.32410479e+01  9.66660751e+00
 4.35333333e+00 -1.31259843e+01 -6.59540848e-01  1.32389370e+01  9.66243116e+00
 4.35333333e+00 -1.29921260e+01 -5.26030043e-01  1.32372268e+01  9.65829329e+00
 4.35333333e+00 -1.28582677e+01 -3.92470800e-01  1.32358203e+01  9.65419545e+00
 4.35333333e+00 -1.27244094e+01 -2.58878880e-01  1.32346178e+01  9.65007038e+00
 4.35333333e+00 -1.25905512e+01 -1.25271411e-01  1.32335605e+01  9.64587837e+00
 4.35333333e+00 -1.24566929e+01  8.34566331e-03  1.32325986e+01  9.64163528e+00
 4.35333333e+00 -1.23228346e+01  1.41973637e-01  1.32316913e+01  9.63739380e+00
 4.35333333e+00 -1.21889764e+01  2.75603163e-01  1.32308245e+01  9.63318424e+00
 4.35333333e+00 -1.20551181e+01  4.09236180e-01  1.32299887e+01  9.62894919e+00
 4.35333333e+00 -1.19212598e+01  5.42882773e-01  1.32291800e+01  9.62460685e+00
 4.35333333e+00 -1.17874016e+01  6.76543294e-01  1.32284128e+01  9.62022067e+00
 4.35333333e+00 -1.16535433e+01  8.10220213e-01  1.32276982e+01  9.61584401e+00
 4.35333333e+00 -1.15196850e+01  9.43919198e-01  1.32270459e+01  9.61147783e+00
 4.35333333e+00 -1.13858268e+01  1.07764486e+00  1.32264766e+01  9.60706398e+00
 4.35333333e+00 -1.12519685e+01  1.21139526e+00  1.32259967e+01  9.60258472e+00
 4.35333333e+00 -1.11181102e+01  1.34516701e+00  1.32256013e+01  9.59808233e+00
 4.35333333e+00 -1.09842520e+01  1.47896695e+00  1.32252892e+01  9.59364327e+00
 4.35333333e+00 -1.08503937e+01  1.61278724e+00  1.32250595e+01  9.58920553e+00
 4.35333333e+00 -1.07165354e+01  1.74661481e+00  1.32249058e+01  9.58463875e+00
 4.35333333e+00 -1.05826772e+01  1.88045938e+00  1.32248094e+01  9.57998032e+00
 4.35333333e+00 -1.04488189e+01  2.01431638e+00  1.32247590e+01  9.57528401e+00
 4.35333333e+00 -1.03149606e+01  2.14817361e+00  1.32247480e+01  9.57058715e+00
 4.35333333e+00 -1.01811024e+01  2.28203734e+00  1.32247642e+01  9.56590854e+00
 4.35333333e+00 -1.00472441e+01  2.41590412e+00  1.32247932e+01  9.56117917e+00
 4.35333333e+00 -9.91338583e+00  2.54976490e+00  1.32248226e+01  9.55631485e+00
 4.35333333e+00 -9.77952756e+00  2.68362233e+00  1.32248481e+01  9.55136662e+00
 4.35333333e+00 -9.64566929e+00  2.81747624e+00  1.32248664e+01  9.54641291e+00
 4.35333333e+00 -9.51181102e+00  2.95132399e+00  1.32248757e+01  9.54146659e+00
 4.35333333e+00 -9.37795276e+00  3.08516649e+00  1.32248755e+01  9.53637549e+00
 4.35333333e+00 -9.24409449e+00  3.21901251e+00  1.32248534e+01  9.53122375e+00
 4.35333333e+00 -9.11023622e+00  3.35286513e+00  1.32248079e+01  9.52613732e+00
 4.35333333e+00 -8.97637795e+00  3.48670345e+00  1.32247783e+01  9.52089012e+00
 4.35333333e+00 -8.84251969e+00  3.62055787e+00  1.32247023e+01  9.51552477e+00
 4.35333333e+00 -8.70866142e+00  3.75442889e+00  1.32245297e+01  9.51018567e+00
 4.35333333e+00 -8.57480315e+00  3.88816355e+00  1.32244127e+01  9.50472811e+00
 4.35333333e+00 -8.44094488e+00  4.02180381e+00  1.32243172e+01  9.49917762e+00
 4.35333333e+00 -8.30708661e+00  4.15545453e+00  1.32241199e+01  9.49363474e+00
 4.35333333e+00 -8.17322835e+00  4.28902881e+00  1.32238265e+01  9.48803628e+00
 4.35333333e+00 -8.03937008e+00  4.42252018e+00  1.32233973e+01  9.48232826e+00
 4.35333333e+00 -7.90551181e+00  4.55594127e+00  1.32227541e+01  9.47648699e+00
 4.35333333e+00 -7.77165354e+00  4.68918695e+00  1.32218343e+01  9.47050501e+00
 4.35333333e+00 -7.63779528e+00  4.82223813e+00  1.32206239e+01  9.46433629e+00
 4.35333333e+00 -7.50393701e+00  4.95510942e+00  1.32190856e+01  9.45794972e+00
 4.35333333e+00 -7.37007874e+00  5.08774310e+00  1.32170666e+01  9.45140869e+00
 4.35333333e+00 -7.23622047e+00  5.22015355e+00  1.32145975e+01  9.44470703e+00
 4.35333333e+00 -7.10236220e+00  5.35238455e+00  1.32117673e+01  9.43780544e+00
 4.35333333e+00 -6.96850394e+00  5.48442127e+00  1.32084866e+01  9.43072076e+00
 4.35333333e+00 -6.83464567e+00  5.61626154e+00  1.32048341e+01  9.42346614e+00
 4.35333333e+00 -6.70078740e+00  5.74792879e+00  1.32009660e+01  9.41605262e+00
 4.35333333e+00 -6.56692913e+00  5.87947478e+00  1.31968723e+01  9.40850934e+00
 4.35333333e+00 -6.43307087e+00  6.01087672e+00  1.31926005e+01  9.40085370e+00
 4.35333333e+00 -6.29921260e+00  6.14205711e+00  1.31881902e+01  9.39308503e+00
 4.35333333e+00 -6.16535433e+00  6.27295788e+00  1.31834459e+01  9.38517982e+00
 4.35333333e+00 -6.03149606e+00  6.40348672e+00  1.31782224e+01  9.37707099e+00
 4.35333333e+00 -5.89763780e+00  6.53350775e+00  1.31724071e+01  9.36866404e+00
 4.35333333e+00 -5.76377953e+00  6.66284648e+00  1.31656909e+01  9.35988755e+00
 4.35333333e+00 -5.62992126e+00  6.79132034e+00  1.31576872e+01  9.35065867e+00
 4.35333333e+00 -5.49606299e+00  6.91875943e+00  1.31480099e+01  9.34088406e+00
 4.35333333e+00 -5.36220472e+00  7.04504773e+00  1.31364166e+01  9.33049985e+00
 4.35333333e+00 -5.22834646e+00  7.17012062e+00  1.31227542e+01  9.31948512e+00
 4.35333333e+00 -5.09448819e+00  7.29398125e+00  1.31069326e+01  9.30786520e+00
 4.35333333e+00 -4.96062992e+00  7.41680664e+00  1.30888839e+01  9.29566740e+00
 4.35333333e+00 -4.82677165e+00  7.53878499e+00  1.30687097e+01  9.28296676e+00
 4.35333333e+00 -4.69291339e+00  7.65995215e+00  1.30469306e+01  9.26996335e+00
 4.35333333e+00 -4.55905512e+00  7.78067827e+00  1.30236746e+01  9.25670368e+00
 4.35333333e+00 -4.42519685e+00  7.90155422e+00  1.29987754e+01  9.24312392e+00
 4.35333333e+00 -4.29133858e+00  8.02231862e+00  1.29732316e+01  9.22957264e+00
 4.35333333e+00 -4.15748031e+00  8.14260055e+00  1.29484549e+01  9.21650763e+00
 4.35333333e+00 -4.02362205e+00  8.26260874e+00  1.29256036e+01  9.20422427e+00
 4.35333333e+00 -3.88976378e+00  8.38357068e+00  1.29040738e+01  9.19237765e+00
 4.35333333e+00 -3.75590551e+00  8.50724851e+00  1.28820338e+01  9.18020465e+00
 4.35333333e+00 -3.62204724e+00  8.63245365e+00  1.28603783e+01  9.16809015e+00
 4.35333333e+00 -3.48818898e+00  8.75763577e+00  1.28401964e+01  9.15650101e+00
 4.35333333e+00 -3.35433071e+00  8.88303031e+00  1.28208378e+01  9.14516861e+00
 4.35333333e+00 -3.22047244e+00  9.00874736e+00  1.28018249e+01  9.13393465e+00
 4.35333333e+00 -3.08661417e+00  9.13473436e+00  1.27829946e+01  9.12276680e+00
 4.35333333e+00 -2.95275591e+00  9.26111617e+00  1.27644515e+01  9.11163841e+00
 4.35333333e+00 -2.81889764e+00  9.38807855e+00  1.27464941e+01  9.10057516e+00
 4.35333333e+00 -2.68503937e+00  9.51578645e+00  1.27295426e+01  9.08964914e+00
 4.35333333e+00 -2.55118110e+00  9.64414623e+00  1.27138481e+01  9.07888529e+00
 4.35333333e+00 -2.41732283e+00  9.77305146e+00  1.26995757e+01  9.06829583e+00
 4.35333333e+00 -2.28346457e+00  9.90249972e+00  1.26867991e+01  9.05789445e+00
 4.35333333e+00 -2.14960630e+00  1.00323803e+01  1.26751703e+01  9.04765319e+00
 4.35333333e+00 -2.01574803e+00  1.01625616e+01  1.26642046e+01  9.03748539e+00
 4.35333333e+00 -1.88188976e+00  1.02929936e+01  1.26535459e+01  9.02723820e+00
 4.35333333e+00 -1.74803150e+00  1.04237439e+01  1.26429262e+01  9.01684656e+00
 4.35333333e+00 -1.61417323e+00  1.05548756e+01  1.26322298e+01  9.00630648e+00
 4.35333333e+00 -1.48031496e+00  1.06862988e+01  1.26216074e+01  8.99562960e+00
 4.35333333e+00 -1.34645669e+00  1.08179761e+01  1.26113002e+01  8.98483820e+00
 4.35333333e+00 -1.21259843e+00  1.09507572e+01  1.26013326e+01  8.97389978e+00
 4.35333333e+00 -1.07874016e+00  1.10872951e+01  1.25914521e+01  8.96269937e+00
 4.35333333e+00 -9.44881890e-01  1.12222675e+01  1.25866000e+01  8.95230130e+00
 4.35333333e+00 -8.11023622e-01  1.13526594e+01  1.25901049e+01  8.94337209e+00
 4.35333333e+00 -6.77165354e-01  1.14932244e+01  1.25965872e+01  8.93427608e+00
 4.35333333e+00 -5.43307087e-01  1.16568299e+01  1.26012445e+01  8.92334827e+00
 4.35333333e+00 -4.09448819e-01  1.18426401e+01  1.26036253e+01  8.90962677e+00
 4.35333333e+00 -2.75590551e-01  1.20358913e+01  1.26101852e+01  8.89394128e+00
 4.35333333e+00 -1.41732283e-01  1.22453766e+01  1.26233103e+01  8.87643879e+00
 4.35333333e+00 -7.87401575e-03  1.24762206e+01  1.26473698e+01  8.85747892e+00
 4.35333333e+00  1.25984252e-01  1.27154577e+01  1.26891196e+01  8.83738335e+00
 4.35333333e+00  2.59842520e-01  1.29552978e+01  1.27530485e+01  8.81645003e+00
 4.35333333e+00  3.93700787e-01  1.32021002e+01  1.28388125e+01  8.79491232e+00
 4.35333333e+00  5.27559055e-01  1.34573825e+01  1.29425855e+01  8.77333446e+00
 4.35333333e+00  6.61417323e-01  1.37121006e+01  1.30563196e+01  8.75197805e+00
 4.35333333e+00  7.95275591e-01  1.39631991e+01  1.31747097e+01  8.73042301e+00
 4.35333333e+00  9.29133858e-01  1.42121071e+01  1.32942662e+01  8.70750100e+00
 4.35333333e+00  1.06299213e+00  1.44583973e+01  1.34126711e+01  8.68307586e+00
 4.35333333e+00  1.19685039e+00  1.47006330e+01  1.35301922e+01  8.65745664e+00
 4.35333333e+00  1.33070866e+00  1.49401129e+01  1.36476128e+01  8.63048822e+00
 4.35333333e+00  1.46456693e+00  1.51835191e+01  1.37644596e+01  8.60202756e+00
 4.35333333e+00  1.59842520e+00  1.54262515e+01  1.38797586e+01  8.57172114e+00
 4.35333333e+00  1.73228346e+00  1.56383557e+01  1.39931878e+01  8.53929280e+00
 4.35333333e+00  1.86614173e+00  1.58504599e+01  1.41066170e+01  8.50686446e+00
 4.35333333e+00  2.00000000e+00  1.60625641e+01  1.42200462e+01  8.47443612e+00
 4.43174603e+00 -1.50000000e+01 -2.43994205e+00  1.33334909e+01  9.72862126e+00
 4.43174603e+00 -1.48661417e+01 -2.30597133e+00  1.33339456e+01  9.72523895e+00
 4.43174603e+00 -1.47322835e+01 -2.17200562e+00  1.33344466e+01  9.72184772e+00
 4.43174603e+00 -1.45984252e+01 -2.03808569e+00  1.33349633e+01  9.71846638e+00
 4.43174603e+00 -1.44645669e+01 -1.90411823e+00  1.33355489e+01  9.71503013e+00
 4.43174603e+00 -1.43307087e+01 -1.77011288e+00  1.33361724e+01  9.71156103e+00
 4.43174603e+00 -1.41968504e+01 -1.63612363e+00  1.33367600e+01  9.70809229e+00
 4.43174603e+00 -1.40629921e+01 -1.50215335e+00  1.33372610e+01  9.70456807e+00
 4.43174603e+00 -1.39291339e+01 -1.36820190e+00  1.33376173e+01  9.70096508e+00
 4.43174603e+00 -1.37952756e+01 -1.23427312e+00  1.33377690e+01  9.69728021e+00
 4.43174603e+00 -1.36614173e+01 -1.10037433e+00  1.33376624e+01  9.69350576e+00
 4.43174603e+00 -1.35275591e+01 -9.66503798e-01  1.33372275e+01  9.68966220e+00
 4.43174603e+00 -1.33937008e+01 -8.32660642e-01  1.33363843e+01  9.68574940e+00
 4.43174603e+00 -1.32598425e+01 -6.98918513e-01  1.33350550e+01  9.68171054e+00
 4.43174603e+00 -1.31259843e+01 -5.65416095e-01  1.33331755e+01  9.67757547e+00
 4.43174603e+00 -1.29921260e+01 -4.32142336e-01  1.33306721e+01  9.67334673e+00
 4.43174603e+00 -1.28582677e+01 -2.99032279e-01  1.33274512e+01  9.66891291e+00
 4.43174603e+00 -1.27244094e+01 -1.66077223e-01  1.33234898e+01  9.66430684e+00
 4.43174603e+00 -1.25905512e+01 -3.32629773e-02  1.33188097e+01  9.65959254e+00
 4.43174603e+00 -1.24566929e+01  9.94131982e-02  1.33134596e+01  9.65474736e+00
 4.43174603e+00 -1.23228346e+01  2.31984532e-01  1.33075743e+01  9.64976866e+00
 4.43174603e+00 -1.21889764e+01  3.64502469e-01  1.33013472e+01  9.64468752e+00
 4.43174603e+00 -1.20551181e+01  4.97022671e-01  1.32950068e+01  9.63956578e+00
 4.43174603e+00 -1.19212598e+01  6.29584215e-01  1.32887999e+01  9.63442802e+00
 4.43174603e+00 -1.17874016e+01  7.62222474e-01  1.32829435e+01  9.62930358e+00
 4.43174603e+00 -1.16535433e+01  8.94980418e-01  1.32775910e+01  9.62426737e+00
 4.43174603e+00 -1.15196850e+01  1.02787242e+00  1.32728441e+01  9.61928492e+00
 4.43174603e+00 -1.13858268e+01  1.16089614e+00  1.32687478e+01  9.61431791e+00
 4.43174603e+00 -1.12519685e+01  1.29404677e+00  1.32652805e+01  9.60944985e+00
 4.43174603e+00 -1.11181102e+01  1.42731278e+00  1.32623860e+01  9.60462782e+00
 4.43174603e+00 -1.09842520e+01  1.56067647e+00  1.32599947e+01  9.59978386e+00
 4.43174603e+00 -1.08503937e+01  1.69411489e+00  1.32580333e+01  9.59500188e+00
 4.43174603e+00 -1.07165354e+01  1.82760911e+00  1.32564020e+01  9.59024369e+00
 4.43174603e+00 -1.05826772e+01  1.96114486e+00  1.32550100e+01  9.58543265e+00
 4.43174603e+00 -1.04488189e+01  2.09471253e+00  1.32538131e+01  9.58058945e+00
 4.43174603e+00 -1.03149606e+01  2.22830816e+00  1.32527611e+01  9.57572132e+00
 4.43174603e+00 -1.01811024e+01  2.36192910e+00  1.32518114e+01  9.57082517e+00
 4.43174603e+00 -1.00472441e+01  2.49556978e+00  1.32509513e+01  9.56590869e+00
 4.43174603e+00 -9.91338583e+00  2.62922873e+00  1.32501766e+01  9.56098031e+00
 4.43174603e+00 -9.77952756e+00  2.76291021e+00  1.32494864e+01  9.55602216e+00
 4.43174603e+00 -9.64566929e+00  2.89662348e+00  1.32488813e+01  9.55097541e+00
 4.43174603e+00 -9.51181102e+00  3.03036076e+00  1.32483589e+01  9.54591158e+00
 4.43174603e+00 -9.37795276e+00  3.16411543e+00  1.32479186e+01  9.54087477e+00
 4.43174603e+00 -9.24409449e+00  3.29790027e+00  1.32475672e+01  9.53571909e+00
 4.43174603e+00 -9.11023622e+00  3.43170099e+00  1.32472925e+01  9.53050278e+00
 4.43174603e+00 -8.97637795e+00  3.56551044e+00  1.32470877e+01  9.52531149e+00
 4.43174603e+00 -8.84251969e+00  3.69935582e+00  1.32469668e+01  9.52004873e+00
 4.43174603e+00 -8.70866142e+00  3.83316062e+00  1.32468530e+01  9.51472048e+00
 4.43174603e+00 -8.57480315e+00  3.96687283e+00  1.32466802e+01  9.50937103e+00
 4.43174603e+00 -8.44094488e+00  4.10058719e+00  1.32464992e+01  9.50398711e+00
 4.43174603e+00 -8.30708661e+00  4.23430405e+00  1.32463693e+01  9.49852480e+00
 4.43174603e+00 -8.17322835e+00  4.36797157e+00  1.32462881e+01  9.49297024e+00
 4.43174603e+00 -8.03937008e+00  4.50156259e+00  1.32461550e+01  9.48737988e+00
 4.43174603e+00 -7.90551181e+00  4.63517120e+00  1.32459893e+01  9.48172885e+00
 4.43174603e+00 -7.77165354e+00  4.76883997e+00  1.32458208e+01  9.47597998e+00
 4.43174603e+00 -7.63779528e+00  4.90242174e+00  1.32455858e+01  9.47015322e+00
 4.43174603e+00 -7.50393701e+00  5.03591090e+00  1.32453058e+01  9.46423391e+00
 4.43174603e+00 -7.37007874e+00  5.16936719e+00  1.32450026e+01  9.45822173e+00
 4.43174603e+00 -7.23622047e+00  5.30281230e+00  1.32446116e+01  9.45216684e+00
 4.43174603e+00 -7.10236220e+00  5.43618041e+00  1.32440590e+01  9.44601452e+00
 4.43174603e+00 -6.96850394e+00  5.56940071e+00  1.32433231e+01  9.43969336e+00
 4.43174603e+00 -6.83464567e+00  5.70246721e+00  1.32424545e+01  9.43320193e+00
 4.43174603e+00 -6.70078740e+00  5.83537324e+00  1.32413216e+01  9.42655872e+00
 4.43174603e+00 -6.56692913e+00  5.96807652e+00  1.32397829e+01  9.41976416e+00
 4.43174603e+00 -6.43307087e+00  6.10048838e+00  1.32378411e+01  9.41277748e+00
 4.43174603e+00 -6.29921260e+00  6.23262277e+00  1.32354293e+01  9.40558394e+00
 4.43174603e+00 -6.16535433e+00  6.36452279e+00  1.32325021e+01  9.39818671e+00
 4.43174603e+00 -6.03149606e+00  6.49617367e+00  1.32291291e+01  9.39058963e+00
 4.43174603e+00 -5.89763780e+00  6.62748609e+00  1.32252838e+01  9.38276205e+00
 4.43174603e+00 -5.76377953e+00  6.75841663e+00  1.32209197e+01  9.37468898e+00
 4.43174603e+00 -5.62992126e+00  6.88908098e+00  1.32160708e+01  9.36642388e+00
 4.43174603e+00 -5.49606299e+00  7.01942391e+00  1.32107488e+01  9.35797318e+00
 4.43174603e+00 -5.36220472e+00  7.14930730e+00  1.32049051e+01  9.34930516e+00
 4.43174603e+00 -5.22834646e+00  7.27867973e+00  1.31983887e+01  9.34037778e+00
 4.43174603e+00 -5.09448819e+00  7.40743706e+00  1.31909923e+01  9.33113100e+00
 4.43174603e+00 -4.96062992e+00  7.53540674e+00  1.31825070e+01  9.32150388e+00
 4.43174603e+00 -4.82677165e+00  7.66237069e+00  1.31727971e+01  9.31146599e+00
 4.43174603e+00 -4.69291339e+00  7.78853370e+00  1.31614250e+01  9.30088241e+00
 4.43174603e+00 -4.55905512e+00  7.91412929e+00  1.31478762e+01  9.28962799e+00
 4.43174603e+00 -4.42519685e+00  8.03745207e+00  1.31330050e+01  9.27823088e+00
 4.43174603e+00 -4.29133858e+00  8.15824055e+00  1.31174487e+01  9.26695943e+00
 4.43174603e+00 -4.15748031e+00  8.27905849e+00  1.31007392e+01  9.25537697e+00
 4.43174603e+00 -4.02362205e+00  8.40099647e+00  1.30825923e+01  9.24325463e+00
 4.43174603e+00 -3.88976378e+00  8.52382610e+00  1.30630595e+01  9.23064235e+00
 4.43174603e+00 -3.75590551e+00  8.64647622e+00  1.30426812e+01  9.21797329e+00
 4.43174603e+00 -3.62204724e+00  8.76850249e+00  1.30218596e+01  9.20544806e+00
 4.43174603e+00 -3.48818898e+00  8.89051286e+00  1.30006125e+01  9.19285310e+00
 4.43174603e+00 -3.35433071e+00  9.01257393e+00  1.29789379e+01  9.18022496e+00
 4.43174603e+00 -3.22047244e+00  9.13458103e+00  1.29568766e+01  9.16767649e+00
 4.43174603e+00 -3.08661417e+00  9.25687163e+00  1.29345731e+01  9.15511721e+00
 4.43174603e+00 -2.95275591e+00  9.37975165e+00  1.29122982e+01  9.14252590e+00
 4.43174603e+00 -2.81889764e+00  9.50340670e+00  1.28904632e+01  9.13001115e+00
 4.43174603e+00 -2.68503937e+00  9.62804363e+00  1.28695923e+01  9.11775842e+00
 4.43174603e+00 -2.55118110e+00  9.75378269e+00  1.28501137e+01  9.10587474e+00
 4.43174603e+00 -2.41732283e+00  9.88052747e+00  1.28321236e+01  9.09424136e+00
 4.43174603e+00 -2.28346457e+00  1.00082281e+01  1.28155318e+01  9.08286538e+00
 4.43174603e+00 -2.14960630e+00  1.01368863e+01  1.28001814e+01  9.07179955e+00
 4.43174603e+00 -2.01574803e+00  1.02664708e+01  1.27860284e+01  9.06087396e+00
 4.43174603e+00 -1.88188976e+00  1.03965426e+01  1.27728413e+01  9.05000376e+00
 4.43174603e+00 -1.74803150e+00  1.05263960e+01  1.27602915e+01  9.03921546e+00
 4.43174603e+00 -1.61417323e+00  1.06558849e+01  1.27485577e+01  9.02845131e+00
 4.43174603e+00 -1.48031496e+00  1.07851403e+01  1.27375355e+01  9.01767112e+00
 4.43174603e+00 -1.34645669e+00  1.09144484e+01  1.27268658e+01  9.00689314e+00
 4.43174603e+00 -1.21259843e+00  1.10441555e+01  1.27175494e+01  8.99618964e+00
 4.43174603e+00 -1.07874016e+00  1.11741532e+01  1.27098819e+01  8.98556373e+00
 4.43174603e+00 -9.44881890e-01  1.13038726e+01  1.27024387e+01  8.97488434e+00
 4.43174603e+00 -8.11023622e-01  1.14345755e+01  1.26946986e+01  8.96402259e+00
 4.43174603e+00 -6.77165354e-01  1.15702673e+01  1.26875020e+01  8.95282348e+00
 4.43174603e+00 -5.43307087e-01  1.17194848e+01  1.26834294e+01  8.94095714e+00
 4.43174603e+00 -4.09448819e-01  1.18852793e+01  1.26814109e+01  8.92748283e+00
 4.43174603e+00 -2.75590551e-01  1.20683393e+01  1.26806225e+01  8.91179440e+00
 4.43174603e+00 -1.41732283e-01  1.22727030e+01  1.26866207e+01  8.89411206e+00
 4.43174603e+00 -7.87401575e-03  1.24981264e+01  1.27069069e+01  8.87484518e+00
 4.43174603e+00  1.25984252e-01  1.27341856e+01  1.27434017e+01  8.85443395e+00
 4.43174603e+00  2.59842520e-01  1.29744796e+01  1.27981665e+01  8.83315424e+00
 4.43174603e+00  3.93700787e-01  1.32221539e+01  1.28745363e+01  8.81154189e+00
 4.43174603e+00  5.27559055e-01  1.34761475e+01  1.29705535e+01  8.79028873e+00
 4.43174603e+00  6.61417323e-01  1.37278650e+01  1.30784043e+01  8.76998120e+00
 4.43174603e+00  7.95275591e-01  1.39752221e+01  1.31920714e+01  8.74976278e+00
 4.43174603e+00  9.29133858e-01  1.42207795e+01  1.33078399e+01  8.72818339e+00
 4.43174603e+00  1.06299213e+00  1.44651121e+01  1.34231633e+01  8.70508187e+00
 4.43174603e+00  1.19685039e+00  1.47074516e+01  1.35382179e+01  8.68103019e+00
 4.43174603e+00  1.33070866e+00  1.49478593e+01  1.36537311e+01  8.65577833e+00
 4.43174603e+00  1.46456693e+00  1.51857980e+01  1.37692911e+01  8.62884703e+00
 4.43174603e+00  1.59842520e+00  1.54222404e+01  1.38834182e+01  8.60048067e+00
 4.43174603e+00  1.73228346e+00  1.56635443e+01  1.39960382e+01  8.57080797e+00
 4.43174603e+00  1.86614173e+00  1.59007113e+01  1.41073258e+01  8.53919583e+00
 4.43174603e+00  2.00000000e+00  1.61011755e+01  1.42167127e+01  8.50631176e+00
 4.51015873e+00 -1.50000000e+01 -2.36132457e+00  1.33554850e+01  9.73147543e+00
 4.51015873e+00 -1.48661417e+01 -2.22749330e+00  1.33553396e+01  9.72804108e+00
 4.51015873e+00 -1.47322835e+01 -2.09370970e+00  1.33551375e+01  9.72455479e+00
 4.51015873e+00 -1.45984252e+01 -1.95991621e+00  1.33549146e+01  9.72105146e+00
 4.51015873e+00 -1.44645669e+01 -1.82606628e+00  1.33547108e+01  9.71754408e+00
 4.51015873e+00 -1.43307087e+01 -1.69220236e+00  1.33545171e+01  9.71399282e+00
 4.51015873e+00 -1.41968504e+01 -1.55833143e+00  1.33543302e+01  9.71042153e+00
 4.51015873e+00 -1.40629921e+01 -1.42444902e+00  1.33541567e+01  9.70685041e+00
 4.51015873e+00 -1.39291339e+01 -1.29055974e+00  1.33540084e+01  9.70324673e+00
 4.51015873e+00 -1.37952756e+01 -1.15663729e+00  1.33538814e+01  9.69959947e+00
 4.51015873e+00 -1.36614173e+01 -1.02265986e+00  1.33537772e+01  9.69590852e+00
 4.51015873e+00 -1.35275591e+01 -8.88632053e-01  1.33537163e+01  9.69217688e+00
 4.51015873e+00 -1.33937008e+01 -7.54534876e-01  1.33537077e+01  9.68843437e+00
 4.51015873e+00 -1.32598425e+01 -6.20406988e-01  1.33537528e+01  9.68468824e+00
 4.51015873e+00 -1.31259843e+01 -4.86398829e-01  1.33538495e+01  9.68090718e+00
 4.51015873e+00 -1.29921260e+01 -3.52494967e-01  1.33539932e+01  9.67713124e+00
 4.51015873e+00 -1.28582677e+01 -2.18587712e-01  1.33541896e+01  9.67335318e+00
 4.51015873e+00 -1.27244094e+01 -8.46605242e-02  1.33544565e+01  9.66948239e+00
 4.51015873e+00 -1.25905512e+01  4.92681054e-02  1.33547867e+01  9.66557845e+00
 4.51015873e+00 -1.24566929e+01  1.83192893e-01  1.33551520e+01  9.66168716e+00
 4.51015873e+00 -1.23228346e+01  3.17125485e-01  1.33555133e+01  9.65775667e+00
 4.51015873e+00 -1.21889764e+01  4.51046584e-01  1.33558572e+01  9.65376733e+00
 4.51015873e+00 -1.20551181e+01  5.84934265e-01  1.33561456e+01  9.64971637e+00
 4.51015873e+00 -1.19212598e+01  7.18779387e-01  1.33562984e+01  9.64560082e+00
 4.51015873e+00 -1.17874016e+01  8.52574136e-01  1.33562622e+01  9.64139925e+00
 4.51015873e+00 -1.16535433e+01  9.86308769e-01  1.33559644e+01  9.63711622e+00
 4.51015873e+00 -1.15196850e+01  1.11996821e+00  1.33552982e+01  9.63277911e+00
 4.51015873e+00 -1.13858268e+01  1.25352329e+00  1.33541790e+01  9.62830842e+00
 4.51015873e+00 -1.12519685e+01  1.38694528e+00  1.33525218e+01  9.62367808e+00
 4.51015873e+00 -1.11181102e+01  1.52021591e+00  1.33502352e+01  9.61895273e+00
 4.51015873e+00 -1.09842520e+01  1.65333700e+00  1.33472491e+01  9.61405690e+00
 4.51015873e+00 -1.08503937e+01  1.78630907e+00  1.33435295e+01  9.60896592e+00
 4.51015873e+00 -1.07165354e+01  1.91912642e+00  1.33390877e+01  9.60376249e+00
 4.51015873e+00 -1.05826772e+01  2.05180099e+00  1.33339873e+01  9.59840761e+00
 4.51015873e+00 -1.04488189e+01  2.18436603e+00  1.33283598e+01  9.59288674e+00
 4.51015873e+00 -1.03149606e+01  2.31687469e+00  1.33224023e+01  9.58727152e+00
 4.51015873e+00 -1.01811024e+01  2.44938630e+00  1.33163454e+01  9.58160501e+00
 4.51015873e+00 -1.00472441e+01  2.58194350e+00  1.33104056e+01  9.57591392e+00
 4.51015873e+00 -9.91338583e+00  2.71456892e+00  1.33047705e+01  9.57022395e+00
 4.51015873e+00 -9.77952756e+00  2.84730388e+00  1.32996184e+01  9.56458337e+00
 4.51015873e+00 -9.64566929e+00  2.98017372e+00  1.32950539e+01  9.55899279e+00
 4.51015873e+00 -9.51181102e+00  3.11317384e+00  1.32910922e+01  9.55339371e+00
 4.51015873e+00 -9.37795276e+00  3.24630838e+00  1.32877238e+01  9.54786744e+00
 4.51015873e+00 -9.24409449e+00  3.37956176e+00  1.32849111e+01  9.54242049e+00
 4.51015873e+00 -9.11023622e+00  3.51289201e+00  1.32825823e+01  9.53689722e+00
 4.51015873e+00 -8.97637795e+00  3.64630851e+00  1.32806379e+01  9.53136809e+00
 4.51015873e+00 -8.84251969e+00  3.77979207e+00  1.32790276e+01  9.52591104e+00
 4.51015873e+00 -8.70866142e+00  3.91326283e+00  1.32777499e+01  9.52047447e+00
 4.51015873e+00 -8.57480315e+00  4.04672722e+00  1.32766399e+01  9.51502114e+00
 4.51015873e+00 -8.44094488e+00  4.18022046e+00  1.32755822e+01  9.50953121e+00
 4.51015873e+00 -8.30708661e+00  4.31375686e+00  1.32746165e+01  9.50399347e+00
 4.51015873e+00 -8.17322835e+00  4.44729790e+00  1.32738092e+01  9.49838693e+00
 4.51015873e+00 -8.03937008e+00  4.58082624e+00  1.32731528e+01  9.49271736e+00
 4.51015873e+00 -7.90551181e+00  4.71437890e+00  1.32725408e+01  9.48702509e+00
 4.51015873e+00 -7.77165354e+00  4.84795983e+00  1.32720094e+01  9.48128858e+00
 4.51015873e+00 -7.63779528e+00  4.98155175e+00  1.32715695e+01  9.47547682e+00
 4.51015873e+00 -7.50393701e+00  5.11512822e+00  1.32711317e+01  9.46958830e+00
 4.51015873e+00 -7.37007874e+00  5.24866701e+00  1.32707381e+01  9.46366267e+00
 4.51015873e+00 -7.23622047e+00  5.38216153e+00  1.32704017e+01  9.45769091e+00
 4.51015873e+00 -7.10236220e+00  5.51562290e+00  1.32700376e+01  9.45159150e+00
 4.51015873e+00 -6.96850394e+00  5.64905164e+00  1.32696734e+01  9.44538650e+00
 4.51015873e+00 -6.83464567e+00  5.78244265e+00  1.32693071e+01  9.43910878e+00
 4.51015873e+00 -6.70078740e+00  5.91578693e+00  1.32688488e+01  9.43274999e+00
 4.51015873e+00 -6.56692913e+00  6.04906230e+00  1.32683121e+01  9.42630809e+00
 4.51015873e+00 -6.43307087e+00  6.18224058e+00  1.32677214e+01  9.41976297e+00
 4.51015873e+00 -6.29921260e+00  6.31529854e+00  1.32670471e+01  9.41307604e+00
 4.51015873e+00 -6.16535433e+00  6.44825060e+00  1.32661874e+01  9.40627968e+00
 4.51015873e+00 -6.03149606e+00  6.58106572e+00  1.32650718e+01  9.39936674e+00
 4.51015873e+00 -5.89763780e+00  6.71364418e+00  1.32637017e+01  9.39225375e+00
 4.51015873e+00 -5.76377953e+00  6.84597869e+00  1.32620117e+01  9.38496724e+00
 4.51015873e+00 -5.62992126e+00  6.97805407e+00  1.32599120e+01  9.37750443e+00
 4.51015873e+00 -5.49606299e+00  7.10980445e+00  1.32573214e+01  9.36977361e+00
 4.51015873e+00 -5.36220472e+00  7.24126408e+00  1.32541849e+01  9.36180847e+00
 4.51015873e+00 -5.22834646e+00  7.37231803e+00  1.32504253e+01  9.35364419e+00
 4.51015873e+00 -5.09448819e+00  7.50266084e+00  1.32459549e+01  9.34523360e+00
 4.51015873e+00 -4.96062992e+00  7.63284853e+00  1.32409670e+01  9.33653382e+00
 4.51015873e+00 -4.82677165e+00  7.76303620e+00  1.32354494e+01  9.32755228e+00
 4.51015873e+00 -4.69291339e+00  7.89188890e+00  1.32287865e+01  9.31838291e+00
 4.51015873e+00 -4.55905512e+00  8.01848939e+00  1.32205496e+01  9.30899412e+00
 4.51015873e+00 -4.42519685e+00  8.14326815e+00  1.32110058e+01  9.29931915e+00
 4.51015873e+00 -4.29133858e+00  8.26897817e+00  1.32016728e+01  9.28936833e+00
 4.51015873e+00 -4.15748031e+00  8.39579687e+00  1.31922355e+01  9.27907643e+00
 4.51015873e+00 -4.02362205e+00  8.52165616e+00  1.31809336e+01  9.26834716e+00
 4.51015873e+00 -3.88976378e+00  8.64655051e+00  1.31678115e+01  9.25717968e+00
 4.51015873e+00 -3.75590551e+00  8.77080709e+00  1.31532465e+01  9.24565602e+00
 4.51015873e+00 -3.62204724e+00  8.89440856e+00  1.31374051e+01  9.23392297e+00
 4.51015873e+00 -3.48818898e+00  9.01728096e+00  1.31204743e+01  9.22195258e+00
 4.51015873e+00 -3.35433071e+00  9.13943080e+00  1.31025882e+01  9.20969668e+00
 4.51015873e+00 -3.22047244e+00  9.26110473e+00  1.30837016e+01  9.19727266e+00
 4.51015873e+00 -3.08661417e+00  9.38256826e+00  1.30639310e+01  9.18470776e+00
 4.51015873e+00 -2.95275591e+00  9.50409778e+00  1.30435790e+01  9.17194792e+00
 4.51015873e+00 -2.81889764e+00  9.62613879e+00  1.30229301e+01  9.15913823e+00
 4.51015873e+00 -2.68503937e+00  9.74907230e+00  1.30022949e+01  9.14643431e+00
 4.51015873e+00 -2.55118110e+00  9.87297937e+00  1.29820506e+01  9.13384562e+00
 4.51015873e+00 -2.41732283e+00  9.99789454e+00  1.29623827e+01  9.12140733e+00
 4.51015873e+00 -2.28346457e+00  1.01238309e+01  1.29433783e+01  9.10918738e+00
 4.51015873e+00 -2.14960630e+00  1.02507237e+01  1.29254066e+01  9.09723407e+00
 4.51015873e+00 -2.01574803e+00  1.03782255e+01  1.29085984e+01  9.08551194e+00
 4.51015873e+00 -1.88188976e+00  1.05056677e+01  1.28926535e+01  9.07389544e+00
 4.51015873e+00 -1.74803150e+00  1.06325539e+01  1.28772769e+01  9.06236119e+00
 4.51015873e+00 -1.61417323e+00  1.07587833e+01  1.28623995e+01  9.05091014e+00
 4.51015873e+00 -1.48031496e+00  1.08848309e+01  1.28483196e+01  9.03950715e+00
 4.51015873e+00 -1.34645669e+00  1.10113709e+01  1.28350113e+01  9.02813733e+00
 4.51015873e+00 -1.21259843e+00  1.11390228e+01  1.28222406e+01  9.01676624e+00
 4.51015873e+00 -1.07874016e+00  1.12678834e+01  1.28098074e+01  9.00525259e+00
 4.51015873e+00 -9.44881890e-01  1.13976897e+01  1.27967717e+01  8.99347240e+00
 4.51015873e+00 -8.11023622e-01  1.15286270e+01  1.27822740e+01  8.98134899e+00
 4.51015873e+00 -6.77165354e-01  1.16641155e+01  1.27687411e+01  8.96882015e+00
 4.51015873e+00 -5.43307087e-01  1.18086015e+01  1.27568405e+01  8.95589341e+00
 4.51015873e+00 -4.09448819e-01  1.19663791e+01  1.27439875e+01  8.94262748e+00
 4.51015873e+00 -2.75590551e-01  1.21389532e+01  1.27310833e+01  8.92873569e+00
 4.51015873e+00 -1.41732283e-01  1.23273541e+01  1.27381986e+01  8.91286357e+00
 4.51015873e+00 -7.87401575e-03  1.25329019e+01  1.27735871e+01  8.89418945e+00
 4.51015873e+00  1.25984252e-01  1.27565810e+01  1.28171163e+01  8.87341562e+00
 4.51015873e+00  2.59842520e-01  1.29962330e+01  1.28582695e+01  8.85132699e+00
 4.51015873e+00  3.93700787e-01  1.32458387e+01  1.29174224e+01  8.82896459e+00
 4.51015873e+00  5.27559055e-01  1.34978305e+01  1.30026534e+01  8.80714824e+00
 4.51015873e+00  6.61417323e-01  1.37456217e+01  1.31032961e+01  8.78705937e+00
 4.51015873e+00  7.95275591e-01  1.39887081e+01  1.32115026e+01  8.76782746e+00
 4.51015873e+00  9.29133858e-01  1.42311844e+01  1.33231067e+01  8.74770791e+00
 4.51015873e+00  1.06299213e+00  1.44731810e+01  1.34351574e+01  8.72602737e+00
 4.51015873e+00  1.19685039e+00  1.47133644e+01  1.35474968e+01  8.70310255e+00
 4.51015873e+00  1.33070866e+00  1.49519855e+01  1.36609200e+01  8.67909712e+00
 4.51015873e+00  1.46456693e+00  1.51898035e+01  1.37746950e+01  8.65405090e+00
 4.51015873e+00  1.59842520e+00  1.54267325e+01  1.38877910e+01  8.62757826e+00
 4.51015873e+00  1.73228346e+00  1.56608313e+01  1.39993985e+01  8.59947742e+00
 4.51015873e+00  1.86614173e+00  1.58976260e+01  1.41098620e+01  8.56992548e+00
 4.51015873e+00  2.00000000e+00  1.61379090e+01  1.42186288e+01  8.53923468e+00
 4.58857143e+00 -1.50000000e+01 -2.28262856e+00  1.33811462e+01  9.73463858e+00
 4.58857143e+00 -1.48661417e+01 -2.14878418e+00  1.33811468e+01  9.73127452e+00
 4.58857143e+00 -1.47322835e+01 -2.01497162e+00  1.33811414e+01  9.72787260e+00
 4.58857143e+00 -1.45984252e+01 -1.88110380e+00  1.33811541e+01  9.72440098e+00
 4.58857143e+00 -1.44645669e+01 -1.74720950e+00  1.33811740e+01  9.72092343e+00
 4.58857143e+00 -1.43307087e+01 -1.61332148e+00  1.33811892e+01  9.71745328e+00
 4.58857143e+00 -1.41968504e+01 -1.47942341e+00  1.33812024e+01  9.71391701e+00
 4.58857143e+00 -1.40629921e+01 -1.34551118e+00  1.33812115e+01  9.71036881e+00
 4.58857143e+00 -1.39291339e+01 -1.21158359e+00  1.33812142e+01  9.70682685e+00
 4.58857143e+00 -1.37952756e+01 -1.07763554e+00  1.33812103e+01  9.70322248e+00
 4.58857143e+00 -1.36614173e+01 -9.43657594e-01  1.33811974e+01  9.69957357e+00
 4.58857143e+00 -1.35275591e+01 -8.09638895e-01  1.33811733e+01  9.69588947e+00
 4.58857143e+00 -1.33937008e+01 -6.75560650e-01  1.33811369e+01  9.69214578e+00
 4.58857143e+00 -1.32598425e+01 -5.41452443e-01  1.33810872e+01  9.68838754e+00
 4.58857143e+00 -1.31259843e+01 -4.07443537e-01  1.33810237e+01  9.68462120e+00
 4.58857143e+00 -1.29921260e+01 -2.73582089e-01  1.33809453e+01  9.68079922e+00
 4.58857143e+00 -1.28582677e+01 -1.39748438e-01  1.33808490e+01  9.67697323e+00
 4.58857143e+00 -1.27244094e+01 -5.91389732e-03  1.33807361e+01  9.67313137e+00
 4.58857143e+00 -1.25905512e+01  1.27919040e-01  1.33806097e+01  9.66918633e+00
 4.58857143e+00 -1.24566929e+01  2.61743394e-01  1.33804574e+01  9.66520816e+00
 4.58857143e+00 -1.23228346e+01  3.95562100e-01  1.33802893e+01  9.66123720e+00
 4.58857143e+00 -1.21889764e+01  5.29390183e-01  1.33801351e+01  9.65723281e+00
 4.58857143e+00 -1.20551181e+01  6.63225186e-01  1.33799798e+01  9.65317043e+00
 4.58857143e+00 -1.19212598e+01  7.97061386e-01  1.33798241e+01  9.64905911e+00
 4.58857143e+00 -1.17874016e+01  9.30896789e-01  1.33796929e+01  9.64492247e+00
 4.58857143e+00 -1.16535433e+01  1.06473711e+00  1.33795864e+01  9.64072189e+00
 4.58857143e+00 -1.15196850e+01  1.19858834e+00  1.33795051e+01  9.63648796e+00
 4.58857143e+00 -1.13858268e+01  1.33245199e+00  1.33794593e+01  9.63229397e+00
 4.58857143e+00 -1.12519685e+01  1.46631918e+00  1.33794662e+01  9.62802539e+00
 4.58857143e+00 -1.11181102e+01  1.60018857e+00  1.33795143e+01  9.62367984e+00
 4.58857143e+00 -1.09842520e+01  1.73406670e+00  1.33795767e+01  9.61936450e+00
 4.58857143e+00 -1.08503937e+01  1.86795018e+00  1.33796843e+01  9.61497798e+00
 4.58857143e+00 -1.07165354e+01  2.00183568e+00  1.33798202e+01  9.61051423e+00
 4.58857143e+00 -1.05826772e+01  2.13571876e+00  1.33799227e+01  9.60606452e+00
 4.58857143e+00 -1.04488189e+01  2.26958135e+00  1.33799935e+01  9.60153766e+00
 4.58857143e+00 -1.03149606e+01  2.40340940e+00  1.33799917e+01  9.59690042e+00
 4.58857143e+00 -1.01811024e+01  2.53719355e+00  1.33798282e+01  9.59219876e+00
 4.58857143e+00 -1.00472441e+01  2.67091637e+00  1.33794387e+01  9.58740995e+00
 4.58857143e+00 -9.91338583e+00  2.80455665e+00  1.33787365e+01  9.58251388e+00
 4.58857143e+00 -9.77952756e+00  2.93809191e+00  1.33776119e+01  9.57751059e+00
 4.58857143e+00 -9.64566929e+00  3.07150071e+00  1.33759662e+01  9.57240508e+00
 4.58857143e+00 -9.51181102e+00  3.20476531e+00  1.33737124e+01  9.56713930e+00
 4.58857143e+00 -9.37795276e+00  3.33787214e+00  1.33707761e+01  9.56164737e+00
 4.58857143e+00 -9.24409449e+00  3.47081197e+00  1.33670979e+01  9.55603544e+00
 4.58857143e+00 -9.11023622e+00  3.60360381e+00  1.33627732e+01  9.55029217e+00
 4.58857143e+00 -8.97637795e+00  3.73626486e+00  1.33578842e+01  9.54431245e+00
 4.58857143e+00 -8.84251969e+00  3.86872768e+00  1.33520762e+01  9.53817920e+00
 4.58857143e+00 -8.70866142e+00  4.00108669e+00  1.33458049e+01  9.53198999e+00
 4.58857143e+00 -8.57480315e+00  4.13353191e+00  1.33399525e+01  9.52579436e+00
 4.58857143e+00 -8.44094488e+00  4.26600325e+00  1.33343044e+01  9.51959460e+00
 4.58857143e+00 -8.30708661e+00  4.39850563e+00  1.33288682e+01  9.51339191e+00
 4.58857143e+00 -8.17322835e+00  4.53114275e+00  1.33239817e+01  9.50718989e+00
 4.58857143e+00 -8.03937008e+00  4.66391792e+00  1.33196328e+01  9.50097849e+00
 4.58857143e+00 -7.90551181e+00  4.79680152e+00  1.33158285e+01  9.49478083e+00
 4.58857143e+00 -7.77165354e+00  4.92976858e+00  1.33126488e+01  9.48863787e+00
 4.58857143e+00 -7.63779528e+00  5.06284317e+00  1.33099586e+01  9.48250416e+00
 4.58857143e+00 -7.50393701e+00  5.19601520e+00  1.33076648e+01  9.47636736e+00
 4.58857143e+00 -7.37007874e+00  5.32922861e+00  1.33057692e+01  9.47025410e+00
 4.58857143e+00 -7.23622047e+00  5.46245531e+00  1.33041616e+01  9.46409291e+00
 4.58857143e+00 -7.10236220e+00  5.59571021e+00  1.33027629e+01  9.45784535e+00
 4.58857143e+00 -6.96850394e+00  5.72902620e+00  1.33015554e+01  9.45154315e+00
 4.58857143e+00 -6.83464567e+00  5.86235245e+00  1.33004713e+01  9.44523368e+00
 4.58857143e+00 -6.70078740e+00  5.99566152e+00  1.32994900e+01  9.43888978e+00
 4.58857143e+00 -6.56692913e+00  6.12896321e+00  1.32986384e+01  9.43242960e+00
 4.58857143e+00 -6.43307087e+00  6.26220949e+00  1.32978575e+01  9.42590120e+00
 4.58857143e+00 -6.29921260e+00  6.39540255e+00  1.32970861e+01  9.41930522e+00
 4.58857143e+00 -6.16535433e+00  6.52858444e+00  1.32962986e+01  9.41257796e+00
 4.58857143e+00 -6.03149606e+00  6.66165646e+00  1.32955153e+01  9.40577237e+00
 4.58857143e+00 -5.89763780e+00  6.79461197e+00  1.32946971e+01  9.39889394e+00
 4.58857143e+00 -5.76377953e+00  6.92754232e+00  1.32937501e+01  9.39187757e+00
 4.58857143e+00 -5.62992126e+00  7.06033444e+00  1.32926913e+01  9.38473756e+00
 4.58857143e+00 -5.49606299e+00  7.19293298e+00  1.32915235e+01  9.37747843e+00
 4.58857143e+00 -5.36220472e+00  7.32538652e+00  1.32901788e+01  9.37007280e+00
 4.58857143e+00 -5.22834646e+00  7.45761700e+00  1.32885071e+01  9.36251984e+00
 4.58857143e+00 -5.09448819e+00  7.58951784e+00  1.32864032e+01  9.35477876e+00
 4.58857143e+00 -4.96062992e+00  7.72109594e+00  1.32838966e+01  9.34677924e+00
 4.58857143e+00 -4.82677165e+00  7.85283175e+00  1.32812652e+01  9.33858233e+00
 4.58857143e+00 -4.69291339e+00  7.98388562e+00  1.32778386e+01  9.33017586e+00
 4.58857143e+00 -4.55905512e+00  8.11227380e+00  1.32721941e+01  9.32144743e+00
 4.58857143e+00 -4.42519685e+00  8.23963064e+00  1.32656285e+01  9.31247067e+00
 4.58857143e+00 -4.29133858e+00  8.36766389e+00  1.32594310e+01  9.30332872e+00
 4.58857143e+00 -4.15748031e+00  8.49620747e+00  1.32533428e+01  9.29401722e+00
 4.58857143e+00 -4.02362205e+00  8.62445324e+00  1.32463004e+01  9.28436251e+00
 4.58857143e+00 -3.88976378e+00  8.75176301e+00  1.32374804e+01  9.27424015e+00
 4.58857143e+00 -3.75590551e+00  8.87838711e+00  1.32273233e+01  9.26379894e+00
 4.58857143e+00 -3.62204724e+00  9.00436896e+00  1.32160628e+01  9.25307308e+00
 4.58857143e+00 -3.48818898e+00  9.12956409e+00  1.32036997e+01  9.24202622e+00
 4.58857143e+00 -3.35433071e+00  9.25398248e+00  1.31903564e+01  9.23074433e+00
 4.58857143e+00 -3.22047244e+00  9.37772026e+00  1.31761637e+01  9.21924673e+00
 4.58857143e+00 -3.08661417e+00  9.50094163e+00  1.31612162e+01  9.20746373e+00
 4.58857143e+00 -2.95275591e+00  9.62387883e+00  1.31455122e+01  9.19546008e+00
 4.58857143e+00 -2.81889764e+00  9.74676458e+00  1.31289986e+01  9.18330408e+00
 4.58857143e+00 -2.68503937e+00  9.86977902e+00  1.31116108e+01  9.17094650e+00
 4.58857143e+00 -2.55118110e+00  9.99317700e+00  1.30934538e+01  9.15841390e+00
 4.58857143e+00 -2.41732283e+00  1.01172308e+01  1.30747978e+01  9.14581192e+00
 4.58857143e+00 -2.28346457e+00  1.02419416e+01  1.30560130e+01  9.13325219e+00
 4.58857143e+00 -2.14960630e+00  1.03670133e+01  1.30374680e+01  9.12082089e+00
 4.58857143e+00 -2.01574803e+00  1.04918883e+01  1.30194390e+01  9.10855228e+00
 4.58857143e+00 -1.88188976e+00  1.06166313e+01  1.30019037e+01  9.09640811e+00
 4.58857143e+00 -1.74803150e+00  1.07413451e+01  1.29846652e+01  9.08430590e+00
 4.58857143e+00 -1.61417323e+00  1.08653581e+01  1.29674896e+01  9.07214686e+00
 4.58857143e+00 -1.48031496e+00  1.09888184e+01  1.29505769e+01  9.05997529e+00
 4.58857143e+00 -1.34645669e+00  1.11127963e+01  1.29344094e+01  9.04791742e+00
 4.58857143e+00 -1.21259843e+00  1.12388042e+01  1.29187862e+01  9.03583004e+00
 4.58857143e+00 -1.07874016e+00  1.13674740e+01  1.29030093e+01  9.02352504e+00
 4.58857143e+00 -9.44881890e-01  1.14975380e+01  1.28860648e+01  9.01090957e+00
 4.58857143e+00 -8.11023622e-01  1.16290180e+01  1.28678164e+01  8.99784382e+00
 4.58857143e+00 -6.77165354e-01  1.17640177e+01  1.28494573e+01  8.98429014e+00
 4.58857143e+00 -5.43307087e-01  1.19075280e+01  1.28337614e+01  8.97050170e+00
 4.58857143e+00 -4.09448819e-01  1.20605324e+01  1.28185330e+01  8.95659383e+00
 4.58857143e+00 -2.75590551e-01  1.22234371e+01  1.28053330e+01  8.94220891e+00
 4.58857143e+00 -1.41732283e-01  1.24015616e+01  1.28074727e+01  8.92634129e+00
 4.58857143e+00 -7.87401575e-03  1.25994631e+01  1.28345180e+01  8.90814365e+00
 4.58857143e+00  1.25984252e-01  1.28148359e+01  1.28713543e+01  8.88819326e+00
 4.58857143e+00  2.59842520e-01  1.30439684e+01  1.29090374e+01  8.86697916e+00
 4.58857143e+00  3.93700787e-01  1.32822004e+01  1.29633870e+01  8.84545699e+00
 4.58857143e+00  5.27559055e-01  1.35243877e+01  1.30406112e+01  8.82427667e+00
 4.58857143e+00  6.61417323e-01  1.37653280e+01  1.31328174e+01  8.80436455e+00
 4.58857143e+00  7.95275591e-01  1.40041225e+01  1.32338125e+01  8.78534037e+00
 4.58857143e+00  9.29133858e-01  1.42433743e+01  1.33403804e+01  8.76591066e+00
 4.58857143e+00  1.06299213e+00  1.44825359e+01  1.34488640e+01  8.74558723e+00
 4.58857143e+00  1.19685039e+00  1.47206219e+01  1.35583226e+01  8.72423743e+00
 4.58857143e+00  1.33070866e+00  1.49579562e+01  1.36693814e+01  8.70153234e+00
 4.58857143e+00  1.46456693e+00  1.51942688e+01  1.37812233e+01  8.67766917e+00
 4.58857143e+00  1.59842520e+00  1.54299292e+01  1.38928220e+01  8.65260401e+00
 4.58857143e+00  1.73228346e+00  1.56650092e+01  1.40033237e+01  8.62653907e+00
 4.58857143e+00  1.86614173e+00  1.59001917e+01  1.41129424e+01  8.59878086e+00
 4.58857143e+00  2.00000000e+00  1.61337739e+01  1.42210159e+01  8.56948269e+00
 4.66698413e+00 -1.50000000e+01 -2.20416447e+00  1.34081841e+01  9.73754261e+00
 4.66698413e+00 -1.48661417e+01 -2.07035995e+00  1.34081342e+01  9.73419371e+00
 4.66698413e+00 -1.47322835e+01 -1.93653138e+00  1.34080895e+01  9.73082008e+00
 4.66698413e+00 -1.45984252e+01 -1.80265261e+00  1.34080573e+01  9.72739380e+00
 4.66698413e+00 -1.44645669e+01 -1.66877442e+00  1.34080231e+01  9.72391773e+00
 4.66698413e+00 -1.43307087e+01 -1.53489364e+00  1.34079879e+01  9.72043606e+00
 4.66698413e+00 -1.41968504e+01 -1.40100113e+00  1.34079543e+01  9.71694604e+00
 4.66698413e+00 -1.40629921e+01 -1.26709638e+00  1.34079216e+01  9.71340586e+00
 4.66698413e+00 -1.39291339e+01 -1.13317398e+00  1.34078901e+01  9.70985555e+00
 4.66698413e+00 -1.37952756e+01 -9.99227567e-01  1.34078602e+01  9.70629778e+00
 4.66698413e+00 -1.36614173e+01 -8.65249599e-01  1.34078326e+01  9.70269012e+00
 4.66698413e+00 -1.35275591e+01 -7.31226831e-01  1.34078074e+01  9.69904417e+00
 4.66698413e+00 -1.33937008e+01 -5.97143284e-01  1.34077850e+01  9.69535241e+00
 4.66698413e+00 -1.32598425e+01 -4.63006220e-01  1.34077656e+01  9.69159801e+00
 4.66698413e+00 -1.31259843e+01 -3.28955804e-01  1.34077493e+01  9.68784574e+00
 4.66698413e+00 -1.29921260e+01 -1.95060664e-01  1.34077366e+01  9.68409022e+00
 4.66698413e+00 -1.28582677e+01 -6.12015992e-02  1.34077277e+01  9.68027648e+00
 4.66698413e+00 -1.27244094e+01  7.26571554e-02  1.34077224e+01  9.67647300e+00
 4.66698413e+00 -1.25905512e+01  2.06516294e-01  1.34077205e+01  9.67264970e+00
 4.66698413e+00 -1.24566929e+01  3.40377647e-01  1.34077217e+01  9.66871606e+00
 4.66698413e+00 -1.23228346e+01  4.74238364e-01  1.34077237e+01  9.66476139e+00
 4.66698413e+00 -1.21889764e+01  6.08097358e-01  1.34077250e+01  9.66081045e+00
 4.66698413e+00 -1.20551181e+01  7.41955567e-01  1.34077252e+01  9.65681190e+00
 4.66698413e+00 -1.19212598e+01  8.75813071e-01  1.34077215e+01  9.65276267e+00
 4.66698413e+00 -1.17874016e+01  1.00966904e+00  1.34077120e+01  9.64867091e+00
 4.66698413e+00 -1.16535433e+01  1.14352248e+00  1.34076954e+01  9.64453734e+00
 4.66698413e+00 -1.15196850e+01  1.27737380e+00  1.34076686e+01  9.64034085e+00
 4.66698413e+00 -1.13858268e+01  1.41122393e+00  1.34076325e+01  9.63611720e+00
 4.66698413e+00 -1.12519685e+01  1.54507168e+00  1.34075852e+01  9.63190496e+00
 4.66698413e+00 -1.11181102e+01  1.67890940e+00  1.34075100e+01  9.62760487e+00
 4.66698413e+00 -1.09842520e+01  1.81274205e+00  1.34074200e+01  9.62323584e+00
 4.66698413e+00 -1.08503937e+01  1.94658006e+00  1.34073338e+01  9.61887404e+00
 4.66698413e+00 -1.07165354e+01  2.08041763e+00  1.34072136e+01  9.61443057e+00
 4.66698413e+00 -1.05826772e+01  2.21425027e+00  1.34070686e+01  9.60992696e+00
 4.66698413e+00 -1.04488189e+01  2.34807832e+00  1.34069369e+01  9.60543659e+00
 4.66698413e+00 -1.03149606e+01  2.48190644e+00  1.34068115e+01  9.60087178e+00
 4.66698413e+00 -1.01811024e+01  2.61574012e+00  1.34066898e+01  9.59621821e+00
 4.66698413e+00 -1.00472441e+01  2.74957989e+00  1.34065742e+01  9.59152387e+00
 4.66698413e+00 -9.91338583e+00  2.88341363e+00  1.34064552e+01  9.58679437e+00
 4.66698413e+00 -9.77952756e+00  3.01724919e+00  1.34063330e+01  9.58202148e+00
 4.66698413e+00 -9.64566929e+00  3.15109942e+00  1.34062226e+01  9.57720272e+00
 4.66698413e+00 -9.51181102e+00  3.28494783e+00  1.34061516e+01  9.57235777e+00
 4.66698413e+00 -9.37795276e+00  3.41878800e+00  1.34060959e+01  9.56743835e+00
 4.66698413e+00 -9.24409449e+00  3.55262410e+00  1.34060137e+01  9.56241085e+00
 4.66698413e+00 -9.11023622e+00  3.68645583e+00  1.34059065e+01  9.55739624e+00
 4.66698413e+00 -8.97637795e+00  3.82023185e+00  1.34056637e+01  9.55231661e+00
 4.66698413e+00 -8.84251969e+00  3.95391101e+00  1.34051789e+01  9.54705167e+00
 4.66698413e+00 -8.70866142e+00  4.08755507e+00  1.34045488e+01  9.54174907e+00
 4.66698413e+00 -8.57480315e+00  4.22111054e+00  1.34037203e+01  9.53640363e+00
 4.66698413e+00 -8.44094488e+00  4.35450802e+00  1.34025397e+01  9.53092583e+00
 4.66698413e+00 -8.30708661e+00  4.48784169e+00  1.34009022e+01  9.52533571e+00
 4.66698413e+00 -8.17322835e+00  4.62104822e+00  1.33987080e+01  9.51960654e+00
 4.66698413e+00 -8.03937008e+00  4.75402188e+00  1.33958709e+01  9.51368395e+00
 4.66698413e+00 -7.90551181e+00  4.88684088e+00  1.33923352e+01  9.50755226e+00
 4.66698413e+00 -7.77165354e+00  5.01949929e+00  1.33881197e+01  9.50125229e+00
 4.66698413e+00 -7.63779528e+00  5.15196431e+00  1.33833164e+01  9.49482636e+00
 4.66698413e+00 -7.50393701e+00  5.28432207e+00  1.33780647e+01  9.48823924e+00
 4.66698413e+00 -7.37007874e+00  5.41663817e+00  1.33725019e+01  9.48153777e+00
 4.66698413e+00 -7.23622047e+00  5.54895435e+00  1.33668382e+01  9.47479713e+00
 4.66698413e+00 -7.10236220e+00  5.68131760e+00  1.33614639e+01  9.46798990e+00
 4.66698413e+00 -6.96850394e+00  5.81373322e+00  1.33564407e+01  9.46111678e+00
 4.66698413e+00 -6.83464567e+00  5.94619064e+00  1.33516925e+01  9.45422207e+00
 4.66698413e+00 -6.70078740e+00  6.07871381e+00  1.33474066e+01  9.44736526e+00
 4.66698413e+00 -6.56692913e+00  6.21135795e+00  1.33436447e+01  9.44052456e+00
 4.66698413e+00 -6.43307087e+00  6.34414923e+00  1.33403539e+01  9.43363971e+00
 4.66698413e+00 -6.29921260e+00  6.47696528e+00  1.33375366e+01  9.42673547e+00
 4.66698413e+00 -6.16535433e+00  6.60979927e+00  1.33351453e+01  9.41983135e+00
 4.66698413e+00 -6.03149606e+00  6.74271533e+00  1.33330833e+01  9.41291340e+00
 4.66698413e+00 -5.89763780e+00  6.87563017e+00  1.33312636e+01  9.40592441e+00
 4.66698413e+00 -5.76377953e+00  7.00850086e+00  1.33296061e+01  9.39884740e+00
 4.66698413e+00 -5.62992126e+00  7.14133596e+00  1.33280447e+01  9.39169250e+00
 4.66698413e+00 -5.49606299e+00  7.27412028e+00  1.33265455e+01  9.38443006e+00
 4.66698413e+00 -5.36220472e+00  7.40685301e+00  1.33251246e+01  9.37708335e+00
 4.66698413e+00 -5.22834646e+00  7.53949541e+00  1.33237457e+01  9.36968976e+00
 4.66698413e+00 -5.09448819e+00  7.67184721e+00  1.33220920e+01  9.36216113e+00
 4.66698413e+00 -4.96062992e+00  7.80413318e+00  1.33203739e+01  9.35448264e+00
 4.66698413e+00 -4.82677165e+00  7.93662991e+00  1.33189333e+01  9.34668549e+00
 4.66698413e+00 -4.69291339e+00  8.06834564e+00  1.33167127e+01  9.33865682e+00
 4.66698413e+00 -4.55905512e+00  8.19865413e+00  1.33130569e+01  9.33036876e+00
 4.66698413e+00 -4.42519685e+00  8.32785365e+00  1.33082938e+01  9.32189668e+00
 4.66698413e+00 -4.29133858e+00  8.45749496e+00  1.33039808e+01  9.31330240e+00
 4.66698413e+00 -4.15748031e+00  8.58785332e+00  1.33003604e+01  9.30457294e+00
 4.66698413e+00 -4.02362205e+00  8.71757099e+00  1.32959486e+01  9.29561902e+00
 4.66698413e+00 -3.88976378e+00  8.84662312e+00  1.32903478e+01  9.28634502e+00
 4.66698413e+00 -3.75590551e+00  8.97521534e+00  1.32835740e+01  9.27670230e+00
 4.66698413e+00 -3.62204724e+00  9.10322330e+00  1.32756799e+01  9.26671581e+00
 4.66698413e+00 -3.48818898e+00  9.23054888e+00  1.32666972e+01  9.25642568e+00
 4.66698413e+00 -3.35433071e+00  9.35715094e+00  1.32567542e+01  9.24588336e+00
 4.66698413e+00 -3.22047244e+00  9.48306421e+00  1.32461659e+01  9.23514801e+00
 4.66698413e+00 -3.08661417e+00  9.60845332e+00  1.32349796e+01  9.22419793e+00
 4.66698413e+00 -2.95275591e+00  9.73350655e+00  1.32230741e+01  9.21298536e+00
 4.66698413e+00 -2.81889764e+00  9.85824024e+00  1.32103967e+01  9.20154875e+00
 4.66698413e+00 -2.68503937e+00  9.98265184e+00  1.31967665e+01  9.18988195e+00
 4.66698413e+00 -2.55118110e+00  1.01068143e+01  1.31819178e+01  9.17792804e+00
 4.66698413e+00 -2.41732283e+00  1.02311503e+01  1.31660113e+01  9.16572720e+00
 4.66698413e+00 -2.28346457e+00  1.03557773e+01  1.31493039e+01  9.15336545e+00
 4.66698413e+00 -2.14960630e+00  1.04800054e+01  1.31319617e+01  9.14094597e+00
 4.66698413e+00 -2.01574803e+00  1.06037094e+01  1.31143814e+01  9.12852729e+00
 4.66698413e+00 -1.88188976e+00  1.07272032e+01  1.30969884e+01  9.11613103e+00
 4.66698413e+00 -1.74803150e+00  1.08507714e+01  1.30797479e+01  9.10376158e+00
 4.66698413e+00 -1.61417323e+00  1.09740579e+01  1.30623496e+01  9.09134103e+00
 4.66698413e+00 -1.48031496e+00  1.10962005e+01  1.30443816e+01  9.07872834e+00
 4.66698413e+00 -1.34645669e+00  1.12184000e+01  1.30261500e+01  9.06601277e+00
 4.66698413e+00 -1.21259843e+00  1.13426123e+01  1.30080782e+01  9.05329630e+00
 4.66698413e+00 -1.07874016e+00  1.14702560e+01  1.29900671e+01  9.04044166e+00
 4.66698413e+00 -9.44881890e-01  1.16009984e+01  1.29712938e+01  9.02723706e+00
 4.66698413e+00 -8.11023622e-01  1.17333145e+01  1.29509026e+01  9.01350952e+00
 4.66698413e+00 -6.77165354e-01  1.18682930e+01  1.29302173e+01  8.99930540e+00
 4.66698413e+00 -5.43307087e-01  1.20081836e+01  1.29102891e+01  8.98476642e+00
 4.66698413e+00 -4.09448819e-01  1.21557776e+01  1.28914767e+01  8.97006732e+00
 4.66698413e+00 -2.75590551e-01  1.23135881e+01  1.28757572e+01  8.95522753e+00
 4.66698413e+00 -1.41732283e-01  1.24850690e+01  1.28764894e+01  8.93954305e+00
 4.66698413e+00 -7.87401575e-03  1.26727506e+01  1.29015020e+01  8.92220891e+00
 4.66698413e+00  1.25984252e-01  1.28762930e+01  1.29357765e+01  8.90326127e+00
 4.66698413e+00  2.59842520e-01  1.30938547e+01  1.29697097e+01  8.88305928e+00
 4.66698413e+00  3.93700787e-01  1.33213986e+01  1.30167522e+01  8.86228115e+00
 4.66698413e+00  5.27559055e-01  1.35540090e+01  1.30843909e+01  8.84167295e+00
 4.66698413e+00  6.61417323e-01  1.37877440e+01  1.31667929e+01  8.82171388e+00
 4.66698413e+00  7.95275591e-01  1.40218645e+01  1.32595597e+01  8.80244015e+00
 4.66698413e+00  9.29133858e-01  1.42572916e+01  1.33601031e+01  8.78338524e+00
 4.66698413e+00  1.06299213e+00  1.44934502e+01  1.34645355e+01  8.76405678e+00
 4.66698413e+00  1.19685039e+00  1.47292167e+01  1.35707730e+01  8.74386833e+00
 4.66698413e+00  1.33070866e+00  1.49646534e+01  1.36792212e+01  8.72262579e+00
 4.66698413e+00  1.46456693e+00  1.51995954e+01  1.37889450e+01  8.70019840e+00
 4.66698413e+00  1.59842520e+00  1.54341615e+01  1.38987866e+01  8.67653799e+00
 4.66698413e+00  1.73228346e+00  1.56680806e+01  1.40079475e+01  8.65157152e+00
 4.66698413e+00  1.86614173e+00  1.59027351e+01  1.41165629e+01  8.62549184e+00
 4.66698413e+00  2.00000000e+00  1.61374923e+01  1.42237879e+01  8.59821506e+00
 4.74539683e+00 -1.50000000e+01 -2.12568632e+00  1.34389993e+01  9.74035619e+00
 4.74539683e+00 -1.48661417e+01 -1.99188084e+00  1.34389553e+01  9.73699892e+00
 4.74539683e+00 -1.47322835e+01 -1.85802568e+00  1.34389287e+01  9.73365859e+00
 4.74539683e+00 -1.45984252e+01 -1.72414401e+00  1.34389054e+01  9.73028557e+00
 4.74539683e+00 -1.44645669e+01 -1.59025923e+00  1.34388784e+01  9.72685145e+00
 4.74539683e+00 -1.43307087e+01 -1.45637456e+00  1.34388518e+01  9.72337363e+00
 4.74539683e+00 -1.41968504e+01 -1.32248240e+00  1.34388250e+01  9.71989408e+00
 4.74539683e+00 -1.40629921e+01 -1.18857547e+00  1.34387974e+01  9.71639978e+00
 4.74539683e+00 -1.39291339e+01 -1.05465086e+00  1.34387693e+01  9.71285576e+00
 4.74539683e+00 -1.37952756e+01 -9.20711979e-01  1.34387406e+01  9.70930592e+00
 4.74539683e+00 -1.36614173e+01 -7.86740422e-01  1.34387112e+01  9.70574314e+00
 4.74539683e+00 -1.35275591e+01 -6.52710188e-01  1.34386811e+01  9.70212740e+00
 4.74539683e+00 -1.33937008e+01 -5.18623376e-01  1.34386503e+01  9.69847469e+00
 4.74539683e+00 -1.32598425e+01 -3.84478337e-01  1.34386186e+01  9.69477290e+00
 4.74539683e+00 -1.31259843e+01 -2.50401894e-01  1.34385862e+01  9.69101362e+00
 4.74539683e+00 -1.29921260e+01 -1.16484761e-01  1.34385529e+01  9.68726346e+00
 4.74539683e+00 -1.28582677e+01  1.73625899e-02  1.34385188e+01  9.68350012e+00
 4.74539683e+00 -1.27244094e+01  1.51206035e-01  1.34384839e+01  9.67967851e+00
 4.74539683e+00 -1.25905512e+01  2.85061399e-01  1.34384483e+01  9.67587220e+00
 4.74539683e+00 -1.24566929e+01  4.18923905e-01  1.34384123e+01  9.67203331e+00
 4.74539683e+00 -1.23228346e+01  5.52777002e-01  1.34383763e+01  9.66808500e+00
 4.74539683e+00 -1.21889764e+01  6.86628382e-01  1.34383405e+01  9.66412709e+00
 4.74539683e+00 -1.20551181e+01  8.20482884e-01  1.34383051e+01  9.66016877e+00
 4.74539683e+00 -1.19212598e+01  9.54337477e-01  1.34382708e+01  9.65615899e+00
 4.74539683e+00 -1.17874016e+01  1.08818298e+00  1.34382379e+01  9.65210112e+00
 4.74539683e+00 -1.16535433e+01  1.22203141e+00  1.34382067e+01  9.64800327e+00
 4.74539683e+00 -1.15196850e+01  1.35589547e+00  1.34381775e+01  9.64386260e+00
 4.74539683e+00 -1.13858268e+01  1.48975525e+00  1.34381507e+01  9.63966171e+00
 4.74539683e+00 -1.12519685e+01  1.62360876e+00  1.34381269e+01  9.63544407e+00
 4.74539683e+00 -1.11181102e+01  1.75746510e+00  1.34381062e+01  9.63123413e+00
 4.74539683e+00 -1.09842520e+01  1.89132411e+00  1.34380877e+01  9.62692921e+00
 4.74539683e+00 -1.08503937e+01  2.02517785e+00  1.34380720e+01  9.62257266e+00
 4.74539683e+00 -1.07165354e+01  2.15902506e+00  1.34380595e+01  9.61822972e+00
 4.74539683e+00 -1.05826772e+01  2.29288620e+00  1.34380483e+01  9.61379474e+00
 4.74539683e+00 -1.04488189e+01  2.42675262e+00  1.34380362e+01  9.60930119e+00
 4.74539683e+00 -1.03149606e+01  2.56060859e+00  1.34380229e+01  9.60481323e+00
 4.74539683e+00 -1.01811024e+01  2.69446432e+00  1.34380106e+01  9.60025199e+00
 4.74539683e+00 -1.00472441e+01  2.82831650e+00  1.34379862e+01  9.59561170e+00
 4.74539683e+00 -9.91338583e+00  2.96216011e+00  1.34379439e+01  9.59092596e+00
 4.74539683e+00 -9.77952756e+00  3.09600674e+00  1.34379087e+01  9.58619599e+00
 4.74539683e+00 -9.64566929e+00  3.22985743e+00  1.34378678e+01  9.58141809e+00
 4.74539683e+00 -9.51181102e+00  3.36370451e+00  1.34378000e+01  9.57659419e+00
 4.74539683e+00 -9.37795276e+00  3.49753963e+00  1.34377179e+01  9.57173324e+00
 4.74539683e+00 -9.24409449e+00  3.63137778e+00  1.34376409e+01  9.56679456e+00
 4.74539683e+00 -9.11023622e+00  3.76521523e+00  1.34375553e+01  9.56176296e+00
 4.74539683e+00 -8.97637795e+00  3.89899430e+00  1.34373892e+01  9.55672120e+00
 4.74539683e+00 -8.84251969e+00  4.03274280e+00  1.34371784e+01  9.55166968e+00
 4.74539683e+00 -8.70866142e+00  4.16650601e+00  1.34369789e+01  9.54656246e+00
 4.74539683e+00 -8.57480315e+00  4.30026969e+00  1.34367710e+01  9.54136696e+00
 4.74539683e+00 -8.44094488e+00  4.43403590e+00  1.34365557e+01  9.53609875e+00
 4.74539683e+00 -8.30708661e+00  4.56779404e+00  1.34363375e+01  9.53078513e+00
 4.74539683e+00 -8.17322835e+00  4.70149453e+00  1.34360949e+01  9.52542723e+00
 4.74539683e+00 -8.03937008e+00  4.83515586e+00  1.34357772e+01  9.52000439e+00
 4.74539683e+00 -7.90551181e+00  4.96881007e+00  1.34353557e+01  9.51448439e+00
 4.74539683e+00 -7.77165354e+00  5.10244166e+00  1.34348546e+01  9.50883958e+00
 4.74539683e+00 -7.63779528e+00  5.23599882e+00  1.34341855e+01  9.50310883e+00
 4.74539683e+00 -7.50393701e+00  5.36944797e+00  1.34332677e+01  9.49731276e+00
 4.74539683e+00 -7.37007874e+00  5.50281310e+00  1.34321175e+01  9.49138355e+00
 4.74539683e+00 -7.23622047e+00  5.63608857e+00  1.34305714e+01  9.48528961e+00
 4.74539683e+00 -7.10236220e+00  5.76922174e+00  1.34284800e+01  9.47904383e+00
 4.74539683e+00 -6.96850394e+00  5.90211944e+00  1.34258718e+01  9.47268461e+00
 4.74539683e+00 -6.83464567e+00  6.03479742e+00  1.34226290e+01  9.46613156e+00
 4.74539683e+00 -6.70078740e+00  6.16733579e+00  1.34187433e+01  9.45933507e+00
 4.74539683e+00 -6.56692913e+00  6.29980569e+00  1.34144861e+01  9.45239913e+00
 4.74539683e+00 -6.43307087e+00  6.43208829e+00  1.34097217e+01  9.44531887e+00
 4.74539683e+00 -6.29921260e+00  6.56414550e+00  1.34043983e+01  9.43808082e+00
 4.74539683e+00 -6.16535433e+00  6.69626080e+00  1.33990009e+01  9.43076778e+00
 4.74539683e+00 -6.03149606e+00  6.82852253e+00  1.33938013e+01  9.42338219e+00
 4.74539683e+00 -5.89763780e+00  6.96083550e+00  1.33888191e+01  9.41589830e+00
 4.74539683e+00 -5.76377953e+00  7.09302125e+00  1.33839377e+01  9.40834384e+00
 4.74539683e+00 -5.62992126e+00  7.22517505e+00  1.33793271e+01  9.40077655e+00
 4.74539683e+00 -5.49606299e+00  7.35745100e+00  1.33752149e+01  9.39321365e+00
 4.74539683e+00 -5.36220472e+00  7.48975653e+00  1.33715459e+01  9.38556229e+00
 4.74539683e+00 -5.22834646e+00  7.62202540e+00  1.33682169e+01  9.37786119e+00
 4.74539683e+00 -5.09448819e+00  7.75427653e+00  1.33651590e+01  9.37016607e+00
 4.74539683e+00 -4.96062992e+00  7.88663002e+00  1.33624000e+01  9.36235864e+00
 4.74539683e+00 -4.82677165e+00  8.01909873e+00  1.33599961e+01  9.35445894e+00
 4.74539683e+00 -4.69291339e+00  8.15129528e+00  1.33575930e+01  9.34652222e+00
 4.74539683e+00 -4.55905512e+00  8.28216417e+00  1.33539214e+01  9.33841758e+00
 4.74539683e+00 -4.42519685e+00  8.41233105e+00  1.33495847e+01  9.33011922e+00
 4.74539683e+00 -4.29133858e+00  8.54309580e+00  1.33460039e+01  9.32169107e+00
 4.74539683e+00 -4.15748031e+00  8.67412505e+00  1.33428770e+01  9.31319788e+00
 4.74539683e+00 -4.02362205e+00  8.80492080e+00  1.33395780e+01  9.30456862e+00
 4.74539683e+00 -3.88976378e+00  8.93522846e+00  1.33356231e+01  9.29566662e+00
 4.74539683e+00 -3.75590551e+00  9.06516803e+00  1.33309615e+01  9.28652451e+00
 4.74539683e+00 -3.62204724e+00  9.19472906e+00  1.33254772e+01  9.27714563e+00
 4.74539683e+00 -3.48818898e+00  9.32372384e+00  1.33189857e+01  9.26748859e+00
 4.74539683e+00 -3.35433071e+00  9.45209645e+00  1.33116811e+01  9.25759979e+00
 4.74539683e+00 -3.22047244e+00  9.57989274e+00  1.33037860e+01  9.24749438e+00
 4.74539683e+00 -3.08661417e+00  9.70722121e+00  1.32953880e+01  9.23712591e+00
 4.74539683e+00 -2.95275591e+00  9.83409957e+00  1.32863429e+01  9.22650555e+00
 4.74539683e+00 -2.81889764e+00  9.96054281e+00  1.32764708e+01  9.21564961e+00
 4.74539683e+00 -2.68503937e+00  1.00866197e+01  1.32656824e+01  9.20453869e+00
 4.74539683e+00 -2.55118110e+00  1.02123138e+01  1.32538516e+01  9.19314461e+00
 4.74539683e+00 -2.41732283e+00  1.03375973e+01  1.32408499e+01  9.18146101e+00
 4.74539683e+00 -2.28346457e+00  1.04625618e+01  1.32266283e+01  9.16954934e+00
 4.74539683e+00 -2.14960630e+00  1.05871393e+01  1.32111936e+01  9.15740398e+00
 4.74539683e+00 -2.01574803e+00  1.07111579e+01  1.31947383e+01  9.14499610e+00
 4.74539683e+00 -1.88188976e+00  1.08348283e+01  1.31781980e+01  9.13258344e+00
 4.74539683e+00 -1.74803150e+00  1.09583730e+01  1.31620941e+01  9.12030502e+00
 4.74539683e+00 -1.61417323e+00  1.10817707e+01  1.31457833e+01  9.10792893e+00
 4.74539683e+00 -1.48031496e+00  1.12045024e+01  1.31286206e+01  9.09529358e+00
 4.74539683e+00 -1.34645669e+00  1.13263763e+01  1.31102929e+01  9.08235696e+00
 4.74539683e+00 -1.21259843e+00  1.14493879e+01  1.30912744e+01  9.06922139e+00
 4.74539683e+00 -1.07874016e+00  1.15754845e+01  1.30720045e+01  9.05592812e+00
 4.74539683e+00 -9.44881890e-01  1.17056222e+01  1.30525744e+01  9.04239140e+00
 4.74539683e+00 -8.11023622e-01  1.18385665e+01  1.30321316e+01  9.02843741e+00
 4.74539683e+00 -6.77165354e-01  1.19728541e+01  1.30106606e+01  9.01394711e+00
 4.74539683e+00 -5.43307087e-01  1.21091184e+01  1.29900155e+01  8.99897224e+00
 4.74539683e+00 -4.09448819e-01  1.22512948e+01  1.29690769e+01  8.98373414e+00
 4.74539683e+00 -2.75590551e-01  1.24040725e+01  1.29507346e+01  8.96831438e+00
 4.74539683e+00 -1.41732283e-01  1.25698557e+01  1.29474816e+01  8.95238479e+00
 4.74539683e+00 -7.87401575e-03  1.27491626e+01  1.29669619e+01  8.93552296e+00
 4.74539683e+00  1.25984252e-01  1.29424790e+01  1.29971089e+01  8.91767471e+00
 4.74539683e+00  2.59842520e-01  1.31486422e+01  1.30294538e+01  8.89891019e+00
 4.74539683e+00  3.93700787e-01  1.33649038e+01  1.30733864e+01  8.87951916e+00
 4.74539683e+00  5.27559055e-01  1.35875153e+01  1.31343917e+01  8.85959913e+00
 4.74539683e+00  6.61417323e-01  1.38137105e+01  1.32068727e+01  8.83926703e+00
 4.74539683e+00  7.95275591e-01  1.40422848e+01  1.32892521e+01  8.81918462e+00
 4.74539683e+00  9.29133858e-01  1.42734052e+01  1.33824169e+01  8.80016662e+00
 4.74539683e+00  1.06299213e+00  1.45060811e+01  1.34824218e+01  8.78168951e+00
 4.74539683e+00  1.19685039e+00  1.47392067e+01  1.35851281e+01  8.76247143e+00
 4.74539683e+00  1.33070866e+00  1.49724801e+01  1.36903721e+01  8.74224866e+00
 4.74539683e+00  1.46456693e+00  1.52058154e+01  1.37977647e+01  8.72109343e+00
 4.74539683e+00  1.59842520e+00  1.54390189e+01  1.39057035e+01  8.69893013e+00
 4.74539683e+00  1.73228346e+00  1.56719687e+01  1.40134670e+01  8.67563055e+00
 4.74539683e+00  1.86614173e+00  1.59058223e+01  1.41208010e+01  8.65080900e+00
 4.74539683e+00  2.00000000e+00  1.61395479e+01  1.42270647e+01  8.62471479e+00
 4.82380952e+00 -1.50000000e+01 -2.04715551e+00  1.34734802e+01  9.74322017e+00
 4.82380952e+00 -1.48661417e+01 -1.91331632e+00  1.34734287e+01  9.73989451e+00
 4.82380952e+00 -1.47322835e+01 -1.77943719e+00  1.34734085e+01  9.73653449e+00
 4.82380952e+00 -1.45984252e+01 -1.64556557e+00  1.34733789e+01  9.73319313e+00
 4.82380952e+00 -1.44645669e+01 -1.51169044e+00  1.34733474e+01  9.72981307e+00
 4.82380952e+00 -1.43307087e+01 -1.37780569e+00  1.34733177e+01  9.72637165e+00
 4.82380952e+00 -1.41968504e+01 -1.24391249e+00  1.34732870e+01  9.72289078e+00
 4.82380952e+00 -1.40629921e+01 -1.11000683e+00  1.34732560e+01  9.71941112e+00
 4.82380952e+00 -1.39291339e+01 -9.76083580e-01  1.34732249e+01  9.71591124e+00
 4.82380952e+00 -1.37952756e+01 -8.42136707e-01  1.34731935e+01  9.71236269e+00
 4.82380952e+00 -1.36614173e+01 -7.08158383e-01  1.34731620e+01  9.70881236e+00
 4.82380952e+00 -1.35275591e+01 -5.74137105e-01  1.34731303e+01  9.70524387e+00
 4.82380952e+00 -1.33937008e+01 -4.40054834e-01  1.34730985e+01  9.70162080e+00
 4.82380952e+00 -1.32598425e+01 -3.05903425e-01  1.34730667e+01  9.69796208e+00
 4.82380952e+00 -1.31259843e+01 -1.71787675e-01  1.34730348e+01  9.69425425e+00
 4.82380952e+00 -1.29921260e+01 -3.78525104e-02  1.34730029e+01  9.69049643e+00
 4.82380952e+00 -1.28582677e+01  9.59999071e-02  1.34729711e+01  9.68674993e+00
 4.82380952e+00 -1.27244094e+01  2.29856439e-01  1.34729394e+01  9.68298075e+00
 4.82380952e+00 -1.25905512e+01  3.63710452e-01  1.34729077e+01  9.67915701e+00
 4.82380952e+00 -1.24566929e+01  4.97564926e-01  1.34728760e+01  9.67535330e+00
 4.82380952e+00 -1.23228346e+01  6.31419479e-01  1.34728442e+01  9.67150416e+00
 4.82380952e+00 -1.21889764e+01  7.65273863e-01  1.34728123e+01  9.66754905e+00
 4.82380952e+00 -1.20551181e+01  8.99128077e-01  1.34727802e+01  9.66359418e+00
 4.82380952e+00 -1.19212598e+01  1.03298239e+00  1.34727477e+01  9.65963295e+00
 4.82380952e+00 -1.17874016e+01  1.16683678e+00  1.34727149e+01  9.65561672e+00
 4.82380952e+00 -1.16535433e+01  1.30069048e+00  1.34726817e+01  9.65155309e+00
 4.82380952e+00 -1.15196850e+01  1.43454387e+00  1.34726480e+01  9.64744975e+00
 4.82380952e+00 -1.13858268e+01  1.56839743e+00  1.34726137e+01  9.64330167e+00
 4.82380952e+00 -1.12519685e+01  1.70225077e+00  1.34725788e+01  9.63909399e+00
 4.82380952e+00 -1.11181102e+01  1.83610381e+00  1.34725433e+01  9.63487633e+00
 4.82380952e+00 -1.09842520e+01  1.96995679e+00  1.34725073e+01  9.63065859e+00
 4.82380952e+00 -1.08503937e+01  2.10380996e+00  1.34724706e+01  9.62633886e+00
 4.82380952e+00 -1.07165354e+01  2.23766278e+00  1.34724335e+01  9.62197903e+00
 4.82380952e+00 -1.05826772e+01  2.37151503e+00  1.34723963e+01  9.61762729e+00
 4.82380952e+00 -1.04488189e+01  2.50536754e+00  1.34723593e+01  9.61317751e+00
 4.82380952e+00 -1.03149606e+01  2.63922029e+00  1.34723224e+01  9.60868050e+00
 4.82380952e+00 -1.01811024e+01  2.77307313e+00  1.34722861e+01  9.60418540e+00
 4.82380952e+00 -1.00472441e+01  2.90692642e+00  1.34722513e+01  9.59961088e+00
 4.82380952e+00 -9.91338583e+00  3.04077982e+00  1.34722172e+01  9.59496174e+00
 4.82380952e+00 -9.77952756e+00  3.17463340e+00  1.34721843e+01  9.59027139e+00
 4.82380952e+00 -9.64566929e+00  3.30848791e+00  1.34721543e+01  9.58554425e+00
 4.82380952e+00 -9.51181102e+00  3.44234066e+00  1.34721248e+01  9.58077224e+00
 4.82380952e+00 -9.37795276e+00  3.57619509e+00  1.34720975e+01  9.57594864e+00
 4.82380952e+00 -9.24409449e+00  3.71005949e+00  1.34720790e+01  9.57107608e+00
 4.82380952e+00 -9.11023622e+00  3.84389132e+00  1.34720372e+01  9.56616009e+00
 4.82380952e+00 -8.97637795e+00  3.97767358e+00  1.34719600e+01  9.56120263e+00
 4.82380952e+00 -8.84251969e+00  4.11145664e+00  1.34718854e+01  9.55619958e+00
 4.82380952e+00 -8.70866142e+00  4.24524754e+00  1.34718059e+01  9.55115255e+00
 4.82380952e+00 -8.57480315e+00  4.37904171e+00  1.34717101e+01  9.54604926e+00
 4.82380952e+00 -8.44094488e+00  4.51283968e+00  1.34716102e+01  9.54085904e+00
 4.82380952e+00 -8.30708661e+00  4.64659089e+00  1.34715080e+01  9.53559569e+00
 4.82380952e+00 -8.17322835e+00  4.78030255e+00  1.34713837e+01  9.53028430e+00
 4.82380952e+00 -8.03937008e+00  4.91407143e+00  1.34712030e+01  9.52493364e+00
 4.82380952e+00 -7.90551181e+00  5.04783062e+00  1.34709915e+01  9.51951772e+00
 4.82380952e+00 -7.77165354e+00  5.18152818e+00  1.34707743e+01  9.51400582e+00
 4.82380952e+00 -7.63779528e+00  5.31522266e+00  1.34705396e+01  9.50838850e+00
 4.82380952e+00 -7.50393701e+00  5.44892602e+00  1.34702665e+01  9.50271336e+00
 4.82380952e+00 -7.37007874e+00  5.58260841e+00  1.34699404e+01  9.49699495e+00
 4.82380952e+00 -7.23622047e+00  5.71622452e+00  1.34695592e+01  9.49117818e+00
 4.82380952e+00 -7.10236220e+00  5.84981024e+00  1.34691149e+01  9.48524840e+00
 4.82380952e+00 -6.96850394e+00  5.98337718e+00  1.34685742e+01  9.47923459e+00
 4.82380952e+00 -6.83464567e+00  6.11686718e+00  1.34678852e+01  9.47318114e+00
 4.82380952e+00 -6.70078740e+00  6.25025955e+00  1.34670683e+01  9.46700739e+00
 4.82380952e+00 -6.56692913e+00  6.38357060e+00  1.34660549e+01  9.46065682e+00
 4.82380952e+00 -6.43307087e+00  6.51682080e+00  1.34646476e+01  9.45416997e+00
 4.82380952e+00 -6.29921260e+00  6.64988743e+00  1.34628320e+01  9.44759027e+00
 4.82380952e+00 -6.16535433e+00  6.78280796e+00  1.34607589e+01  9.44089519e+00
 4.82380952e+00 -6.03149606e+00  6.91582316e+00  1.34585945e+01  9.43399330e+00
 4.82380952e+00 -5.89763780e+00  7.04866287e+00  1.34558823e+01  9.42692118e+00
 4.82380952e+00 -5.76377953e+00  7.18112279e+00  1.34523009e+01  9.41968837e+00
 4.82380952e+00 -5.62992126e+00  7.31334572e+00  1.34480386e+01  9.41221755e+00
 4.82380952e+00 -5.49606299e+00  7.44537788e+00  1.34433043e+01  9.40457312e+00
 4.82380952e+00 -5.36220472e+00  7.57726301e+00  1.34382435e+01  9.39681469e+00
 4.82380952e+00 -5.22834646e+00  7.70909028e+00  1.34329315e+01  9.38891131e+00
 4.82380952e+00 -5.09448819e+00  7.84078682e+00  1.34274373e+01  9.38084236e+00
 4.82380952e+00 -4.96062992e+00  7.97243024e+00  1.34220041e+01  9.37264351e+00
 4.82380952e+00 -4.82677165e+00  8.10435099e+00  1.34170611e+01  9.36441411e+00
 4.82380952e+00 -4.69291339e+00  8.23599834e+00  1.34120471e+01  9.35613843e+00
 4.82380952e+00 -4.55905512e+00  8.36686613e+00  1.34064539e+01  9.34776213e+00
 4.82380952e+00 -4.42519685e+00  8.49731875e+00  1.34007710e+01  9.33926683e+00
 4.82380952e+00 -4.29133858e+00  8.62808671e+00  1.33957004e+01  9.33069316e+00
 4.82380952e+00 -4.15748031e+00  8.75946690e+00  1.33915245e+01  9.32207803e+00
 4.82380952e+00 -4.02362205e+00  8.89055920e+00  1.33874915e+01  9.31338879e+00
 4.82380952e+00 -3.88976378e+00  9.02126365e+00  1.33833128e+01  9.30458560e+00
 4.82380952e+00 -3.75590551e+00  9.15188296e+00  1.33789722e+01  9.29562682e+00
 4.82380952e+00 -3.62204724e+00  9.28228955e+00  1.33742107e+01  9.28646947e+00
 4.82380952e+00 -3.48818898e+00  9.41232788e+00  1.33688673e+01  9.27710008e+00
 4.82380952e+00 -3.35433071e+00  9.54190587e+00  1.33629342e+01  9.26753142e+00
 4.82380952e+00 -3.22047244e+00  9.67103792e+00  1.33565595e+01  9.25778993e+00
 4.82380952e+00 -3.08661417e+00  9.79977021e+00  1.33497836e+01  9.24786412e+00
 4.82380952e+00 -2.95275591e+00  9.92814010e+00  1.33425203e+01  9.23771243e+00
 4.82380952e+00 -2.81889764e+00  1.00561092e+01  1.33346494e+01  9.22731292e+00
 4.82380952e+00 -2.68503937e+00  1.01836719e+01  1.33260224e+01  9.21665127e+00
 4.82380952e+00 -2.55118110e+00  1.03108369e+01  1.33164654e+01  9.20571612e+00
 4.82380952e+00 -2.41732283e+00  1.04373535e+01  1.33058167e+01  9.19450106e+00
 4.82380952e+00 -2.28346457e+00  1.05631626e+01  1.32939551e+01  9.18300213e+00
 4.82380952e+00 -2.14960630e+00  1.06886313e+01  1.32808074e+01  9.17121334e+00
 4.82380952e+00 -2.01574803e+00  1.08137053e+01  1.32663620e+01  9.15914412e+00
 4.82380952e+00 -1.88188976e+00  1.09382059e+01  1.32508196e+01  9.14684591e+00
 4.82380952e+00 -1.74803150e+00  1.10623476e+01  1.32348614e+01  9.13445527e+00
 4.82380952e+00 -1.61417323e+00  1.11864942e+01  1.32192584e+01  9.12208708e+00
 4.82380952e+00 -1.48031496e+00  1.13108194e+01  1.32043758e+01  9.10975064e+00
 4.82380952e+00 -1.34645669e+00  1.14339277e+01  1.31882785e+01  9.09707803e+00
 4.82380952e+00 -1.21259843e+00  1.15560303e+01  1.31699427e+01  9.08388634e+00
 4.82380952e+00 -1.07874016e+00  1.16809595e+01  1.31510333e+01  9.07046109e+00
 4.82380952e+00 -9.44881890e-01  1.18100412e+01  1.31320590e+01  9.05681597e+00
 4.82380952e+00 -8.11023622e-01  1.19421657e+01  1.31124859e+01  9.04276059e+00
 4.82380952e+00 -6.77165354e-01  1.20759411e+01  1.30917733e+01  9.02818037e+00
 4.82380952e+00 -5.43307087e-01  1.22114140e+01  1.30704361e+01  9.01308446e+00
 4.82380952e+00 -4.09448819e-01  1.23504631e+01  1.30500882e+01  8.99757104e+00
 4.82380952e+00 -2.75590551e-01  1.24967699e+01  1.30331217e+01  8.98175556e+00
 4.82380952e+00 -1.41732283e-01  1.26538603e+01  1.30222021e+01  8.96565034e+00
 4.82380952e+00 -7.87401575e-03  1.28238472e+01  1.30212369e+01  8.94922709e+00
 4.82380952e+00  1.25984252e-01  1.30066624e+01  1.30359811e+01  8.93251059e+00
 4.82380952e+00  2.59842520e-01  1.32018000e+01  1.30708176e+01  8.91543439e+00
 4.82380952e+00  3.93700787e-01  1.34083763e+01  1.31245005e+01  8.89783539e+00
 4.82380952e+00  5.27559055e-01  1.36239890e+01  1.31905590e+01  8.87903575e+00
 4.82380952e+00  6.61417323e-01  1.38435754e+01  1.32560504e+01  8.85787706e+00
 4.82380952e+00  7.95275591e-01  1.40659238e+01  1.33242567e+01  8.83589701e+00
 4.82380952e+00  9.29133858e-01  1.42919150e+01  1.34072000e+01  8.81628524e+00
 4.82380952e+00  1.06299213e+00  1.45207726e+01  1.35028288e+01  8.79858803e+00
 4.82380952e+00  1.19685039e+00  1.47507891e+01  1.36016349e+01  8.78027052e+00
 4.82380952e+00  1.33070866e+00  1.49817547e+01  1.37032693e+01  8.76082020e+00
 4.82380952e+00  1.46456693e+00  1.52131867e+01  1.38078865e+01  8.74070522e+00
 4.82380952e+00  1.59842520e+00  1.54449092e+01  1.39138359e+01  8.71972543e+00
 4.82380952e+00  1.73228346e+00  1.56765702e+01  1.40197573e+01  8.69780008e+00
 4.82380952e+00  1.86614173e+00  1.59094961e+01  1.41257745e+01  8.67456255e+00
 4.82380952e+00  2.00000000e+00  1.61425270e+01  1.42310642e+01  8.65006765e+00
 4.90222222e+00 -1.50000000e+01 -1.96870182e+00  1.35114752e+01  9.74596814e+00
 4.90222222e+00 -1.48661417e+01 -1.83483279e+00  1.35114442e+01  9.74269548e+00
 4.90222222e+00 -1.47322835e+01 -1.70095879e+00  1.35114126e+01  9.73935168e+00
 4.90222222e+00 -1.45984252e+01 -1.56708943e+00  1.35113809e+01  9.73599010e+00
 4.90222222e+00 -1.44645669e+01 -1.43321201e+00  1.35113487e+01  9.73265860e+00
 4.90222222e+00 -1.43307087e+01 -1.29932765e+00  1.35113162e+01  9.72926507e+00
 4.90222222e+00 -1.41968504e+01 -1.16543459e+00  1.35112833e+01  9.72581174e+00
 4.90222222e+00 -1.40629921e+01 -1.03152868e+00  1.35112502e+01  9.72233975e+00
 4.90222222e+00 -1.39291339e+01 -8.97605621e-01  1.35112168e+01  9.71885400e+00
 4.90222222e+00 -1.37952756e+01 -7.63659161e-01  1.35111830e+01  9.71534284e+00
 4.90222222e+00 -1.36614173e+01 -6.29680759e-01  1.35111491e+01  9.71180126e+00
 4.90222222e+00 -1.35275591e+01 -4.95658870e-01  1.35111149e+01  9.70824462e+00
 4.90222222e+00 -1.33937008e+01 -3.61578266e-01  1.35110804e+01  9.70466319e+00
 4.90222222e+00 -1.32598425e+01 -2.27420566e-01  1.35110458e+01  9.70104276e+00
 4.90222222e+00 -1.31259843e+01 -9.32786503e-02  1.35110110e+01  9.69738422e+00
 4.90222222e+00 -1.29921260e+01  4.06815705e-02  1.35109761e+01  9.69366713e+00
 4.90222222e+00 -1.28582677e+01  1.74539285e-01  1.35109411e+01  9.68990020e+00
 4.90222222e+00 -1.27244094e+01  3.08394964e-01  1.35109061e+01  9.68615282e+00
 4.90222222e+00 -1.25905512e+01  4.42249207e-01  1.35108709e+01  9.68237749e+00
 4.90222222e+00 -1.24566929e+01  5.76103721e-01  1.35108356e+01  9.67855140e+00
 4.90222222e+00 -1.23228346e+01  7.09958078e-01  1.35108002e+01  9.67475573e+00
 4.90222222e+00 -1.21889764e+01  8.43812415e-01  1.35107648e+01  9.67090011e+00
 4.90222222e+00 -1.20551181e+01  9.77666694e-01  1.35107293e+01  9.66693707e+00
 4.90222222e+00 -1.19212598e+01  1.11152087e+00  1.35106937e+01  9.66298503e+00
 4.90222222e+00 -1.17874016e+01  1.24537504e+00  1.35106581e+01  9.65901583e+00
 4.90222222e+00 -1.16535433e+01  1.37922924e+00  1.35106225e+01  9.65498376e+00
 4.90222222e+00 -1.15196850e+01  1.51308334e+00  1.35105868e+01  9.65091364e+00
 4.90222222e+00 -1.13858268e+01  1.64693738e+00  1.35105512e+01  9.64680643e+00
 4.90222222e+00 -1.12519685e+01  1.78079139e+00  1.35105155e+01  9.64265142e+00
 4.90222222e+00 -1.11181102e+01  1.91464535e+00  1.35104798e+01  9.63844643e+00
 4.90222222e+00 -1.09842520e+01  2.04849921e+00  1.35104441e+01  9.63423850e+00
 4.90222222e+00 -1.08503937e+01  2.18235298e+00  1.35104084e+01  9.63001274e+00
 4.90222222e+00 -1.07165354e+01  2.31620677e+00  1.35103726e+01  9.62567216e+00
 4.90222222e+00 -1.05826772e+01  2.45006049e+00  1.35103368e+01  9.62131346e+00
 4.90222222e+00 -1.04488189e+01  2.58391404e+00  1.35103007e+01  9.61696613e+00
 4.90222222e+00 -1.03149606e+01  2.71776748e+00  1.35102646e+01  9.61249997e+00
 4.90222222e+00 -1.01811024e+01  2.85162081e+00  1.35102282e+01  9.60799402e+00
 4.90222222e+00 -1.00472441e+01  2.98547395e+00  1.35101915e+01  9.60349632e+00
 4.90222222e+00 -9.91338583e+00  3.11932681e+00  1.35101544e+01  9.59892095e+00
 4.90222222e+00 -9.77952756e+00  3.25318009e+00  1.35101175e+01  9.59426511e+00
 4.90222222e+00 -9.64566929e+00  3.38703270e+00  1.35100796e+01  9.58955955e+00
 4.90222222e+00 -9.51181102e+00  3.52088312e+00  1.35100396e+01  9.58482723e+00
 4.90222222e+00 -9.37795276e+00  3.65474124e+00  1.35100064e+01  9.58004255e+00
 4.90222222e+00 -9.24409449e+00  3.78859171e+00  1.35099661e+01  9.57521309e+00
 4.90222222e+00 -9.11023622e+00  3.92239585e+00  1.35098834e+01  9.57039311e+00
 4.90222222e+00 -8.97637795e+00  4.05618365e+00  1.35097856e+01  9.56555571e+00
 4.90222222e+00 -8.84251969e+00  4.18998001e+00  1.35096970e+01  9.56064700e+00
 4.90222222e+00 -8.70866142e+00  4.32377599e+00  1.35096115e+01  9.55563270e+00
 4.90222222e+00 -8.57480315e+00  4.45756507e+00  1.35095135e+01  9.55057124e+00
 4.90222222e+00 -8.44094488e+00  4.59135130e+00  1.35094087e+01  9.54547016e+00
 4.90222222e+00 -8.30708661e+00  4.72514574e+00  1.35093209e+01  9.54026306e+00
 4.90222222e+00 -8.17322835e+00  4.85894098e+00  1.35092260e+01  9.53498762e+00
 4.90222222e+00 -8.03937008e+00  4.99273492e+00  1.35091252e+01  9.52968190e+00
 4.90222222e+00 -7.90551181e+00  5.12652995e+00  1.35090471e+01  9.52433857e+00
 4.90222222e+00 -7.77165354e+00  5.26029001e+00  1.35089358e+01  9.51891776e+00
 4.90222222e+00 -7.63779528e+00  5.39400943e+00  1.35087747e+01  9.51339598e+00
 4.90222222e+00 -7.50393701e+00  5.52772523e+00  1.35086105e+01  9.50778516e+00
 4.90222222e+00 -7.37007874e+00  5.66145173e+00  1.35084402e+01  9.50212659e+00
 4.90222222e+00 -7.23622047e+00  5.79516547e+00  1.35082518e+01  9.49641183e+00
 4.90222222e+00 -7.10236220e+00  5.92882506e+00  1.35080326e+01  9.49059231e+00
 4.90222222e+00 -6.96850394e+00  6.06245903e+00  1.35077390e+01  9.48472206e+00
 4.90222222e+00 -6.83464567e+00  6.19609266e+00  1.35073948e+01  9.47879343e+00
 4.90222222e+00 -6.70078740e+00  6.32972254e+00  1.35070724e+01  9.47272256e+00
 4.90222222e+00 -6.56692913e+00  6.46332829e+00  1.35066910e+01  9.46652571e+00
 4.90222222e+00 -6.43307087e+00  6.59684693e+00  1.35061676e+01  9.46025974e+00
 4.90222222e+00 -6.29921260e+00  6.73023084e+00  1.35055074e+01  9.45395909e+00
 4.90222222e+00 -6.16535433e+00  6.86366443e+00  1.35048929e+01  9.44751543e+00
 4.90222222e+00 -6.03149606e+00  6.99717884e+00  1.35042932e+01  9.44093113e+00
 4.90222222e+00 -5.89763780e+00  7.13059946e+00  1.35034502e+01  9.43431008e+00
 4.90222222e+00 -5.76377953e+00  7.26385602e+00  1.35023189e+01  9.42751945e+00
 4.90222222e+00 -5.62992126e+00  7.39694755e+00  1.35009059e+01  9.42054562e+00
 4.90222222e+00 -5.49606299e+00  7.52989842e+00  1.34991930e+01  9.41350901e+00
 4.90222222e+00 -5.36220472e+00  7.66266684e+00  1.34970846e+01  9.40628179e+00
 4.90222222e+00 -5.22834646e+00  7.79522736e+00  1.34944643e+01  9.39882021e+00
 4.90222222e+00 -5.09448819e+00  7.92760256e+00  1.34912635e+01  9.39121546e+00
 4.90222222e+00 -4.96062992e+00  8.05985684e+00  1.34876168e+01  9.38343339e+00
 4.90222222e+00 -4.82677165e+00  8.19193004e+00  1.34835222e+01  9.37543307e+00
 4.90222222e+00 -4.69291339e+00  8.32358851e+00  1.34787315e+01  9.36721678e+00
 4.90222222e+00 -4.55905512e+00  8.45452182e+00  1.34729051e+01  9.35882467e+00
 4.90222222e+00 -4.42519685e+00  8.58498908e+00  1.34663690e+01  9.35028151e+00
 4.90222222e+00 -4.29133858e+00  8.71579764e+00  1.34601233e+01  9.34158576e+00
 4.90222222e+00 -4.15748031e+00  8.84678896e+00  1.34541525e+01  9.33278251e+00
 4.90222222e+00 -4.02362205e+00  8.97764540e+00  1.34482116e+01  9.32388529e+00
 4.90222222e+00 -3.88976378e+00  9.10835298e+00  1.34423025e+01  9.31484568e+00
 4.90222222e+00 -3.75590551e+00  9.23895196e+00  1.34364722e+01  9.30569461e+00
 4.90222222e+00 -3.62204724e+00  9.36944684e+00  1.34306847e+01  9.29646631e+00
 4.90222222e+00 -3.48818898e+00  9.49976182e+00  1.34247566e+01  9.28713391e+00
 4.90222222e+00 -3.35433071e+00  9.62984723e+00  1.34186047e+01  9.27761184e+00
 4.90222222e+00 -3.22047244e+00  9.75967108e+00  1.34122364e+01  9.26786973e+00
 4.90222222e+00 -3.08661417e+00  9.88920506e+00  1.34057160e+01  9.25802791e+00
 4.90222222e+00 -2.95275591e+00  1.00184501e+01  1.33989780e+01  9.24805725e+00
 4.90222222e+00 -2.81889764e+00  1.01474147e+01  1.33918934e+01  9.23787113e+00
 4.90222222e+00 -2.68503937e+00  1.02760766e+01  1.33843827e+01  9.22749446e+00
 4.90222222e+00 -2.55118110e+00  1.04043330e+01  1.33762586e+01  9.21690411e+00
 4.90222222e+00 -2.41732283e+00  1.05320224e+01  1.33672656e+01  9.20603941e+00
 4.90222222e+00 -2.28346457e+00  1.06589958e+01  1.33572317e+01  9.19488833e+00
 4.90222222e+00 -2.14960630e+00  1.07854807e+01  1.33460902e+01  9.18344656e+00
 4.90222222e+00 -2.01574803e+00  1.09118767e+01  1.33337997e+01  9.17170154e+00
 4.90222222e+00 -1.88188976e+00  1.10373343e+01  1.33200498e+01  9.15964007e+00
 4.90222222e+00 -1.74803150e+00  1.11618504e+01  1.33050075e+01  9.14732300e+00
 4.90222222e+00 -1.61417323e+00  1.12872949e+01  1.32896713e+01  9.13490938e+00
 4.90222222e+00 -1.48031496e+00  1.14130830e+01  1.32746557e+01  9.12249986e+00
 4.90222222e+00 -1.34645669e+00  1.15376137e+01  1.32599651e+01  9.11006463e+00
 4.90222222e+00 -1.21259843e+00  1.16610847e+01  1.32446914e+01  9.09732044e+00
 4.90222222e+00 -1.07874016e+00  1.17851878e+01  1.32282649e+01  9.08414125e+00
 4.90222222e+00 -9.44881890e-01  1.19126389e+01  1.32106518e+01  9.07057178e+00
 4.90222222e+00 -8.11023622e-01  1.20441323e+01  1.31925018e+01  9.05662134e+00
 4.90222222e+00 -6.77165354e-01  1.21783325e+01  1.31738836e+01  9.04219405e+00
 4.90222222e+00 -5.43307087e-01  1.23125847e+01  1.31538058e+01  9.02710990e+00
 4.90222222e+00 -4.09448819e-01  1.24486940e+01  1.31337420e+01  9.01151068e+00
 4.90222222e+00 -2.75590551e-01  1.25904170e+01  1.31161982e+01  8.99559527e+00
 4.90222222e+00 -1.41732283e-01  1.27416286e+01  1.31040062e+01  8.97944565e+00
 4.90222222e+00 -7.87401575e-03  1.29043648e+01  1.31004650e+01  8.96291344e+00
 4.90222222e+00  1.25984252e-01  1.30787312e+01  1.31097337e+01  8.94594332e+00
 4.90222222e+00  2.59842520e-01  1.32641311e+01  1.31358033e+01  8.92866099e+00
 4.90222222e+00  3.93700787e-01  1.34602896e+01  1.31809441e+01  8.91134448e+00
 4.90222222e+00  5.27559055e-01  1.36655278e+01  1.32396084e+01  8.89339254e+00
 4.90222222e+00  6.61417323e-01  1.38769013e+01  1.32991758e+01  8.87312451e+00
 4.90222222e+00  7.95275591e-01  1.40928913e+01  1.33611537e+01  8.85180823e+00
 4.90222222e+00  9.29133858e-01  1.43135063e+01  1.34376005e+01  8.83266039e+00
 4.90222222e+00  1.06299213e+00  1.45377425e+01  1.35268391e+01  8.81530829e+00
 4.90222222e+00  1.19685039e+00  1.47643154e+01  1.36204516e+01  8.79730043e+00
 4.90222222e+00  1.33070866e+00  1.49924935e+01  1.37179714e+01  8.77846506e+00
 4.90222222e+00  1.46456693e+00  1.52216922e+01  1.38195056e+01  8.75924148e+00
 4.90222222e+00  1.59842520e+00  1.54516426e+01  1.39230792e+01  8.73939890e+00
 4.90222222e+00  1.73228346e+00  1.56821083e+01  1.40271963e+01  8.71846857e+00
 4.90222222e+00  1.86614173e+00  1.59138939e+01  1.41316242e+01  8.69654426e+00
 4.90222222e+00  2.00000000e+00  1.61460258e+01  1.42357230e+01  8.67349948e+00
 4.98063492e+00 -1.50000000e+01 -1.89043810e+00  1.35529694e+01  9.74910841e+00
 4.98063492e+00 -1.48661417e+01 -1.75656228e+00  1.35529358e+01  9.74582785e+00
 4.98063492e+00 -1.47322835e+01 -1.62269538e+00  1.35529018e+01  9.74255136e+00
 4.98063492e+00 -1.45984252e+01 -1.48882432e+00  1.35528676e+01  9.73921052e+00
 4.98063492e+00 -1.44645669e+01 -1.35494645e+00  1.35528332e+01  9.73585325e+00
 4.98063492e+00 -1.43307087e+01 -1.22106259e+00  1.35527985e+01  9.73250977e+00
 4.98063492e+00 -1.41968504e+01 -1.08716942e+00  1.35527637e+01  9.72911384e+00
 4.98063492e+00 -1.40629921e+01 -9.53263476e-01  1.35527286e+01  9.72565906e+00
 4.98063492e+00 -1.39291339e+01 -8.19340395e-01  1.35526933e+01  9.72217510e+00
 4.98063492e+00 -1.37952756e+01 -6.85393899e-01  1.35526579e+01  9.71869378e+00
 4.98063492e+00 -1.36614173e+01 -5.51415540e-01  1.35526222e+01  9.71518107e+00
 4.98063492e+00 -1.35275591e+01 -4.17393592e-01  1.35525865e+01  9.71162571e+00
 4.98063492e+00 -1.33937008e+01 -2.83313214e-01  1.35525506e+01  9.70807250e+00
 4.98063492e+00 -1.32598425e+01 -1.49147598e-01  1.35525146e+01  9.70448907e+00
 4.98063492e+00 -1.31259843e+01 -1.49857155e-02  1.35524785e+01  9.70085341e+00
 4.98063492e+00 -1.29921260e+01  1.19007566e-01  1.35524424e+01  9.69718921e+00
 4.98063492e+00 -1.28582677e+01  2.52866949e-01  1.35524062e+01  9.69347307e+00
 4.98063492e+00 -1.27244094e+01  3.86721043e-01  1.35523699e+01  9.68971359e+00
 4.98063492e+00 -1.25905512e+01  5.20575805e-01  1.35523334e+01  9.68596819e+00
 4.98063492e+00 -1.24566929e+01  6.54430511e-01  1.35522968e+01  9.68218565e+00
 4.98063492e+00 -1.23228346e+01  7.88285099e-01  1.35522601e+01  9.67835924e+00
 4.98063492e+00 -1.21889764e+01  9.22139647e-01  1.35522232e+01  9.67455560e+00
 4.98063492e+00 -1.20551181e+01  1.05599414e+00  1.35521862e+01  9.67068064e+00
 4.98063492e+00 -1.19212598e+01  1.18984857e+00  1.35521490e+01  9.66671370e+00
 4.98063492e+00 -1.17874016e+01  1.32370293e+00  1.35521117e+01  9.66276274e+00
 4.98063492e+00 -1.16535433e+01  1.45755722e+00  1.35520742e+01  9.65879155e+00
 4.98063492e+00 -1.15196850e+01  1.59141146e+00  1.35520366e+01  9.65476187e+00
 4.98063492e+00 -1.13858268e+01  1.72526562e+00  1.35519989e+01  9.65068860e+00
 4.98063492e+00 -1.12519685e+01  1.85911971e+00  1.35519610e+01  9.64657568e+00
 4.98063492e+00 -1.11181102e+01  1.99297374e+00  1.35519229e+01  9.64241391e+00
 4.98063492e+00 -1.09842520e+01  2.12682769e+00  1.35518847e+01  9.63819782e+00
 4.98063492e+00 -1.08503937e+01  2.26068156e+00  1.35518464e+01  9.63398369e+00
 4.98063492e+00 -1.07165354e+01  2.39453535e+00  1.35518079e+01  9.62975045e+00
 4.98063492e+00 -1.05826772e+01  2.52838907e+00  1.35517693e+01  9.62541002e+00
 4.98063492e+00 -1.04488189e+01  2.66224272e+00  1.35517306e+01  9.62105370e+00
 4.98063492e+00 -1.03149606e+01  2.79609627e+00  1.35516917e+01  9.61668920e+00
 4.98063492e+00 -1.01811024e+01  2.92994970e+00  1.35516527e+01  9.61221780e+00
 4.98063492e+00 -1.00472441e+01  3.06380323e+00  1.35516135e+01  9.60772108e+00
 4.98063492e+00 -9.91338583e+00  3.19765644e+00  1.35515743e+01  9.60321588e+00
 4.98063492e+00 -9.77952756e+00  3.33150909e+00  1.35515354e+01  9.59862027e+00
 4.98063492e+00 -9.64566929e+00  3.46536412e+00  1.35514945e+01  9.59395482e+00
 4.98063492e+00 -9.51181102e+00  3.59921582e+00  1.35514559e+01  9.58925673e+00
 4.98063492e+00 -9.37795276e+00  3.73306102e+00  1.35514222e+01  9.58453027e+00
 4.98063492e+00 -9.24409449e+00  3.86694373e+00  1.35513585e+01  9.57970082e+00
 4.98063492e+00 -9.11023622e+00  4.00084963e+00  1.35512585e+01  9.57478225e+00
 4.98063492e+00 -8.97637795e+00  4.13470846e+00  1.35511573e+01  9.56987621e+00
 4.98063492e+00 -8.84251969e+00  4.26850974e+00  1.35510991e+01  9.56500024e+00
 4.98063492e+00 -8.70866142e+00  4.40230697e+00  1.35510605e+01  9.56008985e+00
 4.98063492e+00 -8.57480315e+00  4.53616169e+00  1.35509748e+01  9.55506408e+00
 4.98063492e+00 -8.44094488e+00  4.66999145e+00  1.35508662e+01  9.54999577e+00
 4.98063492e+00 -8.30708661e+00  4.80377477e+00  1.35507603e+01  9.54488524e+00
 4.98063492e+00 -8.17322835e+00  4.93756583e+00  1.35506635e+01  9.53966425e+00
 4.98063492e+00 -8.03937008e+00  5.07136517e+00  1.35505825e+01  9.53438949e+00
 4.98063492e+00 -7.90551181e+00  5.20514039e+00  1.35504788e+01  9.52908697e+00
 4.98063492e+00 -7.77165354e+00  5.33887063e+00  1.35503137e+01  9.52372912e+00
 4.98063492e+00 -7.63779528e+00  5.47263457e+00  1.35501880e+01  9.51829448e+00
 4.98063492e+00 -7.50393701e+00  5.60642045e+00  1.35500997e+01  9.51276689e+00
 4.98063492e+00 -7.37007874e+00  5.74015074e+00  1.35499529e+01  9.50714743e+00
 4.98063492e+00 -7.23622047e+00  5.87386758e+00  1.35497458e+01  9.50148128e+00
 4.98063492e+00 -7.10236220e+00  6.00759715e+00  1.35495388e+01  9.49575624e+00
 4.98063492e+00 -6.96850394e+00  6.14132164e+00  1.35493763e+01  9.48993094e+00
 4.98063492e+00 -6.83464567e+00  6.27500377e+00  1.35491398e+01  9.48405750e+00
 4.98063492e+00 -6.70078740e+00  6.40865584e+00  1.35488558e+01  9.47811736e+00
 4.98063492e+00 -6.56692913e+00  6.54231185e+00  1.35486274e+01  9.47204245e+00
 4.98063492e+00 -6.43307087e+00  6.67593001e+00  1.35483176e+01  9.46585757e+00
 4.98063492e+00 -6.29921260e+00  6.80949862e+00  1.35479253e+01  9.45960418e+00
 4.98063492e+00 -6.16535433e+00  6.94305465e+00  1.35475755e+01  9.45330394e+00
 4.98063492e+00 -6.03149606e+00  7.07666002e+00  1.35472880e+01  9.44692192e+00
 4.98063492e+00 -5.89763780e+00  7.21025232e+00  1.35469566e+01  9.44042810e+00
 4.98063492e+00 -5.76377953e+00  7.34371937e+00  1.35464337e+01  9.43380237e+00
 4.98063492e+00 -5.62992126e+00  7.47712300e+00  1.35457159e+01  9.42701617e+00
 4.98063492e+00 -5.49606299e+00  7.61044574e+00  1.35448770e+01  9.42012693e+00
 4.98063492e+00 -5.36220472e+00  7.74363259e+00  1.35439743e+01  9.41319835e+00
 4.98063492e+00 -5.22834646e+00  7.87679196e+00  1.35428913e+01  9.40609676e+00
 4.98063492e+00 -5.09448819e+00  8.00986921e+00  1.35415529e+01  9.39881250e+00
 4.98063492e+00 -4.96062992e+00  8.14274960e+00  1.35399700e+01  9.39142883e+00
 4.98063492e+00 -4.82677165e+00  8.27560527e+00  1.35381964e+01  9.38389677e+00
 4.98063492e+00 -4.69291339e+00  8.40813204e+00  1.35358406e+01  9.37617627e+00
 4.98063492e+00 -4.55905512e+00  8.53988288e+00  1.35324355e+01  9.36826268e+00
 4.98063492e+00 -4.42519685e+00  8.67136315e+00  1.35284563e+01  9.36015857e+00
 4.98063492e+00 -4.29133858e+00  8.80290784e+00  1.35242302e+01  9.35187105e+00
 4.98063492e+00 -4.15748031e+00  8.93446085e+00  1.35197189e+01  9.34339596e+00
 4.98063492e+00 -4.02362205e+00  9.06572439e+00  1.35146497e+01  9.33467310e+00
 4.98063492e+00 -3.88976378e+00  9.19662820e+00  1.35090016e+01  9.32572330e+00
 4.98063492e+00 -3.75590551e+00  9.32734033e+00  1.35030167e+01  9.31663866e+00
 4.98063492e+00 -3.62204724e+00  9.45786378e+00  1.34967623e+01  9.30742481e+00
 4.98063492e+00 -3.48818898e+00  9.58818357e+00  1.34902107e+01  9.29804574e+00
 4.98063492e+00 -3.35433071e+00  9.71831735e+00  1.34833164e+01  9.28846000e+00
 4.98063492e+00 -3.22047244e+00  9.84827858e+00  1.34762016e+01  9.27870277e+00
 4.98063492e+00 -3.08661417e+00  9.97806226e+00  1.34689693e+01  9.26881068e+00
 4.98063492e+00 -2.95275591e+00  1.01076434e+01  1.34616186e+01  9.25878747e+00
 4.98063492e+00 -2.81889764e+00  1.02370278e+01  1.34541554e+01  9.24864079e+00
 4.98063492e+00 -2.68503937e+00  1.03662261e+01  1.34465398e+01  9.23834930e+00
 4.98063492e+00 -2.55118110e+00  1.04952072e+01  1.34386339e+01  9.22784355e+00
 4.98063492e+00 -2.41732283e+00  1.06237093e+01  1.34302447e+01  9.21712211e+00
 4.98063492e+00 -2.28346457e+00  1.07515959e+01  1.34212150e+01  9.20620318e+00
 4.98063492e+00 -2.14960630e+00  1.08792402e+01  1.34114968e+01  9.19505361e+00
 4.98063492e+00 -2.01574803e+00  1.10064748e+01  1.34008148e+01  9.18360101e+00
 4.98063492e+00 -1.88188976e+00  1.11328831e+01  1.33888145e+01  9.17179597e+00
 4.98063492e+00 -1.74803150e+00  1.12586869e+01  1.33754407e+01  9.15972655e+00
 4.98063492e+00 -1.61417323e+00  1.13845081e+01  1.33610747e+01  9.14746432e+00
 4.98063492e+00 -1.48031496e+00  1.15110172e+01  1.33464001e+01  9.13502520e+00
 4.98063492e+00 -1.34645669e+00  1.16372869e+01  1.33315102e+01  9.12239884e+00
 4.98063492e+00 -1.21259843e+00  1.17624478e+01  1.33165098e+01  9.10961524e+00
 4.98063492e+00 -1.07874016e+00  1.18869491e+01  1.33018012e+01  9.09674628e+00
 4.98063492e+00 -9.44881890e-01  1.20132004e+01  1.32870464e+01  9.08361867e+00
 4.98063492e+00 -8.11023622e-01  1.21437696e+01  1.32714861e+01  9.06995665e+00
 4.98063492e+00 -6.77165354e-01  1.22773772e+01  1.32546156e+01  9.05571965e+00
 4.98063492e+00 -5.43307087e-01  1.24119355e+01  1.32363971e+01  9.04084963e+00
 4.98063492e+00 -4.09448819e-01  1.25467407e+01  1.32175673e+01  9.02531317e+00
 4.98063492e+00 -2.75590551e-01  1.26850283e+01  1.32001790e+01  9.00930700e+00
 4.98063492e+00 -1.41732283e-01  1.28307887e+01  1.31869385e+01  8.99306907e+00
 4.98063492e+00 -7.87401575e-03  1.29871894e+01  1.31811583e+01  8.97666193e+00
 4.98063492e+00  1.25984252e-01  1.31539831e+01  1.31860524e+01  8.95971338e+00
 4.98063492e+00  2.59842520e-01  1.33303926e+01  1.32050559e+01  8.94233913e+00
 4.98063492e+00  3.93700787e-01  1.35165436e+01  1.32415164e+01  8.92494377e+00
 4.98063492e+00  5.27559055e-01  1.37119509e+01  1.32917593e+01  8.90715625e+00
 4.98063492e+00  6.61417323e-01  1.39148712e+01  1.33451157e+01  8.88769890e+00
 4.98063492e+00  7.95275591e-01  1.41238632e+01  1.34017752e+01  8.86724968e+00
 4.98063492e+00  9.29133858e-01  1.43384077e+01  1.34720817e+01  8.84870309e+00
 4.98063492e+00  1.06299213e+00  1.45575234e+01  1.35543367e+01  8.83157725e+00
 4.98063492e+00  1.19685039e+00  1.47799917e+01  1.36422851e+01  8.81395375e+00
 4.98063492e+00  1.33070866e+00  1.50049732e+01  1.37353639e+01  8.79567009e+00
 4.98063492e+00  1.46456693e+00  1.52317130e+01  1.38332099e+01  8.77700635e+00
 4.98063492e+00  1.59842520e+00  1.54597312e+01  1.39338465e+01  8.75792039e+00
 4.98063492e+00  1.73228346e+00  1.56884996e+01  1.40357769e+01  8.73805831e+00
 4.98063492e+00  1.86614173e+00  1.59189230e+01  1.41384143e+01  8.71723693e+00
 4.98063492e+00  2.00000000e+00  1.61500081e+01  1.42409586e+01  8.69535329e+00
 5.05904762e+00 -1.50000000e+01 -1.81194644e+00  1.35979102e+01  9.75175504e+00
 5.05904762e+00 -1.48661417e+01 -1.67807777e+00  1.35978773e+01  9.74848135e+00
 5.05904762e+00 -1.47322835e+01 -1.54421189e+00  1.35978429e+01  9.74520270e+00
 5.05904762e+00 -1.45984252e+01 -1.41033918e+00  1.35978089e+01  9.74192146e+00
 5.05904762e+00 -1.44645669e+01 -1.27646183e+00  1.35977745e+01  9.73857402e+00
 5.05904762e+00 -1.43307087e+01 -1.14257804e+00  1.35977398e+01  9.73521863e+00
 5.05904762e+00 -1.41968504e+01 -1.00868474e+00  1.35977049e+01  9.73187223e+00
 5.05904762e+00 -1.40629921e+01 -8.74778843e-01  1.35976697e+01  9.72846798e+00
 5.05904762e+00 -1.39291339e+01 -7.40855770e-01  1.35976343e+01  9.72500738e+00
 5.05904762e+00 -1.37952756e+01 -6.06909269e-01  1.35975987e+01  9.72152221e+00
 5.05904762e+00 -1.36614173e+01 -4.72930887e-01  1.35975629e+01  9.71803895e+00
 5.05904762e+00 -1.35275591e+01 -3.38909095e-01  1.35975269e+01  9.71451915e+00
 5.05904762e+00 -1.33937008e+01 -2.04828166e-01  1.35974907e+01  9.71096058e+00
 5.05904762e+00 -1.32598425e+01 -7.06657107e-02  1.35974544e+01  9.70740468e+00
 5.05904762e+00 -1.31259843e+01  6.35235514e-02  1.35974180e+01  9.70381467e+00
 5.05904762e+00 -1.29921260e+01  1.97546554e-01  1.35973814e+01  9.70017776e+00
 5.05904762e+00 -1.28582677e+01  3.31407689e-01  1.35973448e+01  9.69651195e+00
 5.05904762e+00 -1.27244094e+01  4.65262754e-01  1.35973080e+01  9.69278883e+00
 5.05904762e+00 -1.25905512e+01  5.99117696e-01  1.35972710e+01  9.68902874e+00
 5.05904762e+00 -1.24566929e+01  7.32972601e-01  1.35972338e+01  9.68528281e+00
 5.05904762e+00 -1.23228346e+01  8.66827451e-01  1.35971964e+01  9.68149342e+00
 5.05904762e+00 -1.21889764e+01  1.00068224e+00  1.35971588e+01  9.67766737e+00
 5.05904762e+00 -1.20551181e+01  1.13453698e+00  1.35971211e+01  9.67386193e+00
 5.05904762e+00 -1.19212598e+01  1.26839165e+00  1.35970831e+01  9.66997351e+00
 5.05904762e+00 -1.17874016e+01  1.40224626e+00  1.35970450e+01  9.66600340e+00
 5.05904762e+00 -1.16535433e+01  1.53610081e+00  1.35970067e+01  9.66205397e+00
 5.05904762e+00 -1.15196850e+01  1.66995530e+00  1.35969682e+01  9.65807668e+00
 5.05904762e+00 -1.13858268e+01  1.80380971e+00  1.35969295e+01  9.65404060e+00
 5.05904762e+00 -1.12519685e+01  1.93766406e+00  1.35968906e+01  9.64996259e+00
 5.05904762e+00 -1.11181102e+01  2.07151834e+00  1.35968515e+01  9.64584436e+00
 5.05904762e+00 -1.09842520e+01  2.20537254e+00  1.35968122e+01  9.64167571e+00
 5.05904762e+00 -1.08503937e+01  2.33922667e+00  1.35967728e+01  9.63745665e+00
 5.05904762e+00 -1.07165354e+01  2.47308072e+00  1.35967331e+01  9.63324361e+00
 5.05904762e+00 -1.05826772e+01  2.60693470e+00  1.35966933e+01  9.62900045e+00
 5.05904762e+00 -1.04488189e+01  2.74078860e+00  1.35966532e+01  9.62465153e+00
 5.05904762e+00 -1.03149606e+01  2.87464236e+00  1.35966130e+01  9.62029706e+00
 5.05904762e+00 -1.01811024e+01  3.00849613e+00  1.35965726e+01  9.61592347e+00
 5.05904762e+00 -1.00472441e+01  3.14234992e+00  1.35965319e+01  9.61144273e+00
 5.05904762e+00 -9.91338583e+00  3.27620282e+00  1.35964915e+01  9.60694679e+00
 5.05904762e+00 -9.77952756e+00  3.41005695e+00  1.35964501e+01  9.60243463e+00
 5.05904762e+00 -9.64566929e+00  3.54391234e+00  1.35964075e+01  9.59782843e+00
 5.05904762e+00 -9.51181102e+00  3.67775652e+00  1.35963725e+01  9.59315517e+00
 5.05904762e+00 -9.37795276e+00  3.81161981e+00  1.35963239e+01  9.58845649e+00
 5.05904762e+00 -9.24409449e+00  3.94553454e+00  1.35962324e+01  9.58375530e+00
 5.05904762e+00 -9.11023622e+00  4.07942867e+00  1.35961250e+01  9.57903226e+00
 5.05904762e+00 -8.97637795e+00  4.21325982e+00  1.35960404e+01  9.57423429e+00
 5.05904762e+00 -8.84251969e+00  4.34704810e+00  1.35959892e+01  9.56933608e+00
 5.05904762e+00 -8.70866142e+00  4.48087492e+00  1.35959047e+01  9.56444385e+00
 5.05904762e+00 -8.57480315e+00  4.61471972e+00  1.35958135e+01  9.55952669e+00
 5.05904762e+00 -8.44094488e+00  4.74851456e+00  1.35957738e+01  9.55449279e+00
 5.05904762e+00 -8.30708661e+00  4.88230142e+00  1.35957059e+01  9.54942189e+00
 5.05904762e+00 -8.17322835e+00  5.01609825e+00  1.35955993e+01  9.54430036e+00
 5.05904762e+00 -8.03937008e+00  5.14989246e+00  1.35955007e+01  9.53906833e+00
 5.05904762e+00 -7.90551181e+00  5.28367855e+00  1.35954176e+01  9.53379050e+00
 5.05904762e+00 -7.77165354e+00  5.41746330e+00  1.35953044e+01  9.52848252e+00
 5.05904762e+00 -7.63779528e+00  5.55125612e+00  1.35951345e+01  9.52311370e+00
 5.05904762e+00 -7.50393701e+00  5.68505078e+00  1.35950132e+01  9.51766703e+00
 5.05904762e+00 -7.37007874e+00  5.81882407e+00  1.35949187e+01  9.51212777e+00
 5.05904762e+00 -7.23622047e+00  5.95255961e+00  1.35947602e+01  9.50649944e+00
 5.05904762e+00 -7.10236220e+00  6.08628405e+00  1.35945463e+01  9.50082786e+00
 5.05904762e+00 -6.96850394e+00  6.22000962e+00  1.35943384e+01  9.49509065e+00
 5.05904762e+00 -6.83464567e+00  6.35373449e+00  1.35941771e+01  9.48925506e+00
 5.05904762e+00 -6.70078740e+00  6.48745757e+00  1.35939902e+01  9.48338396e+00
 5.05904762e+00 -6.56692913e+00  6.62116593e+00  1.35937551e+01  9.47742913e+00
 5.05904762e+00 -6.43307087e+00  6.75483140e+00  1.35934779e+01  9.47132946e+00
 5.05904762e+00 -6.29921260e+00  6.88841965e+00  1.35931341e+01  9.46518940e+00
 5.05904762e+00 -6.16535433e+00  7.02203265e+00  1.35928235e+01  9.45896746e+00
 5.05904762e+00 -6.03149606e+00  7.15574938e+00  1.35926243e+01  9.45259226e+00
 5.05904762e+00 -5.89763780e+00  7.28938638e+00  1.35923632e+01  9.44618237e+00
 5.05904762e+00 -5.76377953e+00  7.42292170e+00  1.35919900e+01  9.43970027e+00
 5.05904762e+00 -5.62992126e+00  7.55642294e+00  1.35915455e+01  9.43305940e+00
 5.05904762e+00 -5.49606299e+00  7.68986733e+00  1.35910374e+01  9.42633320e+00
 5.05904762e+00 -5.36220472e+00  7.82329214e+00  1.35904384e+01  9.41950355e+00
 5.05904762e+00 -5.22834646e+00  7.95669754e+00  1.35897150e+01  9.41252461e+00
 5.05904762e+00 -5.09448819e+00  8.08991339e+00  1.35888715e+01  9.40545362e+00
 5.05904762e+00 -4.96062992e+00  8.22308848e+00  1.35879721e+01  9.39827872e+00
 5.05904762e+00 -4.82677165e+00  8.35636065e+00  1.35870068e+01  9.39094852e+00
 5.05904762e+00 -4.69291339e+00  8.48934194e+00  1.35857111e+01  9.38344955e+00
 5.05904762e+00 -4.55905512e+00  8.62184898e+00  1.35838581e+01  9.37579296e+00
 5.05904762e+00 -4.42519685e+00  8.75402096e+00  1.35814779e+01  9.36799982e+00
 5.05904762e+00 -4.29133858e+00  8.88630140e+00  1.35790576e+01  9.36008265e+00
 5.05904762e+00 -4.15748031e+00  9.01861514e+00  1.35765046e+01  9.35200159e+00
 5.05904762e+00 -4.02362205e+00  9.15063461e+00  1.35734320e+01  9.34370677e+00
 5.05904762e+00 -3.88976378e+00  9.28236832e+00  1.35698273e+01  9.33520695e+00
 5.05904762e+00 -3.75590551e+00  9.41382555e+00  1.35657226e+01  9.32650126e+00
 5.05904762e+00 -3.62204724e+00  9.54498992e+00  1.35611182e+01  9.31758310e+00
 5.05904762e+00 -3.48818898e+00  9.67588302e+00  1.35559572e+01  9.30846647e+00
 5.05904762e+00 -3.35433071e+00  9.80651609e+00  1.35501953e+01  9.29914209e+00
 5.05904762e+00 -3.22047244e+00  9.93688238e+00  1.35438288e+01  9.28959137e+00
 5.05904762e+00 -3.08661417e+00  1.00669654e+01  1.35369322e+01  9.27983797e+00
 5.05904762e+00 -2.95275591e+00  1.01968080e+01  1.35296432e+01  9.26990229e+00
 5.05904762e+00 -2.81889764e+00  1.03264811e+01  1.35221053e+01  9.25978935e+00
 5.05904762e+00 -2.68503937e+00  1.04559263e+01  1.35142959e+01  9.24949014e+00
 5.05904762e+00 -2.55118110e+00  1.05851283e+01  1.35061849e+01  9.23899963e+00
 5.05904762e+00 -2.41732283e+00  1.07141311e+01  1.34977740e+01  9.22832590e+00
 5.05904762e+00 -2.28346457e+00  1.08427881e+01  1.34889846e+01  9.21750164e+00
 5.05904762e+00 -2.14960630e+00  1.09710319e+01  1.34797091e+01  9.20650168e+00
 5.05904762e+00 -2.01574803e+00  1.10989709e+01  1.34698247e+01  9.19521358e+00
 5.05904762e+00 -1.88188976e+00  1.12263280e+01  1.34591094e+01  9.18365069e+00
 5.05904762e+00 -1.74803150e+00  1.13529806e+01  1.34473545e+01  9.17184887e+00
 5.05904762e+00 -1.61417323e+00  1.14795211e+01  1.34344772e+01  9.15975380e+00
 5.05904762e+00 -1.48031496e+00  1.16063547e+01  1.34206671e+01  9.14738472e+00
 5.05904762e+00 -1.34645669e+00  1.17334509e+01  1.34062222e+01  9.13479683e+00
 5.05904762e+00 -1.21259843e+00  1.18599216e+01  1.33911768e+01  9.12196561e+00
 5.05904762e+00 -1.07874016e+00  1.19855420e+01  1.33759362e+01  9.10892283e+00
 5.05904762e+00 -9.44881890e-01  1.21113514e+01  1.33612825e+01  9.09575082e+00
 5.05904762e+00 -8.11023622e-01  1.22405452e+01  1.33477500e+01  9.08243786e+00
 5.05904762e+00 -6.77165354e-01  1.23744655e+01  1.33346294e+01  9.06876511e+00
 5.05904762e+00 -5.43307087e-01  1.25092510e+01  1.33193763e+01  9.05429873e+00
 5.05904762e+00 -4.09448819e-01  1.26438536e+01  1.33023987e+01  9.03898854e+00
 5.05904762e+00 -2.75590551e-01  1.27801066e+01  1.32857742e+01  9.02306433e+00
 5.05904762e+00 -1.41732283e-01  1.29219422e+01  1.32722183e+01  9.00688698e+00
 5.05904762e+00 -7.87401575e-03  1.30723369e+01  1.32648155e+01  8.99048443e+00
 5.05904762e+00  1.25984252e-01  1.32320602e+01  1.32664936e+01  8.97366661e+00
 5.05904762e+00  2.59842520e-01  1.33999964e+01  1.32798928e+01  8.95637342e+00
 5.05904762e+00  3.93700787e-01  1.35768187e+01  1.33081187e+01  8.93894489e+00
 5.05904762e+00  5.27559055e-01  1.37629503e+01  1.33493697e+01  8.92110589e+00
 5.05904762e+00  6.61417323e-01  1.39574000e+01  1.33953671e+01  8.90200009e+00
 5.05904762e+00  7.95275591e-01  1.41592660e+01  1.34466820e+01  8.88238619e+00
 5.05904762e+00  9.29133858e-01  1.43672121e+01  1.35104028e+01  8.86428639e+00
 5.05904762e+00  1.06299213e+00  1.45804666e+01  1.35851447e+01  8.84738831e+00
 5.05904762e+00  1.19685039e+00  1.47983670e+01  1.36670951e+01  8.83013634e+00
 5.05904762e+00  1.33070866e+00  1.50196956e+01  1.37555161e+01  8.81241436e+00
 5.05904762e+00  1.46456693e+00  1.52434355e+01  1.38492671e+01  8.79435749e+00
 5.05904762e+00  1.59842520e+00  1.54690959e+01  1.39464551e+01  8.77577282e+00
 5.05904762e+00  1.73228346e+00  1.56959693e+01  1.40456698e+01  8.75660626e+00
 5.05904762e+00  1.86614173e+00  1.59249988e+01  1.41462995e+01  8.73673899e+00
 5.05904762e+00  2.00000000e+00  1.61548043e+01  1.42472740e+01  8.71604402e+00
 5.13746032e+00 -1.50000000e+01 -1.73326665e+00  1.36460770e+01  9.75454729e+00
 5.13746032e+00 -1.48661417e+01 -1.59940339e+00  1.36460432e+01  9.75130701e+00
 5.13746032e+00 -1.47322835e+01 -1.46553536e+00  1.36460108e+01  9.74802580e+00
 5.13746032e+00 -1.45984252e+01 -1.33166260e+00  1.36459789e+01  9.74475140e+00
 5.13746032e+00 -1.44645669e+01 -1.19778563e+00  1.36459460e+01  9.74146507e+00
 5.13746032e+00 -1.43307087e+01 -1.06390168e+00  1.36459128e+01  9.73811206e+00
 5.13746032e+00 -1.41968504e+01 -9.30008388e-01  1.36458793e+01  9.73475924e+00
 5.13746032e+00 -1.40629921e+01 -7.96102516e-01  1.36458454e+01  9.73140857e+00
 5.13746032e+00 -1.39291339e+01 -6.62179432e-01  1.36458112e+01  9.72799406e+00
 5.13746032e+00 -1.37952756e+01 -5.28232926e-01  1.36457767e+01  9.72452797e+00
 5.13746032e+00 -1.36614173e+01 -3.94254566e-01  1.36457419e+01  9.72104328e+00
 5.13746032e+00 -1.35275591e+01 -2.60232717e-01  1.36457069e+01  9.71755748e+00
 5.13746032e+00 -1.33937008e+01 -1.26152136e-01  1.36456716e+01  9.71403014e+00
 5.13746032e+00 -1.32598425e+01  8.00974584e-03  1.36456360e+01  9.71046857e+00
 5.13746032e+00 -1.31259843e+01  1.42218769e-01  1.36456002e+01  9.70691031e+00
 5.13746032e+00 -1.29921260e+01  2.76264823e-01  1.36455643e+01  9.70331780e+00
 5.13746032e+00 -1.28582677e+01  4.10135211e-01  1.36455282e+01  9.69968025e+00
 5.13746032e+00 -1.27244094e+01  5.43991686e-01  1.36454919e+01  9.69600905e+00
 5.13746032e+00 -1.25905512e+01  6.77846471e-01  1.36454553e+01  9.69227921e+00
 5.13746032e+00 -1.24566929e+01  8.11701736e-01  1.36454186e+01  9.68851933e+00
 5.13746032e+00 -1.23228346e+01  9.45556878e-01  1.36453816e+01  9.68477206e+00
 5.13746032e+00 -1.21889764e+01  1.07941196e+00  1.36453443e+01  9.68097594e+00
 5.13746032e+00 -1.20551181e+01  1.21326699e+00  1.36453069e+01  9.67715109e+00
 5.13746032e+00 -1.19212598e+01  1.34712197e+00  1.36452692e+01  9.67334224e+00
 5.13746032e+00 -1.17874016e+01  1.48097688e+00  1.36452313e+01  9.66944021e+00
 5.13746032e+00 -1.16535433e+01  1.61483173e+00  1.36451932e+01  9.66546855e+00
 5.13746032e+00 -1.15196850e+01  1.74868652e+00  1.36451548e+01  9.66152001e+00
 5.13746032e+00 -1.13858268e+01  1.88254125e+00  1.36451162e+01  9.65753600e+00
 5.13746032e+00 -1.12519685e+01  2.01639591e+00  1.36450773e+01  9.65349381e+00
 5.13746032e+00 -1.11181102e+01  2.15025050e+00  1.36450383e+01  9.64941117e+00
 5.13746032e+00 -1.09842520e+01  2.28410502e+00  1.36449989e+01  9.64528734e+00
 5.13746032e+00 -1.08503937e+01  2.41795946e+00  1.36449594e+01  9.64111177e+00
 5.13746032e+00 -1.07165354e+01  2.55181383e+00  1.36449196e+01  9.63689057e+00
 5.13746032e+00 -1.05826772e+01  2.68566811e+00  1.36448795e+01  9.63267805e+00
 5.13746032e+00 -1.04488189e+01  2.81952234e+00  1.36448392e+01  9.62842384e+00
 5.13746032e+00 -1.03149606e+01  2.95337648e+00  1.36447986e+01  9.62406778e+00
 5.13746032e+00 -1.01811024e+01  3.08723038e+00  1.36447578e+01  9.61971519e+00
 5.13746032e+00 -1.00472441e+01  3.22108453e+00  1.36447168e+01  9.61533091e+00
 5.13746032e+00 -9.91338583e+00  3.35493870e+00  1.36446754e+01  9.61084170e+00
 5.13746032e+00 -9.77952756e+00  3.48879050e+00  1.36446338e+01  9.60634947e+00
 5.13746032e+00 -9.64566929e+00  3.62264708e+00  1.36445920e+01  9.60182478e+00
 5.13746032e+00 -9.51181102e+00  3.75650487e+00  1.36445498e+01  9.59720189e+00
 5.13746032e+00 -9.37795276e+00  3.89032291e+00  1.36445077e+01  9.59257000e+00
 5.13746032e+00 -9.24409449e+00  4.02410510e+00  1.36444630e+01  9.58792704e+00
 5.13746032e+00 -9.11023622e+00  4.15789453e+00  1.36444175e+01  9.58322849e+00
 5.13746032e+00 -8.97637795e+00  4.29174099e+00  1.36443832e+01  9.57849485e+00
 5.13746032e+00 -8.84251969e+00  4.42558376e+00  1.36443232e+01  9.57368624e+00
 5.13746032e+00 -8.70866142e+00  4.55937063e+00  1.36442207e+01  9.56878269e+00
 5.13746032e+00 -8.57480315e+00  4.69320949e+00  1.36441633e+01  9.56389171e+00
 5.13746032e+00 -8.44094488e+00  4.82705118e+00  1.36441165e+01  9.55896332e+00
 5.13746032e+00 -8.30708661e+00  4.96082932e+00  1.36440168e+01  9.55392019e+00
 5.13746032e+00 -8.17322835e+00  5.09466088e+00  1.36439138e+01  9.54884448e+00
 5.13746032e+00 -8.03937008e+00  5.22851064e+00  1.36438186e+01  9.54370925e+00
 5.13746032e+00 -7.90551181e+00  5.36230223e+00  1.36437191e+01  9.53846752e+00
 5.13746032e+00 -7.77165354e+00  5.49608817e+00  1.36436172e+01  9.53318563e+00
 5.13746032e+00 -7.63779528e+00  5.62988716e+00  1.36434871e+01  9.52787314e+00
 5.13746032e+00 -7.50393701e+00  5.76367603e+00  1.36433301e+01  9.52249730e+00
 5.13746032e+00 -7.37007874e+00  5.89741469e+00  1.36432233e+01  9.51702855e+00
 5.13746032e+00 -7.23622047e+00  6.03115827e+00  1.36431132e+01  9.51150290e+00
 5.13746032e+00 -7.10236220e+00  6.16494702e+00  1.36429390e+01  9.50593271e+00
 5.13746032e+00 -6.96850394e+00  6.29869361e+00  1.36427721e+01  9.50022489e+00
 5.13746032e+00 -6.83464567e+00  6.43240654e+00  1.36425974e+01  9.49441468e+00
 5.13746032e+00 -6.70078740e+00  6.56613218e+00  1.36423858e+01  9.48857678e+00
 5.13746032e+00 -6.56692913e+00  6.69986888e+00  1.36421783e+01  9.48270684e+00
 5.13746032e+00 -6.43307087e+00  6.83356995e+00  1.36419292e+01  9.47673098e+00
 5.13746032e+00 -6.29921260e+00  6.96722751e+00  1.36416298e+01  9.47062070e+00
 5.13746032e+00 -6.16535433e+00  7.10093201e+00  1.36414168e+01  9.46447666e+00
 5.13746032e+00 -6.03149606e+00  7.23464248e+00  1.36412461e+01  9.45823886e+00
 5.13746032e+00 -5.89763780e+00  7.36828703e+00  1.36410092e+01  9.45185573e+00
 5.13746032e+00 -5.76377953e+00  7.50187658e+00  1.36406749e+01  9.44544073e+00
 5.13746032e+00 -5.62992126e+00  7.63545109e+00  1.36402768e+01  9.43894165e+00
 5.13746032e+00 -5.49606299e+00  7.76902999e+00  1.36398520e+01  9.43229232e+00
 5.13746032e+00 -5.36220472e+00  7.90257365e+00  1.36393862e+01  9.42555978e+00
 5.13746032e+00 -5.22834646e+00  8.03601980e+00  1.36388188e+01  9.41871693e+00
 5.13746032e+00 -5.09448819e+00  8.16937594e+00  1.36381540e+01  9.41173256e+00
 5.13746032e+00 -4.96062992e+00  8.30276973e+00  1.36375267e+01  9.40465774e+00
 5.13746032e+00 -4.82677165e+00  8.43615642e+00  1.36368660e+01  9.39748322e+00
 5.13746032e+00 -4.69291339e+00  8.56934971e+00  1.36359327e+01  9.39016655e+00
 5.13746032e+00 -4.55905512e+00  8.70213317e+00  1.36344540e+01  9.38267658e+00
 5.13746032e+00 -4.42519685e+00  8.83476932e+00  1.36327526e+01  9.37505996e+00
 5.13746032e+00 -4.29133858e+00  8.96752871e+00  1.36311757e+01  9.36735044e+00
 5.13746032e+00 -4.15748031e+00  9.10026020e+00  1.36295616e+01  9.35949355e+00
 5.13746032e+00 -4.02362205e+00  9.23280617e+00  1.36276388e+01  9.35146074e+00
 5.13746032e+00 -3.88976378e+00  9.36510895e+00  1.36252633e+01  9.34324568e+00
 5.13746032e+00 -3.75590551e+00  9.49724907e+00  1.36225703e+01  9.33484655e+00
 5.13746032e+00 -3.62204724e+00  9.62918440e+00  1.36195226e+01  9.32623729e+00
 5.13746032e+00 -3.48818898e+00  9.76083404e+00  1.36160092e+01  9.31742262e+00
 5.13746032e+00 -3.35433071e+00  9.89219249e+00  1.36119887e+01  9.30848050e+00
 5.13746032e+00 -3.22047244e+00  1.00232753e+01  1.36073738e+01  9.29932271e+00
 5.13746032e+00 -3.08661417e+00  1.01540857e+01  1.36021023e+01  9.28985631e+00
 5.13746032e+00 -2.95275591e+00  1.02845876e+01  1.35962455e+01  9.28020587e+00
 5.13746032e+00 -2.81889764e+00  1.04147950e+01  1.35898342e+01  9.27036015e+00
 5.13746032e+00 -2.68503937e+00  1.05447367e+01  1.35828776e+01  9.26024472e+00
 5.13746032e+00 -2.55118110e+00  1.06743870e+01  1.35754407e+01  9.24992362e+00
 5.13746032e+00 -2.41732283e+00  1.08037850e+01  1.35675521e+01  9.23942013e+00
 5.13746032e+00 -2.28346457e+00  1.09329683e+01  1.35592042e+01  9.22870597e+00
 5.13746032e+00 -2.14960630e+00  1.10617582e+01  1.35504004e+01  9.21776507e+00
 5.13746032e+00 -2.01574803e+00  1.11901276e+01  1.35410889e+01  9.20660577e+00
 5.13746032e+00 -1.88188976e+00  1.13181983e+01  1.35311371e+01  9.19524406e+00
 5.13746032e+00 -1.74803150e+00  1.14458151e+01  1.35203562e+01  9.18363282e+00
 5.13746032e+00 -1.61417323e+00  1.15729864e+01  1.35087376e+01  9.17172972e+00
 5.13746032e+00 -1.48031496e+00  1.17000864e+01  1.34964280e+01  9.15953260e+00
 5.13746032e+00 -1.34645669e+00  1.18276808e+01  1.34829544e+01  9.14709535e+00
 5.13746032e+00 -1.21259843e+00  1.19553312e+01  1.34681450e+01  9.13440744e+00
 5.13746032e+00 -1.07874016e+00  1.20806216e+01  1.34529382e+01  9.12132279e+00
 5.13746032e+00 -9.44881890e-01  1.22057688e+01  1.34383296e+01  9.10799755e+00
 5.13746032e+00 -8.11023622e-01  1.23351161e+01  1.34251393e+01  9.09466596e+00
 5.13746032e+00 -6.77165354e-01  1.24686096e+01  1.34130467e+01  9.08115932e+00
 5.13746032e+00 -5.43307087e-01  1.26041230e+01  1.34007920e+01  9.06714074e+00
 5.13746032e+00 -4.09448819e-01  1.27392669e+01  1.33869708e+01  9.05231523e+00
 5.13746032e+00 -2.75590551e-01  1.28743395e+01  1.33719632e+01  9.03670304e+00
 5.13746032e+00 -1.41732283e-01  1.30123962e+01  1.33582212e+01  9.02057489e+00
 5.13746032e+00 -7.87401575e-03  1.31577799e+01  1.33495776e+01  9.00422345e+00
 5.13746032e+00  1.25984252e-01  1.33112537e+01  1.33485191e+01  8.98748200e+00
 5.13746032e+00  2.59842520e-01  1.34727039e+01  1.33576511e+01  8.97041055e+00
 5.13746032e+00  3.93700787e-01  1.36419450e+01  1.33793535e+01  8.95310729e+00
 5.13746032e+00  5.27559055e-01  1.38191394e+01  1.34124712e+01  8.93529167e+00
 5.13746032e+00  6.61417323e-01  1.40049818e+01  1.34513706e+01  8.91658728e+00
 5.13746032e+00  7.95275591e-01  1.41989644e+01  1.34965069e+01  8.89758001e+00
 5.13746032e+00  9.29133858e-01  1.43999888e+01  1.35527548e+01  8.87963691e+00
 5.13746032e+00  1.06299213e+00  1.46069837e+01  1.36195735e+01  8.86266062e+00
 5.13746032e+00  1.19685039e+00  1.48197085e+01  1.36951028e+01  8.84570275e+00
 5.13746032e+00  1.33070866e+00  1.50368713e+01  1.37784534e+01  8.82856784e+00
 5.13746032e+00  1.46456693e+00  1.52572908e+01  1.38677949e+01  8.81098523e+00
 5.13746032e+00  1.59842520e+00  1.54801130e+01  1.39611419e+01  8.79305422e+00
 5.13746032e+00  1.73228346e+00  1.57047683e+01  1.40573414e+01  8.77456290e+00
 5.13746032e+00  1.86614173e+00  1.59319909e+01  1.41554595e+01  8.75540570e+00
 5.13746032e+00  2.00000000e+00  1.61604743e+01  1.42546001e+01  8.73551580e+00
 5.21587302e+00 -1.50000000e+01 -1.65502271e+00  1.36975854e+01  9.75726656e+00
 5.21587302e+00 -1.48661417e+01 -1.52115901e+00  1.36975567e+01  9.75412755e+00
 5.21587302e+00 -1.47322835e+01 -1.38728981e+00  1.36975276e+01  9.75093029e+00
 5.21587302e+00 -1.45984252e+01 -1.25341763e+00  1.36974979e+01  9.74758820e+00
 5.21587302e+00 -1.44645669e+01 -1.11954063e+00  1.36974677e+01  9.74428011e+00
 5.21587302e+00 -1.43307087e+01 -9.85656601e-01  1.36974370e+01  9.74099495e+00
 5.21587302e+00 -1.41968504e+01 -8.51763347e-01  1.36974059e+01  9.73762872e+00
 5.21587302e+00 -1.40629921e+01 -7.17857471e-01  1.36973744e+01  9.73432815e+00
 5.21587302e+00 -1.39291339e+01 -5.83934382e-01  1.36973424e+01  9.73101730e+00
 5.21587302e+00 -1.37952756e+01 -4.49987880e-01  1.36973100e+01  9.72753420e+00
 5.21587302e+00 -1.36614173e+01 -3.16009517e-01  1.36972773e+01  9.72402798e+00
 5.21587302e+00 -1.35275591e+01 -1.81987619e-01  1.36972442e+01  9.72055389e+00
 5.21587302e+00 -1.33937008e+01 -4.79073319e-02  1.36972108e+01  9.71706432e+00
 5.21587302e+00 -1.32598425e+01  8.62577594e-02  1.36971770e+01  9.71352716e+00
 5.21587302e+00 -1.31259843e+01  2.20479024e-01  1.36971430e+01  9.70996462e+00
 5.21587302e+00 -1.29921260e+01  3.54549037e-01  1.36971087e+01  9.70640837e+00
 5.21587302e+00 -1.28582677e+01  4.88431626e-01  1.36970742e+01  9.70281394e+00
 5.21587302e+00 -1.27244094e+01  6.22285864e-01  1.36970394e+01  9.69917245e+00
 5.21587302e+00 -1.25905512e+01  7.56140983e-01  1.36970043e+01  9.69549562e+00
 5.21587302e+00 -1.24566929e+01  8.89996630e-01  1.36969691e+01  9.69175977e+00
 5.21587302e+00 -1.23228346e+01  1.02385208e+00  1.36969335e+01  9.68800063e+00
 5.21587302e+00 -1.21889764e+01  1.15770750e+00  1.36968977e+01  9.68425116e+00
 5.21587302e+00 -1.20551181e+01  1.29156286e+00  1.36968616e+01  9.68044897e+00
 5.21587302e+00 -1.19212598e+01  1.42541816e+00  1.36968252e+01  9.67662586e+00
 5.21587302e+00 -1.17874016e+01  1.55927341e+00  1.36967886e+01  9.67281215e+00
 5.21587302e+00 -1.16535433e+01  1.69312860e+00  1.36967517e+01  9.66889735e+00
 5.21587302e+00 -1.15196850e+01  1.82698372e+00  1.36967145e+01  9.66492559e+00
 5.21587302e+00 -1.13858268e+01  1.96083879e+00  1.36966771e+01  9.66097710e+00
 5.21587302e+00 -1.12519685e+01  2.09469379e+00  1.36966394e+01  9.65698614e+00
 5.21587302e+00 -1.11181102e+01  2.22854872e+00  1.36966013e+01  9.65293829e+00
 5.21587302e+00 -1.09842520e+01  2.36240359e+00  1.36965630e+01  9.64885118e+00
 5.21587302e+00 -1.08503937e+01  2.49625838e+00  1.36965244e+01  9.64472166e+00
 5.21587302e+00 -1.07165354e+01  2.63011311e+00  1.36964855e+01  9.64053968e+00
 5.21587302e+00 -1.05826772e+01  2.76396776e+00  1.36964464e+01  9.63631721e+00
 5.21587302e+00 -1.04488189e+01  2.89782228e+00  1.36964069e+01  9.63210427e+00
 5.21587302e+00 -1.03149606e+01  3.03167686e+00  1.36963671e+01  9.62783874e+00
 5.21587302e+00 -1.01811024e+01  3.16553133e+00  1.36963270e+01  9.62347744e+00
 5.21587302e+00 -1.00472441e+01  3.29938499e+00  1.36962867e+01  9.61912516e+00
 5.21587302e+00 -9.91338583e+00  3.43324048e+00  1.36962460e+01  9.61473118e+00
 5.21587302e+00 -9.77952756e+00  3.56709549e+00  1.36962050e+01  9.61023684e+00
 5.21587302e+00 -9.64566929e+00  3.70094020e+00  1.36961637e+01  9.60573456e+00
 5.21587302e+00 -9.51181102e+00  3.83481266e+00  1.36961220e+01  9.60122096e+00
 5.21587302e+00 -9.37795276e+00  3.96872601e+00  1.36960786e+01  9.59665831e+00
 5.21587302e+00 -9.24409449e+00  4.10260563e+00  1.36960330e+01  9.59205244e+00
 5.21587302e+00 -9.11023622e+00  4.23642658e+00  1.36959976e+01  9.58739829e+00
 5.21587302e+00 -8.97637795e+00  4.37021883e+00  1.36959600e+01  9.58269525e+00
 5.21587302e+00 -8.84251969e+00  4.50404974e+00  1.36958662e+01  9.57795692e+00
 5.21587302e+00 -8.70866142e+00  4.63791785e+00  1.36957795e+01  9.57313416e+00
 5.21587302e+00 -8.57480315e+00  4.77177569e+00  1.36957416e+01  9.56822419e+00
 5.21587302e+00 -8.44094488e+00  4.90557256e+00  1.36956647e+01  9.56333621e+00
 5.21587302e+00 -8.30708661e+00  5.03937785e+00  1.36955505e+01  9.55839653e+00
 5.21587302e+00 -8.17322835e+00  5.17323130e+00  1.36954494e+01  9.55334188e+00
 5.21587302e+00 -8.03937008e+00  5.30704077e+00  1.36953999e+01  9.54826362e+00
 5.21587302e+00 -7.90551181e+00  5.44082406e+00  1.36953440e+01  9.54311850e+00
 5.21587302e+00 -7.77165354e+00  5.57461999e+00  1.36952397e+01  9.53786765e+00
 5.21587302e+00 -7.63779528e+00  5.70841256e+00  1.36951320e+01  9.53258244e+00
 5.21587302e+00 -7.50393701e+00  5.84220391e+00  1.36949981e+01  9.52726425e+00
 5.21587302e+00 -7.37007874e+00  5.97599628e+00  1.36948403e+01  9.52187855e+00
 5.21587302e+00 -7.23622047e+00  6.10977958e+00  1.36947349e+01  9.51639979e+00
 5.21587302e+00 -7.10236220e+00  6.24357130e+00  1.36946147e+01  9.51086856e+00
 5.21587302e+00 -6.96850394e+00  6.37736338e+00  1.36944375e+01  9.50528428e+00
 5.21587302e+00 -6.83464567e+00  6.51110124e+00  1.36942828e+01  9.49955868e+00
 5.21587302e+00 -6.70078740e+00  6.64481675e+00  1.36941070e+01  9.49374313e+00
 5.21587302e+00 -6.56692913e+00  6.77854499e+00  1.36938764e+01  9.48790255e+00
 5.21587302e+00 -6.43307087e+00  6.91227062e+00  1.36936490e+01  9.48202063e+00
 5.21587302e+00 -6.29921260e+00  7.04599299e+00  1.36934217e+01  9.47602782e+00
 5.21587302e+00 -6.16535433e+00  7.17971710e+00  1.36931990e+01  9.46990873e+00
 5.21587302e+00 -6.03149606e+00  7.31343988e+00  1.36930192e+01  9.46374335e+00
 5.21587302e+00 -5.89763780e+00  7.44712771e+00  1.36928039e+01  9.45752591e+00
 5.21587302e+00 -5.76377953e+00  7.58077572e+00  1.36924946e+01  9.45120495e+00
 5.21587302e+00 -5.62992126e+00  7.71442728e+00  1.36921340e+01  9.44473172e+00
 5.21587302e+00 -5.49606299e+00  7.84805757e+00  1.36917779e+01  9.43815366e+00
 5.21587302e+00 -5.36220472e+00  7.98163701e+00  1.36914150e+01  9.43150985e+00
 5.21587302e+00 -5.22834646e+00  8.11516719e+00  1.36909519e+01  9.42477274e+00
 5.21587302e+00 -5.09448819e+00  8.24863835e+00  1.36904002e+01  9.41790773e+00
 5.21587302e+00 -4.96062992e+00  8.38207763e+00  1.36898371e+01  9.41091504e+00
 5.21587302e+00 -4.82677165e+00  8.51553585e+00  1.36893137e+01  9.40383597e+00
 5.21587302e+00 -4.69291339e+00  8.64885087e+00  1.36885287e+01  9.39665600e+00
 5.21587302e+00 -4.55905512e+00  8.78191547e+00  1.36873348e+01  9.38933228e+00
 5.21587302e+00 -4.42519685e+00  8.91482607e+00  1.36859823e+01  9.38182822e+00
 5.21587302e+00 -4.29133858e+00  9.04776105e+00  1.36847033e+01  9.37420031e+00
 5.21587302e+00 -4.15748031e+00  9.18075083e+00  1.36834768e+01  9.36648355e+00
 5.21587302e+00 -4.02362205e+00  9.31360761e+00  1.36819968e+01  9.35863254e+00
 5.21587302e+00 -3.88976378e+00  9.44633647e+00  1.36802904e+01  9.35060281e+00
 5.21587302e+00 -3.75590551e+00  9.57893467e+00  1.36783925e+01  9.34239849e+00
 5.21587302e+00 -3.62204724e+00  9.71129387e+00  1.36761703e+01  9.33407203e+00
 5.21587302e+00 -3.48818898e+00  9.84346463e+00  1.36736349e+01  9.32554790e+00
 5.21587302e+00 -3.35433071e+00  9.97547757e+00  1.36707649e+01  9.31678932e+00
 5.21587302e+00 -3.22047244e+00  1.01072388e+01  1.36674140e+01  9.30788523e+00
 5.21587302e+00 -3.08661417e+00  1.02387258e+01  1.36635912e+01  9.29880074e+00
 5.21587302e+00 -2.95275591e+00  1.03699400e+01  1.36592900e+01  9.28947571e+00
 5.21587302e+00 -2.81889764e+00  1.05008658e+01  1.36543706e+01  9.27990907e+00
 5.21587302e+00 -2.68503937e+00  1.06315072e+01  1.36488266e+01  9.27011695e+00
 5.21587302e+00 -2.55118110e+00  1.07618734e+01  1.36427126e+01  9.26009769e+00
 5.21587302e+00 -2.41732283e+00  1.08919590e+01  1.36360519e+01  9.24981263e+00
 5.21587302e+00 -2.28346457e+00  1.10217186e+01  1.36287999e+01  9.23930195e+00
 5.21587302e+00 -2.14960630e+00  1.11510818e+01  1.36209190e+01  9.22860922e+00
 5.21587302e+00 -2.01574803e+00  1.12799948e+01  1.36124705e+01  9.21767307e+00
 5.21587302e+00 -1.88188976e+00  1.14087266e+01  1.36034722e+01  9.20647110e+00
 5.21587302e+00 -1.74803150e+00  1.15374199e+01  1.35938159e+01  9.19501547e+00
 5.21587302e+00 -1.61417323e+00  1.16651260e+01  1.35831732e+01  9.18331209e+00
 5.21587302e+00 -1.48031496e+00  1.17923691e+01  1.35717498e+01  9.17134713e+00
 5.21587302e+00 -1.34645669e+00  1.19207484e+01  1.35599419e+01  9.15907901e+00
 5.21587302e+00 -1.21259843e+00  1.20491430e+01  1.35466851e+01  9.14649340e+00
 5.21587302e+00 -1.07874016e+00  1.21760381e+01  1.35320599e+01  9.13356951e+00
 5.21587302e+00 -9.44881890e-01  1.23012249e+01  1.35177652e+01  9.12028146e+00
 5.21587302e+00 -8.11023622e-01  1.24283726e+01  1.35041437e+01  9.10681017e+00
 5.21587302e+00 -6.77165354e-01  1.25607666e+01  1.34913892e+01  9.09329209e+00
 5.21587302e+00 -5.43307087e-01  1.26964225e+01  1.34801335e+01  9.07953587e+00
 5.21587302e+00 -4.09448819e-01  1.28323799e+01  1.34688929e+01  9.06516801e+00
 5.21587302e+00 -2.75590551e-01  1.29674419e+01  1.34563366e+01  9.04996737e+00
 5.21587302e+00 -1.41732283e-01  1.31038644e+01  1.34440209e+01  9.03410804e+00
 5.21587302e+00 -7.87401575e-03  1.32447436e+01  1.34348333e+01  9.01785363e+00
 5.21587302e+00  1.25984252e-01  1.33927250e+01  1.34319734e+01  9.00133726e+00
 5.21587302e+00  2.59842520e-01  1.35484144e+01  1.34378412e+01  8.98444900e+00
 5.21587302e+00  3.93700787e-01  1.37107977e+01  1.34543833e+01  8.96732886e+00
 5.21587302e+00  5.27559055e-01  1.38800235e+01  1.34804250e+01  8.94972162e+00
 5.21587302e+00  6.61417323e-01  1.40575318e+01  1.35129837e+01  8.93140294e+00
 5.21587302e+00  7.95275591e-01  1.42436771e+01  1.35517856e+01  8.91286271e+00
 5.21587302e+00  9.29133858e-01  1.44371399e+01  1.35999479e+01  8.89487617e+00
 5.21587302e+00  1.06299213e+00  1.46374458e+01  1.36582441e+01  8.87766768e+00
 5.21587302e+00  1.19685039e+00  1.48442302e+01  1.37266296e+01  8.86090501e+00
 5.21587302e+00  1.33070866e+00  1.50568037e+01  1.38044605e+01  8.84408239e+00
 5.21587302e+00  1.46456693e+00  1.52733483e+01  1.38888561e+01  8.82700665e+00
 5.21587302e+00  1.59842520e+00  1.54929773e+01  1.39780086e+01  8.80951650e+00
 5.21587302e+00  1.73228346e+00  1.57151915e+01  1.40708060e+01  8.79166588e+00
 5.21587302e+00  1.86614173e+00  1.59403180e+01  1.41662463e+01  8.77329752e+00
 5.21587302e+00  2.00000000e+00  1.61671668e+01  1.42631526e+01  8.75422278e+00
 5.29428571e+00 -1.50000000e+01 -1.57653691e+00  1.37520397e+01  9.76019758e+00
 5.29428571e+00 -1.48661417e+01 -1.44267106e+00  1.37520165e+01  9.75704953e+00
 5.29428571e+00 -1.47322835e+01 -1.30880213e+00  1.37519927e+01  9.75385206e+00
 5.29428571e+00 -1.45984252e+01 -1.17493020e+00  1.37519679e+01  9.75059981e+00
 5.29428571e+00 -1.44645669e+01 -1.04105303e+00  1.37519425e+01  9.74731849e+00
 5.29428571e+00 -1.43307087e+01 -9.07169028e-01  1.37519163e+01  9.74404436e+00
 5.29428571e+00 -1.41968504e+01 -7.73275788e-01  1.37518895e+01  9.74074439e+00
 5.29428571e+00 -1.40629921e+01 -6.39369905e-01  1.37518620e+01  9.73738810e+00
 5.29428571e+00 -1.39291339e+01 -5.05446819e-01  1.37518338e+01  9.73403811e+00
 5.29428571e+00 -1.37952756e+01 -3.71500321e-01  1.37518051e+01  9.73067263e+00
 5.29428571e+00 -1.36614173e+01 -2.37521935e-01  1.37517758e+01  9.72724351e+00
 5.29428571e+00 -1.35275591e+01 -1.03500138e-01  1.37517460e+01  9.72376845e+00
 5.29428571e+00 -1.33937008e+01  3.05806596e-02  1.37517157e+01  9.72027977e+00
 5.29428571e+00 -1.32598425e+01  1.64744462e-01  1.37516848e+01  9.71678512e+00
 5.29428571e+00 -1.31259843e+01  2.98974725e-01  1.37516535e+01  9.71324335e+00
 5.29428571e+00 -1.29921260e+01  4.33073466e-01  1.37516218e+01  9.70968323e+00
 5.29428571e+00 -1.28582677e+01  5.66964100e-01  1.37515898e+01  9.70612940e+00
 5.29428571e+00 -1.27244094e+01  7.00815923e-01  1.37515574e+01  9.70252966e+00
 5.29428571e+00 -1.25905512e+01  8.34671916e-01  1.37515247e+01  9.69888365e+00
 5.29428571e+00 -1.24566929e+01  9.68527847e-01  1.37514918e+01  9.69520082e+00
 5.29428571e+00 -1.23228346e+01  1.10238364e+00  1.37514586e+01  9.69145953e+00
 5.29428571e+00 -1.21889764e+01  1.23623941e+00  1.37514251e+01  9.68770150e+00
 5.29428571e+00 -1.20551181e+01  1.37009512e+00  1.37513913e+01  9.68394898e+00
 5.29428571e+00 -1.19212598e+01  1.50395078e+00  1.37513572e+01  9.68014118e+00
 5.29428571e+00 -1.17874016e+01  1.63780639e+00  1.37513228e+01  9.67632011e+00
 5.29428571e+00 -1.16535433e+01  1.77166194e+00  1.37512881e+01  9.67249991e+00
 5.29428571e+00 -1.15196850e+01  1.90551744e+00  1.37512532e+01  9.66857285e+00
 5.29428571e+00 -1.13858268e+01  2.03937288e+00  1.37512179e+01  9.66460221e+00
 5.29428571e+00 -1.12519685e+01  2.17322826e+00  1.37511823e+01  9.66065289e+00
 5.29428571e+00 -1.11181102e+01  2.30708358e+00  1.37511463e+01  9.65665458e+00
 5.29428571e+00 -1.09842520e+01  2.44093883e+00  1.37511101e+01  9.65260136e+00
 5.29428571e+00 -1.08503937e+01  2.57479401e+00  1.37510735e+01  9.64850966e+00
 5.29428571e+00 -1.07165354e+01  2.70864913e+00  1.37510366e+01  9.64437413e+00
 5.29428571e+00 -1.05826772e+01  2.84250417e+00  1.37509994e+01  9.64018608e+00
 5.29428571e+00 -1.04488189e+01  2.97635914e+00  1.37509618e+01  9.63596299e+00
 5.29428571e+00 -1.03149606e+01  3.11021406e+00  1.37509241e+01  9.63174839e+00
 5.29428571e+00 -1.01811024e+01  3.24406884e+00  1.37508854e+01  9.62747144e+00
 5.29428571e+00 -1.00472441e+01  3.37792356e+00  1.37508468e+01  9.62310624e+00
 5.29428571e+00 -9.91338583e+00  3.51177841e+00  1.37508102e+01  9.61875103e+00
 5.29428571e+00 -9.77952756e+00  3.64563250e+00  1.37507652e+01  9.61435308e+00
 5.29428571e+00 -9.64566929e+00  3.77948694e+00  1.37507251e+01  9.60985358e+00
 5.29428571e+00 -9.51181102e+00  3.91334538e+00  1.37507328e+01  9.60528797e+00
 5.29428571e+00 -9.37795276e+00  4.04720490e+00  1.37507395e+01  9.60071028e+00
 5.29428571e+00 -9.24409449e+00  4.18105961e+00  1.37506924e+01  9.59613719e+00
 5.29428571e+00 -9.11023622e+00  4.31490683e+00  1.37505977e+01  9.59152826e+00
 5.29428571e+00 -8.97637795e+00  4.44876540e+00  1.37505159e+01  9.58686600e+00
 5.29428571e+00 -8.84251969e+00  4.58261939e+00  1.37504791e+01  9.58215650e+00
 5.29428571e+00 -8.70866142e+00  4.71641508e+00  1.37504496e+01  9.57741253e+00
 5.29428571e+00 -8.57480315e+00  4.85023322e+00  1.37503779e+01  9.57257896e+00
 5.29428571e+00 -8.44094488e+00  4.98409298e+00  1.37502744e+01  9.56766665e+00
 5.29428571e+00 -8.30708661e+00  5.11789051e+00  1.37502146e+01  9.56277882e+00
 5.29428571e+00 -8.17322835e+00  5.25170493e+00  1.37501498e+01  9.55782587e+00
 5.29428571e+00 -8.03937008e+00  5.38556029e+00  1.37500463e+01  9.55276369e+00
 5.29428571e+00 -7.90551181e+00  5.51934943e+00  1.37499455e+01  9.54768053e+00
 5.29428571e+00 -7.77165354e+00  5.65315794e+00  1.37498490e+01  9.54252667e+00
 5.29428571e+00 -7.63779528e+00  5.78701733e+00  1.37497486e+01  9.53727380e+00
 5.29428571e+00 -7.50393701e+00  5.92082251e+00  1.37496449e+01  9.53197911e+00
 5.29428571e+00 -7.37007874e+00  6.05460607e+00  1.37495433e+01  9.52664745e+00
 5.29428571e+00 -7.23622047e+00  6.18840121e+00  1.37494436e+01  9.52125168e+00
 5.29428571e+00 -7.10236220e+00  6.32218687e+00  1.37493347e+01  9.51576395e+00
 5.29428571e+00 -6.96850394e+00  6.45598067e+00  1.37491978e+01  9.51023114e+00
 5.29428571e+00 -6.83464567e+00  6.58976848e+00  1.37490349e+01  9.50463262e+00
 5.29428571e+00 -6.70078740e+00  6.72349960e+00  1.37488682e+01  9.49887854e+00
 5.29428571e+00 -6.56692913e+00  6.85722077e+00  1.37486802e+01  9.49309623e+00
 5.29428571e+00 -6.43307087e+00  6.99095474e+00  1.37484612e+01  9.48731142e+00
 5.29428571e+00 -6.29921260e+00  7.12467370e+00  1.37482291e+01  9.48137817e+00
 5.29428571e+00 -6.16535433e+00  7.25842723e+00  1.37480161e+01  9.47532418e+00
 5.29428571e+00 -6.03149606e+00  7.39221087e+00  1.37478384e+01  9.46920314e+00
 5.29428571e+00 -5.89763780e+00  7.52594313e+00  1.37476754e+01  9.46302801e+00
 5.29428571e+00 -5.76377953e+00  7.65961900e+00  1.37474483e+01  9.45679141e+00
 5.29428571e+00 -5.62992126e+00  7.79326949e+00  1.37471328e+01  9.45045612e+00
 5.29428571e+00 -5.49606299e+00  7.92692571e+00  1.37467832e+01  9.44397556e+00
 5.29428571e+00 -5.36220472e+00  8.06055723e+00  1.37464365e+01  9.43738881e+00
 5.29428571e+00 -5.22834646e+00  8.19412886e+00  1.37460606e+01  9.43072584e+00
 5.29428571e+00 -5.09448819e+00  8.32764125e+00  1.37455838e+01  9.42397253e+00
 5.29428571e+00 -4.96062992e+00  8.46118546e+00  1.37450732e+01  9.41709223e+00
 5.29428571e+00 -4.82677165e+00  8.59475203e+00  1.37445591e+01  9.41008742e+00
 5.29428571e+00 -4.69291339e+00  8.72819293e+00  1.37439490e+01  9.40299752e+00
 5.29428571e+00 -4.55905512e+00  8.86137821e+00  1.37430013e+01  9.39580133e+00
 5.29428571e+00 -4.42519685e+00  8.99442756e+00  1.37418048e+01  9.38847190e+00
 5.29428571e+00 -4.29133858e+00  9.12762610e+00  1.37407450e+01  9.38099871e+00
 5.29428571e+00 -4.15748031e+00  9.26080800e+00  1.37397126e+01  9.37339026e+00
 5.29428571e+00 -4.02362205e+00  9.39384871e+00  1.37385384e+01  9.36565590e+00
 5.29428571e+00 -3.88976378e+00  9.52679955e+00  1.37371689e+01  9.35779011e+00
 5.29428571e+00 -3.75590551e+00  9.65963266e+00  1.37356316e+01  9.34974821e+00
 5.29428571e+00 -3.62204724e+00  9.79233508e+00  1.37338967e+01  9.34153731e+00
 5.29428571e+00 -3.48818898e+00  9.92492724e+00  1.37318741e+01  9.33320675e+00
 5.29428571e+00 -3.35433071e+00  1.00573703e+01  1.37296156e+01  9.32467254e+00
 5.29428571e+00 -3.22047244e+00  1.01896030e+01  1.37271133e+01  9.31592404e+00
 5.29428571e+00 -3.08661417e+00  1.03215829e+01  1.37242457e+01  9.30705116e+00
 5.29428571e+00 -2.95275591e+00  1.04533824e+01  1.37209355e+01  9.29797503e+00
 5.29428571e+00 -2.81889764e+00  1.05849964e+01  1.37171535e+01  9.28866076e+00
 5.29428571e+00 -2.68503937e+00  1.07162968e+01  1.37128975e+01  9.27917673e+00
 5.29428571e+00 -2.55118110e+00  1.08472737e+01  1.37080805e+01  9.26945765e+00
 5.29428571e+00 -2.41732283e+00  1.09779931e+01  1.37026588e+01  9.25946144e+00
 5.29428571e+00 -2.28346457e+00  1.11085185e+01  1.36966796e+01  9.24924030e+00
 5.29428571e+00 -2.14960630e+00  1.12386002e+01  1.36900937e+01  9.23878784e+00
 5.29428571e+00 -2.01574803e+00  1.13682180e+01  1.36828814e+01  9.22808294e+00
 5.29428571e+00 -1.88188976e+00  1.14978502e+01  1.36751023e+01  9.21711988e+00
 5.29428571e+00 -1.74803150e+00  1.16271211e+01  1.36665983e+01  9.20589107e+00
 5.29428571e+00 -1.61417323e+00  1.17555698e+01  1.36572328e+01  9.19439665e+00
 5.29428571e+00 -1.48031496e+00  1.18835727e+01  1.36471081e+01  9.18264436e+00
 5.29428571e+00 -1.34645669e+00  1.20121054e+01  1.36363102e+01  9.17062472e+00
 5.29428571e+00 -1.21259843e+00  1.21415327e+01  1.36247595e+01  9.15829541e+00
 5.29428571e+00 -1.07874016e+00  1.22693806e+01  1.36119518e+01  9.14558551e+00
 5.29428571e+00 -9.44881890e-01  1.23955888e+01  1.35984059e+01  9.13252115e+00
 5.29428571e+00 -8.11023622e-01  1.25226055e+01  1.35853153e+01  9.11918291e+00
 5.29428571e+00 -6.77165354e-01  1.26530754e+01  1.35730480e+01  9.10564242e+00
 5.29428571e+00 -5.43307087e-01  1.27877081e+01  1.35617779e+01  9.09188192e+00
 5.29428571e+00 -4.09448819e-01  1.29241100e+01  1.35513857e+01  9.07773922e+00
 5.29428571e+00 -2.75590551e-01  1.30599334e+01  1.35408992e+01  9.06295348e+00
 5.29428571e+00 -1.41732283e-01  1.31952863e+01  1.35302407e+01  9.04747161e+00
 5.29428571e+00 -7.87401575e-03  1.33329572e+01  1.35210085e+01  9.03146667e+00
 5.29428571e+00  1.25984252e-01  1.34762137e+01  1.35165518e+01  9.01508372e+00
 5.29428571e+00  2.59842520e-01  1.36264762e+01  1.35198512e+01  8.99845791e+00
 5.29428571e+00  3.93700787e-01  1.37828504e+01  1.35320650e+01  8.98159778e+00
 5.29428571e+00  5.27559055e-01  1.39451158e+01  1.35525697e+01  8.96420914e+00
 5.29428571e+00  6.61417323e-01  1.41150554e+01  1.35791813e+01  8.94631743e+00
 5.29428571e+00  7.95275591e-01  1.42934360e+01  1.36119723e+01  8.92817841e+00
 5.29428571e+00  9.29133858e-01  1.44792599e+01  1.36524839e+01  8.91023489e+00
 5.29428571e+00  1.06299213e+00  1.46721518e+01  1.37021204e+01  8.89281684e+00
 5.29428571e+00  1.19685039e+00  1.48727820e+01  1.37627408e+01  8.87590679e+00
 5.29428571e+00  1.33070866e+00  1.50800226e+01  1.38339444e+01  8.85925657e+00
 5.29428571e+00  1.46456693e+00  1.52920837e+01  1.39128629e+01  8.84248949e+00
 5.29428571e+00  1.59842520e+00  1.55081485e+01  1.39975078e+01  8.82548633e+00
 5.29428571e+00  1.73228346e+00  1.57274122e+01  1.40864651e+01  8.80811869e+00
 5.29428571e+00  1.86614173e+00  1.59501512e+01  1.41787605e+01  8.79025518e+00
 5.29428571e+00  2.00000000e+00  1.61750091e+01  1.42731339e+01  8.77188726e+00
 5.37269841e+00 -1.50000000e+01 -1.49811916e+00  1.38093969e+01  9.76260541e+00
 5.37269841e+00 -1.48661417e+01 -1.36425265e+00  1.38093812e+01  9.75946768e+00
 5.37269841e+00 -1.47322835e+01 -1.23038427e+00  1.38093643e+01  9.75631653e+00
 5.37269841e+00 -1.45984252e+01 -1.09651222e+00  1.38093463e+01  9.75311760e+00
 5.37269841e+00 -1.44645669e+01 -9.62635021e-01  1.38093272e+01  9.74986398e+00
 5.37269841e+00 -1.43307087e+01 -8.28751077e-01  1.38093070e+01  9.74658196e+00
 5.37269841e+00 -1.41968504e+01 -6.94857821e-01  1.38092858e+01  9.74330682e+00
 5.37269841e+00 -1.40629921e+01 -5.60951911e-01  1.38092636e+01  9.73999783e+00
 5.37269841e+00 -1.39291339e+01 -4.27028828e-01  1.38092405e+01  9.73663633e+00
 5.37269841e+00 -1.37952756e+01 -2.93082333e-01  1.38092166e+01  9.73328996e+00
 5.37269841e+00 -1.36614173e+01 -1.59103941e-01  1.38091917e+01  9.72992111e+00
 5.37269841e+00 -1.35275591e+01 -2.50821695e-02  1.38091661e+01  9.72648359e+00
 5.37269841e+00 -1.33937008e+01  1.08998869e-01  1.38091397e+01  9.72300383e+00
 5.37269841e+00 -1.32598425e+01  2.43159996e-01  1.38091125e+01  9.71951367e+00
 5.37269841e+00 -1.31259843e+01  3.77401662e-01  1.38090847e+01  9.71601353e+00
 5.37269841e+00 -1.29921260e+01  5.11522628e-01  1.38090563e+01  9.71246976e+00
 5.37269841e+00 -1.28582677e+01  6.45417191e-01  1.38090273e+01  9.70891546e+00
 5.37269841e+00 -1.27244094e+01  7.79271564e-01  1.38089980e+01  9.70535965e+00
 5.37269841e+00 -1.25905512e+01  9.13128074e-01  1.38089685e+01  9.70175357e+00
 5.37269841e+00 -1.24566929e+01  1.04698426e+00  1.38089386e+01  9.69810317e+00
 5.37269841e+00 -1.23228346e+01  1.18084039e+00  1.38089084e+01  9.69441416e+00
 5.37269841e+00 -1.21889764e+01  1.31469652e+00  1.38088780e+01  9.69066818e+00
 5.37269841e+00 -1.20551181e+01  1.44855261e+00  1.38088472e+01  9.68691142e+00
 5.37269841e+00 -1.19212598e+01  1.58240864e+00  1.38088162e+01  9.68315512e+00
 5.37269841e+00 -1.17874016e+01  1.71626461e+00  1.38087848e+01  9.67934252e+00
 5.37269841e+00 -1.16535433e+01  1.85012054e+00  1.38087531e+01  9.67552345e+00
 5.37269841e+00 -1.15196850e+01  1.98397641e+00  1.38087211e+01  9.67169532e+00
 5.37269841e+00 -1.13858268e+01  2.11783221e+00  1.38086888e+01  9.66775712e+00
 5.37269841e+00 -1.12519685e+01  2.25168797e+00  1.38086562e+01  9.66378849e+00
 5.37269841e+00 -1.11181102e+01  2.38554370e+00  1.38086232e+01  9.65983735e+00
 5.37269841e+00 -1.09842520e+01  2.51939936e+00  1.38085899e+01  9.65583162e+00
 5.37269841e+00 -1.08503937e+01  2.65325494e+00  1.38085562e+01  9.65177341e+00
 5.37269841e+00 -1.07165354e+01  2.78711047e+00  1.38085222e+01  9.64767707e+00
 5.37269841e+00 -1.05826772e+01  2.92096593e+00  1.38084878e+01  9.64353535e+00
 5.37269841e+00 -1.04488189e+01  3.05482131e+00  1.38084531e+01  9.63934196e+00
 5.37269841e+00 -1.03149606e+01  3.18867661e+00  1.38084180e+01  9.63511875e+00
 5.37269841e+00 -1.01811024e+01  3.32253190e+00  1.38083825e+01  9.63090058e+00
 5.37269841e+00 -1.00472441e+01  3.45638703e+00  1.38083468e+01  9.62661449e+00
 5.37269841e+00 -9.91338583e+00  3.59024214e+00  1.38083105e+01  9.62224544e+00
 5.37269841e+00 -9.77952756e+00  3.72409743e+00  1.38082730e+01  9.61787658e+00
 5.37269841e+00 -9.64566929e+00  3.85795147e+00  1.38082388e+01  9.61351087e+00
 5.37269841e+00 -9.51181102e+00  3.99180435e+00  1.38082063e+01  9.60912928e+00
 5.37269841e+00 -9.37795276e+00  4.12565820e+00  1.38081678e+01  9.60471176e+00
 5.37269841e+00 -9.24409449e+00  4.25951350e+00  1.38081331e+01  9.60020630e+00
 5.37269841e+00 -9.11023622e+00  4.39336958e+00  1.38080865e+01  9.59561468e+00
 5.37269841e+00 -8.97637795e+00  4.52722611e+00  1.38079975e+01  9.59099539e+00
 5.37269841e+00 -8.84251969e+00  4.66108673e+00  1.38079244e+01  9.58633184e+00
 5.37269841e+00 -8.70866142e+00  4.79493033e+00  1.38078923e+01  9.58161724e+00
 5.37269841e+00 -8.57480315e+00  4.92872774e+00  1.38078584e+01  9.57686518e+00
 5.37269841e+00 -8.44094488e+00  5.06254099e+00  1.38077799e+01  9.57202006e+00
 5.37269841e+00 -8.30708661e+00  5.19640001e+00  1.38076846e+01  9.56710681e+00
 5.37269841e+00 -8.17322835e+00  5.33026775e+00  1.38076422e+01  9.56221536e+00
 5.37269841e+00 -8.03937008e+00  5.46409295e+00  1.38075786e+01  9.55724822e+00
 5.37269841e+00 -7.90551181e+00  5.59787558e+00  1.38074702e+01  9.55218248e+00
 5.37269841e+00 -7.77165354e+00  5.73166741e+00  1.38073728e+01  9.54709552e+00
 5.37269841e+00 -7.63779528e+00  5.86549608e+00  1.38072716e+01  9.54192858e+00
 5.37269841e+00 -7.50393701e+00  5.99933701e+00  1.38071607e+01  9.53666802e+00
 5.37269841e+00 -7.37007874e+00  6.13313795e+00  1.38070579e+01  9.53137054e+00
 5.37269841e+00 -7.23622047e+00  6.26692236e+00  1.38069560e+01  9.52603299e+00
 5.37269841e+00 -7.10236220e+00  6.40071417e+00  1.38068570e+01  9.52062615e+00
 5.37269841e+00 -6.96850394e+00  6.53451264e+00  1.38067640e+01  9.51512964e+00
 5.37269841e+00 -6.83464567e+00  6.66829739e+00  1.38066265e+01  9.50959231e+00
 5.37269841e+00 -6.70078740e+00  6.80207941e+00  1.38064488e+01  9.50397848e+00
 5.37269841e+00 -6.56692913e+00  6.93587922e+00  1.38062844e+01  9.49821257e+00
 5.37269841e+00 -6.43307087e+00  7.06962573e+00  1.38061187e+01  9.49243514e+00
 5.37269841e+00 -6.29921260e+00  7.20334760e+00  1.38059426e+01  9.48663326e+00
 5.37269841e+00 -6.16535433e+00  7.33713731e+00  1.38057681e+01  9.48066808e+00
 5.37269841e+00 -6.03149606e+00  7.47090098e+00  1.38056036e+01  9.47464905e+00
 5.37269841e+00 -5.89763780e+00  7.60461163e+00  1.38054282e+01  9.46857227e+00
 5.37269841e+00 -5.76377953e+00  7.73832975e+00  1.38052045e+01  9.46233502e+00
 5.37269841e+00 -5.62992126e+00  7.87205944e+00  1.38049333e+01  9.45604619e+00
 5.37269841e+00 -5.49606299e+00  8.00577305e+00  1.38046193e+01  9.44970415e+00
 5.37269841e+00 -5.36220472e+00  8.13943546e+00  1.38042697e+01  9.44320787e+00
 5.37269841e+00 -5.22834646e+00  8.27304365e+00  1.38039124e+01  9.43661049e+00
 5.37269841e+00 -5.09448819e+00  8.40661811e+00  1.38035288e+01  9.42993670e+00
 5.37269841e+00 -4.96062992e+00  8.54019648e+00  1.38030870e+01  9.42316581e+00
 5.37269841e+00 -4.82677165e+00  8.67381597e+00  1.38026550e+01  9.41631117e+00
 5.37269841e+00 -4.69291339e+00  8.80733920e+00  1.38021124e+01  9.40933654e+00
 5.37269841e+00 -4.55905512e+00  8.94060333e+00  1.38012715e+01  9.40219222e+00
 5.37269841e+00 -4.42519685e+00  9.07385684e+00  1.38003244e+01  9.39494516e+00
 5.37269841e+00 -4.29133858e+00  9.20718897e+00  1.37994142e+01  9.38759816e+00
 5.37269841e+00 -4.15748031e+00  9.34049145e+00  1.37985277e+01  9.38010052e+00
 5.37269841e+00 -4.02362205e+00  9.47371452e+00  1.37975143e+01  9.37247827e+00
 5.37269841e+00 -3.88976378e+00  9.60682905e+00  1.37963515e+01  9.36472948e+00
 5.37269841e+00 -3.75590551e+00  9.73983115e+00  1.37951034e+01  9.35683107e+00
 5.37269841e+00 -3.62204724e+00  9.87277833e+00  1.37936712e+01  9.34881607e+00
 5.37269841e+00 -3.48818898e+00  1.00056439e+01  1.37920248e+01  9.34064207e+00
 5.37269841e+00 -3.35433071e+00  1.01383466e+01  1.37902004e+01  9.33223574e+00
 5.37269841e+00 -3.22047244e+00  1.02709106e+01  1.37881415e+01  9.32368002e+00
 5.37269841e+00 -3.08661417e+00  1.04033298e+01  1.37858090e+01  9.31498670e+00
 5.37269841e+00 -2.95275591e+00  1.05355621e+01  1.37831857e+01  9.30609725e+00
 5.37269841e+00 -2.81889764e+00  1.06676136e+01  1.37802067e+01  9.29704449e+00
 5.37269841e+00 -2.68503937e+00  1.07994466e+01  1.37768375e+01  9.28779131e+00
 5.37269841e+00 -2.55118110e+00  1.09310071e+01  1.37730611e+01  9.27825461e+00
 5.37269841e+00 -2.41732283e+00  1.10623827e+01  1.37687691e+01  9.26851569e+00
 5.37269841e+00 -2.28346457e+00  1.11935358e+01  1.37639066e+01  9.25858326e+00
 5.37269841e+00 -2.14960630e+00  1.13243019e+01  1.37584924e+01  9.24837365e+00
 5.37269841e+00 -2.01574803e+00  1.14547155e+01  1.37524857e+01  9.23793071e+00
 5.37269841e+00 -1.88188976e+00  1.15849181e+01  1.37458897e+01  9.22726384e+00
 5.37269841e+00 -1.74803150e+00  1.17149845e+01  1.37387353e+01  9.21630192e+00
 5.37269841e+00 -1.61417323e+00  1.18442992e+01  1.37307697e+01  9.20502479e+00
 5.37269841e+00 -1.48031496e+00  1.19729657e+01  1.37218836e+01  9.19347481e+00
 5.37269841e+00 -1.34645669e+00  1.21022891e+01  1.37123363e+01  9.18172342e+00
 5.37269841e+00 -1.21259843e+00  1.22319360e+01  1.37024610e+01  9.16967924e+00
 5.37269841e+00 -1.07874016e+00  1.23608882e+01  1.36918110e+01  9.15723380e+00
 5.37269841e+00 -9.44881890e-01  1.24885762e+01  1.36789482e+01  9.14439493e+00
 5.37269841e+00 -8.11023622e-01  1.26158413e+01  1.36659873e+01  9.13125635e+00
 5.37269841e+00 -6.77165354e-01  1.27445863e+01  1.36553331e+01  9.11790765e+00
 5.37269841e+00 -5.43307087e-01  1.28773969e+01  1.36452579e+01  9.10432859e+00
 5.37269841e+00 -4.09448819e-01  1.30136156e+01  1.36354030e+01  9.09040982e+00
 5.37269841e+00 -2.75590551e-01  1.31499190e+01  1.36264418e+01  9.07598457e+00
 5.37269841e+00 -1.41732283e-01  1.32851944e+01  1.36171171e+01  9.06087130e+00
 5.37269841e+00 -7.87401575e-03  1.34210886e+01  1.36083144e+01  9.04510055e+00
 5.37269841e+00  1.25984252e-01  1.35606855e+01  1.36027931e+01  9.02887256e+00
 5.37269841e+00  2.59842520e-01  1.37064155e+01  1.36035838e+01  9.01248061e+00
 5.37269841e+00  3.93700787e-01  1.38577731e+01  1.36121639e+01  8.99584134e+00
 5.37269841e+00  5.27559055e-01  1.40140864e+01  1.36278511e+01  8.97874905e+00
 5.37269841e+00  6.61417323e-01  1.41773134e+01  1.36492697e+01  8.96122196e+00
 5.37269841e+00  7.95275591e-01  1.43482876e+01  1.36764385e+01  8.94345044e+00
 5.37269841e+00  9.29133858e-01  1.45263767e+01  1.37098266e+01  8.92564844e+00
 5.37269841e+00  1.06299213e+00  1.47118659e+01  1.37513876e+01  8.90811518e+00
 5.37269841e+00  1.19685039e+00  1.49055966e+01  1.38040224e+01  8.89109357e+00
 5.37269841e+00  1.33070866e+00  1.51068445e+01  1.38678651e+01  8.87438134e+00
 5.37269841e+00  1.46456693e+00  1.53139486e+01  1.39404485e+01  8.85769333e+00
 5.37269841e+00  1.59842520e+00  1.55258242e+01  1.40197814e+01  8.84093672e+00
 5.37269841e+00  1.73228346e+00  1.57417388e+01  1.41045059e+01  8.82393149e+00
 5.37269841e+00  1.86614173e+00  1.59617160e+01  1.41932711e+01  8.80663895e+00
 5.37269841e+00  2.00000000e+00  1.61842428e+01  1.42847090e+01  8.78887404e+00
 5.45111111e+00 -1.50000000e+01 -1.41962644e+00  1.38692824e+01  9.76550863e+00
 5.45111111e+00 -1.48661417e+01 -1.28576040e+00  1.38692760e+01  9.76237145e+00
 5.45111111e+00 -1.47322835e+01 -1.15189214e+00  1.38692679e+01  9.75923951e+00
 5.45111111e+00 -1.45984252e+01 -1.01801997e+00  1.38692581e+01  9.75608523e+00
 5.45111111e+00 -1.44645669e+01 -8.84142701e-01  1.38692467e+01  9.75287797e+00
 5.45111111e+00 -1.43307087e+01 -7.50258722e-01  1.38692337e+01  9.74962149e+00
 5.45111111e+00 -1.41968504e+01 -6.16365566e-01  1.38692193e+01  9.74634138e+00
 5.45111111e+00 -1.40629921e+01 -4.82459702e-01  1.38692035e+01  9.74306629e+00
 5.45111111e+00 -1.39291339e+01 -3.48536596e-01  1.38691863e+01  9.73974986e+00
 5.45111111e+00 -1.37952756e+01 -2.14590100e-01  1.38691679e+01  9.73638528e+00
 5.45111111e+00 -1.36614173e+01 -8.06117412e-02  1.38691482e+01  9.73303921e+00
 5.45111111e+00 -1.35275591e+01  5.34101198e-02  1.38691275e+01  9.72966235e+00
 5.45111111e+00 -1.33937008e+01  1.87491005e-01  1.38691056e+01  9.72621641e+00
 5.45111111e+00 -1.32598425e+01  3.21652953e-01  1.38690827e+01  9.72273224e+00
 5.45111111e+00 -1.31259843e+01  4.55902683e-01  1.38690589e+01  9.71924003e+00
 5.45111111e+00 -1.29921260e+01  5.90038111e-01  1.38690342e+01  9.71573868e+00
 5.45111111e+00 -1.28582677e+01  7.23938228e-01  1.38690088e+01  9.71219633e+00
 5.45111111e+00 -1.27244094e+01  8.57796168e-01  1.38689830e+01  9.70864342e+00
 5.45111111e+00 -1.25905512e+01  9.91652526e-01  1.38689570e+01  9.70508404e+00
 5.45111111e+00 -1.24566929e+01  1.12550919e+00  1.38689306e+01  9.70147193e+00
 5.45111111e+00 -1.23228346e+01  1.25936569e+00  1.38689039e+01  9.69781709e+00
 5.45111111e+00 -1.21889764e+01  1.39322205e+00  1.38688770e+01  9.69412163e+00
 5.45111111e+00 -1.20551181e+01  1.52707846e+00  1.38688498e+01  9.69037167e+00
 5.45111111e+00 -1.19212598e+01  1.66093485e+00  1.38688222e+01  9.68661610e+00
 5.45111111e+00 -1.17874016e+01  1.79479118e+00  1.38687944e+01  9.68285532e+00
 5.45111111e+00 -1.16535433e+01  1.92864745e+00  1.38687662e+01  9.67903873e+00
 5.45111111e+00 -1.15196850e+01  2.06250376e+00  1.38687377e+01  9.67522133e+00
 5.45111111e+00 -1.13858268e+01  2.19636003e+00  1.38687089e+01  9.67138385e+00
 5.45111111e+00 -1.12519685e+01  2.33021610e+00  1.38686798e+01  9.66743588e+00
 5.45111111e+00 -1.11181102e+01  2.46407214e+00  1.38686504e+01  9.66346995e+00
 5.45111111e+00 -1.09842520e+01  2.59792820e+00  1.38686206e+01  9.65951588e+00
 5.45111111e+00 -1.08503937e+01  2.73178419e+00  1.38685904e+01  9.65550268e+00
 5.45111111e+00 -1.07165354e+01  2.86564011e+00  1.38685599e+01  9.65143978e+00
 5.45111111e+00 -1.05826772e+01  2.99949599e+00  1.38685291e+01  9.64733857e+00
 5.45111111e+00 -1.04488189e+01  3.13335191e+00  1.38684978e+01  9.64319040e+00
 5.45111111e+00 -1.03149606e+01  3.26720764e+00  1.38684662e+01  9.63899247e+00
 5.45111111e+00 -1.01811024e+01  3.40106324e+00  1.38684343e+01  9.63476941e+00
 5.45111111e+00 -1.00472441e+01  3.53491893e+00  1.38684019e+01  9.63054622e+00
 5.45111111e+00 -9.91338583e+00  3.66877419e+00  1.38683692e+01  9.62625343e+00
 5.45111111e+00 -9.77952756e+00  3.80262990e+00  1.38683360e+01  9.62187749e+00
 5.45111111e+00 -9.64566929e+00  3.93648686e+00  1.38683015e+01  9.61747093e+00
 5.45111111e+00 -9.51181102e+00  4.07034064e+00  1.38682639e+01  9.61304737e+00
 5.45111111e+00 -9.37795276e+00  4.20419818e+00  1.38682321e+01  9.60862122e+00
 5.45111111e+00 -9.24409449e+00  4.33806166e+00  1.38682079e+01  9.60419314e+00
 5.45111111e+00 -9.11023622e+00  4.47187781e+00  1.38681343e+01  9.59968235e+00
 5.45111111e+00 -8.97637795e+00  4.60567661e+00  1.38680376e+01  9.59508530e+00
 5.45111111e+00 -8.84251969e+00  4.73953519e+00  1.38679969e+01  9.59046209e+00
 5.45111111e+00 -8.70866142e+00  4.87339418e+00  1.38679712e+01  9.58579298e+00
 5.45111111e+00 -8.57480315e+00  5.00724140e+00  1.38679377e+01  9.58107362e+00
 5.45111111e+00 -8.44094488e+00  5.14110448e+00  1.38679003e+01  9.57631081e+00
 5.45111111e+00 -8.30708661e+00  5.27491920e+00  1.38678230e+01  9.57145426e+00
 5.45111111e+00 -8.17322835e+00  5.40871892e+00  1.38677335e+01  9.56654356e+00
 5.45111111e+00 -8.03937008e+00  5.54257925e+00  1.38676853e+01  9.56164987e+00
 5.45111111e+00 -7.90551181e+00  5.67639328e+00  1.38676144e+01  9.55666877e+00
 5.45111111e+00 -7.77165354e+00  5.81018381e+00  1.38675053e+01  9.55159787e+00
 5.45111111e+00 -7.63779528e+00  5.94404435e+00  1.38674018e+01  9.54650466e+00
 5.45111111e+00 -7.50393701e+00  6.07785914e+00  1.38673398e+01  9.54131906e+00
 5.45111111e+00 -7.37007874e+00  6.21164683e+00  1.38672938e+01  9.53604711e+00
 5.45111111e+00 -7.23622047e+00  6.34550317e+00  1.38672055e+01  9.53075144e+00
 5.45111111e+00 -7.10236220e+00  6.47932807e+00  1.38670681e+01  9.52541060e+00
 5.45111111e+00 -6.96850394e+00  6.61310876e+00  1.38669169e+01  9.51999243e+00
 5.45111111e+00 -6.83464567e+00  6.74690410e+00  1.38667960e+01  9.51448906e+00
 5.45111111e+00 -6.70078740e+00  6.88069417e+00  1.38667001e+01  9.50894488e+00
 5.45111111e+00 -6.56692913e+00  7.01448253e+00  1.38665860e+01  9.50331315e+00
 5.45111111e+00 -6.43307087e+00  7.14827840e+00  1.38664198e+01  9.49753990e+00
 5.45111111e+00 -6.29921260e+00  7.28202860e+00  1.38662527e+01  9.49176009e+00
 5.45111111e+00 -6.16535433e+00  7.41576706e+00  1.38660932e+01  9.48594098e+00
 5.45111111e+00 -6.03149606e+00  7.54955070e+00  1.38659208e+01  9.47997397e+00
 5.45111111e+00 -5.89763780e+00  7.68330111e+00  1.38657521e+01  9.47395135e+00
 5.45111111e+00 -5.76377953e+00  7.81701517e+00  1.38655715e+01  9.46785282e+00
 5.45111111e+00 -5.62992126e+00  7.95074143e+00  1.38653440e+01  9.46161139e+00
 5.45111111e+00 -5.49606299e+00  8.08447122e+00  1.38650602e+01  9.45531858e+00
 5.45111111e+00 -5.36220472e+00  8.21817467e+00  1.38647518e+01  9.44895247e+00
 5.45111111e+00 -5.22834646e+00  8.35183162e+00  1.38644520e+01  9.44243974e+00
 5.45111111e+00 -5.09448819e+00  8.48546939e+00  1.38641279e+01  9.43583292e+00
 5.45111111e+00 -4.96062992e+00  8.61912639e+00  1.38637497e+01  9.42914458e+00
 5.45111111e+00 -4.82677165e+00  8.75278780e+00  1.38633109e+01  9.42236155e+00
 5.45111111e+00 -4.69291339e+00  8.88630882e+00  1.38628291e+01  9.41550755e+00
 5.45111111e+00 -4.55905512e+00  9.01971443e+00  1.38621840e+01  9.40851842e+00
 5.45111111e+00 -4.42519685e+00  9.15311382e+00  1.38613198e+01  9.40133659e+00
 5.45111111e+00 -4.29133858e+00  9.28650070e+00  1.38605643e+01  9.39407519e+00
 5.45111111e+00 -4.15748031e+00  9.41988002e+00  1.38598599e+01  9.38671401e+00
 5.45111111e+00 -4.02362205e+00  9.55324759e+00  1.38589682e+01  9.37918688e+00
 5.45111111e+00 -3.88976378e+00  9.68652799e+00  1.38579632e+01  9.37158058e+00
 5.45111111e+00 -3.75590551e+00  9.81969862e+00  1.38568809e+01  9.36387228e+00
 5.45111111e+00 -3.62204724e+00  9.95278254e+00  1.38556876e+01  9.35597741e+00
 5.45111111e+00 -3.48818898e+00  1.00858054e+01  1.38543269e+01  9.34788948e+00
 5.45111111e+00 -3.35433071e+00  1.02187511e+01  1.38527848e+01  9.33964652e+00
 5.45111111e+00 -3.22047244e+00  1.03515847e+01  1.38510684e+01  9.33127717e+00
 5.45111111e+00 -3.08661417e+00  1.04842966e+01  1.38491560e+01  9.32273192e+00
 5.45111111e+00 -2.95275591e+00  1.06168704e+01  1.38470009e+01  9.31400520e+00
 5.45111111e+00 -2.81889764e+00  1.07492804e+01  1.38445587e+01  9.30511604e+00
 5.45111111e+00 -2.68503937e+00  1.08814977e+01  1.38418267e+01  9.29604328e+00
 5.45111111e+00 -2.55118110e+00  1.10135403e+01  1.38387664e+01  9.28677098e+00
 5.45111111e+00 -2.41732283e+00  1.11454280e+01  1.38353099e+01  9.27727860e+00
 5.45111111e+00 -2.28346457e+00  1.12770874e+01  1.38313960e+01  9.26751318e+00
 5.45111111e+00 -2.14960630e+00  1.14084511e+01  1.38269628e+01  9.25751425e+00
 5.45111111e+00 -2.01574803e+00  1.15395177e+01  1.38219848e+01  9.24735126e+00
 5.45111111e+00 -1.88188976e+00  1.16704269e+01  1.38165460e+01  9.23693839e+00
 5.45111111e+00 -1.74803150e+00  1.18010751e+01  1.38105406e+01  9.22622041e+00
 5.45111111e+00 -1.61417323e+00  1.19312089e+01  1.38037588e+01  9.21520980e+00
 5.45111111e+00 -1.48031496e+00  1.20609417e+01  1.37963096e+01  9.20395138e+00
 5.45111111e+00 -1.34645669e+00  1.21906031e+01  1.37882621e+01  9.19244471e+00
 5.45111111e+00 -1.21259843e+00  1.23205419e+01  1.37795733e+01  9.18063861e+00
 5.45111111e+00 -1.07874016e+00  1.24504911e+01  1.37702753e+01  9.16851375e+00
 5.45111111e+00 -9.44881890e-01  1.25796200e+01  1.37598742e+01  9.15602543e+00
 5.45111111e+00 -8.11023622e-01  1.27071575e+01  1.37477670e+01  9.14311867e+00
 5.45111111e+00 -6.77165354e-01  1.28355719e+01  1.37367549e+01  9.12993114e+00
 5.45111111e+00 -5.43307087e-01  1.29674984e+01  1.37284496e+01  9.11656233e+00
 5.45111111e+00 -4.09448819e-01  1.31029578e+01  1.37200508e+01  9.10292046e+00
 5.45111111e+00 -2.75590551e-01  1.32394077e+01  1.37115746e+01  9.08880295e+00
 5.45111111e+00 -1.41732283e-01  1.33746581e+01  1.37038547e+01  9.07406245e+00
 5.45111111e+00 -7.87401575e-03  1.35094642e+01  1.36964392e+01  9.05870628e+00
 5.45111111e+00  1.25984252e-01  1.36465639e+01  1.36907233e+01  9.04282978e+00
 5.45111111e+00  2.59842520e-01  1.37882938e+01  1.36891509e+01  9.02654624e+00
 5.45111111e+00  3.93700787e-01  1.39348837e+01  1.36940073e+01  9.00997029e+00
 5.45111111e+00  5.27559055e-01  1.40865084e+01  1.37055423e+01  8.99317152e+00
 5.45111111e+00  6.61417323e-01  1.42439299e+01  1.37227352e+01  8.97607261e+00
 5.45111111e+00  7.95275591e-01  1.44079950e+01  1.37446265e+01  8.95860093e+00
 5.45111111e+00  9.29133858e-01  1.45786974e+01  1.37716322e+01  8.94096661e+00
 5.45111111e+00  1.06299213e+00  1.47567101e+01  1.38058778e+01  8.92347107e+00
 5.45111111e+00  1.19685039e+00  1.49433357e+01  1.38507007e+01  8.90644841e+00
 5.45111111e+00  1.33070866e+00  1.51380446e+01  1.39068270e+01  8.88966166e+00
 5.45111111e+00  1.46456693e+00  1.53394420e+01  1.39723216e+01  8.87293976e+00
 5.45111111e+00  1.59842520e+00  1.55464485e+01  1.40456036e+01  8.85623078e+00
 5.45111111e+00  1.73228346e+00  1.57584790e+01  1.41253595e+01  8.83937570e+00
 5.45111111e+00  1.86614173e+00  1.59752934e+01  1.42100412e+01  8.82240545e+00
 5.45111111e+00  2.00000000e+00  1.61952021e+01  1.42982804e+01  8.80512467e+00
 5.52952381e+00 -1.50000000e+01 -1.34119787e+00  1.39314195e+01  9.76822791e+00
 5.52952381e+00 -1.48661417e+01 -1.20733225e+00  1.39314312e+01  9.76508707e+00
 5.52952381e+00 -1.47322835e+01 -1.07346375e+00  1.39314397e+01  9.76195281e+00
 5.52952381e+00 -1.45984252e+01 -9.39591813e-01  1.39314452e+01  9.75881871e+00
 5.52952381e+00 -1.44645669e+01 -8.05715014e-01  1.39314477e+01  9.75566255e+00
 5.52952381e+00 -1.43307087e+01 -6.71830744e-01  1.39314474e+01  9.75245503e+00
 5.52952381e+00 -1.41968504e+01 -5.37937202e-01  1.39314444e+01  9.74919536e+00
 5.52952381e+00 -1.40629921e+01 -4.04031385e-01  1.39314389e+01  9.74591350e+00
 5.52952381e+00 -1.39291339e+01 -2.70108335e-01  1.39314310e+01  9.74263774e+00
 5.52952381e+00 -1.37952756e+01 -1.36161753e-01  1.39314209e+01  9.73931462e+00
 5.52952381e+00 -1.36614173e+01 -2.18341528e-03  1.39314086e+01  9.73594922e+00
 5.52952381e+00 -1.35275591e+01  1.31837951e-01  1.39313944e+01  9.73260297e+00
 5.52952381e+00 -1.33937008e+01  2.65918747e-01  1.39313784e+01  9.72921716e+00
 5.52952381e+00 -1.32598425e+01  4.00082024e-01  1.39313607e+01  9.72576279e+00
 5.52952381e+00 -1.31259843e+01  5.34335588e-01  1.39313415e+01  9.72227409e+00
 5.52952381e+00 -1.29921260e+01  6.68487861e-01  1.39313210e+01  9.71878453e+00
 5.52952381e+00 -1.28582677e+01  8.02395678e-01  1.39312994e+01  9.71528524e+00
 5.52952381e+00 -1.27244094e+01  9.36251545e-01  1.39312771e+01  9.71174018e+00
 5.52952381e+00 -1.25905512e+01  1.07010782e+00  1.39312547e+01  9.70818725e+00
 5.52952381e+00 -1.24566929e+01  1.20396446e+00  1.39312320e+01  9.70462346e+00
 5.52952381e+00 -1.23228346e+01  1.33782160e+00  1.39312090e+01  9.70100570e+00
 5.52952381e+00 -1.21889764e+01  1.47167863e+00  1.39311857e+01  9.69734656e+00
 5.52952381e+00 -1.20551181e+01  1.60553530e+00  1.39311622e+01  9.69364470e+00
 5.52952381e+00 -1.19212598e+01  1.73939198e+00  1.39311384e+01  9.68989162e+00
 5.52952381e+00 -1.17874016e+01  1.87324873e+00  1.39311143e+01  9.68613695e+00
 5.52952381e+00 -1.16535433e+01  2.00710529e+00  1.39310899e+01  9.68237113e+00
 5.52952381e+00 -1.15196850e+01  2.14096146e+00  1.39310652e+01  9.67855157e+00
 5.52952381e+00 -1.13858268e+01  2.27481805e+00  1.39310402e+01  9.67473495e+00
 5.52952381e+00 -1.12519685e+01  2.40867496e+00  1.39310149e+01  9.67088658e+00
 5.52952381e+00 -1.11181102e+01  2.54253146e+00  1.39309892e+01  9.66693061e+00
 5.52952381e+00 -1.09842520e+01  2.67638779e+00  1.39309633e+01  9.66296787e+00
 5.52952381e+00 -1.08503937e+01  2.81024420e+00  1.39309370e+01  9.65900989e+00
 5.52952381e+00 -1.07165354e+01  2.94410058e+00  1.39309103e+01  9.65498945e+00
 5.52952381e+00 -1.05826772e+01  3.07795654e+00  1.39308834e+01  9.65092235e+00
 5.52952381e+00 -1.04488189e+01  3.21181249e+00  1.39308560e+01  9.64681628e+00
 5.52952381e+00 -1.03149606e+01  3.34566902e+00  1.39308283e+01  9.64266127e+00
 5.52952381e+00 -1.01811024e+01  3.47952528e+00  1.39308003e+01  9.63845770e+00
 5.52952381e+00 -1.00472441e+01  3.61338133e+00  1.39307718e+01  9.63423621e+00
 5.52952381e+00 -9.91338583e+00  3.74723751e+00  1.39307429e+01  9.63001121e+00
 5.52952381e+00 -9.77952756e+00  3.88109226e+00  1.39307141e+01  9.62569258e+00
 5.52952381e+00 -9.64566929e+00  4.01494615e+00  1.39306849e+01  9.62130952e+00
 5.52952381e+00 -9.51181102e+00  4.14880065e+00  1.39306546e+01  9.61694544e+00
 5.52952381e+00 -9.37795276e+00  4.28265497e+00  1.39306252e+01  9.61254274e+00
 5.52952381e+00 -9.24409449e+00  4.41651291e+00  1.39305921e+01  9.60810959e+00
 5.52952381e+00 -9.11023622e+00  4.55036724e+00  1.39305540e+01  9.60367612e+00
 5.52952381e+00 -8.97637795e+00  4.68417626e+00  1.39305285e+01  9.59915466e+00
 5.52952381e+00 -8.84251969e+00  4.81797908e+00  1.39304832e+01  9.59455180e+00
 5.52952381e+00 -8.70866142e+00  4.95183601e+00  1.39303916e+01  9.58992489e+00
 5.52952381e+00 -8.57480315e+00  5.08570095e+00  1.39303369e+01  9.58524972e+00
 5.52952381e+00 -8.44094488e+00  5.21955850e+00  1.39303208e+01  9.58052532e+00
 5.52952381e+00 -8.30708661e+00  5.35341013e+00  1.39302848e+01  9.57575379e+00
 5.52952381e+00 -8.17322835e+00  5.48721977e+00  1.39302004e+01  9.57088710e+00
 5.52952381e+00 -8.03937008e+00  5.62102393e+00  1.39301212e+01  9.56597749e+00
 5.52952381e+00 -7.90551181e+00  5.75487717e+00  1.39300906e+01  9.56107969e+00
 5.52952381e+00 -7.77165354e+00  5.88874566e+00  1.39300102e+01  9.55608355e+00
 5.52952381e+00 -7.63779528e+00  6.02258448e+00  1.39299214e+01  9.55100576e+00
 5.52952381e+00 -7.50393701e+00  6.15637452e+00  1.39298960e+01  9.54590655e+00
 5.52952381e+00 -7.37007874e+00  6.29015453e+00  1.39298304e+01  9.54071690e+00
 5.52952381e+00 -7.23622047e+00  6.42396771e+00  1.39297157e+01  9.53544564e+00
 5.52952381e+00 -7.10236220e+00  6.55781903e+00  1.39296028e+01  9.53013906e+00
 5.52952381e+00 -6.96850394e+00  6.69163687e+00  1.39295010e+01  9.52478490e+00
 5.52952381e+00 -6.83464567e+00  6.82542380e+00  1.39294135e+01  9.51935895e+00
 5.52952381e+00 -6.70078740e+00  6.95921729e+00  1.39293231e+01  9.51385132e+00
 5.52952381e+00 -6.56692913e+00  7.09301363e+00  1.39291771e+01  9.50828655e+00
 5.52952381e+00 -6.43307087e+00  7.22680152e+00  1.39290224e+01  9.50265874e+00
 5.52952381e+00 -6.29921260e+00  7.36057935e+00  1.39289117e+01  9.49694587e+00
 5.52952381e+00 -6.16535433e+00  7.49436733e+00  1.39287776e+01  9.49113882e+00
 5.52952381e+00 -6.03149606e+00  7.62816583e+00  1.39286101e+01  9.48523971e+00
 5.52952381e+00 -5.89763780e+00  7.76194984e+00  1.39284378e+01  9.47926602e+00
 5.52952381e+00 -5.76377953e+00  7.89567988e+00  1.39282749e+01  9.47324800e+00
 5.52952381e+00 -5.62992126e+00  8.02942686e+00  1.39280842e+01  9.46712872e+00
 5.52952381e+00 -5.49606299e+00  8.16322207e+00  1.39278455e+01  9.46087218e+00
 5.52952381e+00 -5.36220472e+00  8.29690580e+00  1.39276197e+01  9.45457711e+00
 5.52952381e+00 -5.22834646e+00  8.43055904e+00  1.39273451e+01  9.44819643e+00
 5.52952381e+00 -5.09448819e+00  8.56428854e+00  1.39269805e+01  9.44166418e+00
 5.52952381e+00 -4.96062992e+00  8.69796933e+00  1.39266606e+01  9.43505309e+00
 5.52952381e+00 -4.82677165e+00  8.83162013e+00  1.39263427e+01  9.42835590e+00
 5.52952381e+00 -4.69291339e+00  8.96526694e+00  1.39259123e+01  9.42155178e+00
 5.52952381e+00 -4.55905512e+00  9.09878261e+00  1.39253375e+01  9.41468502e+00
 5.52952381e+00 -4.42519685e+00  9.23221126e+00  1.39246805e+01  9.40767699e+00
 5.52952381e+00 -4.29133858e+00  9.36566248e+00  1.39240103e+01  9.40048273e+00
 5.52952381e+00 -4.15748031e+00  9.49916468e+00  1.39233223e+01  9.39324051e+00
 5.52952381e+00 -4.02362205e+00  9.63264184e+00  1.39226035e+01  9.38590212e+00
 5.52952381e+00 -3.88976378e+00  9.76600762e+00  1.39218211e+01  9.37838058e+00
 5.52952381e+00 -3.75590551e+00  9.89926186e+00  1.39209104e+01  9.37072310e+00
 5.52952381e+00 -3.62204724e+00  1.00324798e+01  1.39198560e+01  9.36293215e+00
 5.52952381e+00 -3.48818898e+00  1.01656977e+01  1.39186726e+01  9.35499851e+00
 5.52952381e+00 -3.35433071e+00  1.02988180e+01  1.39173768e+01  9.34694609e+00
 5.52952381e+00 -3.22047244e+00  1.04318221e+01  1.39159554e+01  9.33873899e+00
 5.52952381e+00 -3.08661417e+00  1.05647279e+01  1.39143748e+01  9.33033929e+00
 5.52952381e+00 -2.95275591e+00  1.06975275e+01  1.39125934e+01  9.32176948e+00
 5.52952381e+00 -2.81889764e+00  1.08302054e+01  1.39105640e+01  9.31302970e+00
 5.52952381e+00 -2.68503937e+00  1.09627523e+01  1.39082736e+01  9.30411004e+00
 5.52952381e+00 -2.55118110e+00  1.10951732e+01  1.39057672e+01  9.29501050e+00
 5.52952381e+00 -2.41732283e+00  1.12274385e+01  1.39029310e+01  9.28571148e+00
 5.52952381e+00 -2.28346457e+00  1.13595080e+01  1.38996645e+01  9.27619006e+00
 5.52952381e+00 -2.14960630e+00  1.14913654e+01  1.38960773e+01  9.26644275e+00
 5.52952381e+00 -2.01574803e+00  1.16230228e+01  1.38920743e+01  9.25647724e+00
 5.52952381e+00 -1.88188976e+00  1.17544665e+01  1.38875084e+01  9.24628878e+00
 5.52952381e+00 -1.74803150e+00  1.18856005e+01  1.38824386e+01  9.23583521e+00
 5.52952381e+00 -1.61417323e+00  1.20164945e+01  1.38768793e+01  9.22511117e+00
 5.52952381e+00 -1.48031496e+00  1.21471878e+01  1.38707424e+01  9.21412291e+00
 5.52952381e+00 -1.34645669e+00  1.22773729e+01  1.38638325e+01  9.20283989e+00
 5.52952381e+00 -1.21259843e+00  1.24075723e+01  1.38563805e+01  9.19127555e+00
 5.52952381e+00 -1.07874016e+00  1.25383906e+01  1.38486403e+01  9.17944295e+00
 5.52952381e+00 -9.44881890e-01  1.26683795e+01  1.38398519e+01  9.16725530e+00
 5.52952381e+00 -8.11023622e-01  1.27969246e+01  1.38299640e+01  9.15467196e+00
 5.52952381e+00 -6.77165354e-01  1.29250944e+01  1.38198490e+01  9.14172511e+00
 5.52952381e+00 -5.43307087e-01  1.30562405e+01  1.38110748e+01  9.12854496e+00
 5.52952381e+00 -4.09448819e-01  1.31915944e+01  1.38040246e+01  9.11516113e+00
 5.52952381e+00 -2.75590551e-01  1.33284272e+01  1.37973110e+01  9.10143586e+00
 5.52952381e+00 -1.41732283e-01  1.34646221e+01  1.37908056e+01  9.08715373e+00
 5.52952381e+00 -7.87401575e-03  1.35998137e+01  1.37847145e+01  9.07223715e+00
 5.52952381e+00  1.25984252e-01  1.37352106e+01  1.37794473e+01  9.05674410e+00
 5.52952381e+00  2.59842520e-01  1.38726494e+01  1.37766881e+01  9.04068833e+00
 5.52952381e+00  3.93700787e-01  1.40141629e+01  1.37783708e+01  9.02421754e+00
 5.52952381e+00  5.27559055e-01  1.41613821e+01  1.37858845e+01  9.00757092e+00
 5.52952381e+00  6.61417323e-01  1.43140283e+01  1.37986864e+01  8.99076255e+00
 5.52952381e+00  7.95275591e-01  1.44720363e+01  1.38159311e+01  8.97361876e+00
 5.52952381e+00  9.29133858e-01  1.46359262e+01  1.38374923e+01  8.95618055e+00
 5.52952381e+00  1.06299213e+00  1.48067891e+01  1.38650643e+01  8.93880452e+00
 5.52952381e+00  1.19685039e+00  1.49861281e+01  1.39023510e+01  8.92169130e+00
 5.52952381e+00  1.33070866e+00  1.51738247e+01  1.39507327e+01  8.90486384e+00
 5.52952381e+00  1.46456693e+00  1.53690800e+01  1.40089177e+01  8.88815198e+00
 5.52952381e+00  1.59842520e+00  1.55707454e+01  1.40756147e+01  8.87141150e+00
 5.52952381e+00  1.73228346e+00  1.57783205e+01  1.41497272e+01  8.85469503e+00
 5.52952381e+00  1.86614173e+00  1.59912332e+01  1.42294971e+01  8.83783607e+00
 5.52952381e+00  2.00000000e+00  1.62080809e+01  1.43139640e+01  8.82087633e+00
 5.60793651e+00 -1.50000000e+01 -1.26280885e+00  1.39956700e+01  9.77085145e+00
 5.60793651e+00 -1.48661417e+01 -1.12894361e+00  1.39957044e+01  9.76774609e+00
 5.60793651e+00 -1.47322835e+01 -9.95074824e-01  1.39957337e+01  9.76461119e+00
 5.60793651e+00 -1.45984252e+01 -8.61200945e-01  1.39957581e+01  9.76148062e+00
 5.60793651e+00 -1.44645669e+01 -7.27323935e-01  1.39957777e+01  9.75834311e+00
 5.60793651e+00 -1.43307087e+01 -5.93441658e-01  1.39957929e+01  9.75517875e+00
 5.60793651e+00 -1.41968504e+01 -4.59548546e-01  1.39958037e+01  9.75197133e+00
 5.60793651e+00 -1.40629921e+01 -3.25642329e-01  1.39958104e+01  9.74871599e+00
 5.60793651e+00 -1.39291339e+01 -1.91719405e-01  1.39958134e+01  9.74543725e+00
 5.60793651e+00 -1.37952756e+01 -5.77731711e-02  1.39958127e+01  9.74215805e+00
 5.60793651e+00 -1.36614173e+01  7.62064574e-02  1.39958088e+01  9.73882666e+00
 5.60793651e+00 -1.35275591e+01  2.10229381e-01  1.39958017e+01  9.73545993e+00
 5.60793651e+00 -1.33937008e+01  3.44308981e-01  1.39957919e+01  9.73211075e+00
 5.60793651e+00 -1.32598425e+01  4.78469334e-01  1.39957796e+01  9.72871708e+00
 5.60793651e+00 -1.31259843e+01  6.12727278e-01  1.39957650e+01  9.72525402e+00
 5.60793651e+00 -1.29921260e+01  7.46893283e-01  1.39957485e+01  9.72175740e+00
 5.60793651e+00 -1.28582677e+01  8.80809170e-01  1.39957303e+01  9.71827409e+00
 5.60793651e+00 -1.27244094e+01  1.01466241e+00  1.39957115e+01  9.71477939e+00
 5.60793651e+00 -1.25905512e+01  1.14852158e+00  1.39956927e+01  9.71123284e+00
 5.60793651e+00 -1.24566929e+01  1.28237830e+00  1.39956735e+01  9.70767881e+00
 5.60793651e+00 -1.23228346e+01  1.41623375e+00  1.39956542e+01  9.70410919e+00
 5.60793651e+00 -1.21889764e+01  1.55009076e+00  1.39956346e+01  9.70048536e+00
 5.60793651e+00 -1.20551181e+01  1.68394810e+00  1.39956147e+01  9.69682141e+00
 5.60793651e+00 -1.19212598e+01  1.81780490e+00  1.39955946e+01  9.69311320e+00
 5.60793651e+00 -1.17874016e+01  1.95166166e+00  1.39955742e+01  9.68935779e+00
 5.60793651e+00 -1.16535433e+01  2.08551994e+00  1.39955536e+01  9.68560331e+00
 5.60793651e+00 -1.15196850e+01  2.21937785e+00  1.39955326e+01  9.68183242e+00
 5.60793651e+00 -1.13858268e+01  2.35323316e+00  1.39955114e+01  9.67801237e+00
 5.60793651e+00 -1.12519685e+01  2.48708916e+00  1.39954899e+01  9.67419587e+00
 5.60793651e+00 -1.11181102e+01  2.62094631e+00  1.39954681e+01  9.67033456e+00
 5.60793651e+00 -1.09842520e+01  2.75480311e+00  1.39954461e+01  9.66637164e+00
 5.60793651e+00 -1.08503937e+01  2.88865945e+00  1.39954237e+01  9.66241329e+00
 5.60793651e+00 -1.07165354e+01  3.02251663e+00  1.39954010e+01  9.65844801e+00
 5.60793651e+00 -1.05826772e+01  3.15637498e+00  1.39953779e+01  9.65441315e+00
 5.60793651e+00 -1.04488189e+01  3.29023097e+00  1.39953546e+01  9.65034583e+00
 5.60793651e+00 -1.03149606e+01  3.42408603e+00  1.39953309e+01  9.64624247e+00
 5.60793651e+00 -1.01811024e+01  3.55794270e+00  1.39953069e+01  9.64208040e+00
 5.60793651e+00 -1.00472441e+01  3.69179842e+00  1.39952825e+01  9.63787588e+00
 5.60793651e+00 -9.91338583e+00  3.82565620e+00  1.39952577e+01  9.63364932e+00
 5.60793651e+00 -9.77952756e+00  3.95951944e+00  1.39952326e+01  9.62940763e+00
 5.60793651e+00 -9.64566929e+00  4.09338340e+00  1.39952070e+01  9.62513050e+00
 5.60793651e+00 -9.51181102e+00  4.22724227e+00  1.39951812e+01  9.62080836e+00
 5.60793651e+00 -9.37795276e+00  4.36109614e+00  1.39951551e+01  9.61643965e+00
 5.60793651e+00 -9.24409449e+00  4.49495573e+00  1.39951279e+01  9.61202449e+00
 5.60793651e+00 -9.11023622e+00  4.62881066e+00  1.39951022e+01  9.60759547e+00
 5.60793651e+00 -8.97637795e+00  4.76265582e+00  1.39950802e+01  9.60315602e+00
 5.60793651e+00 -8.84251969e+00  4.89651783e+00  1.39950571e+01  9.59861990e+00
 5.60793651e+00 -8.70866142e+00  5.03035626e+00  1.39950030e+01  9.59401168e+00
 5.60793651e+00 -8.57480315e+00  5.16415057e+00  1.39949156e+01  9.58938287e+00
 5.60793651e+00 -8.44094488e+00  5.29799142e+00  1.39948686e+01  9.58470264e+00
 5.60793651e+00 -8.30708661e+00  5.43186480e+00  1.39948517e+01  9.57997283e+00
 5.60793651e+00 -8.17322835e+00  5.56571092e+00  1.39948147e+01  9.57519174e+00
 5.60793651e+00 -8.03937008e+00  5.69951489e+00  1.39947369e+01  9.57031595e+00
 5.60793651e+00 -7.90551181e+00  5.83332493e+00  1.39946694e+01  9.56540800e+00
 5.60793651e+00 -7.77165354e+00  5.96718254e+00  1.39946365e+01  9.56050420e+00
 5.60793651e+00 -7.63779528e+00  6.10105422e+00  1.39945574e+01  9.55549439e+00
 5.60793651e+00 -7.50393701e+00  6.23487919e+00  1.39944816e+01  9.55041505e+00
 5.60793651e+00 -7.37007874e+00  6.36865908e+00  1.39944516e+01  9.54531049e+00
 5.60793651e+00 -7.23622047e+00  6.50250781e+00  1.39943739e+01  9.54009752e+00
 5.60793651e+00 -7.10236220e+00  6.63635973e+00  1.39942639e+01  9.53481455e+00
 5.60793651e+00 -6.96850394e+00  6.77013800e+00  1.39941686e+01  9.52951496e+00
 5.60793651e+00 -6.83464567e+00  6.90391561e+00  1.39940793e+01  9.52415815e+00
 5.60793651e+00 -6.70078740e+00  7.03773728e+00  1.39939832e+01  9.51871954e+00
 5.60793651e+00 -6.56692913e+00  7.17158832e+00  1.39938835e+01  9.51320401e+00
 5.60793651e+00 -6.43307087e+00  7.30539847e+00  1.39938006e+01  9.50763966e+00
 5.60793651e+00 -6.29921260e+00  7.43918653e+00  1.39936783e+01  9.50200288e+00
 5.60793651e+00 -6.16535433e+00  7.57298280e+00  1.39935061e+01  9.49627008e+00
 5.60793651e+00 -6.03149606e+00  7.70676647e+00  1.39933920e+01  9.49045721e+00
 5.60793651e+00 -5.89763780e+00  7.84055442e+00  1.39932795e+01  9.48455260e+00
 5.60793651e+00 -5.76377953e+00  7.97434509e+00  1.39931103e+01  9.47856286e+00
 5.60793651e+00 -5.62992126e+00  8.10808740e+00  1.39929458e+01  9.47253345e+00
 5.60793651e+00 -5.49606299e+00  8.24182838e+00  1.39927590e+01  9.46639926e+00
 5.60793651e+00 -5.36220472e+00  8.37560190e+00  1.39925261e+01  9.46013392e+00
 5.60793651e+00 -5.22834646e+00  8.50934958e+00  1.39922905e+01  9.45383293e+00
 5.60793651e+00 -5.09448819e+00  8.64303601e+00  1.39920287e+01  9.44742708e+00
 5.60793651e+00 -4.96062992e+00  8.77669283e+00  1.39917335e+01  9.44088508e+00
 5.60793651e+00 -4.82677165e+00  8.91040957e+00  1.39914511e+01  9.43432268e+00
 5.60793651e+00 -4.69291339e+00  9.04409400e+00  1.39910857e+01  9.42763146e+00
 5.60793651e+00 -4.55905512e+00  9.17766564e+00  1.39905791e+01  9.42075516e+00
 5.60793651e+00 -4.42519685e+00  9.31118766e+00  1.39900211e+01  9.41384373e+00
 5.60793651e+00 -4.29133858e+00  9.44474332e+00  1.39894644e+01  9.40685198e+00
 5.60793651e+00 -4.15748031e+00  9.57832391e+00  1.39889073e+01  9.39970601e+00
 5.60793651e+00 -4.02362205e+00  9.71180201e+00  1.39882992e+01  9.39242180e+00
 5.60793651e+00 -3.88976378e+00  9.84522790e+00  1.39876094e+01  9.38500584e+00
 5.60793651e+00 -3.75590551e+00  9.97865936e+00  1.39868228e+01  9.37746028e+00
 5.60793651e+00 -3.62204724e+00  1.01120500e+01  1.39859367e+01  9.36978950e+00
 5.60793651e+00 -3.48818898e+00  1.02453537e+01  1.39849631e+01  9.36198201e+00
 5.60793651e+00 -3.35433071e+00  1.03785655e+01  1.39838914e+01  9.35403558e+00
 5.60793651e+00 -3.22047244e+00  1.05117254e+01  1.39826744e+01  9.34596301e+00
 5.60793651e+00 -3.08661417e+00  1.06448020e+01  1.39813089e+01  9.33772215e+00
 5.60793651e+00 -2.95275591e+00  1.07777763e+01  1.39797952e+01  9.32930325e+00
 5.60793651e+00 -2.81889764e+00  1.09106852e+01  1.39781102e+01  9.32076263e+00
 5.60793651e+00 -2.68503937e+00  1.10435015e+01  1.39762430e+01  9.31204056e+00
 5.60793651e+00 -2.55118110e+00  1.11761966e+01  1.39741584e+01  9.30309290e+00
 5.60793651e+00 -2.41732283e+00  1.13087763e+01  1.39717845e+01  9.29396746e+00
 5.60793651e+00 -2.28346457e+00  1.14411932e+01  1.39691199e+01  9.28464181e+00
 5.60793651e+00 -2.14960630e+00  1.15734187e+01  1.39661642e+01  9.27508741e+00
 5.60793651e+00 -2.01574803e+00  1.17054782e+01  1.39628606e+01  9.26531734e+00
 5.60793651e+00 -1.88188976e+00  1.18372961e+01  1.39591034e+01  9.25532817e+00
 5.60793651e+00 -1.74803150e+00  1.19689013e+01  1.39548666e+01  9.24511077e+00
 5.60793651e+00 -1.61417323e+00  1.21005215e+01  1.39502637e+01  9.23465787e+00
 5.60793651e+00 -1.48031496e+00  1.22318329e+01  1.39451577e+01  9.22393964e+00
 5.60793651e+00 -1.34645669e+00  1.23625763e+01  1.39393934e+01  9.21292844e+00
 5.60793651e+00 -1.21259843e+00  1.24931843e+01  1.39330569e+01  9.20162109e+00
 5.60793651e+00 -1.07874016e+00  1.26242758e+01  1.39264828e+01  9.19005969e+00
 5.60793651e+00 -9.44881890e-01  1.27555761e+01  1.39194863e+01  9.17822505e+00
 5.60793651e+00 -8.11023622e-01  1.28848936e+01  1.39107325e+01  9.16593899e+00
 5.60793651e+00 -6.77165354e-01  1.30134404e+01  1.39017657e+01  9.15326819e+00
 5.60793651e+00 -5.43307087e-01  1.31441891e+01  1.38947030e+01  9.14036759e+00
 5.60793651e+00 -4.09448819e-01  1.32783428e+01  1.38881198e+01  9.12723495e+00
 5.60793651e+00 -2.75590551e-01  1.34148837e+01  1.38816831e+01  9.11376326e+00
 5.60793651e+00 -1.41732283e-01  1.35514638e+01  1.38761008e+01  9.09980534e+00
 5.60793651e+00 -7.87401575e-03  1.36869560e+01  1.38708601e+01  9.08527320e+00
 5.60793651e+00  1.25984252e-01  1.38216038e+01  1.38662407e+01  9.07017108e+00
 5.60793651e+00  2.59842520e-01  1.39568726e+01  1.38633756e+01  9.05456196e+00
 5.60793651e+00  3.93700787e-01  1.40954971e+01  1.38638559e+01  9.03852339e+00
 5.60793651e+00  5.27559055e-01  1.42388536e+01  1.38684175e+01  9.02211549e+00
 5.60793651e+00  6.61417323e-01  1.43870313e+01  1.38771204e+01  9.00540264e+00
 5.60793651e+00  7.95275591e-01  1.45398193e+01  1.38899521e+01  8.98845577e+00
 5.60793651e+00  9.29133858e-01  1.46976805e+01  1.39066073e+01  8.97132613e+00
 5.60793651e+00  1.06299213e+00  1.48619665e+01  1.39286146e+01  8.95410103e+00
 5.60793651e+00  1.19685039e+00  1.50341548e+01  1.39589844e+01  8.93699226e+00
 5.60793651e+00  1.33070866e+00  1.52147326e+01  1.39996531e+01  8.92014290e+00
 5.60793651e+00  1.46456693e+00  1.54032601e+01  1.40503470e+01  8.90330877e+00
 5.60793651e+00  1.59842520e+00  1.55989037e+01  1.41100499e+01  8.88656631e+00
 5.60793651e+00  1.73228346e+00  1.58013655e+01  1.41779452e+01  8.86991440e+00
 5.60793651e+00  1.86614173e+00  1.60099920e+01  1.42523752e+01  8.85319777e+00
 5.60793651e+00  2.00000000e+00  1.62232611e+01  1.43323117e+01  8.83634293e+00
 5.68634921e+00 -1.50000000e+01 -1.18421264e+00  1.40619788e+01  9.77356169e+00
 5.68634921e+00 -1.48661417e+01 -1.05034598e+00  1.40620188e+01  9.77048474e+00
 5.68634921e+00 -1.47322835e+01 -9.16482872e-01  1.40620533e+01  9.76737428e+00
 5.68634921e+00 -1.45984252e+01 -7.82615003e-01  1.40620824e+01  9.76423708e+00
 5.68634921e+00 -1.44645669e+01 -6.48731593e-01  1.40621064e+01  9.76110220e+00
 5.68634921e+00 -1.43307087e+01 -5.14844092e-01  1.40621254e+01  9.75796018e+00
 5.68634921e+00 -1.41968504e+01 -3.80952288e-01  1.40621398e+01  9.75479339e+00
 5.68634921e+00 -1.40629921e+01 -2.47046623e-01  1.40621498e+01  9.75158433e+00
 5.68634921e+00 -1.39291339e+01 -1.13122025e-01  1.40621557e+01  9.74832432e+00
 5.68634921e+00 -1.37952756e+01  2.08225320e-02  1.40621577e+01  9.74504682e+00
 5.68634921e+00 -1.36614173e+01  1.54793941e-01  1.40621563e+01  9.74177348e+00
 5.68634921e+00 -1.35275591e+01  2.88817697e-01  1.40621517e+01  9.73843966e+00
 5.68634921e+00 -1.33937008e+01  4.22905305e-01  1.40621442e+01  9.73507137e+00
 5.68634921e+00 -1.32598425e+01  5.57065485e-01  1.40621342e+01  9.73171343e+00
 5.68634921e+00 -1.31259843e+01  6.91326253e-01  1.40621220e+01  9.72830210e+00
 5.68634921e+00 -1.29921260e+01  8.25502648e-01  1.40621079e+01  9.72483583e+00
 5.68634921e+00 -1.28582677e+01  9.59422401e-01  1.40620923e+01  9.72135326e+00
 5.68634921e+00 -1.27244094e+01  1.09327054e+00  1.40620768e+01  9.71787024e+00
 5.68634921e+00 -1.25905512e+01  1.22712504e+00  1.40620614e+01  9.71436540e+00
 5.68634921e+00 -1.24566929e+01  1.36098895e+00  1.40620455e+01  9.71082149e+00
 5.68634921e+00 -1.23228346e+01  1.49484923e+00  1.40620295e+01  9.70727124e+00
 5.68634921e+00 -1.21889764e+01  1.62870504e+00  1.40620133e+01  9.70369639e+00
 5.68634921e+00 -1.20551181e+01  1.76256225e+00  1.40619969e+01  9.70006708e+00
 5.68634921e+00 -1.19212598e+01  1.89642102e+00  1.40619802e+01  9.69639782e+00
 5.68634921e+00 -1.17874016e+01  2.03027579e+00  1.40619633e+01  9.69268394e+00
 5.68634921e+00 -1.16535433e+01  2.16412620e+00  1.40619462e+01  9.68892748e+00
 5.68634921e+00 -1.15196850e+01  2.29798615e+00  1.40619289e+01  9.68516721e+00
 5.68634921e+00 -1.13858268e+01  2.43184946e+00  1.40619112e+01  9.68138703e+00
 5.68634921e+00 -1.12519685e+01  2.56570618e+00  1.40618934e+01  9.67757064e+00
 5.68634921e+00 -1.11181102e+01  2.69956222e+00  1.40618753e+01  9.67375504e+00
 5.68634921e+00 -1.09842520e+01  2.83342032e+00  1.40618569e+01  9.66988206e+00
 5.68634921e+00 -1.08503937e+01  2.96727778e+00  1.40618382e+01  9.66591576e+00
 5.68634921e+00 -1.07165354e+01  3.10112847e+00  1.40618193e+01  9.66195283e+00
 5.68634921e+00 -1.05826772e+01  3.23498289e+00  1.40618001e+01  9.65797395e+00
 5.68634921e+00 -1.04488189e+01  3.36884676e+00  1.40617805e+01  9.65393467e+00
 5.68634921e+00 -1.03149606e+01  3.50270384e+00  1.40617607e+01  9.64986442e+00
 5.68634921e+00 -1.01811024e+01  3.63656378e+00  1.40617406e+01  9.64575494e+00
 5.68634921e+00 -1.00472441e+01  3.77042297e+00  1.40617202e+01  9.64158787e+00
 5.68634921e+00 -9.91338583e+00  3.90423624e+00  1.40616989e+01  9.63737127e+00
 5.68634921e+00 -9.77952756e+00  4.03802052e+00  1.40616781e+01  9.63314001e+00
 5.68634921e+00 -9.64566929e+00  4.17182175e+00  1.40616569e+01  9.62890647e+00
 5.68634921e+00 -9.51181102e+00  4.30567223e+00  1.40616319e+01  9.62462808e+00
 5.68634921e+00 -9.37795276e+00  4.43953922e+00  1.40616177e+01  9.62029825e+00
 5.68634921e+00 -9.24409449e+00  4.57339168e+00  1.40616028e+01  9.61592386e+00
 5.68634921e+00 -9.11023622e+00  4.70724911e+00  1.40615314e+01  9.61150594e+00
 5.68634921e+00 -8.97637795e+00  4.84110855e+00  1.40614650e+01  9.60707717e+00
 5.68634921e+00 -8.84251969e+00  4.97496445e+00  1.40614494e+01  9.60262979e+00
 5.68634921e+00 -8.70866142e+00  5.10882173e+00  1.40614226e+01  9.59808209e+00
 5.68634921e+00 -8.57480315e+00  5.24264520e+00  1.40613852e+01  9.59347058e+00
 5.68634921e+00 -8.44094488e+00  5.37644131e+00  1.40613605e+01  9.58883733e+00
 5.68634921e+00 -8.30708661e+00  5.51029341e+00  1.40613487e+01  9.58415099e+00
 5.68634921e+00 -8.17322835e+00  5.64415931e+00  1.40612991e+01  9.57941616e+00
 5.68634921e+00 -8.03937008e+00  5.77800109e+00  1.40612100e+01  9.57462497e+00
 5.68634921e+00 -7.90551181e+00  5.91186123e+00  1.40611706e+01  9.56973917e+00
 5.68634921e+00 -7.77165354e+00  6.04569350e+00  1.40611534e+01  9.56483227e+00
 5.68634921e+00 -7.63779528e+00  6.17949143e+00  1.40611122e+01  9.55992305e+00
 5.68634921e+00 -7.50393701e+00  6.31334279e+00  1.40610490e+01  9.55490210e+00
 5.68634921e+00 -7.37007874e+00  6.44718018e+00  1.40609582e+01  9.54981732e+00
 5.68634921e+00 -7.23622047e+00  6.58097365e+00  1.40608654e+01  9.54470193e+00
 5.68634921e+00 -7.10236220e+00  6.71481644e+00  1.40608281e+01  9.53948666e+00
 5.68634921e+00 -6.96850394e+00  6.84864131e+00  1.40607824e+01  9.53420632e+00
 5.68634921e+00 -6.83464567e+00  6.98242526e+00  1.40606849e+01  9.52889275e+00
 5.68634921e+00 -6.70078740e+00  7.11627266e+00  1.40605840e+01  9.52351531e+00
 5.68634921e+00 -6.56692913e+00  7.25011869e+00  1.40604944e+01  9.51806481e+00
 5.68634921e+00 -6.43307087e+00  7.38390878e+00  1.40604070e+01  9.51254985e+00
 5.68634921e+00 -6.29921260e+00  7.51769358e+00  1.40603066e+01  9.50698242e+00
 5.68634921e+00 -6.16535433e+00  7.65151442e+00  1.40602099e+01  9.50133487e+00
 5.68634921e+00 -6.03149606e+00  7.78536161e+00  1.40601106e+01  9.49559110e+00
 5.68634921e+00 -5.89763780e+00  7.91917197e+00  1.40599673e+01  9.48976570e+00
 5.68634921e+00 -5.76377953e+00  8.05292250e+00  1.40598014e+01  9.48385062e+00
 5.68634921e+00 -5.62992126e+00  8.18664924e+00  1.40596377e+01  9.47785789e+00
 5.68634921e+00 -5.49606299e+00  8.32042696e+00  1.40594768e+01  9.47181840e+00
 5.68634921e+00 -5.36220472e+00  8.45423120e+00  1.40593226e+01  9.46566486e+00
 5.68634921e+00 -5.22834646e+00  8.58801059e+00  1.40591528e+01  9.45939110e+00
 5.68634921e+00 -5.09448819e+00  8.72173770e+00  1.40589224e+01  9.45308137e+00
 5.68634921e+00 -4.96062992e+00  8.85545591e+00  1.40586517e+01  9.44666214e+00
 5.68634921e+00 -4.82677165e+00  8.98917529e+00  1.40583717e+01  9.44011976e+00
 5.68634921e+00 -4.69291339e+00  9.12284488e+00  1.40580810e+01  9.43354358e+00
 5.68634921e+00 -4.55905512e+00  9.25645953e+00  1.40576873e+01  9.42682738e+00
 5.68634921e+00 -4.42519685e+00  9.39004511e+00  1.40571884e+01  9.41994933e+00
 5.68634921e+00 -4.29133858e+00  9.52363712e+00  1.40567010e+01  9.41303234e+00
 5.68634921e+00 -4.15748031e+00  9.65722743e+00  1.40562174e+01  9.40601408e+00
 5.68634921e+00 -4.02362205e+00  9.79079395e+00  1.40557088e+01  9.39884377e+00
 5.68634921e+00 -3.88976378e+00  9.92432269e+00  1.40551579e+01  9.39154930e+00
 5.68634921e+00 -3.75590551e+00  1.00578381e+01  1.40544888e+01  9.38411515e+00
 5.68634921e+00 -3.62204724e+00  1.01913228e+01  1.40536977e+01  9.37655226e+00
 5.68634921e+00 -3.48818898e+00  1.03247144e+01  1.40528657e+01  9.36890129e+00
 5.68634921e+00 -3.35433071e+00  1.04580399e+01  1.40519616e+01  9.36110968e+00
 5.68634921e+00 -3.22047244e+00  1.05913191e+01  1.40509473e+01  9.35314976e+00
 5.68634921e+00 -3.08661417e+00  1.07245361e+01  1.40498191e+01  9.34504969e+00
 5.68634921e+00 -2.95275591e+00  1.08577032e+01  1.40485734e+01  9.33679797e+00
 5.68634921e+00 -2.81889764e+00  1.09908089e+01  1.40471758e+01  9.32836700e+00
 5.68634921e+00 -2.68503937e+00  1.11238082e+01  1.40455727e+01  9.31974081e+00
 5.68634921e+00 -2.55118110e+00  1.12566893e+01  1.40437891e+01  9.31097374e+00
 5.68634921e+00 -2.41732283e+00  1.13894727e+01  1.40418301e+01  9.30206459e+00
 5.68634921e+00 -2.28346457e+00  1.15221853e+01  1.40396474e+01  9.29293083e+00
 5.68634921e+00 -2.14960630e+00  1.16547594e+01  1.40371961e+01  9.28355002e+00
 5.68634921e+00 -2.01574803e+00  1.17871349e+01  1.40344515e+01  9.27396119e+00
 5.68634921e+00 -1.88188976e+00  1.19193126e+01  1.40313980e+01  9.26422440e+00
 5.68634921e+00 -1.74803150e+00  1.20513717e+01  1.40279557e+01  9.25424697e+00
 5.68634921e+00 -1.61417323e+00  1.21833790e+01  1.40241104e+01  9.24398211e+00
 5.68634921e+00 -1.48031496e+00  1.23152726e+01  1.40199126e+01  9.23349527e+00
 5.68634921e+00 -1.34645669e+00  1.24465563e+01  1.40151123e+01  9.22275018e+00
 5.68634921e+00 -1.21259843e+00  1.25774855e+01  1.40097386e+01  9.21171019e+00
 5.68634921e+00 -1.07874016e+00  1.27092891e+01  1.40042503e+01  9.20038234e+00
 5.68634921e+00 -9.44881890e-01  1.28409115e+01  1.39982639e+01  9.18875976e+00
 5.68634921e+00 -8.11023622e-01  1.29712086e+01  1.39914071e+01  9.17681194e+00
 5.68634921e+00 -6.77165354e-01  1.31006749e+01  1.39839821e+01  9.16448025e+00
 5.68634921e+00 -5.43307087e-01  1.32310782e+01  1.39769305e+01  9.15184179e+00
 5.68634921e+00 -4.09448819e-01  1.33641141e+01  1.39709613e+01  9.13896436e+00
 5.68634921e+00 -2.75590551e-01  1.34999191e+01  1.39657167e+01  9.12577111e+00
 5.68634921e+00 -1.41732283e-01  1.36366650e+01  1.39608939e+01  9.11217424e+00
 5.68634921e+00 -7.87401575e-03  1.37723721e+01  1.39563154e+01  9.09807550e+00
 5.68634921e+00  1.25984252e-01  1.39068791e+01  1.39520434e+01  9.08335415e+00
 5.68634921e+00  2.59842520e-01  1.40414485e+01  1.39491618e+01  9.06808847e+00
 5.68634921e+00  3.93700787e-01  1.41779542e+01  1.39492029e+01  9.05241539e+00
 5.68634921e+00  5.27559055e-01  1.43182380e+01  1.39533755e+01  9.03641750e+00
 5.68634921e+00  6.61417323e-01  1.44625165e+01  1.39600414e+01  9.02004877e+00
 5.68634921e+00  7.95275591e-01  1.46106681e+01  1.39680120e+01  9.00331090e+00
 5.68634921e+00  9.29133858e-01  1.47633341e+01  1.39789027e+01  8.98633564e+00
 5.68634921e+00  1.06299213e+00  1.49218056e+01  1.39955625e+01  8.96927867e+00
 5.68634921e+00  1.19685039e+00  1.50874128e+01  1.40201155e+01  8.95228801e+00
 5.68634921e+00  1.33070866e+00  1.52609483e+01  1.40537062e+01  8.93534844e+00
 5.68634921e+00  1.46456693e+00  1.54424478e+01  1.40967109e+01  8.91842269e+00
 5.68634921e+00  1.59842520e+00  1.56315899e+01  1.41490587e+01  8.90166047e+00
 5.68634921e+00  1.73228346e+00  1.58283560e+01  1.42103191e+01  8.88502011e+00
 5.68634921e+00  1.86614173e+00  1.60320001e+01  1.42789067e+01  8.86838723e+00
 5.68634921e+00  2.00000000e+00  1.62411393e+01  1.43538355e+01  8.85166217e+00
 5.76476190e+00 -1.50000000e+01 -1.10595063e+00  1.41300353e+01  9.77609835e+00
 5.76476190e+00 -1.48661417e+01 -9.72063001e-01  1.41300745e+01  9.77302521e+00
 5.76476190e+00 -1.47322835e+01 -8.38130496e-01  1.41301076e+01  9.76995101e+00
 5.76476190e+00 -1.45984252e+01 -7.04282571e-01  1.41301347e+01  9.76687286e+00
 5.76476190e+00 -1.44645669e+01 -5.70463911e-01  1.41301563e+01  9.76377144e+00
 5.76476190e+00 -1.43307087e+01 -4.36576930e-01  1.41301726e+01  9.76063833e+00
 5.76476190e+00 -1.41968504e+01 -3.02673658e-01  1.41301841e+01  9.75749868e+00
 5.76476190e+00 -1.40629921e+01 -1.68777102e-01  1.41301912e+01  9.75433779e+00
 5.76476190e+00 -1.39291339e+01 -3.48586245e-02  1.41301943e+01  9.75111585e+00
 5.76476190e+00 -1.37952756e+01  9.91446024e-02  1.41301937e+01  9.74780762e+00
 5.76476190e+00 -1.36614173e+01  2.33151210e-01  1.41301900e+01  9.74448259e+00
 5.76476190e+00 -1.35275591e+01  3.67109925e-01  1.41301835e+01  9.74119773e+00
 5.76476190e+00 -1.33937008e+01  5.01166447e-01  1.41301748e+01  9.73790279e+00
 5.76476190e+00 -1.32598425e+01  6.35341920e-01  1.41301642e+01  9.73458873e+00
 5.76476190e+00 -1.31259843e+01  7.69607353e-01  1.41301522e+01  9.73123207e+00
 5.76476190e+00 -1.29921260e+01  9.03772160e-01  1.41301392e+01  9.72775095e+00
 5.76476190e+00 -1.28582677e+01  1.03772235e+00  1.41301260e+01  9.72426869e+00
 5.76476190e+00 -1.27244094e+01  1.17164120e+00  1.41301139e+01  9.72085410e+00
 5.76476190e+00 -1.25905512e+01  1.30546709e+00  1.41301013e+01  9.71734278e+00
 5.76476190e+00 -1.24566929e+01  1.43926992e+00  1.41300883e+01  9.71377356e+00
 5.76476190e+00 -1.23228346e+01  1.57313326e+00  1.41300754e+01  9.71022801e+00
 5.76476190e+00 -1.21889764e+01  1.70699947e+00  1.41300622e+01  9.70667986e+00
 5.76476190e+00 -1.20551181e+01  1.84084646e+00  1.41300488e+01  9.70309905e+00
 5.76476190e+00 -1.19212598e+01  1.97470229e+00  1.41300353e+01  9.69946540e+00
 5.76476190e+00 -1.17874016e+01  2.10861938e+00  1.41300215e+01  9.69577742e+00
 5.76476190e+00 -1.16535433e+01  2.24249740e+00  1.41300076e+01  9.69208523e+00
 5.76476190e+00 -1.15196850e+01  2.37629045e+00  1.41299934e+01  9.68838927e+00
 5.76476190e+00 -1.13858268e+01  2.51012830e+00  1.41299791e+01  9.68459710e+00
 5.76476190e+00 -1.12519685e+01  2.64399976e+00  1.41299645e+01  9.68076784e+00
 5.76476190e+00 -1.11181102e+01  2.77785548e+00  1.41299497e+01  9.67695975e+00
 5.76476190e+00 -1.09842520e+01  2.91169910e+00  1.41299347e+01  9.67312828e+00
 5.76476190e+00 -1.08503937e+01  3.04558759e+00  1.41299194e+01  9.66926046e+00
 5.76476190e+00 -1.07165354e+01  3.17950409e+00  1.41299039e+01  9.66535641e+00
 5.76476190e+00 -1.05826772e+01  3.31332315e+00  1.41298881e+01  9.66141101e+00
 5.76476190e+00 -1.04488189e+01  3.44713076e+00  1.41298722e+01  9.65741987e+00
 5.76476190e+00 -1.03149606e+01  3.58099569e+00  1.41298560e+01  9.65338393e+00
 5.76476190e+00 -1.01811024e+01  3.71484966e+00  1.41298390e+01  9.64930828e+00
 5.76476190e+00 -1.00472441e+01  3.84872326e+00  1.41298234e+01  9.64517785e+00
 5.76476190e+00 -9.91338583e+00  3.98262731e+00  1.41298080e+01  9.64100514e+00
 5.76476190e+00 -9.77952756e+00  4.11649335e+00  1.41297889e+01  9.63683953e+00
 5.76476190e+00 -9.64566929e+00  4.25030733e+00  1.41297764e+01  9.63264992e+00
 5.76476190e+00 -9.51181102e+00  4.38410871e+00  1.41297560e+01  9.62840586e+00
 5.76476190e+00 -9.37795276e+00  4.51796192e+00  1.41296878e+01  9.62411811e+00
 5.76476190e+00 -9.24409449e+00  4.65183047e+00  1.41296289e+01  9.61978523e+00
 5.76476190e+00 -9.11023622e+00  4.78568218e+00  1.41296111e+01  9.61540463e+00
 5.76476190e+00 -8.97637795e+00  4.91953688e+00  1.41295923e+01  9.61098408e+00
 5.76476190e+00 -8.84251969e+00  5.05339608e+00  1.41295725e+01  9.60655558e+00
 5.76476190e+00 -8.70866142e+00  5.18725622e+00  1.41295557e+01  9.60209930e+00
 5.76476190e+00 -8.57480315e+00  5.32111191e+00  1.41295336e+01  9.59754057e+00
 5.76476190e+00 -8.44094488e+00  5.45493113e+00  1.41295197e+01  9.59292585e+00
 5.76476190e+00 -8.30708661e+00  5.58873041e+00  1.41294955e+01  9.58828780e+00
 5.76476190e+00 -8.17322835e+00  5.72257935e+00  1.41294154e+01  9.58359598e+00
 5.76476190e+00 -8.03937008e+00  5.85644978e+00  1.41293476e+01  9.57885518e+00
 5.76476190e+00 -7.90551181e+00  5.99031022e+00  1.41293341e+01  9.57405271e+00
 5.76476190e+00 -7.77165354e+00  6.12416104e+00  1.41293326e+01  9.56916061e+00
 5.76476190e+00 -7.63779528e+00  6.25798183e+00  1.41292767e+01  9.56425585e+00
 5.76476190e+00 -7.50393701e+00  6.39178377e+00  1.41291845e+01  9.55933774e+00
 5.76476190e+00 -7.37007874e+00  6.52561586e+00  1.41291491e+01  9.55430714e+00
 5.76476190e+00 -7.23622047e+00  6.65948663e+00  1.41291044e+01  9.54922180e+00
 5.76476190e+00 -7.10236220e+00  6.79334664e+00  1.41290286e+01  9.54409247e+00
 5.76476190e+00 -6.96850394e+00  6.92713281e+00  1.41289847e+01  9.53885513e+00
 5.76476190e+00 -6.83464567e+00  7.06095379e+00  1.41289286e+01  9.53360924e+00
 5.76476190e+00 -6.70078740e+00  7.19482149e+00  1.41288374e+01  9.52834118e+00
 5.76476190e+00 -6.56692913e+00  7.32861826e+00  1.41287441e+01  9.52290923e+00
 5.76476190e+00 -6.43307087e+00  7.46238650e+00  1.41286599e+01  9.51740895e+00
 5.76476190e+00 -6.29921260e+00  7.59619268e+00  1.41285809e+01  9.51189712e+00
 5.76476190e+00 -6.16535433e+00  7.73005429e+00  1.41284955e+01  9.50632064e+00
 5.76476190e+00 -6.03149606e+00  7.86388888e+00  1.41283948e+01  9.50065863e+00
 5.76476190e+00 -5.89763780e+00  7.99767196e+00  1.41282898e+01  9.49490860e+00
 5.76476190e+00 -5.76377953e+00  8.13145538e+00  1.41281967e+01  9.48907375e+00
 5.76476190e+00 -5.62992126e+00  8.26523606e+00  1.41280711e+01  9.48314673e+00
 5.76476190e+00 -5.49606299e+00  8.39902350e+00  1.41279062e+01  9.47714576e+00
 5.76476190e+00 -5.36220472e+00  8.53283276e+00  1.41277451e+01  9.47109505e+00
 5.76476190e+00 -5.22834646e+00  8.66658759e+00  1.41276015e+01  9.46492797e+00
 5.76476190e+00 -5.09448819e+00  8.80030817e+00  1.41274349e+01  9.45864959e+00
 5.76476190e+00 -4.96062992e+00  8.93409010e+00  1.41271950e+01  9.45232539e+00
 5.76476190e+00 -4.82677165e+00  9.06785316e+00  1.41269723e+01  9.44588728e+00
 5.76476190e+00 -4.69291339e+00  9.20154938e+00  1.41267429e+01  9.43934324e+00
 5.76476190e+00 -4.55905512e+00  9.33520768e+00  1.41263876e+01  9.43275923e+00
 5.76476190e+00 -4.42519685e+00  9.46886045e+00  1.41259793e+01  9.42601627e+00
 5.76476190e+00 -4.29133858e+00  9.60252151e+00  1.41255655e+01  9.41912218e+00
 5.76476190e+00 -4.15748031e+00  9.73617705e+00  1.41251341e+01  9.41219770e+00
 5.76476190e+00 -4.02362205e+00  9.86978025e+00  1.41247121e+01  9.40516677e+00
 5.76476190e+00 -3.88976378e+00  1.00033543e+01  1.41242611e+01  9.39797565e+00
 5.76476190e+00 -3.75590551e+00  1.01369513e+01  1.41236979e+01  9.39064817e+00
 5.76476190e+00 -3.62204724e+00  1.02704669e+01  1.41230361e+01  9.38324551e+00
 5.76476190e+00 -3.48818898e+00  1.04038954e+01  1.41223144e+01  9.37573354e+00
 5.76476190e+00 -3.35433071e+00  1.05373258e+01  1.41215548e+01  9.36802230e+00
 5.76476190e+00 -3.22047244e+00  1.06707322e+01  1.41207143e+01  9.36016724e+00
 5.76476190e+00 -3.08661417e+00  1.08040828e+01  1.41197669e+01  9.35219634e+00
 5.76476190e+00 -2.95275591e+00  1.09373701e+01  1.41187064e+01  9.34407846e+00
 5.76476190e+00 -2.81889764e+00  1.10705999e+01  1.41174945e+01  9.33577836e+00
 5.76476190e+00 -2.68503937e+00  1.12037561e+01  1.41161514e+01  9.32732102e+00
 5.76476190e+00 -2.55118110e+00  1.13368153e+01  1.41147183e+01  9.31874750e+00
 5.76476190e+00 -2.41732283e+00  1.14698085e+01  1.41130947e+01  9.30995833e+00
 5.76476190e+00 -2.28346457e+00  1.16027263e+01  1.41112642e+01  9.30095926e+00
 5.76476190e+00 -2.14960630e+00  1.17355220e+01  1.41092745e+01  9.29183444e+00
 5.76476190e+00 -2.01574803e+00  1.18681928e+01  1.41070050e+01  9.28248236e+00
 5.76476190e+00 -1.88188976e+00  1.20007211e+01  1.41044077e+01  9.27287650e+00
 5.76476190e+00 -1.74803150e+00  1.21331039e+01  1.41015405e+01  9.26308503e+00
 5.76476190e+00 -1.61417323e+00  1.22654787e+01  1.40984429e+01  9.25309425e+00
 5.76476190e+00 -1.48031496e+00  1.23976825e+01  1.40949882e+01  9.24284801e+00
 5.76476190e+00 -1.34645669e+00  1.25293920e+01  1.40909743e+01  9.23229422e+00
 5.76476190e+00 -1.21259843e+00  1.26610095e+01  1.40865434e+01  9.22147387e+00
 5.76476190e+00 -1.07874016e+00  1.27928577e+01  1.40818655e+01  9.21042289e+00
 5.76476190e+00 -9.44881890e-01  1.29248350e+01  1.40769282e+01  9.19912597e+00
 5.76476190e+00 -8.11023622e-01  1.30562577e+01  1.40712293e+01  9.18746891e+00
 5.76476190e+00 -6.77165354e-01  1.31867505e+01  1.40650084e+01  9.17541147e+00
 5.76476190e+00 -5.43307087e-01  1.33168511e+01  1.40592641e+01  9.16303225e+00
 5.76476190e+00 -4.09448819e-01  1.34489978e+01  1.40540030e+01  9.15042661e+00
 5.76476190e+00 -2.75590551e-01  1.35843112e+01  1.40492119e+01  9.13758821e+00
 5.76476190e+00 -1.41732283e-01  1.37207924e+01  1.40451459e+01  9.12436979e+00
 5.76476190e+00 -7.87401575e-03  1.38567054e+01  1.40413672e+01  9.11062412e+00
 5.76476190e+00  1.25984252e-01  1.39913789e+01  1.40376173e+01  9.09629069e+00
 5.76476190e+00  2.59842520e-01  1.41254113e+01  1.40344741e+01  9.08141177e+00
 5.76476190e+00  3.93700787e-01  1.42607347e+01  1.40339634e+01  9.06609376e+00
 5.76476190e+00  5.27559055e-01  1.43987375e+01  1.40367778e+01  9.05041364e+00
 5.76476190e+00  6.61417323e-01  1.45396886e+01  1.40414583e+01  9.03439088e+00
 5.76476190e+00  7.95275591e-01  1.46840036e+01  1.40468348e+01  9.01797033e+00
 5.76476190e+00  9.29133858e-01  1.48323813e+01  1.40541822e+01  9.00123884e+00
 5.76476190e+00  1.06299213e+00  1.49858118e+01  1.40664135e+01  8.98438126e+00
 5.76476190e+00  1.19685039e+00  1.51454452e+01  1.40853890e+01  8.96746955e+00
 5.76476190e+00  1.33070866e+00  1.53122308e+01  1.41122947e+01  8.95052373e+00
 5.76476190e+00  1.46456693e+00  1.54867431e+01  1.41480126e+01  8.93362098e+00
 5.76476190e+00  1.59842520e+00  1.56692026e+01  1.41930466e+01  8.91681079e+00
 5.76476190e+00  1.73228346e+00  1.58597697e+01  1.42471791e+01  8.90004663e+00
 5.76476190e+00  1.86614173e+00  1.60577742e+01  1.43094396e+01  8.88335428e+00
 5.76476190e+00  2.00000000e+00  1.62621864e+01  1.43788820e+01  8.86674082e+00
 5.84317460e+00 -1.50000000e+01 -1.02749297e+00  1.41993780e+01  9.77869982e+00
 5.84317460e+00 -1.48661417e+01 -8.93613189e-01  1.41994435e+01  9.77561027e+00
 5.84317460e+00 -1.47322835e+01 -7.59739420e-01  1.41994991e+01  9.77257613e+00
 5.84317460e+00 -1.45984252e+01 -6.25882490e-01  1.41995451e+01  9.76957308e+00
 5.84317460e+00 -1.44645669e+01 -4.92010240e-01  1.41995821e+01  9.76646630e+00
 5.84317460e+00 -1.43307087e+01 -3.58122916e-01  1.41996108e+01  9.76331096e+00
 5.84317460e+00 -1.41968504e+01 -2.24229972e-01  1.41996318e+01  9.76018419e+00
 5.84317460e+00 -1.40629921e+01 -9.03273510e-02  1.41996459e+01  9.75705160e+00
 5.84317460e+00 -1.39291339e+01  4.36028637e-02  1.41996539e+01  9.75386949e+00
 5.84317460e+00 -1.37952756e+01  1.77563587e-01  1.41996567e+01  9.75062595e+00
 5.84317460e+00 -1.36614173e+01  3.11533401e-01  1.41996550e+01  9.74735481e+00
 5.84317460e+00 -1.35275591e+01  4.45542774e-01  1.41996498e+01  9.74408909e+00
 5.84317460e+00 -1.33937008e+01  5.79625516e-01  1.41996418e+01  9.74081416e+00
 5.84317460e+00 -1.32598425e+01  7.13789449e-01  1.41996321e+01  9.73746775e+00
 5.84317460e+00 -1.31259843e+01  8.48050919e-01  1.41996214e+01  9.73409360e+00
 5.84317460e+00 -1.29921260e+01  9.82235977e-01  1.41996107e+01  9.73072163e+00
 5.84317460e+00 -1.28582677e+01  1.11618138e+00  1.41996010e+01  9.72731569e+00
 5.84317460e+00 -1.27244094e+01  1.25004050e+00  1.41995919e+01  9.72385507e+00
 5.84317460e+00 -1.25905512e+01  1.38388279e+00  1.41995811e+01  9.72035825e+00
 5.84317460e+00 -1.24566929e+01  1.51773680e+00  1.41995709e+01  9.71686779e+00
 5.84317460e+00 -1.23228346e+01  1.65159778e+00  1.41995607e+01  9.71335172e+00
 5.84317460e+00 -1.21889764e+01  1.78545480e+00  1.41995499e+01  9.70979800e+00
 5.84317460e+00 -1.20551181e+01  1.91930938e+00  1.41995393e+01  9.70624483e+00
 5.84317460e+00 -1.19212598e+01  2.05317532e+00  1.41995284e+01  9.70265722e+00
 5.84317460e+00 -1.17874016e+01  2.18704628e+00  1.41995174e+01  9.69901728e+00
 5.84317460e+00 -1.16535433e+01  2.32089384e+00  1.41995062e+01  9.69535269e+00
 5.84317460e+00 -1.15196850e+01  2.45474007e+00  1.41994949e+01  9.69163006e+00
 5.84317460e+00 -1.13858268e+01  2.58859986e+00  1.41994833e+01  9.68785530e+00
 5.84317460e+00 -1.12519685e+01  2.72245897e+00  1.41994716e+01  9.68409395e+00
 5.84317460e+00 -1.11181102e+01  2.85631362e+00  1.41994597e+01  9.68032155e+00
 5.84317460e+00 -1.09842520e+01  2.99017207e+00  1.41994476e+01  9.67649939e+00
 5.84317460e+00 -1.08503937e+01  3.12404463e+00  1.41994353e+01  9.67261860e+00
 5.84317460e+00 -1.07165354e+01  3.25790373e+00  1.41994229e+01  9.66871774e+00
 5.84317460e+00 -1.05826772e+01  3.39174583e+00  1.41994102e+01  9.66481016e+00
 5.84317460e+00 -1.04488189e+01  3.52560135e+00  1.41993970e+01  9.66086623e+00
 5.84317460e+00 -1.03149606e+01  3.65945923e+00  1.41993847e+01  9.65687580e+00
 5.84317460e+00 -1.01811024e+01  3.79331698e+00  1.41993710e+01  9.65283064e+00
 5.84317460e+00 -1.00472441e+01  3.92718979e+00  1.41993513e+01  9.64872853e+00
 5.84317460e+00 -9.91338583e+00  4.06105936e+00  1.41993324e+01  9.64461927e+00
 5.84317460e+00 -9.77952756e+00  4.19491771e+00  1.41993197e+01  9.64050964e+00
 5.84317460e+00 -9.64566929e+00  4.32877096e+00  1.41993121e+01  9.63635206e+00
 5.84317460e+00 -9.51181102e+00  4.46258808e+00  1.41993012e+01  9.63214665e+00
 5.84317460e+00 -9.37795276e+00  4.59639172e+00  1.41992683e+01  9.62789949e+00
 5.84317460e+00 -9.24409449e+00  4.73024913e+00  1.41992016e+01  9.62360754e+00
 5.84317460e+00 -9.11023622e+00  4.86411903e+00  1.41991575e+01  9.61926793e+00
 5.84317460e+00 -8.97637795e+00  4.99797252e+00  1.41991490e+01  9.61488183e+00
 5.84317460e+00 -8.84251969e+00  5.13182486e+00  1.41991344e+01  9.61045958e+00
 5.84317460e+00 -8.70866142e+00  5.26568567e+00  1.41991153e+01  9.60603038e+00
 5.84317460e+00 -8.57480315e+00  5.39954492e+00  1.41990995e+01  9.60156437e+00
 5.84317460e+00 -8.44094488e+00  5.53338696e+00  1.41990850e+01  9.59699591e+00
 5.84317460e+00 -8.30708661e+00  5.66724346e+00  1.41990597e+01  9.59237675e+00
 5.84317460e+00 -8.17322835e+00  5.80109480e+00  1.41990329e+01  9.58773194e+00
 5.84317460e+00 -8.03937008e+00  5.93489393e+00  1.41990210e+01  9.58303646e+00
 5.84317460e+00 -7.90551181e+00  6.06872752e+00  1.41989762e+01  9.57829021e+00
 5.84317460e+00 -7.77165354e+00  6.20260069e+00  1.41989060e+01  9.57347675e+00
 5.84317460e+00 -7.63779528e+00  6.33644070e+00  1.41988700e+01  9.56858098e+00
 5.84317460e+00 -7.50393701e+00  6.47029550e+00  1.41988633e+01  9.56367085e+00
 5.84317460e+00 -7.37007874e+00  6.60415114e+00  1.41988366e+01  9.55873468e+00
 5.84317460e+00 -7.23622047e+00  6.73795000e+00  1.41987529e+01  9.55370140e+00
 5.84317460e+00 -7.10236220e+00  6.87178047e+00  1.41987075e+01  9.54861832e+00
 5.84317460e+00 -6.96850394e+00  7.00563457e+00  1.41986851e+01  9.54347776e+00
 5.84317460e+00 -6.83464567e+00  7.13943302e+00  1.41985976e+01  9.53823796e+00
 5.84317460e+00 -6.70078740e+00  7.27325725e+00  1.41985466e+01  9.53299295e+00
 5.84317460e+00 -6.56692913e+00  7.40710168e+00  1.41985226e+01  9.52770493e+00
 5.84317460e+00 -6.43307087e+00  7.54089703e+00  1.41984288e+01  9.52225849e+00
 5.84317460e+00 -6.29921260e+00  7.67472254e+00  1.41983324e+01  9.51675637e+00
 5.84317460e+00 -6.16535433e+00  7.80856786e+00  1.41982583e+01  9.51123792e+00
 5.84317460e+00 -6.03149606e+00  7.94236407e+00  1.41981761e+01  9.50565446e+00
 5.84317460e+00 -5.89763780e+00  8.07618913e+00  1.41980949e+01  9.49998225e+00
 5.84317460e+00 -5.76377953e+00  8.21003688e+00  1.41980133e+01  9.49421931e+00
 5.84317460e+00 -5.62992126e+00  8.34383695e+00  1.41979139e+01  9.48837252e+00
 5.84317460e+00 -5.49606299e+00  8.47761982e+00  1.41977806e+01  9.48243568e+00
 5.84317460e+00 -5.36220472e+00  8.61141019e+00  1.41976267e+01  9.47642902e+00
 5.84317460e+00 -5.22834646e+00  8.74520067e+00  1.41974781e+01  9.47036807e+00
 5.84317460e+00 -5.09448819e+00  8.87895540e+00  1.41973260e+01  9.46418626e+00
 5.84317460e+00 -4.96062992e+00  9.01270116e+00  1.41971453e+01  9.45790053e+00
 5.84317460e+00 -4.82677165e+00  9.14648225e+00  1.41969260e+01  9.45156480e+00
 5.84317460e+00 -4.69291339e+00  9.28023656e+00  1.41967182e+01  9.44511408e+00
 5.84317460e+00 -4.55905512e+00  9.41393028e+00  1.41964662e+01  9.43856091e+00
 5.84317460e+00 -4.42519685e+00  9.54758908e+00  1.41961028e+01  9.43195594e+00
 5.84317460e+00 -4.29133858e+00  9.68129445e+00  1.41957777e+01  9.42523799e+00
 5.84317460e+00 -4.15748031e+00  9.81501506e+00  1.41954693e+01  9.41837448e+00
 5.84317460e+00 -4.02362205e+00  9.94866679e+00  1.41950628e+01  9.41138172e+00
 5.84317460e+00 -3.88976378e+00  1.00822786e+01  1.41946290e+01  9.40430286e+00
 5.84317460e+00 -3.75590551e+00  1.02158639e+01  1.41941827e+01  9.39711441e+00
 5.84317460e+00 -3.62204724e+00  1.03494258e+01  1.41936795e+01  9.38977869e+00
 5.84317460e+00 -3.48818898e+00  1.04830049e+01  1.41930957e+01  9.38235753e+00
 5.84317460e+00 -3.35433071e+00  1.06165489e+01  1.41924381e+01  9.37481347e+00
 5.84317460e+00 -3.22047244e+00  1.07499895e+01  1.41917206e+01  9.36707480e+00
 5.84317460e+00 -3.08661417e+00  1.08834077e+01  1.41909230e+01  9.35920421e+00
 5.84317460e+00 -2.95275591e+00  1.10168254e+01  1.41900248e+01  9.35120744e+00
 5.84317460e+00 -2.81889764e+00  1.11501935e+01  1.41890187e+01  9.34305900e+00
 5.84317460e+00 -2.68503937e+00  1.12834478e+01  1.41879197e+01  9.33479809e+00
 5.84317460e+00 -2.55118110e+00  1.14166415e+01  1.41867031e+01  9.32636279e+00
 5.84317460e+00 -2.41732283e+00  1.15498332e+01  1.41853292e+01  9.31768434e+00
 5.84317460e+00 -2.28346457e+00  1.16828745e+01  1.41838022e+01  9.30888579e+00
 5.84317460e+00 -2.14960630e+00  1.18158100e+01  1.41821129e+01  9.29993113e+00
 5.84317460e+00 -2.01574803e+00  1.19487452e+01  1.41802333e+01  9.29071502e+00
 5.84317460e+00 -1.88188976e+00  1.20815122e+01  1.41781303e+01  9.28132311e+00
 5.84317460e+00 -1.74803150e+00  1.22141501e+01  1.41758097e+01  9.27175392e+00
 5.84317460e+00 -1.61417323e+00  1.23467795e+01  1.41732597e+01  9.26194343e+00
 5.84317460e+00 -1.48031496e+00  1.24792213e+01  1.41703469e+01  9.25190738e+00
 5.84317460e+00 -1.34645669e+00  1.26114488e+01  1.41670714e+01  9.24163247e+00
 5.84317460e+00 -1.21259843e+00  1.27435657e+01  1.41635055e+01  9.23108360e+00
 5.84317460e+00 -1.07874016e+00  1.28755958e+01  1.41595859e+01  9.22026511e+00
 5.84317460e+00 -9.44881890e-01  1.30077321e+01  1.41553440e+01  9.20918183e+00
 5.84317460e+00 -8.11023622e-01  1.31399928e+01  1.41508389e+01  9.19781497e+00
 5.84317460e+00 -6.77165354e-01  1.32713602e+01  1.41458755e+01  9.18609806e+00
 5.84317460e+00 -5.43307087e-01  1.34018983e+01  1.41402292e+01  9.17401570e+00
 5.84317460e+00 -4.09448819e-01  1.35330084e+01  1.41342492e+01  9.16161600e+00
 5.84317460e+00 -2.75590551e-01  1.36669068e+01  1.41302444e+01  9.14902047e+00
 5.84317460e+00 -1.41732283e-01  1.38033532e+01  1.41280087e+01  9.13616306e+00
 5.84317460e+00 -7.87401575e-03  1.39395341e+01  1.41249699e+01  9.12280925e+00
 5.84317460e+00  1.25984252e-01  1.40744993e+01  1.41220715e+01  9.10887067e+00
 5.84317460e+00  2.59842520e-01  1.42086931e+01  1.41205924e+01  9.09439316e+00
 5.84317460e+00  3.93700787e-01  1.43433340e+01  1.41208931e+01  9.07947611e+00
 5.84317460e+00  5.27559055e-01  1.44796195e+01  1.41216405e+01  9.06416144e+00
 5.84317460e+00  6.61417323e-01  1.46182113e+01  1.41229705e+01  9.04845669e+00
 5.84317460e+00  7.95275591e-01  1.47594591e+01  1.41261851e+01  9.03237541e+00
 5.84317460e+00  9.29133858e-01  1.49041681e+01  1.41316367e+01  9.01598691e+00
 5.84317460e+00  1.06299213e+00  1.50532988e+01  1.41404434e+01  8.99938351e+00
 5.84317460e+00  1.19685039e+00  1.52077911e+01  1.41544202e+01  8.98260734e+00
 5.84317460e+00  1.33070866e+00  1.53685052e+01  1.41753614e+01  8.96567249e+00
 5.84317460e+00  1.46456693e+00  1.55364162e+01  1.42043449e+01  8.94880211e+00
 5.84317460e+00  1.59842520e+00  1.57119845e+01  1.42421541e+01  8.93193198e+00
 5.84317460e+00  1.73228346e+00  1.58959147e+01  1.42889685e+01  8.91506117e+00
 5.84317460e+00  1.86614173e+00  1.60878333e+01  1.43443665e+01  8.89834325e+00
 5.84317460e+00  2.00000000e+00  1.62868057e+01  1.44076808e+01  8.88172510e+00
 5.92158730e+00 -1.50000000e+01 -9.49049741e-01  1.42699089e+01  9.78130219e+00
 5.92158730e+00 -1.48661417e+01 -8.15187843e-01  1.42699943e+01  9.77827844e+00
 5.92158730e+00 -1.47322835e+01 -6.81316626e-01  1.42700690e+01  9.77522628e+00
 5.92158730e+00 -1.45984252e+01 -5.47441177e-01  1.42701332e+01  9.77216397e+00
 5.92158730e+00 -1.44645669e+01 -4.13564628e-01  1.42701874e+01  9.76908347e+00
 5.92158730e+00 -1.43307087e+01 -2.79681117e-01  1.42702319e+01  9.76595218e+00
 5.92158730e+00 -1.41968504e+01 -1.45787060e-01  1.42702676e+01  9.76280943e+00
 5.92158730e+00 -1.40629921e+01 -1.18813859e-02  1.42702950e+01  9.75968210e+00
 5.92158730e+00 -1.39291339e+01  1.22037460e-01  1.42703151e+01  9.75654642e+00
 5.92158730e+00 -1.37952756e+01  2.55983328e-01  1.42703287e+01  9.75336610e+00
 5.92158730e+00 -1.36614173e+01  3.89966105e-01  1.42703366e+01  9.75012952e+00
 5.92158730e+00 -1.35275591e+01  5.23988720e-01  1.42703399e+01  9.74686048e+00
 5.92158730e+00 -1.33937008e+01  6.58069024e-01  1.42703395e+01  9.74358179e+00
 5.92158730e+00 -1.32598425e+01  7.92230185e-01  1.42703363e+01  9.74028616e+00
 5.92158730e+00 -1.31259843e+01  9.26494375e-01  1.42703314e+01  9.73693414e+00
 5.92158730e+00 -1.29921260e+01  1.06068349e+00  1.42703257e+01  9.73357277e+00
 5.92158730e+00 -1.28582677e+01  1.19461202e+00  1.42703198e+01  9.73021232e+00
 5.92158730e+00 -1.27244094e+01  1.32847316e+00  1.42703115e+01  9.72679181e+00
 5.92158730e+00 -1.25905512e+01  1.46233393e+00  1.42703027e+01  9.72332612e+00
 5.92158730e+00 -1.24566929e+01  1.59619108e+00  1.42702952e+01  9.71984362e+00
 5.92158730e+00 -1.23228346e+01  1.73004852e+00  1.42702868e+01  9.71635406e+00
 5.92158730e+00 -1.21889764e+01  1.86390718e+00  1.42702783e+01  9.71283037e+00
 5.92158730e+00 -1.20551181e+01  1.99776452e+00  1.42702700e+01  9.70927628e+00
 5.92158730e+00 -1.19212598e+01  2.13161798e+00  1.42702613e+01  9.70572176e+00
 5.92158730e+00 -1.17874016e+01  2.26547567e+00  1.42702526e+01  9.70212728e+00
 5.92158730e+00 -1.16535433e+01  2.39933777e+00  1.42702437e+01  9.69847860e+00
 5.92158730e+00 -1.15196850e+01  2.53319608e+00  1.42702347e+01  9.69479725e+00
 5.92158730e+00 -1.13858268e+01  2.66705294e+00  1.42702255e+01  9.69106770e+00
 5.92158730e+00 -1.12519685e+01  2.80091099e+00  1.42702162e+01  9.68730768e+00
 5.92158730e+00 -1.11181102e+01  2.93476945e+00  1.42702067e+01  9.68355408e+00
 5.92158730e+00 -1.09842520e+01  3.06862423e+00  1.42701973e+01  9.67975418e+00
 5.92158730e+00 -1.08503937e+01  3.20247864e+00  1.42701874e+01  9.67591732e+00
 5.92158730e+00 -1.07165354e+01  3.33633980e+00  1.42701770e+01  9.67209450e+00
 5.92158730e+00 -1.05826772e+01  3.47019994e+00  1.42701688e+01  9.66819172e+00
 5.92158730e+00 -1.04488189e+01  3.60405693e+00  1.42701569e+01  9.66421736e+00
 5.92158730e+00 -1.03149606e+01  3.73791496e+00  1.42701393e+01  9.66026505e+00
 5.92158730e+00 -1.01811024e+01  3.87177033e+00  1.42701599e+01  9.65627327e+00
 5.92158730e+00 -1.00472441e+01  4.00562360e+00  1.42702029e+01  9.65223764e+00
 5.92158730e+00 -9.91338583e+00  4.13947980e+00  1.42702034e+01  9.64821006e+00
 5.92158730e+00 -9.77952756e+00  4.27333998e+00  1.42701498e+01  9.64414256e+00
 5.92158730e+00 -9.64566929e+00  4.40720082e+00  1.42700904e+01  9.64001639e+00
 5.92158730e+00 -9.51181102e+00  4.54105092e+00  1.42700817e+01  9.63585150e+00
 5.92158730e+00 -9.37795276e+00  4.67486479e+00  1.42700682e+01  9.63164370e+00
 5.92158730e+00 -9.24409449e+00  4.80867188e+00  1.42700386e+01  9.62739051e+00
 5.92158730e+00 -9.11023622e+00  4.94252544e+00  1.42700254e+01  9.62309352e+00
 5.92158730e+00 -8.97637795e+00  5.07639488e+00  1.42700143e+01  9.61874799e+00
 5.92158730e+00 -8.84251969e+00  5.21025641e+00  1.42699992e+01  9.61435631e+00
 5.92158730e+00 -8.70866142e+00  5.34411037e+00  1.42699865e+01  9.60993264e+00
 5.92158730e+00 -8.57480315e+00  5.47796801e+00  1.42699740e+01  9.60550209e+00
 5.92158730e+00 -8.44094488e+00  5.61182946e+00  1.42699599e+01  9.60102541e+00
 5.92158730e+00 -8.30708661e+00  5.74568748e+00  1.42699470e+01  9.59644729e+00
 5.92158730e+00 -8.17322835e+00  5.87954345e+00  1.42699439e+01  9.59182435e+00
 5.92158730e+00 -8.03937008e+00  6.01337545e+00  1.42699175e+01  9.58717598e+00
 5.92158730e+00 -7.90551181e+00  6.14717327e+00  1.42698406e+01  9.58247743e+00
 5.92158730e+00 -7.77165354e+00  6.28101292e+00  1.42697954e+01  9.57771263e+00
 5.92158730e+00 -7.63779528e+00  6.41488892e+00  1.42697960e+01  9.57290232e+00
 5.92158730e+00 -7.50393701e+00  6.54874564e+00  1.42697879e+01  9.56806499e+00
 5.92158730e+00 -7.37007874e+00  6.68259494e+00  1.42697216e+01  9.56314114e+00
 5.92158730e+00 -7.23622047e+00  6.81642771e+00  1.42696462e+01  9.55813609e+00
 5.92158730e+00 -7.10236220e+00  6.95023262e+00  1.42696350e+01  9.55309473e+00
 5.92158730e+00 -6.96850394e+00  7.08405774e+00  1.42696301e+01  9.54800877e+00
 5.92158730e+00 -6.83464567e+00  7.21792030e+00  1.42695844e+01  9.54285127e+00
 5.92158730e+00 -6.70078740e+00  7.35178882e+00  1.42695035e+01  9.53761850e+00
 5.92158730e+00 -6.56692913e+00  7.48559171e+00  1.42694625e+01  9.53237608e+00
 5.92158730e+00 -6.43307087e+00  7.61939154e+00  1.42694327e+01  9.52706344e+00
 5.92158730e+00 -6.29921260e+00  7.75326235e+00  1.42693504e+01  9.52160079e+00
 5.92158730e+00 -6.16535433e+00  7.88706972e+00  1.42692650e+01  9.51610001e+00
 5.92158730e+00 -6.03149606e+00  8.02085899e+00  1.42691921e+01  9.51057794e+00
 5.92158730e+00 -5.89763780e+00  8.15472830e+00  1.42691153e+01  9.50498155e+00
 5.92158730e+00 -5.76377953e+00  8.28855598e+00  1.42690291e+01  9.49929873e+00
 5.92158730e+00 -5.62992126e+00  8.42233559e+00  1.42689442e+01  9.49352842e+00
 5.92158730e+00 -5.49606299e+00  8.55613008e+00  1.42688585e+01  9.48767066e+00
 5.92158730e+00 -5.36220472e+00  8.68993114e+00  1.42687235e+01  9.48172395e+00
 5.92158730e+00 -5.22834646e+00  8.82371888e+00  1.42685821e+01  9.47571175e+00
 5.92158730e+00 -5.09448819e+00  8.95749035e+00  1.42684849e+01  9.46963950e+00
 5.92158730e+00 -4.96062992e+00  9.09127964e+00  1.42683570e+01  9.46344122e+00
 5.92158730e+00 -4.82677165e+00  9.22507862e+00  1.42681739e+01  9.45714723e+00
 5.92158730e+00 -4.69291339e+00  9.35885730e+00  1.42679575e+01  9.45080097e+00
 5.92158730e+00 -4.55905512e+00  9.49260379e+00  1.42677341e+01  9.44433343e+00
 5.92158730e+00 -4.42519685e+00  9.62630924e+00  1.42674943e+01  9.43777737e+00
 5.92158730e+00 -4.29133858e+00  9.75998604e+00  1.42672231e+01  9.43117475e+00
 5.92158730e+00 -4.15748031e+00  9.89368560e+00  1.42669380e+01  9.42443627e+00
 5.92158730e+00 -4.02362205e+00  1.00273805e+01  1.42666201e+01  9.41754715e+00
 5.92158730e+00 -3.88976378e+00  1.01610305e+01  1.42662502e+01  9.41054325e+00
 5.92158730e+00 -3.75590551e+00  1.02946744e+01  1.42658562e+01  9.40344642e+00
 5.92158730e+00 -3.62204724e+00  1.04283338e+01  1.42654100e+01  9.39623732e+00
 5.92158730e+00 -3.48818898e+00  1.05619907e+01  1.42648987e+01  9.38889812e+00
 5.92158730e+00 -3.35433071e+00  1.06955841e+01  1.42644035e+01  9.38145640e+00
 5.92158730e+00 -3.22047244e+00  1.08291206e+01  1.42638477e+01  9.37387448e+00
 5.92158730e+00 -3.08661417e+00  1.09626301e+01  1.42631400e+01  9.36612494e+00
 5.92158730e+00 -2.95275591e+00  1.10961005e+01  1.42623581e+01  9.35827786e+00
 5.92158730e+00 -2.81889764e+00  1.12295017e+01  1.42615439e+01  9.35031128e+00
 5.92158730e+00 -2.68503937e+00  1.13628406e+01  1.42606715e+01  9.34216283e+00
 5.92158730e+00 -2.55118110e+00  1.14962005e+01  1.42596523e+01  9.33381521e+00
 5.92158730e+00 -2.41732283e+00  1.16295072e+01  1.42584972e+01  9.32532144e+00
 5.92158730e+00 -2.28346457e+00  1.17626807e+01  1.42572427e+01  9.31670148e+00
 5.92158730e+00 -2.14960630e+00  1.18958121e+01  1.42558528e+01  9.30784609e+00
 5.92158730e+00 -2.01574803e+00  1.20288910e+01  1.42542917e+01  9.29880114e+00
 5.92158730e+00 -1.88188976e+00  1.21618716e+01  1.42525488e+01  9.28963068e+00
 5.92158730e+00 -1.74803150e+00  1.22947722e+01  1.42506438e+01  9.28024148e+00
 5.92158730e+00 -1.61417323e+00  1.24275357e+01  1.42484991e+01  9.27062103e+00
 5.92158730e+00 -1.48031496e+00  1.25601655e+01  1.42460592e+01  9.26079189e+00
 5.92158730e+00 -1.34645669e+00  1.26928565e+01  1.42434230e+01  9.25072660e+00
 5.92158730e+00 -1.21259843e+00  1.28253741e+01  1.42405128e+01  9.24040444e+00
 5.92158730e+00 -1.07874016e+00  1.29575400e+01  1.42372387e+01  9.22982237e+00
 5.92158730e+00 -9.44881890e-01  1.30898720e+01  1.42337330e+01  9.21899054e+00
 5.92158730e+00 -8.11023622e-01  1.32225079e+01  1.42300676e+01  9.20790224e+00
 5.92158730e+00 -6.77165354e-01  1.33548885e+01  1.42260312e+01  9.19650721e+00
 5.92158730e+00 -5.43307087e-01  1.34857771e+01  1.42210144e+01  9.18469981e+00
 5.92158730e+00 -4.09448819e-01  1.36167011e+01  1.42159309e+01  9.17256948e+00
 5.92158730e+00 -2.75590551e-01  1.37501031e+01  1.42122593e+01  9.16024390e+00
 5.92158730e+00 -1.41732283e-01  1.38856113e+01  1.42101538e+01  9.14764032e+00
 5.92158730e+00 -7.87401575e-03  1.40217111e+01  1.42091523e+01  9.13465735e+00
 5.92158730e+00  1.25984252e-01  1.41569422e+01  1.42084374e+01  9.12119968e+00
 5.92158730e+00  2.59842520e-01  1.42911989e+01  1.42071392e+01  9.10714666e+00
 5.92158730e+00  3.93700787e-01  1.44254168e+01  1.42055842e+01  9.09258326e+00
 5.92158730e+00  5.27559055e-01  1.45607282e+01  1.42047041e+01  9.07764509e+00
 5.92158730e+00  6.61417323e-01  1.46975618e+01  1.42050758e+01  9.06231223e+00
 5.92158730e+00  7.95275591e-01  1.48365093e+01  1.42068418e+01  9.04659444e+00
 5.92158730e+00  9.29133858e-01  1.49783330e+01  1.42102855e+01  9.03052830e+00
 5.92158730e+00  1.06299213e+00  1.51238126e+01  1.42164589e+01  9.01415300e+00
 5.92158730e+00  1.19685039e+00  1.52737853e+01  1.42267265e+01  8.99755858e+00
 5.92158730e+00  1.33070866e+00  1.54292045e+01  1.42425645e+01  8.98081610e+00
 5.92158730e+00  1.46456693e+00  1.55910276e+01  1.42653908e+01  8.96395247e+00
 5.92158730e+00  1.59842520e+00  1.57599467e+01  1.42963123e+01  8.94701307e+00
 5.92158730e+00  1.73228346e+00  1.59372344e+01  1.43358034e+01  8.93007890e+00
 5.92158730e+00  1.86614173e+00  1.61226355e+01  1.43840811e+01  8.91326160e+00
 5.92158730e+00  2.00000000e+00  1.63157008e+01  1.44408530e+01  8.89656422e+00
 6.00000000e+00 -1.50000000e+01 -8.70636136e-01  1.43418516e+01  9.78404207e+00
 6.00000000e+00 -1.48661417e+01 -7.36770328e-01  1.43419167e+01  9.78105976e+00
 6.00000000e+00 -1.47322835e+01 -6.02903144e-01  1.43419745e+01  9.77802503e+00
 6.00000000e+00 -1.45984252e+01 -4.69031185e-01  1.43420251e+01  9.77495951e+00
 6.00000000e+00 -1.44645669e+01 -3.35153773e-01  1.43420688e+01  9.77189070e+00
 6.00000000e+00 -1.43307087e+01 -2.01269894e-01  1.43421060e+01  9.76880623e+00
 6.00000000e+00 -1.41968504e+01 -6.73768692e-02  1.43421369e+01  9.76567064e+00
 6.00000000e+00 -1.40629921e+01  6.65298450e-02  1.43421621e+01  9.76252867e+00
 6.00000000e+00 -1.39291339e+01  2.00453915e-01  1.43421820e+01  9.75939975e+00
 6.00000000e+00 -1.37952756e+01  3.34399422e-01  1.43421971e+01  9.75625623e+00
 6.00000000e+00 -1.36614173e+01  4.68376980e-01  1.43422079e+01  9.75306588e+00
 6.00000000e+00 -1.35275591e+01  6.02398979e-01  1.43422150e+01  9.74982539e+00
 6.00000000e+00 -1.33937008e+01  7.36480793e-01  1.43422189e+01  9.74655806e+00
 6.00000000e+00 -1.32598425e+01  8.70636548e-01  1.43422203e+01  9.74328224e+00
 6.00000000e+00 -1.31259843e+01  1.00490862e+00  1.43422197e+01  9.73997548e+00
 6.00000000e+00 -1.29921260e+01  1.13912926e+00  1.43422177e+01  9.73661960e+00
 6.00000000e+00 -1.28582677e+01  1.27303617e+00  1.43422120e+01  9.73326767e+00
 6.00000000e+00 -1.27244094e+01  1.40689310e+00  1.43422044e+01  9.72990481e+00
 6.00000000e+00 -1.25905512e+01  1.54075098e+00  1.43421989e+01  9.72647313e+00
 6.00000000e+00 -1.24566929e+01  1.67460919e+00  1.43421931e+01  9.72300216e+00
 6.00000000e+00 -1.23228346e+01  1.80846694e+00  1.43421856e+01  9.71951995e+00
 6.00000000e+00 -1.21889764e+01  1.94232469e+00  1.43421794e+01  9.71602777e+00
 6.00000000e+00 -1.20551181e+01  2.07618351e+00  1.43421729e+01  9.71249927e+00
 6.00000000e+00 -1.19212598e+01  2.21004228e+00  1.43421659e+01  9.70894464e+00
 6.00000000e+00 -1.17874016e+01  2.34389910e+00  1.43421593e+01  9.70538831e+00
 6.00000000e+00 -1.16535433e+01  2.47775625e+00  1.43421522e+01  9.70179013e+00
 6.00000000e+00 -1.15196850e+01  2.61161438e+00  1.43421452e+01  9.69813867e+00
 6.00000000e+00 -1.13858268e+01  2.74547230e+00  1.43421380e+01  9.69444837e+00
 6.00000000e+00 -1.12519685e+01  2.87932987e+00  1.43421308e+01  9.69071142e+00
 6.00000000e+00 -1.11181102e+01  3.01318799e+00  1.43421234e+01  9.68695228e+00
 6.00000000e+00 -1.09842520e+01  3.14704709e+00  1.43421159e+01  9.68319906e+00
 6.00000000e+00 -1.08503937e+01  3.28090467e+00  1.43421081e+01  9.67940852e+00
 6.00000000e+00 -1.07165354e+01  3.41476123e+00  1.43421005e+01  9.67558126e+00
 6.00000000e+00 -1.05826772e+01  3.54861896e+00  1.43420931e+01  9.67173639e+00
 6.00000000e+00 -1.04488189e+01  3.68247704e+00  1.43420826e+01  9.66782439e+00
 6.00000000e+00 -1.03149606e+01  3.81633454e+00  1.43420775e+01  9.66383885e+00
 6.00000000e+00 -1.01811024e+01  3.95019119e+00  1.43420854e+01  9.65981413e+00
 6.00000000e+00 -1.00472441e+01  4.08404768e+00  1.43420868e+01  9.65578219e+00
 6.00000000e+00 -9.91338583e+00  4.21790332e+00  1.43420721e+01  9.65175724e+00
 6.00000000e+00 -9.77952756e+00  4.35175935e+00  1.43420469e+01  9.64772804e+00
 6.00000000e+00 -9.64566929e+00  4.48562318e+00  1.43420296e+01  9.64365117e+00
 6.00000000e+00 -9.51181102e+00  4.61947978e+00  1.43420232e+01  9.63952059e+00
 6.00000000e+00 -9.37795276e+00  4.75331879e+00  1.43420186e+01  9.63535127e+00
 6.00000000e+00 -9.24409449e+00  4.88717812e+00  1.43420094e+01  9.63113628e+00
 6.00000000e+00 -9.11023622e+00  5.02102520e+00  1.43420010e+01  9.62687682e+00
 6.00000000e+00 -8.97637795e+00  5.15482587e+00  1.43419990e+01  9.62257640e+00
 6.00000000e+00 -8.84251969e+00  5.28866603e+00  1.43419903e+01  9.61822551e+00
 6.00000000e+00 -8.70866142e+00  5.42253992e+00  1.43419774e+01  9.61382860e+00
 6.00000000e+00 -8.57480315e+00  5.55639619e+00  1.43419675e+01  9.60940385e+00
 6.00000000e+00 -8.44094488e+00  5.69024832e+00  1.43419536e+01  9.60497118e+00
 6.00000000e+00 -8.30708661e+00  5.82410645e+00  1.43419462e+01  9.60048324e+00
 6.00000000e+00 -8.17322835e+00  5.95796886e+00  1.43419410e+01  9.59589643e+00
 6.00000000e+00 -8.03937008e+00  6.09182469e+00  1.43418799e+01  9.59127142e+00
 6.00000000e+00 -7.90551181e+00  6.22565215e+00  1.43418117e+01  9.58661677e+00
 6.00000000e+00 -7.77165354e+00  6.35945283e+00  1.43418011e+01  9.58191013e+00
 6.00000000e+00 -7.63779528e+00  6.49328852e+00  1.43417936e+01  9.57715286e+00
 6.00000000e+00 -7.50393701e+00  6.62715838e+00  1.43417809e+01  9.57234773e+00
 6.00000000e+00 -7.37007874e+00  6.76102759e+00  1.43417670e+01  9.56748649e+00
 6.00000000e+00 -7.23622047e+00  6.89488061e+00  1.43417101e+01  9.56254350e+00
 6.00000000e+00 -7.10236220e+00  7.02870546e+00  1.43416535e+01  9.55753677e+00
 6.00000000e+00 -6.96850394e+00  7.16251218e+00  1.43416439e+01  9.55249302e+00
 6.00000000e+00 -6.83464567e+00  7.29635075e+00  1.43416263e+01  9.54739961e+00
 6.00000000e+00 -6.70078740e+00  7.43021666e+00  1.43415796e+01  9.54223159e+00
 6.00000000e+00 -6.56692913e+00  7.56407077e+00  1.43415222e+01  9.53699406e+00
 6.00000000e+00 -6.43307087e+00  7.69788037e+00  1.43414921e+01  9.53174743e+00
 6.00000000e+00 -6.29921260e+00  7.83169095e+00  1.43414533e+01  9.52641752e+00
 6.00000000e+00 -6.16535433e+00  7.96553693e+00  1.43413704e+01  9.52094518e+00
 6.00000000e+00 -6.03149606e+00  8.09935602e+00  1.43412868e+01  9.51544316e+00
 6.00000000e+00 -5.89763780e+00  8.23317139e+00  1.43412092e+01  9.50991376e+00
 6.00000000e+00 -5.76377953e+00  8.36700929e+00  1.43411306e+01  9.50430860e+00
 6.00000000e+00 -5.62992126e+00  8.50081335e+00  1.43410624e+01  9.49861634e+00
 6.00000000e+00 -5.49606299e+00  8.63462167e+00  1.43409824e+01  9.49283436e+00
 6.00000000e+00 -5.36220472e+00  8.76846799e+00  1.43408839e+01  9.48696313e+00
 6.00000000e+00 -5.22834646e+00  8.90228512e+00  1.43408122e+01  9.48100730e+00
 6.00000000e+00 -5.09448819e+00  9.03607239e+00  1.43407116e+01  9.47498908e+00
 6.00000000e+00 -4.96062992e+00  9.16986109e+00  1.43405558e+01  9.46890309e+00
 6.00000000e+00 -4.82677165e+00  9.30366435e+00  1.43404477e+01  9.46269053e+00
 6.00000000e+00 -4.69291339e+00  9.43744999e+00  1.43403193e+01  9.45639031e+00
 6.00000000e+00 -4.55905512e+00  9.57118544e+00  1.43401062e+01  9.45003363e+00
 6.00000000e+00 -4.42519685e+00  9.70488261e+00  1.43398957e+01  9.44355995e+00
 6.00000000e+00 -4.29133858e+00  9.83861412e+00  1.43396599e+01  9.43699596e+00
 6.00000000e+00 -4.15748031e+00  9.97240097e+00  1.43393803e+01  9.43036389e+00
 6.00000000e+00 -4.02362205e+00  1.01061410e+01  1.43391416e+01  9.42360556e+00
 6.00000000e+00 -3.88976378e+00  1.02398274e+01  1.43388723e+01  9.41671142e+00
 6.00000000e+00 -3.75590551e+00  1.03734914e+01  1.43385122e+01  9.40969612e+00
 6.00000000e+00 -3.62204724e+00  1.05071453e+01  1.43381408e+01  9.40257387e+00
 6.00000000e+00 -3.48818898e+00  1.06408047e+01  1.43377620e+01  9.39537793e+00
 6.00000000e+00 -3.35433071e+00  1.07744592e+01  1.43373432e+01  9.38808289e+00
 6.00000000e+00 -3.22047244e+00  1.09080607e+01  1.43368585e+01  9.38057988e+00
 6.00000000e+00 -3.08661417e+00  1.10416264e+01  1.43362908e+01  9.37295917e+00
 6.00000000e+00 -2.95275591e+00  1.11751763e+01  1.43356418e+01  9.36527225e+00
 6.00000000e+00 -2.81889764e+00  1.13086881e+01  1.43349374e+01  9.35738342e+00
 6.00000000e+00 -2.68503937e+00  1.14421582e+01  1.43341892e+01  9.34932982e+00
 6.00000000e+00 -2.55118110e+00  1.15755853e+01  1.43333721e+01  9.34115688e+00
 6.00000000e+00 -2.41732283e+00  1.17089575e+01  1.43324220e+01  9.33280156e+00
 6.00000000e+00 -2.28346457e+00  1.18422675e+01  1.43313440e+01  9.32428054e+00
 6.00000000e+00 -2.14960630e+00  1.19755181e+01  1.43301571e+01  9.31561545e+00
 6.00000000e+00 -2.01574803e+00  1.21087216e+01  1.43288554e+01  9.30677838e+00
 6.00000000e+00 -1.88188976e+00  1.22418753e+01  1.43274491e+01  9.29777173e+00
 6.00000000e+00 -1.74803150e+00  1.23749421e+01  1.43259077e+01  9.28858349e+00
 6.00000000e+00 -1.61417323e+00  1.25078662e+01  1.43241369e+01  9.27916175e+00
 6.00000000e+00 -1.48031496e+00  1.26407689e+01  1.43221482e+01  9.26950599e+00
 6.00000000e+00 -1.34645669e+00  1.27737053e+01  1.43199856e+01  9.25962959e+00
 6.00000000e+00 -1.21259843e+00  1.29064932e+01  1.43176441e+01  9.24952752e+00
 6.00000000e+00 -1.07874016e+00  1.30389672e+01  1.43149475e+01  9.23917023e+00
 6.00000000e+00 -9.44881890e-01  1.31713619e+01  1.43119344e+01  9.22855677e+00
 6.00000000e+00 -8.11023622e-01  1.33043648e+01  1.43090323e+01  9.21773065e+00
 6.00000000e+00 -6.77165354e-01  1.34370691e+01  1.43058587e+01  9.20659471e+00
 6.00000000e+00 -5.43307087e-01  1.35686917e+01  1.43019579e+01  9.19507643e+00
 6.00000000e+00 -4.09448819e-01  1.37000957e+01  1.42975680e+01  9.18324627e+00
 6.00000000e+00 -2.75590551e-01  1.38328135e+01  1.42939608e+01  9.17116443e+00
 6.00000000e+00 -1.41732283e-01  1.39676742e+01  1.42921927e+01  9.15884229e+00
 6.00000000e+00 -7.87401575e-03  1.41034169e+01  1.42917474e+01  9.14621725e+00
 6.00000000e+00  1.25984252e-01  1.42386892e+01  1.42912512e+01  9.13313954e+00
 6.00000000e+00  2.59842520e-01  1.43729900e+01  1.42899079e+01  9.11951420e+00
 6.00000000e+00  3.93700787e-01  1.45070702e+01  1.42884725e+01  9.10539339e+00
 6.00000000e+00  5.27559055e-01  1.46416913e+01  1.42875975e+01  9.09085352e+00
 6.00000000e+00  6.61417323e-01  1.47774393e+01  1.42875619e+01  9.07591139e+00
 6.00000000e+00  7.95275591e-01  1.49147266e+01  1.42882872e+01  9.06050300e+00
 6.00000000e+00  9.29133858e-01  1.50542745e+01  1.42901594e+01  9.04474384e+00
 6.00000000e+00  1.06299213e+00  1.51968266e+01  1.42940559e+01  9.02871584e+00
 6.00000000e+00  1.19685039e+00  1.53430099e+01  1.43012618e+01  9.01237263e+00
 6.00000000e+00  1.33070866e+00  1.54937843e+01  1.43130404e+01  8.99580931e+00
 6.00000000e+00  1.46456693e+00  1.56501683e+01  1.43307243e+01  8.97909314e+00
 6.00000000e+00  1.59842520e+00  1.58130498e+01  1.43554596e+01  8.96225021e+00
 6.00000000e+00  1.73228346e+00  1.59838617e+01  1.43879940e+01  8.94529119e+00
 6.00000000e+00  1.86614173e+00  1.61626496e+01  1.44290887e+01  8.92827977e+00
 6.00000000e+00  2.00000000e+00  1.63494311e+01  1.44788280e+01  8.91142784e+00
