#nT = 64 nRho= 128
#logT [K],logRho [g/cc],logP [barye],logE [erg/g],logS [erg/g/K]
 1.06000000e+00 -1.50000000e+01 -6.40744858e+00  1.03170322e+01  9.06626716e+00
 1.06000000e+00 -1.48661417e+01 -6.27358674e+00  1.03170322e+01  9.06216844e+00
 1.06000000e+00 -1.47322835e+01 -6.13972500e+00  1.03170322e+01  9.05806972e+00
 1.06000000e+00 -1.45984252e+01 -6.00586316e+00  1.03170322e+01  9.05397099e+00
 1.06000000e+00 -1.44645669e+01 -5.87200132e+00  1.03170322e+01  9.04987227e+00
 1.06000000e+00 -1.43307087e+01 -5.73813958e+00  1.03170322e+01  9.04577355e+00
 1.06000000e+00 -1.41968504e+01 -5.60427660e+00  1.03170322e+01  9.04162520e+00
 1.06000000e+00 -1.40629921e+01 -5.47041191e+00  1.03170322e+01  9.03747724e+00
 1.06000000e+00 -1.39291339e+01 -5.33654491e+00  1.03170322e+01  9.03331616e+00
 1.06000000e+00 -1.37952756e+01 -5.20267475e+00  1.03170322e+01  9.02909836e+00
 1.06000000e+00 -1.36614173e+01 -5.06880030e+00  1.03170322e+01  9.02478918e+00
 1.06000000e+00 -1.35275591e+01 -4.93492001e+00  1.03170322e+01  9.02044699e+00
 1.06000000e+00 -1.33937008e+01 -4.80103176e+00  1.03170322e+01  9.01610304e+00
 1.06000000e+00 -1.32598425e+01 -4.66713268e+00  1.03170322e+01  9.01172733e+00
 1.06000000e+00 -1.31259843e+01 -4.53321887e+00  1.03170322e+01  9.00726330e+00
 1.06000000e+00 -1.29921260e+01 -4.39928500e+00  1.03170322e+01  9.00273662e+00
 1.06000000e+00 -1.28582677e+01 -4.26532382e+00  1.03170322e+01  8.99822212e+00
 1.06000000e+00 -1.27244094e+01 -4.13132544e+00  1.03170322e+01  8.99364331e+00
 1.06000000e+00 -1.25905512e+01 -3.99727640e+00  1.03170322e+01  8.98897562e+00
 1.06000000e+00 -1.24566929e+01 -3.86315837e+00  1.03170322e+01  8.98426956e+00
 1.06000000e+00 -1.23228346e+01 -3.72921375e+00  1.03166190e+01  8.97945813e+00
 1.06000000e+00 -1.21889764e+01 -3.59546826e+00  1.03158495e+01  8.97453742e+00
 1.06000000e+00 -1.20551181e+01 -3.46170780e+00  1.03150944e+01  8.96954492e+00
 1.06000000e+00 -1.19212598e+01 -3.32793458e+00  1.03143534e+01  8.96450005e+00
 1.06000000e+00 -1.17874016e+01 -3.19415044e+00  1.03136265e+01  8.95943116e+00
 1.06000000e+00 -1.16535433e+01 -3.06035692e+00  1.03129136e+01  8.95434421e+00
 1.06000000e+00 -1.15196850e+01 -2.92655535e+00  1.03122146e+01  8.94917859e+00
 1.06000000e+00 -1.13858268e+01 -2.79274683e+00  1.03115292e+01  8.94394245e+00
 1.06000000e+00 -1.12519685e+01 -2.65893230e+00  1.03108575e+01  8.93868441e+00
 1.06000000e+00 -1.11181102e+01 -2.52511256e+00  1.03101991e+01  8.93334578e+00
 1.06000000e+00 -1.09842520e+01 -2.39128830e+00  1.03095541e+01  8.92793481e+00
 1.06000000e+00 -1.08503937e+01 -2.25746008e+00  1.03089222e+01  8.92250715e+00
 1.06000000e+00 -1.07165354e+01 -2.12362842e+00  1.03083034e+01  8.91702105e+00
 1.06000000e+00 -1.05826772e+01 -1.98979373e+00  1.03076975e+01  8.91144250e+00
 1.06000000e+00 -1.04488189e+01 -1.85595639e+00  1.03071043e+01  8.90577765e+00
 1.06000000e+00 -1.03149606e+01 -1.72211669e+00  1.03065238e+01  8.90007933e+00
 1.06000000e+00 -1.01811024e+01 -1.58827492e+00  1.03059558e+01  8.89430715e+00
 1.06000000e+00 -1.00472441e+01 -1.45443131e+00  1.03054002e+01  8.88839559e+00
 1.06000000e+00 -9.91338583e+00 -1.32058605e+00  1.03048569e+01  8.88244669e+00
 1.06000000e+00 -9.77952756e+00 -1.18673933e+00  1.03043256e+01  8.87644290e+00
 1.06000000e+00 -9.64566929e+00 -1.05289128e+00  1.03038062e+01  8.87030626e+00
 1.06000000e+00 -9.51181102e+00 -9.19042044e-01  1.03032987e+01  8.86412495e+00
 1.06000000e+00 -9.37795276e+00 -7.85191726e-01  1.03028029e+01  8.85788138e+00
 1.06000000e+00 -9.24409449e+00 -6.51340423e-01  1.03023186e+01  8.85150048e+00
 1.06000000e+00 -9.11023622e+00 -5.17488218e-01  1.03018458e+01  8.84503632e+00
 1.06000000e+00 -8.97637795e+00 -3.83635180e-01  1.03013842e+01  8.83848312e+00
 1.06000000e+00 -8.84251969e+00 -2.49781368e-01  1.03009337e+01  8.83180102e+00
 1.06000000e+00 -8.70866142e+00 -1.15926834e-01  1.03004943e+01  8.82502401e+00
 1.06000000e+00 -8.57480315e+00  1.79283836e-02  1.03000657e+01  8.81816071e+00
 1.06000000e+00 -8.44094488e+00  1.51784250e-01  1.02996478e+01  8.81119222e+00
 1.06000000e+00 -8.30708661e+00  2.85640739e-01  1.02992406e+01  8.80410010e+00
 1.06000000e+00 -8.17322835e+00  4.19497831e-01  1.02988438e+01  8.79687903e+00
 1.06000000e+00 -8.03937008e+00  5.53355514e-01  1.02984574e+01  8.78953303e+00
 1.06000000e+00 -7.90551181e+00  6.87213781e-01  1.02980811e+01  8.78206697e+00
 1.06000000e+00 -7.77165354e+00  8.21072630e-01  1.02977149e+01  8.77448903e+00
 1.06000000e+00 -7.63779528e+00  9.54932068e-01  1.02973586e+01  8.76679545e+00
 1.06000000e+00 -7.50393701e+00  1.08879211e+00  1.02970120e+01  8.75894915e+00
 1.06000000e+00 -7.37007874e+00  1.22265276e+00  1.02966751e+01  8.75093085e+00
 1.06000000e+00 -7.23622047e+00  1.35651406e+00  1.02963477e+01  8.74275400e+00
 1.06000000e+00 -7.10236220e+00  1.49037602e+00  1.02960296e+01  8.73446651e+00
 1.06000000e+00 -6.96850394e+00  1.62423870e+00  1.02957209e+01  8.72602676e+00
 1.06000000e+00 -6.83464567e+00  1.75810214e+00  1.02954211e+01  8.71737094e+00
 1.06000000e+00 -6.70078740e+00  1.89196639e+00  1.02951304e+01  8.70852314e+00
 1.06000000e+00 -6.56692913e+00  2.02583152e+00  1.02948485e+01  8.69950941e+00
 1.06000000e+00 -6.43307087e+00  2.15969761e+00  1.02945752e+01  8.69033396e+00
 1.06000000e+00 -6.29921260e+00  2.29356473e+00  1.02943106e+01  8.68096785e+00
 1.06000000e+00 -6.16535433e+00  2.42743304e+00  1.02940543e+01  8.67138794e+00
 1.06000000e+00 -6.03149606e+00  2.56130263e+00  1.02938063e+01  8.66158211e+00
 1.06000000e+00 -5.89763780e+00  2.69517332e+00  1.02935664e+01  8.65154617e+00
 1.06000000e+00 -5.76377953e+00  2.82904633e+00  1.02933345e+01  8.64125388e+00
 1.06000000e+00 -5.62992126e+00  2.96292109e+00  1.02931106e+01  8.63069528e+00
 1.06000000e+00 -5.49606299e+00  3.09679342e+00  1.02928943e+01  8.61991344e+00
 1.06000000e+00 -5.36220472e+00  3.23067890e+00  1.02926857e+01  8.60887079e+00
 1.06000000e+00 -5.22834646e+00  3.36456585e+00  1.02924844e+01  8.59751347e+00
 1.06000000e+00 -5.09448819e+00  3.49839475e+00  1.02922909e+01  8.58585400e+00
 1.06000000e+00 -4.96062992e+00  3.63238327e+00  1.02921035e+01  8.57390761e+00
 1.06000000e+00 -4.82677165e+00  3.76635865e+00  1.02919233e+01  8.56159930e+00
 1.06000000e+00 -4.69291339e+00  3.89933732e+00  1.02917572e+01  8.54873837e+00
 1.06000000e+00 -4.55905512e+00  4.03248279e+00  1.02915968e+01  8.53549768e+00
 1.06000000e+00 -4.42519685e+00  4.16728569e+00  1.02914321e+01  8.52201421e+00
 1.06000000e+00 -4.29133858e+00  4.30391287e+00  1.02912631e+01  8.50800117e+00
 1.06000000e+00 -4.15748031e+00  4.44581766e+00  1.02910634e+01  8.49315274e+00
 1.06000000e+00 -4.02362205e+00  4.60068814e+00  1.02907728e+01  8.47683715e+00
 1.06000000e+00 -3.88976378e+00  4.78299220e+00  1.02902407e+01  8.45724168e+00
 1.06000000e+00 -3.75590551e+00  5.01141594e+00  1.02891448e+01  8.42999936e+00
 1.06000000e+00 -3.62204724e+00  5.29633776e+00  1.02866423e+01  8.38410566e+00
 1.06000000e+00 -3.48818898e+00  5.62859309e+00  1.02816860e+01  8.29235222e+00
 1.06000000e+00 -3.35433071e+00  5.96084844e+00  1.02767297e+01  8.20059877e+00
 1.06000000e+00 -3.22047244e+00  6.29310380e+00  1.02717734e+01  8.10884533e+00
 1.06000000e+00 -3.08661417e+00  6.62535915e+00  1.02668171e+01  8.01709188e+00
 1.06000000e+00 -2.95275591e+00  6.95761448e+00  1.02618608e+01  7.92533844e+00
 1.06000000e+00 -2.81889764e+00  7.28986984e+00  1.02569045e+01  7.83358499e+00
 1.06000000e+00 -2.68503937e+00  7.62212519e+00  1.02519482e+01  7.74183155e+00
 1.06000000e+00 -2.55118110e+00  7.95438055e+00  1.02469919e+01  7.65007810e+00
 1.06000000e+00 -2.41732283e+00  8.28663590e+00  1.02420356e+01  7.55832465e+00
 1.06000000e+00 -2.28346457e+00  8.61889123e+00  1.02370793e+01  7.46657121e+00
 1.06000000e+00 -2.14960630e+00  8.95114659e+00  1.02321230e+01  7.37481777e+00
 1.06000000e+00 -2.01574803e+00  9.28340194e+00  1.02271667e+01  7.28306432e+00
 1.06000000e+00 -1.88188976e+00  9.61565730e+00  1.02222104e+01  7.19131087e+00
 1.06000000e+00 -1.74803150e+00  9.94791263e+00  1.02172541e+01  7.09955743e+00
 1.06000000e+00 -1.61417323e+00  1.02801680e+01  1.02122978e+01  7.00780398e+00
 1.06000000e+00 -1.48031496e+00  1.06124233e+01  1.02073415e+01  6.91605054e+00
 1.06000000e+00 -1.34645669e+00  1.09446787e+01  1.02023852e+01  6.82429709e+00
 1.06000000e+00 -1.21259843e+00  1.12769340e+01  1.01974289e+01  6.73254365e+00
 1.06000000e+00 -1.07874016e+00  1.16091894e+01  1.01924726e+01  6.64079020e+00
 1.06000000e+00 -9.44881890e-01  1.19414447e+01  1.01875163e+01  6.54903676e+00
 1.06000000e+00 -8.11023622e-01  1.22737001e+01  1.01825600e+01  6.45728331e+00
 1.06000000e+00 -6.77165354e-01  1.26059554e+01  1.01776037e+01  6.36552987e+00
 1.06000000e+00 -5.43307087e-01  1.29382108e+01  1.01726474e+01  6.27377642e+00
 1.06000000e+00 -4.09448819e-01  1.32704661e+01  1.01676911e+01  6.18202298e+00
 1.06000000e+00 -2.75590551e-01  1.36027215e+01  1.01627348e+01  6.09026953e+00
 1.06000000e+00 -1.41732283e-01  1.39349768e+01  1.01577785e+01  5.99851608e+00
 1.06000000e+00 -7.87401575e-03  1.42672322e+01  1.01528222e+01  5.90676264e+00
 1.06000000e+00  1.25984252e-01  1.45994875e+01  1.01478659e+01  5.81500919e+00
 1.06000000e+00  2.59842520e-01  1.49317429e+01  1.01429096e+01  5.72325575e+00
 1.06000000e+00  3.93700787e-01  1.52639982e+01  1.01379533e+01  5.63150230e+00
 1.06000000e+00  5.27559055e-01  1.55962536e+01  1.01329970e+01  5.53974886e+00
 1.06000000e+00  6.61417323e-01  1.59285089e+01  1.01280407e+01  5.44799541e+00
 1.06000000e+00  7.95275591e-01  1.62607643e+01  1.01230844e+01  5.35624197e+00
 1.06000000e+00  9.29133858e-01  1.65930196e+01  1.01181281e+01  5.26448852e+00
 1.06000000e+00  1.06299213e+00  1.69252750e+01  1.01131718e+01  5.17273507e+00
 1.06000000e+00  1.19685039e+00  1.72575303e+01  1.01082155e+01  5.08098163e+00
 1.06000000e+00  1.33070866e+00  1.75897857e+01  1.01032592e+01  4.98922819e+00
 1.06000000e+00  1.46456693e+00  1.79220410e+01  1.00983029e+01  4.89747474e+00
 1.06000000e+00  1.59842520e+00  1.82542964e+01  1.00933466e+01  4.80572129e+00
 1.06000000e+00  1.73228346e+00  1.85865517e+01  1.00883903e+01  4.71396785e+00
 1.06000000e+00  1.86614173e+00  1.89188071e+01  1.00834340e+01  4.62221441e+00
 1.06000000e+00  2.00000000e+00  1.92510624e+01  1.00784777e+01  4.53046096e+00
 1.13841270e+00 -1.50000000e+01 -6.32980617e+00  1.03199193e+01  9.06940355e+00
 1.13841270e+00 -1.48661417e+01 -6.19594362e+00  1.03199193e+01  9.06540831e+00
 1.13841270e+00 -1.47322835e+01 -6.06208117e+00  1.03199193e+01  9.06141307e+00
 1.13841270e+00 -1.45984252e+01 -5.92821862e+00  1.03199193e+01  9.05741783e+00
 1.13841270e+00 -1.44645669e+01 -5.79435607e+00  1.03199193e+01  9.05342259e+00
 1.13841270e+00 -1.43307087e+01 -5.66049330e+00  1.03199193e+01  9.04941642e+00
 1.13841270e+00 -1.41968504e+01 -5.52662922e+00  1.03199193e+01  9.04532742e+00
 1.13841270e+00 -1.40629921e+01 -5.39276269e+00  1.03199193e+01  9.04117342e+00
 1.13841270e+00 -1.39291339e+01 -5.25889301e+00  1.03199193e+01  9.03702470e+00
 1.13841270e+00 -1.37952756e+01 -5.12502086e+00  1.03199193e+01  9.03286289e+00
 1.13841270e+00 -1.36614173e+01 -4.99114326e+00  1.03199193e+01  9.02863844e+00
 1.13841270e+00 -1.35275591e+01 -4.85725546e+00  1.03199193e+01  9.02432180e+00
 1.13841270e+00 -1.33937008e+01 -4.72335800e+00  1.03199193e+01  9.01997871e+00
 1.13841270e+00 -1.32598425e+01 -4.58944813e+00  1.03199193e+01  9.01563360e+00
 1.13841270e+00 -1.31259843e+01 -4.45551927e+00  1.03199193e+01  9.01125199e+00
 1.13841270e+00 -1.29921260e+01 -4.32156439e+00  1.03199193e+01  9.00677883e+00
 1.13841270e+00 -1.28582677e+01 -4.18757547e+00  1.03199193e+01  9.00225118e+00
 1.13841270e+00 -1.27244094e+01 -4.05354064e+00  1.03199193e+01  8.99773282e+00
 1.13841270e+00 -1.25905512e+01 -3.91943918e+00  1.03199193e+01  8.99314177e+00
 1.13841270e+00 -1.24566929e+01 -3.78530479e+00  1.03198351e+01  8.98845008e+00
 1.13841270e+00 -1.23228346e+01 -3.65157781e+00  1.03190540e+01  8.98360028e+00
 1.13841270e+00 -1.21889764e+01 -3.51783415e+00  1.03182841e+01  8.97873081e+00
 1.13841270e+00 -1.20551181e+01 -3.38407463e+00  1.03175288e+01  8.97381338e+00
 1.13841270e+00 -1.19212598e+01 -3.25030195e+00  1.03167877e+01  8.96882168e+00
 1.13841270e+00 -1.17874016e+01 -3.11651973e+00  1.03160609e+01  8.96377833e+00
 1.13841270e+00 -1.16535433e+01 -2.98272768e+00  1.03153480e+01  8.95871223e+00
 1.13841270e+00 -1.15196850e+01 -2.84892474e+00  1.03146491e+01  8.95362488e+00
 1.13841270e+00 -1.13858268e+01 -2.71511541e+00  1.03139640e+01  8.94845419e+00
 1.13841270e+00 -1.12519685e+01 -2.58130126e+00  1.03132924e+01  8.94321633e+00
 1.13841270e+00 -1.11181102e+01 -2.44748155e+00  1.03126345e+01  8.93795294e+00
 1.13841270e+00 -1.09842520e+01 -2.31365681e+00  1.03119899e+01  8.93261294e+00
 1.13841270e+00 -1.08503937e+01 -2.17982896e+00  1.03113587e+01  8.92721053e+00
 1.13841270e+00 -1.07165354e+01 -2.04599895e+00  1.03107404e+01  8.92178101e+00
 1.13841270e+00 -1.05826772e+01 -1.91216364e+00  1.03101352e+01  8.91627546e+00
 1.13841270e+00 -1.04488189e+01 -1.77832446e+00  1.03095428e+01  8.91067612e+00
 1.13841270e+00 -1.03149606e+01 -1.64448461e+00  1.03089631e+01  8.90500495e+00
 1.13841270e+00 -1.01811024e+01 -1.51064300e+00  1.03083960e+01  8.89930082e+00
 1.13841270e+00 -1.00472441e+01 -1.37679903e+00  1.03078414e+01  8.89351845e+00
 1.13841270e+00 -9.91338583e+00 -1.24295344e+00  1.03072990e+01  8.88761085e+00
 1.13841270e+00 -9.77952756e+00 -1.10910806e+00  1.03067688e+01  8.88165351e+00
 1.13841270e+00 -9.64566929e+00 -9.75260868e-01  1.03062505e+01  8.87564935e+00
 1.13841270e+00 -9.51181102e+00 -8.41409883e-01  1.03057442e+01  8.86955281e+00
 1.13841270e+00 -9.37795276e+00 -7.07558685e-01  1.03052496e+01  8.86334111e+00
 1.13841270e+00 -9.24409449e+00 -5.73707701e-01  1.03047666e+01  8.85702746e+00
 1.13841270e+00 -9.11023622e+00 -4.39855506e-01  1.03042951e+01  8.85063621e+00
 1.13841270e+00 -8.97637795e+00 -3.06002057e-01  1.03038349e+01  8.84416933e+00
 1.13841270e+00 -8.84251969e+00 -1.72148833e-01  1.03033859e+01  8.83759682e+00
 1.13841270e+00 -8.70866142e+00 -3.82960885e-02  1.03029480e+01  8.83090173e+00
 1.13841270e+00 -8.57480315e+00  9.55597337e-02  1.03025208e+01  8.82412623e+00
 1.13841270e+00 -8.44094488e+00  2.29417126e-01  1.03021046e+01  8.81725614e+00
 1.13841270e+00 -8.30708661e+00  3.63273446e-01  1.03016989e+01  8.81026036e+00
 1.13841270e+00 -8.17322835e+00  4.97130223e-01  1.03013039e+01  8.80314769e+00
 1.13841270e+00 -8.03937008e+00  6.30987843e-01  1.03009190e+01  8.79591418e+00
 1.13841270e+00 -7.90551181e+00  7.64845947e-01  1.03005445e+01  8.78855321e+00
 1.13841270e+00 -7.77165354e+00  8.98704551e-01  1.03001800e+01  8.78107292e+00
 1.13841270e+00 -7.63779528e+00  1.03256373e+00  1.02998255e+01  8.77348207e+00
 1.13841270e+00 -7.50393701e+00  1.16642352e+00  1.02994807e+01  8.76577254e+00
 1.13841270e+00 -7.37007874e+00  1.30028386e+00  1.02991457e+01  8.75790685e+00
 1.13841270e+00 -7.23622047e+00  1.43414478e+00  1.02988201e+01  8.74986838e+00
 1.13841270e+00 -7.10236220e+00  1.56800636e+00  1.02985040e+01  8.74167510e+00
 1.13841270e+00 -6.96850394e+00  1.70186863e+00  1.02981971e+01  8.73337432e+00
 1.13841270e+00 -6.83464567e+00  1.83573161e+00  1.02978994e+01  8.72491230e+00
 1.13841270e+00 -6.70078740e+00  1.96959531e+00  1.02976106e+01  8.71623145e+00
 1.13841270e+00 -6.56692913e+00  2.10345982e+00  1.02973307e+01  8.70736268e+00
 1.13841270e+00 -6.43307087e+00  2.23732520e+00  1.02970594e+01  8.69833078e+00
 1.13841270e+00 -6.29921260e+00  2.37119156e+00  1.02967967e+01  8.68913493e+00
 1.13841270e+00 -6.16535433e+00  2.50505903e+00  1.02965424e+01  8.67974440e+00
 1.13841270e+00 -6.03149606e+00  2.63892759e+00  1.02962965e+01  8.67014038e+00
 1.13841270e+00 -5.89763780e+00  2.77279751e+00  1.02960587e+01  8.66030801e+00
 1.13841270e+00 -5.76377953e+00  2.90666944e+00  1.02958289e+01  8.65023192e+00
 1.13841270e+00 -5.62992126e+00  3.04054128e+00  1.02956070e+01  8.63993474e+00
 1.13841270e+00 -5.49606299e+00  3.17441573e+00  1.02953928e+01  8.62940652e+00
 1.13841270e+00 -5.36220472e+00  3.30830005e+00  1.02951862e+01  8.61856726e+00
 1.13841270e+00 -5.22834646e+00  3.44216263e+00  1.02949873e+01  8.60743156e+00
 1.13841270e+00 -5.09448819e+00  3.57604068e+00  1.02947955e+01  8.59604447e+00
 1.13841270e+00 -4.96062992e+00  3.71002928e+00  1.02946097e+01  8.58439990e+00
 1.13841270e+00 -4.82677165e+00  3.84367194e+00  1.02944351e+01  8.57230886e+00
 1.13841270e+00 -4.69291339e+00  3.97696963e+00  1.02942724e+01  8.55975305e+00
 1.13841270e+00 -4.55905512e+00  4.11087855e+00  1.02941110e+01  8.54701749e+00
 1.13841270e+00 -4.42519685e+00  4.24556018e+00  1.02939484e+01  8.53394870e+00
 1.13841270e+00 -4.29133858e+00  4.38174132e+00  1.02937797e+01  8.52031507e+00
 1.13841270e+00 -4.15748031e+00  4.52223141e+00  1.02935856e+01  8.50598854e+00
 1.13841270e+00 -4.02362205e+00  4.67395749e+00  1.02933028e+01  8.49036934e+00
 1.13841270e+00 -3.88976378e+00  4.84890507e+00  1.02927742e+01  8.47197060e+00
 1.13841270e+00 -3.75590551e+00  5.06523438e+00  1.02917158e+01  8.44759286e+00
 1.13841270e+00 -3.62204724e+00  5.33493797e+00  1.02893175e+01  8.40817892e+00
 1.13841270e+00 -3.48818898e+00  5.64968633e+00  1.02843629e+01  8.33336454e+00
 1.13841270e+00 -3.35433071e+00  5.96443471e+00  1.02794083e+01  8.25855015e+00
 1.13841270e+00 -3.22047244e+00  6.27918310e+00  1.02744537e+01  8.18373577e+00
 1.13841270e+00 -3.08661417e+00  6.59393148e+00  1.02694991e+01  8.10892138e+00
 1.13841270e+00 -2.95275591e+00  6.90867984e+00  1.02645445e+01  8.03410700e+00
 1.13841270e+00 -2.81889764e+00  7.22342822e+00  1.02595899e+01  7.95929262e+00
 1.13841270e+00 -2.68503937e+00  7.53817661e+00  1.02546353e+01  7.88447823e+00
 1.13841270e+00 -2.55118110e+00  7.85292499e+00  1.02496807e+01  7.80966385e+00
 1.13841270e+00 -2.41732283e+00  8.16767337e+00  1.02447261e+01  7.73484946e+00
 1.13841270e+00 -2.28346457e+00  8.48242173e+00  1.02397715e+01  7.66003508e+00
 1.13841270e+00 -2.14960630e+00  8.79717012e+00  1.02348169e+01  7.58522070e+00
 1.13841270e+00 -2.01574803e+00  9.11191850e+00  1.02298623e+01  7.51040631e+00
 1.13841270e+00 -1.88188976e+00  9.42666689e+00  1.02249077e+01  7.43559192e+00
 1.13841270e+00 -1.74803150e+00  9.74141525e+00  1.02199531e+01  7.36077754e+00
 1.13841270e+00 -1.61417323e+00  1.00561636e+01  1.02149985e+01  7.28596316e+00
 1.13841270e+00 -1.48031496e+00  1.03709120e+01  1.02100439e+01  7.21114877e+00
 1.13841270e+00 -1.34645669e+00  1.06856604e+01  1.02050893e+01  7.13633439e+00
 1.13841270e+00 -1.21259843e+00  1.10004088e+01  1.02001347e+01  7.06152001e+00
 1.13841270e+00 -1.07874016e+00  1.13151571e+01  1.01951801e+01  6.98670562e+00
 1.13841270e+00 -9.44881890e-01  1.16299055e+01  1.01902255e+01  6.91189124e+00
 1.13841270e+00 -8.11023622e-01  1.19446539e+01  1.01852709e+01  6.83707685e+00
 1.13841270e+00 -6.77165354e-01  1.22594023e+01  1.01803163e+01  6.76226247e+00
 1.13841270e+00 -5.43307087e-01  1.25741507e+01  1.01753617e+01  6.68744808e+00
 1.13841270e+00 -4.09448819e-01  1.28888990e+01  1.01704071e+01  6.61263370e+00
 1.13841270e+00 -2.75590551e-01  1.32036474e+01  1.01654525e+01  6.53781931e+00
 1.13841270e+00 -1.41732283e-01  1.35183958e+01  1.01604979e+01  6.46300493e+00
 1.13841270e+00 -7.87401575e-03  1.38331442e+01  1.01555433e+01  6.38819055e+00
 1.13841270e+00  1.25984252e-01  1.41478925e+01  1.01505887e+01  6.31337616e+00
 1.13841270e+00  2.59842520e-01  1.44626409e+01  1.01456341e+01  6.23856178e+00
 1.13841270e+00  3.93700787e-01  1.47773893e+01  1.01406795e+01  6.16374739e+00
 1.13841270e+00  5.27559055e-01  1.50921377e+01  1.01357249e+01  6.08893301e+00
 1.13841270e+00  6.61417323e-01  1.54068861e+01  1.01307703e+01  6.01411862e+00
 1.13841270e+00  7.95275591e-01  1.57216344e+01  1.01258157e+01  5.93930424e+00
 1.13841270e+00  9.29133858e-01  1.60363828e+01  1.01208611e+01  5.86448986e+00
 1.13841270e+00  1.06299213e+00  1.63511312e+01  1.01159065e+01  5.78967547e+00
 1.13841270e+00  1.19685039e+00  1.66658796e+01  1.01109519e+01  5.71486109e+00
 1.13841270e+00  1.33070866e+00  1.69806279e+01  1.01059973e+01  5.64004670e+00
 1.13841270e+00  1.46456693e+00  1.72953763e+01  1.01010427e+01  5.56523232e+00
 1.13841270e+00  1.59842520e+00  1.76101247e+01  1.00960881e+01  5.49041793e+00
 1.13841270e+00  1.73228346e+00  1.79248731e+01  1.00911335e+01  5.41560355e+00
 1.13841270e+00  1.86614173e+00  1.82396215e+01  1.00861789e+01  5.34078917e+00
 1.13841270e+00  2.00000000e+00  1.85543698e+01  1.00812243e+01  5.26597478e+00
 1.21682540e+00 -1.50000000e+01 -6.25173741e+00  1.03233144e+01  9.07305099e+00
 1.21682540e+00 -1.48661417e+01 -6.11793858e+00  1.03233144e+01  9.06909028e+00
 1.21682540e+00 -1.47322835e+01 -5.98413985e+00  1.03233144e+01  9.06512957e+00
 1.21682540e+00 -1.45984252e+01 -5.85034102e+00  1.03233144e+01  9.06116886e+00
 1.21682540e+00 -1.44645669e+01 -5.71649333e+00  1.03233144e+01  9.05724414e+00
 1.21682540e+00 -1.43307087e+01 -5.58262348e+00  1.03233144e+01  9.05326189e+00
 1.21682540e+00 -1.41968504e+01 -5.44875515e+00  1.03233144e+01  9.04918369e+00
 1.21682540e+00 -1.40629921e+01 -5.31489961e+00  1.03233144e+01  9.04510911e+00
 1.21682540e+00 -1.39291339e+01 -5.18100990e+00  1.03233144e+01  9.04100470e+00
 1.21682540e+00 -1.37952756e+01 -5.04706453e+00  1.03233144e+01  9.03679781e+00
 1.21682540e+00 -1.36614173e+01 -4.91319732e+00  1.03233144e+01  9.03259169e+00
 1.21682540e+00 -1.35275591e+01 -4.77936678e+00  1.03233144e+01  9.02838588e+00
 1.21682540e+00 -1.33937008e+01 -4.64545969e+00  1.03233144e+01  9.02412100e+00
 1.21682540e+00 -1.32598425e+01 -4.51152343e+00  1.03233144e+01  9.01981292e+00
 1.21682540e+00 -1.31259843e+01 -4.37758311e+00  1.03233144e+01  9.01543793e+00
 1.21682540e+00 -1.29921260e+01 -4.24360899e+00  1.03233144e+01  9.01098233e+00
 1.21682540e+00 -1.28582677e+01 -4.10952769e+00  1.03233144e+01  9.00652862e+00
 1.21682540e+00 -1.27244094e+01 -3.97540500e+00  1.03233144e+01  9.00204314e+00
 1.21682540e+00 -1.25905512e+01 -3.84129907e+00  1.03233144e+01  8.99745944e+00
 1.21682540e+00 -1.24566929e+01 -3.70745721e+00  1.03227709e+01  8.99272173e+00
 1.21682540e+00 -1.23228346e+01 -3.57371889e+00  1.03219868e+01  8.98791426e+00
 1.21682540e+00 -1.21889764e+01 -3.43997518e+00  1.03212175e+01  8.98307482e+00
 1.21682540e+00 -1.20551181e+01 -3.30623154e+00  1.03204628e+01  8.97820112e+00
 1.21682540e+00 -1.19212598e+01 -3.17243747e+00  1.03197223e+01  8.97329852e+00
 1.21682540e+00 -1.17874016e+01 -3.03858789e+00  1.03189958e+01  8.96836107e+00
 1.21682540e+00 -1.16535433e+01 -2.90481961e+00  1.03182839e+01  8.96335274e+00
 1.21682540e+00 -1.15196850e+01 -2.77107920e+00  1.03175862e+01  8.95825964e+00
 1.21682540e+00 -1.13858268e+01 -2.63726798e+00  1.03169020e+01  8.95310553e+00
 1.21682540e+00 -1.12519685e+01 -2.50344291e+00  1.03162315e+01  8.94795240e+00
 1.21682540e+00 -1.11181102e+01 -2.36963255e+00  1.03155746e+01  8.94276765e+00
 1.21682540e+00 -1.09842520e+01 -2.23581318e+00  1.03149312e+01  8.93749605e+00
 1.21682540e+00 -1.08503937e+01 -2.10192628e+00  1.03143009e+01  8.93215109e+00
 1.21682540e+00 -1.07165354e+01 -1.96806406e+00  1.03136838e+01  8.92675382e+00
 1.21682540e+00 -1.05826772e+01 -1.83429406e+00  1.03130801e+01  8.92130719e+00
 1.21682540e+00 -1.04488189e+01 -1.70048256e+00  1.03124892e+01  8.91578257e+00
 1.21682540e+00 -1.03149606e+01 -1.56662788e+00  1.03119109e+01  8.91018164e+00
 1.21682540e+00 -1.01811024e+01 -1.43278577e+00  1.03113453e+01  8.90450827e+00
 1.21682540e+00 -1.00472441e+01 -1.29895652e+00  1.03107922e+01  8.89874194e+00
 1.21682540e+00 -9.91338583e+00 -1.16508456e+00  1.03102513e+01  8.89291556e+00
 1.21682540e+00 -9.77952756e+00 -1.03117257e+00  1.03097225e+01  8.88705599e+00
 1.21682540e+00 -9.64566929e+00 -8.97355020e-01  1.03092061e+01  8.88112497e+00
 1.21682540e+00 -9.51181102e+00 -7.63563748e-01  1.03087017e+01  8.87508306e+00
 1.21682540e+00 -9.37795276e+00 -6.29708092e-01  1.03082089e+01  8.86891755e+00
 1.21682540e+00 -9.24409449e+00 -4.95847140e-01  1.03077276e+01  8.86266236e+00
 1.21682540e+00 -9.11023622e+00 -3.62005407e-01  1.03072580e+01  8.85637353e+00
 1.21682540e+00 -8.97637795e+00 -2.28155057e-01  1.03067997e+01  8.85003341e+00
 1.21682540e+00 -8.84251969e+00 -9.42399339e-02  1.03063524e+01  8.84350957e+00
 1.21682540e+00 -8.70866142e+00  3.96383670e-02  1.03059163e+01  8.83688872e+00
 1.21682540e+00 -8.57480315e+00  1.73426814e-01  1.03054915e+01  8.83024919e+00
 1.21682540e+00 -8.44094488e+00  3.07261522e-01  1.03050773e+01  8.82348538e+00
 1.21682540e+00 -8.30708661e+00  4.41130523e-01  1.03046737e+01  8.81658716e+00
 1.21682540e+00 -8.17322835e+00  5.74985665e-01  1.03042807e+01  8.80957816e+00
 1.21682540e+00 -8.03937008e+00  7.08841584e-01  1.03038980e+01  8.80245252e+00
 1.21682540e+00 -7.90551181e+00  8.42700439e-01  1.03035256e+01  8.79520231e+00
 1.21682540e+00 -7.77165354e+00  9.76558916e-01  1.03031632e+01  8.78782620e+00
 1.21682540e+00 -7.63779528e+00  1.11041776e+00  1.03028109e+01  8.78033271e+00
 1.21682540e+00 -7.50393701e+00  1.24427729e+00  1.03024684e+01  8.77272771e+00
 1.21682540e+00 -7.37007874e+00  1.37813744e+00  1.03021356e+01  8.76499956e+00
 1.21682540e+00 -7.23622047e+00  1.51199811e+00  1.03018122e+01  8.75711437e+00
 1.21682540e+00 -7.10236220e+00  1.64585925e+00  1.03014983e+01  8.74905658e+00
 1.21682540e+00 -6.96850394e+00  1.77972096e+00  1.03011937e+01  8.74084675e+00
 1.21682540e+00 -6.83464567e+00  1.91358341e+00  1.03008982e+01  8.73252999e+00
 1.21682540e+00 -6.70078740e+00  2.04744665e+00  1.03006118e+01  8.72404318e+00
 1.21682540e+00 -6.56692913e+00  2.18131066e+00  1.03003341e+01  8.71533804e+00
 1.21682540e+00 -6.43307087e+00  2.31517551e+00  1.03000652e+01  8.70644903e+00
 1.21682540e+00 -6.29921260e+00  2.44904127e+00  1.02998049e+01  8.69739731e+00
 1.21682540e+00 -6.16535433e+00  2.58290792e+00  1.02995529e+01  8.68817837e+00
 1.21682540e+00 -6.03149606e+00  2.71677549e+00  1.02993093e+01  8.67876419e+00
 1.21682540e+00 -5.89763780e+00  2.85064451e+00  1.02990738e+01  8.66913591e+00
 1.21682540e+00 -5.76377953e+00  2.98451481e+00  1.02988464e+01  8.65927605e+00
 1.21682540e+00 -5.62992126e+00  3.11838585e+00  1.02986268e+01  8.64917125e+00
 1.21682540e+00 -5.49606299e+00  3.25226160e+00  1.02984149e+01  8.63885198e+00
 1.21682540e+00 -5.36220472e+00  3.38613661e+00  1.02982107e+01  8.62828768e+00
 1.21682540e+00 -5.22834646e+00  3.52000282e+00  1.02980138e+01  8.61738853e+00
 1.21682540e+00 -5.09448819e+00  3.65391390e+00  1.02978245e+01  8.60628551e+00
 1.21682540e+00 -4.96062992e+00  3.78778805e+00  1.02976422e+01  8.59491197e+00
 1.21682540e+00 -4.82677165e+00  3.92143935e+00  1.02974658e+01  8.58296548e+00
 1.21682540e+00 -4.69291339e+00  4.05518375e+00  1.02972952e+01  8.57072863e+00
 1.21682540e+00 -4.55905512e+00  4.18926067e+00  1.02971311e+01  8.55834951e+00
 1.21682540e+00 -4.42519685e+00  4.32374171e+00  1.02969719e+01  8.54558780e+00
 1.21682540e+00 -4.29133858e+00  4.45947440e+00  1.02968080e+01  8.53232635e+00
 1.21682540e+00 -4.15748031e+00  4.59898796e+00  1.02966161e+01  8.51842636e+00
 1.21682540e+00 -4.02362205e+00  4.74775736e+00  1.02963394e+01  8.50348147e+00
 1.21682540e+00 -3.88976378e+00  4.91664859e+00  1.02958204e+01  8.48619178e+00
 1.21682540e+00 -3.75590551e+00  5.12203783e+00  1.02947831e+01  8.46405120e+00
 1.21682540e+00 -3.62204724e+00  5.37751620e+00  1.02924688e+01  8.43005894e+00
 1.21682540e+00 -3.48818898e+00  5.67364212e+00  1.02875286e+01  8.36806321e+00
 1.21682540e+00 -3.35433071e+00  5.96976806e+00  1.02825884e+01  8.30606748e+00
 1.21682540e+00 -3.22047244e+00  6.26589400e+00  1.02776482e+01  8.24407174e+00
 1.21682540e+00 -3.08661417e+00  6.56201995e+00  1.02727080e+01  8.18207601e+00
 1.21682540e+00 -2.95275591e+00  6.85814587e+00  1.02677678e+01  8.12008028e+00
 1.21682540e+00 -2.81889764e+00  7.15427181e+00  1.02628276e+01  8.05808454e+00
 1.21682540e+00 -2.68503937e+00  7.45039775e+00  1.02578874e+01  7.99608881e+00
 1.21682540e+00 -2.55118110e+00  7.74652369e+00  1.02529472e+01  7.93409307e+00
 1.21682540e+00 -2.41732283e+00  8.04264963e+00  1.02480070e+01  7.87209734e+00
 1.21682540e+00 -2.28346457e+00  8.33877555e+00  1.02430668e+01  7.81010161e+00
 1.21682540e+00 -2.14960630e+00  8.63490150e+00  1.02381266e+01  7.74810587e+00
 1.21682540e+00 -2.01574803e+00  8.93102744e+00  1.02331864e+01  7.68611014e+00
 1.21682540e+00 -1.88188976e+00  9.22715338e+00  1.02282462e+01  7.62411440e+00
 1.21682540e+00 -1.74803150e+00  9.52327930e+00  1.02233060e+01  7.56211867e+00
 1.21682540e+00 -1.61417323e+00  9.81940524e+00  1.02183658e+01  7.50012294e+00
 1.21682540e+00 -1.48031496e+00  1.01155312e+01  1.02134256e+01  7.43812720e+00
 1.21682540e+00 -1.34645669e+00  1.04116571e+01  1.02084854e+01  7.37613147e+00
 1.21682540e+00 -1.21259843e+00  1.07077830e+01  1.02035452e+01  7.31413574e+00
 1.21682540e+00 -1.07874016e+00  1.10039090e+01  1.01986050e+01  7.25214001e+00
 1.21682540e+00 -9.44881890e-01  1.13000349e+01  1.01936648e+01  7.19014427e+00
 1.21682540e+00 -8.11023622e-01  1.15961609e+01  1.01887246e+01  7.12814854e+00
 1.21682540e+00 -6.77165354e-01  1.18922868e+01  1.01837844e+01  7.06615280e+00
 1.21682540e+00 -5.43307087e-01  1.21884127e+01  1.01788442e+01  7.00415707e+00
 1.21682540e+00 -4.09448819e-01  1.24845387e+01  1.01739040e+01  6.94216134e+00
 1.21682540e+00 -2.75590551e-01  1.27806646e+01  1.01689638e+01  6.88016560e+00
 1.21682540e+00 -1.41732283e-01  1.30767906e+01  1.01640236e+01  6.81816987e+00
 1.21682540e+00 -7.87401575e-03  1.33729165e+01  1.01590834e+01  6.75617414e+00
 1.21682540e+00  1.25984252e-01  1.36690424e+01  1.01541432e+01  6.69417840e+00
 1.21682540e+00  2.59842520e-01  1.39651684e+01  1.01492030e+01  6.63218267e+00
 1.21682540e+00  3.93700787e-01  1.42612943e+01  1.01442628e+01  6.57018693e+00
 1.21682540e+00  5.27559055e-01  1.45574202e+01  1.01393226e+01  6.50819120e+00
 1.21682540e+00  6.61417323e-01  1.48535462e+01  1.01343824e+01  6.44619547e+00
 1.21682540e+00  7.95275591e-01  1.51496721e+01  1.01294422e+01  6.38419973e+00
 1.21682540e+00  9.29133858e-01  1.54457981e+01  1.01245020e+01  6.32220400e+00
 1.21682540e+00  1.06299213e+00  1.57419240e+01  1.01195618e+01  6.26020826e+00
 1.21682540e+00  1.19685039e+00  1.60380499e+01  1.01146216e+01  6.19821253e+00
 1.21682540e+00  1.33070866e+00  1.63341759e+01  1.01096814e+01  6.13621680e+00
 1.21682540e+00  1.46456693e+00  1.66303018e+01  1.01047412e+01  6.07422107e+00
 1.21682540e+00  1.59842520e+00  1.69264277e+01  1.00998010e+01  6.01222533e+00
 1.21682540e+00  1.73228346e+00  1.72225537e+01  1.00948608e+01  5.95022960e+00
 1.21682540e+00  1.86614173e+00  1.75186796e+01  1.00899206e+01  5.88823387e+00
 1.21682540e+00  2.00000000e+00  1.78148055e+01  1.00849804e+01  5.82623813e+00
 1.29523810e+00 -1.50000000e+01 -6.17377694e+00  1.03273515e+01  9.07675917e+00
 1.29523810e+00 -1.48661417e+01 -6.03991578e+00  1.03273515e+01  9.07283209e+00
 1.29523810e+00 -1.47322835e+01 -5.90605472e+00  1.03273515e+01  9.06890501e+00
 1.29523810e+00 -1.45984252e+01 -5.77219356e+00  1.03273515e+01  9.06497793e+00
 1.29523810e+00 -1.44645669e+01 -5.63832961e+00  1.03273515e+01  9.06102084e+00
 1.29523810e+00 -1.43307087e+01 -5.50446403e+00  1.03273515e+01  9.05707832e+00
 1.29523810e+00 -1.41968504e+01 -5.37059636e+00  1.03273515e+01  9.05309115e+00
 1.29523810e+00 -1.40629921e+01 -5.23672455e+00  1.03273515e+01  9.04901400e+00
 1.29523810e+00 -1.39291339e+01 -5.10284566e+00  1.03273515e+01  9.04493866e+00
 1.29523810e+00 -1.37952756e+01 -4.96896153e+00  1.03273515e+01  9.04082160e+00
 1.29523810e+00 -1.36614173e+01 -4.83507207e+00  1.03273515e+01  9.03661356e+00
 1.29523810e+00 -1.35275591e+01 -4.70116843e+00  1.03273515e+01  9.03241240e+00
 1.29523810e+00 -1.33937008e+01 -4.56724666e+00  1.03273515e+01  9.02820240e+00
 1.29523810e+00 -1.32598425e+01 -4.43330323e+00  1.03273515e+01  9.02393282e+00
 1.29523810e+00 -1.31259843e+01 -4.29932904e+00  1.03273515e+01  9.01961780e+00
 1.29523810e+00 -1.29921260e+01 -4.16531103e+00  1.03273515e+01  9.01523187e+00
 1.29523810e+00 -1.28582677e+01 -4.03123464e+00  1.03273515e+01  9.01077340e+00
 1.29523810e+00 -1.27244094e+01 -3.89708406e+00  1.03273515e+01  9.00631677e+00
 1.29523810e+00 -1.25905512e+01 -3.76299736e+00  1.03271356e+01  9.00177228e+00
 1.29523810e+00 -1.24566929e+01 -3.62929710e+00  1.03263391e+01  8.99702833e+00
 1.29523810e+00 -1.23228346e+01 -3.49557485e+00  1.03255565e+01  8.99225125e+00
 1.29523810e+00 -1.21889764e+01 -3.36183423e+00  1.03247887e+01  8.98745077e+00
 1.29523810e+00 -1.20551181e+01 -3.22807665e+00  1.03240353e+01  8.98261767e+00
 1.29523810e+00 -1.19212598e+01 -3.09430317e+00  1.03232964e+01  8.97774889e+00
 1.29523810e+00 -1.17874016e+01 -2.96051981e+00  1.03225718e+01  8.97285369e+00
 1.29523810e+00 -1.16535433e+01 -2.82672993e+00  1.03218614e+01  8.96791685e+00
 1.29523810e+00 -1.15196850e+01 -2.69292940e+00  1.03211650e+01  8.96288607e+00
 1.29523810e+00 -1.13858268e+01 -2.55912036e+00  1.03204825e+01  8.95781155e+00
 1.29523810e+00 -1.12519685e+01 -2.42530612e+00  1.03198138e+01  8.95271907e+00
 1.29523810e+00 -1.11181102e+01 -2.29148653e+00  1.03191588e+01  8.94753106e+00
 1.29523810e+00 -1.09842520e+01 -2.15766044e+00  1.03185172e+01  8.94228944e+00
 1.29523810e+00 -1.08503937e+01 -2.02382949e+00  1.03178891e+01  8.93702497e+00
 1.29523810e+00 -1.07165354e+01 -1.88999899e+00  1.03172741e+01  8.93167193e+00
 1.29523810e+00 -1.05826772e+01 -1.75616583e+00  1.03166722e+01  8.92625492e+00
 1.29523810e+00 -1.04488189e+01 -1.62232734e+00  1.03160833e+01  8.92079861e+00
 1.29523810e+00 -1.03149606e+01 -1.48848701e+00  1.03155072e+01  8.91526610e+00
 1.29523810e+00 -1.01811024e+01 -1.35464531e+00  1.03149437e+01  8.90964877e+00
 1.29523810e+00 -1.00472441e+01 -1.22080088e+00  1.03143928e+01  8.90396152e+00
 1.29523810e+00 -9.91338583e+00 -1.08695268e+00  1.03138542e+01  8.89822936e+00
 1.29523810e+00 -9.77952756e+00 -9.53105121e-01  1.03133279e+01  8.89244830e+00
 1.29523810e+00 -9.64566929e+00 -8.19259473e-01  1.03128137e+01  8.88657916e+00
 1.29523810e+00 -9.51181102e+00 -6.85410319e-01  1.03123114e+01  8.88056922e+00
 1.29523810e+00 -9.37795276e+00 -5.51559109e-01  1.03118210e+01  8.87449265e+00
 1.29523810e+00 -9.24409449e+00 -4.17708013e-01  1.03113422e+01  8.86837512e+00
 1.29523810e+00 -9.11023622e+00 -2.83856005e-01  1.03108749e+01  8.86212906e+00
 1.29523810e+00 -8.97637795e+00 -1.50001281e-01  1.03104191e+01  8.85582244e+00
 1.29523810e+00 -8.84251969e+00 -1.61452802e-02  1.03099745e+01  8.84946241e+00
 1.29523810e+00 -8.70866142e+00  1.17707323e-01  1.03095410e+01  8.84292504e+00
 1.29523810e+00 -8.57480315e+00  2.51560577e-01  1.03091184e+01  8.83630206e+00
 1.29523810e+00 -8.44094488e+00  3.85416927e-01  1.03087067e+01  8.82964576e+00
 1.29523810e+00 -8.30708661e+00  5.19273050e-01  1.03083057e+01  8.82286260e+00
 1.29523810e+00 -8.17322835e+00  6.53129706e-01  1.03079152e+01  8.81594935e+00
 1.29523810e+00 -8.03937008e+00  7.86987346e-01  1.03075351e+01  8.80892500e+00
 1.29523810e+00 -7.90551181e+00  9.20844509e-01  1.03071653e+01  8.80178729e+00
 1.29523810e+00 -7.77165354e+00  1.05470252e+00  1.03068055e+01  8.79451101e+00
 1.29523810e+00 -7.63779528e+00  1.18856181e+00  1.03064559e+01  8.78711957e+00
 1.29523810e+00 -7.50393701e+00  1.32242087e+00  1.03061160e+01  8.77967231e+00
 1.29523810e+00 -7.37007874e+00  1.45628025e+00  1.03057857e+01  8.77205410e+00
 1.29523810e+00 -7.23622047e+00  1.59014073e+00  1.03054651e+01  8.76424827e+00
 1.29523810e+00 -7.10236220e+00  1.72400226e+00  1.03051539e+01  8.75638144e+00
 1.29523810e+00 -6.96850394e+00  1.85786414e+00  1.03048519e+01  8.74834761e+00
 1.29523810e+00 -6.83464567e+00  1.99172613e+00  1.03045591e+01  8.74011307e+00
 1.29523810e+00 -6.70078740e+00  2.12558863e+00  1.03042752e+01  8.73177983e+00
 1.29523810e+00 -6.56692913e+00  2.25945171e+00  1.03040002e+01  8.72326086e+00
 1.29523810e+00 -6.43307087e+00  2.39331553e+00  1.03037340e+01  8.71453439e+00
 1.29523810e+00 -6.29921260e+00  2.52718046e+00  1.03034763e+01  8.70568366e+00
 1.29523810e+00 -6.16535433e+00  2.66104681e+00  1.03032270e+01  8.69661525e+00
 1.29523810e+00 -6.03149606e+00  2.79491441e+00  1.03029860e+01  8.68731076e+00
 1.29523810e+00 -5.89763780e+00  2.92878266e+00  1.03027532e+01  8.67786063e+00
 1.29523810e+00 -5.76377953e+00  3.06265155e+00  1.03025283e+01  8.66820364e+00
 1.29523810e+00 -5.62992126e+00  3.19652209e+00  1.03023114e+01  8.65831717e+00
 1.29523810e+00 -5.49606299e+00  3.33039492e+00  1.03021021e+01  8.64824150e+00
 1.29523810e+00 -5.36220472e+00  3.46426542e+00  1.03019005e+01  8.63790636e+00
 1.29523810e+00 -5.22834646e+00  3.59814365e+00  1.03017062e+01  8.62730949e+00
 1.29523810e+00 -5.09448819e+00  3.73203584e+00  1.03015188e+01  8.61648323e+00
 1.29523810e+00 -4.96062992e+00  3.86586743e+00  1.03013410e+01  8.60519019e+00
 1.29523810e+00 -4.82677165e+00  3.99968069e+00  1.03011717e+01  8.59348939e+00
 1.29523810e+00 -4.69291339e+00  4.13361449e+00  1.03010062e+01  8.58169487e+00
 1.29523810e+00 -4.55905512e+00  4.26764309e+00  1.03008452e+01  8.56965833e+00
 1.29523810e+00 -4.42519685e+00  4.40199920e+00  1.03006878e+01  8.55722839e+00
 1.29523810e+00 -4.29133858e+00  4.53747158e+00  1.03005271e+01  8.54435142e+00
 1.29523810e+00 -4.15748031e+00  4.67600876e+00  1.03003405e+01  8.53089568e+00
 1.29523810e+00 -4.02362205e+00  4.82238002e+00  1.03000638e+01  8.51647473e+00
 1.29523810e+00 -3.88976378e+00  4.98595748e+00  1.02995630e+01  8.50020774e+00
 1.29523810e+00 -3.75590551e+00  5.18142645e+00  1.02985260e+01  8.47989394e+00
 1.29523810e+00 -3.62204724e+00  5.42450245e+00  1.02963173e+01  8.45041845e+00
 1.29523810e+00 -3.48818898e+00  5.70147291e+00  1.02913960e+01  8.39838992e+00
 1.29523810e+00 -3.35433071e+00  5.97844339e+00  1.02864747e+01  8.34636139e+00
 1.29523810e+00 -3.22047244e+00  6.25541387e+00  1.02815534e+01  8.29433285e+00
 1.29523810e+00 -3.08661417e+00  6.53238435e+00  1.02766321e+01  8.24230432e+00
 1.29523810e+00 -2.95275591e+00  6.80935481e+00  1.02717108e+01  8.19027579e+00
 1.29523810e+00 -2.81889764e+00  7.08632529e+00  1.02667895e+01  8.13824725e+00
 1.29523810e+00 -2.68503937e+00  7.36329577e+00  1.02618682e+01  8.08621872e+00
 1.29523810e+00 -2.55118110e+00  7.64026625e+00  1.02569469e+01  8.03419019e+00
 1.29523810e+00 -2.41732283e+00  7.91723673e+00  1.02520256e+01  7.98216165e+00
 1.29523810e+00 -2.28346457e+00  8.19420719e+00  1.02471043e+01  7.93013312e+00
 1.29523810e+00 -2.14960630e+00  8.47117768e+00  1.02421830e+01  7.87810459e+00
 1.29523810e+00 -2.01574803e+00  8.74814816e+00  1.02372617e+01  7.82607606e+00
 1.29523810e+00 -1.88188976e+00  9.02511864e+00  1.02323404e+01  7.77404752e+00
 1.29523810e+00 -1.74803150e+00  9.30208910e+00  1.02274191e+01  7.72201899e+00
 1.29523810e+00 -1.61417323e+00  9.57905958e+00  1.02224978e+01  7.66999046e+00
 1.29523810e+00 -1.48031496e+00  9.85603006e+00  1.02175765e+01  7.61796192e+00
 1.29523810e+00 -1.34645669e+00  1.01330005e+01  1.02126552e+01  7.56593339e+00
 1.29523810e+00 -1.21259843e+00  1.04099710e+01  1.02077339e+01  7.51390486e+00
 1.29523810e+00 -1.07874016e+00  1.06869415e+01  1.02028126e+01  7.46187633e+00
 1.29523810e+00 -9.44881890e-01  1.09639120e+01  1.01978913e+01  7.40984779e+00
 1.29523810e+00 -8.11023622e-01  1.12408824e+01  1.01929700e+01  7.35781926e+00
 1.29523810e+00 -6.77165354e-01  1.15178529e+01  1.01880487e+01  7.30579073e+00
 1.29523810e+00 -5.43307087e-01  1.17948234e+01  1.01831274e+01  7.25376219e+00
 1.29523810e+00 -4.09448819e-01  1.20717939e+01  1.01782061e+01  7.20173366e+00
 1.29523810e+00 -2.75590551e-01  1.23487643e+01  1.01732848e+01  7.14970513e+00
 1.29523810e+00 -1.41732283e-01  1.26257348e+01  1.01683635e+01  7.09767659e+00
 1.29523810e+00 -7.87401575e-03  1.29027053e+01  1.01634422e+01  7.04564806e+00
 1.29523810e+00  1.25984252e-01  1.31796758e+01  1.01585209e+01  6.99361953e+00
 1.29523810e+00  2.59842520e-01  1.34566462e+01  1.01535996e+01  6.94159099e+00
 1.29523810e+00  3.93700787e-01  1.37336167e+01  1.01486783e+01  6.88956246e+00
 1.29523810e+00  5.27559055e-01  1.40105872e+01  1.01437570e+01  6.83753393e+00
 1.29523810e+00  6.61417323e-01  1.42875577e+01  1.01388357e+01  6.78550540e+00
 1.29523810e+00  7.95275591e-01  1.45645281e+01  1.01339144e+01  6.73347686e+00
 1.29523810e+00  9.29133858e-01  1.48414986e+01  1.01289931e+01  6.68144833e+00
 1.29523810e+00  1.06299213e+00  1.51184691e+01  1.01240718e+01  6.62941980e+00
 1.29523810e+00  1.19685039e+00  1.53954396e+01  1.01191505e+01  6.57739127e+00
 1.29523810e+00  1.33070866e+00  1.56724100e+01  1.01142292e+01  6.52536273e+00
 1.29523810e+00  1.46456693e+00  1.59493805e+01  1.01093079e+01  6.47333420e+00
 1.29523810e+00  1.59842520e+00  1.62263510e+01  1.01043866e+01  6.42130566e+00
 1.29523810e+00  1.73228346e+00  1.65033215e+01  1.00994653e+01  6.36927713e+00
 1.29523810e+00  1.86614173e+00  1.67802920e+01  1.00945440e+01  6.31724860e+00
 1.29523810e+00  2.00000000e+00  1.70572624e+01  1.00896227e+01  6.26522007e+00
 1.37365079e+00 -1.50000000e+01 -6.09538671e+00  1.03324232e+01  9.08059450e+00
 1.37365079e+00 -1.48661417e+01 -5.96153207e+00  1.03324232e+01  9.07676109e+00
 1.37365079e+00 -1.47322835e+01 -5.82767753e+00  1.03324232e+01  9.07292768e+00
 1.37365079e+00 -1.45984252e+01 -5.69380555e+00  1.03324232e+01  9.06903860e+00
 1.37365079e+00 -1.44645669e+01 -5.55993826e+00  1.03324232e+01  9.06514961e+00
 1.37365079e+00 -1.43307087e+01 -5.42607935e+00  1.03324232e+01  9.06125561e+00
 1.37365079e+00 -1.41968504e+01 -5.29220539e+00  1.03324232e+01  9.05726908e+00
 1.37365079e+00 -1.40629921e+01 -5.15831989e+00  1.03324232e+01  9.05324287e+00
 1.37365079e+00 -1.39291339e+01 -5.02443578e+00  1.03324232e+01  9.04922982e+00
 1.37365079e+00 -1.37952756e+01 -4.89055604e+00  1.03324232e+01  9.04517604e+00
 1.37365079e+00 -1.36614173e+01 -4.75665763e+00  1.03324232e+01  9.04103692e+00
 1.37365079e+00 -1.35275591e+01 -4.62273058e+00  1.03324232e+01  9.03682712e+00
 1.37365079e+00 -1.33937008e+01 -4.48879622e+00  1.03324232e+01  9.03262647e+00
 1.37365079e+00 -1.32598425e+01 -4.35483221e+00  1.03324232e+01  9.02841174e+00
 1.37365079e+00 -1.31259843e+01 -4.22081442e+00  1.03324232e+01  9.02413808e+00
 1.37365079e+00 -1.29921260e+01 -4.08674401e+00  1.03324232e+01  9.01980240e+00
 1.37365079e+00 -1.28582677e+01 -3.95261191e+00  1.03324232e+01  9.01543735e+00
 1.37365079e+00 -1.27244094e+01 -3.81838394e+00  1.03324232e+01  9.01103316e+00
 1.37365079e+00 -1.25905512e+01 -3.68461625e+00  1.03317350e+01  9.00638776e+00
 1.37365079e+00 -1.24566929e+01 -3.55091653e+00  1.03309404e+01  9.00170597e+00
 1.37365079e+00 -1.23228346e+01 -3.41720543e+00  1.03301607e+01  8.99703565e+00
 1.37365079e+00 -1.21889764e+01 -3.28346203e+00  1.03293955e+01  8.99228406e+00
 1.37365079e+00 -1.20551181e+01 -3.14969592e+00  1.03286450e+01  8.98747548e+00
 1.37365079e+00 -1.19212598e+01 -3.01592428e+00  1.03279090e+01  8.98264440e+00
 1.37365079e+00 -1.17874016e+01 -2.88215322e+00  1.03271874e+01  8.97777833e+00
 1.37365079e+00 -1.16535433e+01 -2.74836337e+00  1.03264800e+01  8.97288358e+00
 1.37365079e+00 -1.15196850e+01 -2.61455356e+00  1.03257866e+01  8.96794284e+00
 1.37365079e+00 -1.13858268e+01 -2.48075126e+00  1.03251072e+01  8.96291138e+00
 1.37365079e+00 -1.12519685e+01 -2.34694059e+00  1.03244416e+01  8.95782630e+00
 1.37365079e+00 -1.11181102e+01 -2.21311123e+00  1.03237897e+01  8.95272271e+00
 1.37365079e+00 -1.09842520e+01 -2.07927987e+00  1.03231512e+01  8.94758937e+00
 1.37365079e+00 -1.08503937e+01 -1.94545717e+00  1.03225261e+01  8.94238594e+00
 1.37365079e+00 -1.07165354e+01 -1.81163490e+00  1.03219145e+01  8.93709063e+00
 1.37365079e+00 -1.05826772e+01 -1.67779258e+00  1.03213158e+01  8.93171914e+00
 1.37365079e+00 -1.04488189e+01 -1.54395239e+00  1.03207301e+01  8.92630092e+00
 1.37365079e+00 -1.03149606e+01 -1.41012080e+00  1.03201572e+01  8.92083096e+00
 1.37365079e+00 -1.01811024e+01 -1.27627383e+00  1.03195970e+01  8.91527462e+00
 1.37365079e+00 -1.00472441e+01 -1.14241988e+00  1.03190493e+01  8.90968151e+00
 1.37365079e+00 -9.91338583e+00 -1.00857339e+00  1.03185140e+01  8.90403809e+00
 1.37365079e+00 -9.77952756e+00 -8.74737562e-01  1.03179910e+01  8.89825635e+00
 1.37365079e+00 -9.64566929e+00 -7.40890389e-01  1.03174801e+01  8.89240839e+00
 1.37365079e+00 -9.51181102e+00 -6.07032169e-01  1.03169811e+01  8.88653047e+00
 1.37365079e+00 -9.37795276e+00 -4.73188258e-01  1.03164940e+01  8.88056771e+00
 1.37365079e+00 -9.24409449e+00 -3.39339767e-01  1.03160186e+01  8.87450701e+00
 1.37365079e+00 -9.11023622e+00 -2.05477784e-01  1.03155547e+01  8.86836684e+00
 1.37365079e+00 -8.97637795e+00 -7.16185626e-02  1.03151021e+01  8.86216812e+00
 1.37365079e+00 -8.84251969e+00  6.22283725e-02  1.03146609e+01  8.85585487e+00
 1.37365079e+00 -8.70866142e+00  1.96073424e-01  1.03142308e+01  8.84941557e+00
 1.37365079e+00 -8.57480315e+00  3.29936113e-01  1.03138116e+01  8.84290045e+00
 1.37365079e+00 -8.44094488e+00  4.63792864e-01  1.03134033e+01  8.83631212e+00
 1.37365079e+00 -8.30708661e+00  5.97640470e-01  1.03130056e+01  8.82962990e+00
 1.37365079e+00 -8.17322835e+00  7.31502375e-01  1.03126184e+01  8.82282707e+00
 1.37365079e+00 -8.03937008e+00  8.65369479e-01  1.03122417e+01  8.81589417e+00
 1.37365079e+00 -7.90551181e+00  9.99227512e-01  1.03118752e+01  8.80885318e+00
 1.37365079e+00 -7.77165354e+00  1.13307338e+00  1.03115189e+01  8.80173796e+00
 1.37365079e+00 -7.63779528e+00  1.26693181e+00  1.03111725e+01  8.79451900e+00
 1.37365079e+00 -7.50393701e+00  1.40080340e+00  1.03108359e+01  8.78715681e+00
 1.37365079e+00 -7.37007874e+00  1.53466473e+00  1.03105089e+01  8.77963270e+00
 1.37365079e+00 -7.23622047e+00  1.66852049e+00  1.03101916e+01  8.77198242e+00
 1.37365079e+00 -7.10236220e+00  1.80237898e+00  1.03098837e+01  8.76422733e+00
 1.37365079e+00 -6.96850394e+00  1.93624146e+00  1.03095850e+01  8.75634789e+00
 1.37365079e+00 -6.83464567e+00  2.07009721e+00  1.03092954e+01  8.74827545e+00
 1.37365079e+00 -6.70078740e+00  2.20395335e+00  1.03090149e+01  8.74002260e+00
 1.37365079e+00 -6.56692913e+00  2.33782648e+00  1.03087430e+01  8.73165919e+00
 1.37365079e+00 -6.43307087e+00  2.47169768e+00  1.03084800e+01  8.72314900e+00
 1.37365079e+00 -6.29921260e+00  2.60555937e+00  1.03082254e+01  8.71445170e+00
 1.37365079e+00 -6.16535433e+00  2.73942088e+00  1.03079793e+01  8.70556132e+00
 1.37365079e+00 -6.03149606e+00  2.87328755e+00  1.03077415e+01  8.69652047e+00
 1.37365079e+00 -5.89763780e+00  3.00715356e+00  1.03075117e+01  8.68729593e+00
 1.37365079e+00 -5.76377953e+00  3.14101267e+00  1.03072900e+01  8.67781904e+00
 1.37365079e+00 -5.62992126e+00  3.27488584e+00  1.03070760e+01  8.66815309e+00
 1.37365079e+00 -5.49606299e+00  3.40876806e+00  1.03068697e+01  8.65829257e+00
 1.37365079e+00 -5.36220472e+00  3.54263964e+00  1.03066711e+01  8.64817889e+00
 1.37365079e+00 -5.22834646e+00  3.67651934e+00  1.03064798e+01  8.63784279e+00
 1.37365079e+00 -5.09448819e+00  3.81038401e+00  1.03062959e+01  8.62717216e+00
 1.37365079e+00 -4.96062992e+00  3.94420464e+00  1.03061196e+01  8.61605452e+00
 1.37365079e+00 -4.82677165e+00  4.07806063e+00  1.03059498e+01  8.60477702e+00
 1.37365079e+00 -4.69291339e+00  4.21197717e+00  1.03057870e+01  8.59335641e+00
 1.37365079e+00 -4.55905512e+00  4.34597134e+00  1.03056310e+01  8.58159529e+00
 1.37365079e+00 -4.42519685e+00  4.48025121e+00  1.03054776e+01  8.56949557e+00
 1.37365079e+00 -4.29133858e+00  4.61546933e+00  1.03053201e+01  8.55700653e+00
 1.37365079e+00 -4.15748031e+00  4.75324955e+00  1.03051381e+01  8.54398013e+00
 1.37365079e+00 -4.02362205e+00  4.89758968e+00  1.03048654e+01  8.53015048e+00
 1.37365079e+00 -3.88976378e+00  5.05672428e+00  1.03043835e+01  8.51479642e+00
 1.37365079e+00 -3.75590551e+00  5.24296596e+00  1.03033389e+01  8.49586431e+00
 1.37365079e+00 -3.62204724e+00  5.47534625e+00  1.03012401e+01  8.47016980e+00
 1.37365079e+00 -3.48818898e+00  5.73518277e+00  1.02963934e+01  8.42628957e+00
 1.37365079e+00 -3.35433071e+00  5.99501931e+00  1.02915467e+01  8.38240934e+00
 1.37365079e+00 -3.22047244e+00  6.25485585e+00  1.02867000e+01  8.33852910e+00
 1.37365079e+00 -3.08661417e+00  6.51469239e+00  1.02818533e+01  8.29464887e+00
 1.37365079e+00 -2.95275591e+00  6.77452891e+00  1.02770066e+01  8.25076864e+00
 1.37365079e+00 -2.81889764e+00  7.03436545e+00  1.02721599e+01  8.20688841e+00
 1.37365079e+00 -2.68503937e+00  7.29420199e+00  1.02673132e+01  8.16300817e+00
 1.37365079e+00 -2.55118110e+00  7.55403853e+00  1.02624665e+01  8.11912794e+00
 1.37365079e+00 -2.41732283e+00  7.81387507e+00  1.02576198e+01  8.07524771e+00
 1.37365079e+00 -2.28346457e+00  8.07371159e+00  1.02527731e+01  8.03136748e+00
 1.37365079e+00 -2.14960630e+00  8.33354813e+00  1.02479264e+01  7.98748724e+00
 1.37365079e+00 -2.01574803e+00  8.59338466e+00  1.02430797e+01  7.94360701e+00
 1.37365079e+00 -1.88188976e+00  8.85322120e+00  1.02382330e+01  7.89972678e+00
 1.37365079e+00 -1.74803150e+00  9.11305772e+00  1.02333863e+01  7.85584655e+00
 1.37365079e+00 -1.61417323e+00  9.37289426e+00  1.02285396e+01  7.81196631e+00
 1.37365079e+00 -1.48031496e+00  9.63273080e+00  1.02236929e+01  7.76808608e+00
 1.37365079e+00 -1.34645669e+00  9.89256734e+00  1.02188462e+01  7.72420585e+00
 1.37365079e+00 -1.21259843e+00  1.01524039e+01  1.02139995e+01  7.68032562e+00
 1.37365079e+00 -1.07874016e+00  1.04122404e+01  1.02091528e+01  7.63644538e+00
 1.37365079e+00 -9.44881890e-01  1.06720769e+01  1.02043061e+01  7.59256515e+00
 1.37365079e+00 -8.11023622e-01  1.09319135e+01  1.01994594e+01  7.54868492e+00
 1.37365079e+00 -6.77165354e-01  1.11917500e+01  1.01946127e+01  7.50480469e+00
 1.37365079e+00 -5.43307087e-01  1.14515865e+01  1.01897660e+01  7.46092445e+00
 1.37365079e+00 -4.09448819e-01  1.17114231e+01  1.01849193e+01  7.41704422e+00
 1.37365079e+00 -2.75590551e-01  1.19712596e+01  1.01800726e+01  7.37316399e+00
 1.37365079e+00 -1.41732283e-01  1.22310962e+01  1.01752259e+01  7.32928376e+00
 1.37365079e+00 -7.87401575e-03  1.24909327e+01  1.01703792e+01  7.28540352e+00
 1.37365079e+00  1.25984252e-01  1.27507692e+01  1.01655325e+01  7.24152329e+00
 1.37365079e+00  2.59842520e-01  1.30106058e+01  1.01606858e+01  7.19764306e+00
 1.37365079e+00  3.93700787e-01  1.32704423e+01  1.01558391e+01  7.15376283e+00
 1.37365079e+00  5.27559055e-01  1.35302788e+01  1.01509924e+01  7.10988259e+00
 1.37365079e+00  6.61417323e-01  1.37901154e+01  1.01461457e+01  7.06600236e+00
 1.37365079e+00  7.95275591e-01  1.40499519e+01  1.01412990e+01  7.02212213e+00
 1.37365079e+00  9.29133858e-01  1.43097884e+01  1.01364523e+01  6.97824190e+00
 1.37365079e+00  1.06299213e+00  1.45696250e+01  1.01316056e+01  6.93436166e+00
 1.37365079e+00  1.19685039e+00  1.48294615e+01  1.01267589e+01  6.89048143e+00
 1.37365079e+00  1.33070866e+00  1.50892980e+01  1.01219122e+01  6.84660120e+00
 1.37365079e+00  1.46456693e+00  1.53491346e+01  1.01170655e+01  6.80272096e+00
 1.37365079e+00  1.59842520e+00  1.56089711e+01  1.01122188e+01  6.75884073e+00
 1.37365079e+00  1.73228346e+00  1.58688076e+01  1.01073721e+01  6.71496050e+00
 1.37365079e+00  1.86614173e+00  1.61286442e+01  1.01025254e+01  6.67108027e+00
 1.37365079e+00  2.00000000e+00  1.63884807e+01  1.00976787e+01  6.62720004e+00
 1.45206349e+00 -1.50000000e+01 -6.01717402e+00  1.03391853e+01  9.08498004e+00
 1.45206349e+00 -1.48661417e+01 -5.88323049e+00  1.03391853e+01  9.08119262e+00
 1.45206349e+00 -1.47322835e+01 -5.74928706e+00  1.03391853e+01  9.07740520e+00
 1.45206349e+00 -1.45984252e+01 -5.61535967e+00  1.03391853e+01  9.07357034e+00
 1.45206349e+00 -1.44645669e+01 -5.48156027e+00  1.03391853e+01  9.06968831e+00
 1.45206349e+00 -1.43307087e+01 -5.34770621e+00  1.03391853e+01  9.06579683e+00
 1.45206349e+00 -1.41968504e+01 -5.21375145e+00  1.03391853e+01  9.06188802e+00
 1.45206349e+00 -1.40629921e+01 -5.07991195e+00  1.03391853e+01  9.05789827e+00
 1.45206349e+00 -1.39291339e+01 -4.94609619e+00  1.03391853e+01  9.05388168e+00
 1.45206349e+00 -1.37952756e+01 -4.81218266e+00  1.03391853e+01  9.04986335e+00
 1.45206349e+00 -1.36614173e+01 -4.67818261e+00  1.03391853e+01  9.04579001e+00
 1.45206349e+00 -1.35275591e+01 -4.54424936e+00  1.03391853e+01  9.04167184e+00
 1.45206349e+00 -1.33937008e+01 -4.41036050e+00  1.03391853e+01  9.03752068e+00
 1.45206349e+00 -1.32598425e+01 -4.27629679e+00  1.03391853e+01  9.03332541e+00
 1.45206349e+00 -1.31259843e+01 -4.14221514e+00  1.03391853e+01  9.02909216e+00
 1.45206349e+00 -1.29921260e+01 -4.00817269e+00  1.03391853e+01  9.02481606e+00
 1.45206349e+00 -1.28582677e+01 -3.87398144e+00  1.03391853e+01  9.02047854e+00
 1.45206349e+00 -1.27244094e+01 -3.73990106e+00  1.03388306e+01  9.01602016e+00
 1.45206349e+00 -1.25905512e+01 -3.60617622e+00  1.03380256e+01  9.01145868e+00
 1.45206349e+00 -1.24566929e+01 -3.47255393e+00  1.03372366e+01  9.00686610e+00
 1.45206349e+00 -1.23228346e+01 -3.33884344e+00  1.03364622e+01  9.00223273e+00
 1.45206349e+00 -1.21889764e+01 -3.20502819e+00  1.03357020e+01  8.99756295e+00
 1.45206349e+00 -1.20551181e+01 -3.07132226e+00  1.03349570e+01  8.99286698e+00
 1.45206349e+00 -1.19212598e+01 -2.93762223e+00  1.03342267e+01  8.98810646e+00
 1.45206349e+00 -1.17874016e+01 -2.80382128e+00  1.03335103e+01  8.98327267e+00
 1.45206349e+00 -1.16535433e+01 -2.66994452e+00  1.03328077e+01  8.97839897e+00
 1.45206349e+00 -1.15196850e+01 -2.53615588e+00  1.03321197e+01  8.97349469e+00
 1.45206349e+00 -1.13858268e+01 -2.40241833e+00  1.03314459e+01  8.96855371e+00
 1.45206349e+00 -1.12519685e+01 -2.26853643e+00  1.03307852e+01  8.96356111e+00
 1.45206349e+00 -1.11181102e+01 -2.13469746e+00  1.03301384e+01  8.95850407e+00
 1.45206349e+00 -1.09842520e+01 -2.00095611e+00  1.03295056e+01  8.95339514e+00
 1.45206349e+00 -1.08503937e+01 -1.86715279e+00  1.03288860e+01  8.94825342e+00
 1.45206349e+00 -1.07165354e+01 -1.73325400e+00  1.03282791e+01  8.94302606e+00
 1.45206349e+00 -1.05826772e+01 -1.59936331e+00  1.03276853e+01  8.93772186e+00
 1.45206349e+00 -1.04488189e+01 -1.46560027e+00  1.03271052e+01  8.93239820e+00
 1.45206349e+00 -1.03149606e+01 -1.33175837e+00  1.03265374e+01  8.92699011e+00
 1.45206349e+00 -1.01811024e+01 -1.19784138e+00  1.03259820e+01  8.92149878e+00
 1.45206349e+00 -1.00472441e+01 -1.06405234e+00  1.03254397e+01  8.91599011e+00
 1.45206349e+00 -9.91338583e+00 -9.30272251e-01  1.03249098e+01  8.91041549e+00
 1.45206349e+00 -9.77952756e+00 -7.96400108e-01  1.03243917e+01  8.90474660e+00
 1.45206349e+00 -9.64566929e+00 -6.62466850e-01  1.03238855e+01  8.89899692e+00
 1.45206349e+00 -9.51181102e+00 -5.28637683e-01  1.03233916e+01  8.89316587e+00
 1.45206349e+00 -9.37795276e+00 -3.94852604e-01  1.03229098e+01  8.88727606e+00
 1.45206349e+00 -9.24409449e+00 -2.60928786e-01  1.03224390e+01  8.88134746e+00
 1.45206349e+00 -9.11023622e+00 -1.27066064e-01  1.03219800e+01  8.87530942e+00
 1.45206349e+00 -8.97637795e+00  6.70321814e-03  1.03215327e+01  8.86915276e+00
 1.45206349e+00 -8.84251969e+00  1.40536867e-01  1.03210963e+01  8.86292369e+00
 1.45206349e+00 -8.70866142e+00  2.74461589e-01  1.03206708e+01  8.85661222e+00
 1.45206349e+00 -8.57480315e+00  4.08365096e-01  1.03202562e+01  8.85021980e+00
 1.45206349e+00 -8.44094488e+00  5.42142629e-01  1.03198529e+01  8.84375118e+00
 1.45206349e+00 -8.30708661e+00  6.76008427e-01  1.03194598e+01  8.83715681e+00
 1.45206349e+00 -8.17322835e+00  8.09936264e-01  1.03190772e+01  8.83044944e+00
 1.45206349e+00 -8.03937008e+00  9.43740873e-01  1.03187052e+01  8.82367564e+00
 1.45206349e+00 -7.90551181e+00  1.07754741e+00  1.03183434e+01  8.81679213e+00
 1.45206349e+00 -7.77165354e+00  1.21141080e+00  1.03179916e+01  8.80978141e+00
 1.45206349e+00 -7.63779528e+00  1.34528315e+00  1.03176497e+01  8.80265419e+00
 1.45206349e+00 -7.50393701e+00  1.47913881e+00  1.03173176e+01  8.79539738e+00
 1.45206349e+00 -7.37007874e+00  1.61300699e+00  1.03169950e+01  8.78801290e+00
 1.45206349e+00 -7.23622047e+00  1.74692276e+00  1.03166819e+01  8.78051394e+00
 1.45206349e+00 -7.10236220e+00  1.88082245e+00  1.03163782e+01  8.77290135e+00
 1.45206349e+00 -6.96850394e+00  2.01465924e+00  1.03160838e+01  8.76517702e+00
 1.45206349e+00 -6.83464567e+00  2.14844726e+00  1.03157987e+01  8.75732399e+00
 1.45206349e+00 -6.70078740e+00  2.28228866e+00  1.03155223e+01  8.74927119e+00
 1.45206349e+00 -6.56692913e+00  2.41617015e+00  1.03152546e+01  8.74104556e+00
 1.45206349e+00 -6.43307087e+00  2.55002851e+00  1.03149956e+01  8.73271231e+00
 1.45206349e+00 -6.29921260e+00  2.68392677e+00  1.03147451e+01  8.72422151e+00
 1.45206349e+00 -6.16535433e+00  2.81784891e+00  1.03145029e+01  8.71554128e+00
 1.45206349e+00 -6.03149606e+00  2.95172294e+00  1.03142689e+01  8.70667908e+00
 1.45206349e+00 -5.89763780e+00  3.08552980e+00  1.03140432e+01  8.69766625e+00
 1.45206349e+00 -5.76377953e+00  3.21934125e+00  1.03138253e+01  8.68845936e+00
 1.45206349e+00 -5.62992126e+00  3.35322420e+00  1.03136151e+01  8.67900340e+00
 1.45206349e+00 -5.49606299e+00  3.48709454e+00  1.03134126e+01  8.66935120e+00
 1.45206349e+00 -5.36220472e+00  3.62097994e+00  1.03132176e+01  8.65950691e+00
 1.45206349e+00 -5.22834646e+00  3.75491955e+00  1.03130299e+01  8.64941124e+00
 1.45206349e+00 -5.09448819e+00  3.88876699e+00  1.03128492e+01  8.63897688e+00
 1.45206349e+00 -4.96062992e+00  4.02256669e+00  1.03126762e+01  8.62830880e+00
 1.45206349e+00 -4.82677165e+00  4.15644361e+00  1.03125101e+01  8.61751660e+00
 1.45206349e+00 -4.69291339e+00  4.29037287e+00  1.03123470e+01  8.60642805e+00
 1.45206349e+00 -4.55905512e+00  4.42435445e+00  1.03121905e+01  8.59500485e+00
 1.45206349e+00 -4.42519685e+00  4.55855679e+00  1.03120433e+01  8.58327554e+00
 1.45206349e+00 -4.29133858e+00  4.69354705e+00  1.03118904e+01  8.57116258e+00
 1.45206349e+00 -4.15748031e+00  4.83071287e+00  1.03117088e+01  8.55857969e+00
 1.45206349e+00 -4.02362205e+00  4.97331231e+00  1.03114508e+01  8.54533019e+00
 1.45206349e+00 -3.88976378e+00  5.12861075e+00  1.03109846e+01  8.53078740e+00
 1.45206349e+00 -3.75590551e+00  5.30672356e+00  1.03099388e+01  8.51324132e+00
 1.45206349e+00 -3.62204724e+00  5.52852669e+00  1.03079028e+01  8.49051129e+00
 1.45206349e+00 -3.48818898e+00  5.78154116e+00  1.03032384e+01  8.45366604e+00
 1.45206349e+00 -3.35433071e+00  6.03455565e+00  1.02985740e+01  8.41682079e+00
 1.45206349e+00 -3.22047244e+00  6.28757014e+00  1.02939096e+01  8.37997553e+00
 1.45206349e+00 -3.08661417e+00  6.54058463e+00  1.02892452e+01  8.34313028e+00
 1.45206349e+00 -2.95275591e+00  6.79359910e+00  1.02845808e+01  8.30628503e+00
 1.45206349e+00 -2.81889764e+00  7.04661359e+00  1.02799164e+01  8.26943978e+00
 1.45206349e+00 -2.68503937e+00  7.29962807e+00  1.02752520e+01  8.23259453e+00
 1.45206349e+00 -2.55118110e+00  7.55264256e+00  1.02705876e+01  8.19574927e+00
 1.45206349e+00 -2.41732283e+00  7.80565705e+00  1.02659232e+01  8.15890402e+00
 1.45206349e+00 -2.28346457e+00  8.05867152e+00  1.02612588e+01  8.12205877e+00
 1.45206349e+00 -2.14960630e+00  8.31168601e+00  1.02565944e+01  8.08521352e+00
 1.45206349e+00 -2.01574803e+00  8.56470050e+00  1.02519300e+01  8.04836827e+00
 1.45206349e+00 -1.88188976e+00  8.81771499e+00  1.02472656e+01  8.01152301e+00
 1.45206349e+00 -1.74803150e+00  9.07072946e+00  1.02426012e+01  7.97467776e+00
 1.45206349e+00 -1.61417323e+00  9.32374395e+00  1.02379368e+01  7.93783251e+00
 1.45206349e+00 -1.48031496e+00  9.57675844e+00  1.02332724e+01  7.90098726e+00
 1.45206349e+00 -1.34645669e+00  9.82977293e+00  1.02286080e+01  7.86414200e+00
 1.45206349e+00 -1.21259843e+00  1.00827874e+01  1.02239436e+01  7.82729675e+00
 1.45206349e+00 -1.07874016e+00  1.03358019e+01  1.02192792e+01  7.79045150e+00
 1.45206349e+00 -9.44881890e-01  1.05888164e+01  1.02146148e+01  7.75360625e+00
 1.45206349e+00 -8.11023622e-01  1.08418309e+01  1.02099504e+01  7.71676100e+00
 1.45206349e+00 -6.77165354e-01  1.10948453e+01  1.02052860e+01  7.67991574e+00
 1.45206349e+00 -5.43307087e-01  1.13478598e+01  1.02006216e+01  7.64307049e+00
 1.45206349e+00 -4.09448819e-01  1.16008743e+01  1.01959572e+01  7.60622524e+00
 1.45206349e+00 -2.75590551e-01  1.18538888e+01  1.01912928e+01  7.56937999e+00
 1.45206349e+00 -1.41732283e-01  1.21069033e+01  1.01866284e+01  7.53253474e+00
 1.45206349e+00 -7.87401575e-03  1.23599178e+01  1.01819640e+01  7.49568948e+00
 1.45206349e+00  1.25984252e-01  1.26129323e+01  1.01772996e+01  7.45884423e+00
 1.45206349e+00  2.59842520e-01  1.28659467e+01  1.01726352e+01  7.42199898e+00
 1.45206349e+00  3.93700787e-01  1.31189612e+01  1.01679708e+01  7.38515373e+00
 1.45206349e+00  5.27559055e-01  1.33719757e+01  1.01633064e+01  7.34830848e+00
 1.45206349e+00  6.61417323e-01  1.36249902e+01  1.01586420e+01  7.31146322e+00
 1.45206349e+00  7.95275591e-01  1.38780047e+01  1.01539776e+01  7.27461797e+00
 1.45206349e+00  9.29133858e-01  1.41310192e+01  1.01493132e+01  7.23777272e+00
 1.45206349e+00  1.06299213e+00  1.43840337e+01  1.01446488e+01  7.20092747e+00
 1.45206349e+00  1.19685039e+00  1.46370481e+01  1.01399844e+01  7.16408222e+00
 1.45206349e+00  1.33070866e+00  1.48900626e+01  1.01353200e+01  7.12723696e+00
 1.45206349e+00  1.46456693e+00  1.51430771e+01  1.01306556e+01  7.09039171e+00
 1.45206349e+00  1.59842520e+00  1.53960916e+01  1.01259912e+01  7.05354646e+00
 1.45206349e+00  1.73228346e+00  1.56491061e+01  1.01213268e+01  7.01670121e+00
 1.45206349e+00  1.86614173e+00  1.59021205e+01  1.01166624e+01  6.97985595e+00
 1.45206349e+00  2.00000000e+00  1.61551350e+01  1.01119980e+01  6.94301070e+00
 1.53047619e+00 -1.50000000e+01 -5.93865225e+00  1.03486487e+01  9.09058038e+00
 1.53047619e+00 -1.48661417e+01 -5.80477809e+00  1.03486487e+01  9.08686120e+00
 1.53047619e+00 -1.47322835e+01 -5.67088897e+00  1.03486487e+01  9.08310535e+00
 1.53047619e+00 -1.45984252e+01 -5.53702673e+00  1.03486487e+01  9.07933717e+00
 1.53047619e+00 -1.44645669e+01 -5.40317561e+00  1.03486487e+01  9.07555524e+00
 1.53047619e+00 -1.43307087e+01 -5.26928293e+00  1.03486487e+01  9.07173355e+00
 1.53047619e+00 -1.41968504e+01 -5.13539826e+00  1.03486487e+01  9.06785934e+00
 1.53047619e+00 -1.40629921e+01 -5.00153377e+00  1.03486487e+01  9.06394075e+00
 1.53047619e+00 -1.39291339e+01 -4.86764147e+00  1.03486487e+01  9.05999622e+00
 1.53047619e+00 -1.37952756e+01 -4.73370967e+00  1.03486487e+01  9.05601384e+00
 1.53047619e+00 -1.36614173e+01 -4.59976170e+00  1.03486487e+01  9.05197844e+00
 1.53047619e+00 -1.35275591e+01 -4.46582209e+00  1.03486487e+01  9.04789265e+00
 1.53047619e+00 -1.33937008e+01 -4.33182469e+00  1.03486487e+01  9.04380650e+00
 1.53047619e+00 -1.32598425e+01 -4.19775760e+00  1.03486487e+01  9.03969610e+00
 1.53047619e+00 -1.31259843e+01 -4.06365841e+00  1.03486487e+01  9.03549420e+00
 1.53047619e+00 -1.29921260e+01 -3.92946792e+00  1.03486487e+01  9.03128067e+00
 1.53047619e+00 -1.28582677e+01 -3.79515337e+00  1.03486214e+01  9.02703241e+00
 1.53047619e+00 -1.27244094e+01 -3.66150288e+00  1.03478228e+01  9.02254205e+00
 1.53047619e+00 -1.25905512e+01 -3.52784861e+00  1.03470283e+01  9.01806076e+00
 1.53047619e+00 -1.24566929e+01 -3.39417596e+00  1.03462486e+01  9.01357620e+00
 1.53047619e+00 -1.23228346e+01 -3.26044106e+00  1.03454834e+01  9.00899638e+00
 1.53047619e+00 -1.21889764e+01 -3.12670302e+00  1.03447331e+01  9.00438172e+00
 1.53047619e+00 -1.20551181e+01 -2.99297280e+00  1.03439973e+01  8.99971705e+00
 1.53047619e+00 -1.19212598e+01 -2.85920901e+00  1.03432759e+01  8.99495067e+00
 1.53047619e+00 -1.17874016e+01 -2.72540848e+00  1.03425686e+01  8.99022577e+00
 1.53047619e+00 -1.16535433e+01 -2.59160412e+00  1.03418755e+01  8.98549700e+00
 1.53047619e+00 -1.15196850e+01 -2.45782498e+00  1.03411966e+01  8.98062006e+00
 1.53047619e+00 -1.13858268e+01 -2.32401378e+00  1.03405313e+01  8.97576777e+00
 1.53047619e+00 -1.12519685e+01 -2.19018038e+00  1.03398797e+01  8.97092634e+00
 1.53047619e+00 -1.11181102e+01 -2.05637778e+00  1.03392419e+01  8.96594374e+00
 1.53047619e+00 -1.09842520e+01 -1.92256944e+00  1.03386175e+01  8.96090110e+00
 1.53047619e+00 -1.08503937e+01 -1.78873118e+00  1.03380063e+01  8.95582019e+00
 1.53047619e+00 -1.07165354e+01 -1.65487581e+00  1.03374081e+01  8.95065859e+00
 1.53047619e+00 -1.05826772e+01 -1.52104811e+00  1.03368231e+01  8.94544485e+00
 1.53047619e+00 -1.04488189e+01 -1.38722576e+00  1.03362510e+01  8.94019742e+00
 1.53047619e+00 -1.03149606e+01 -1.25336424e+00  1.03356915e+01  8.93490684e+00
 1.53047619e+00 -1.01811024e+01 -1.11952171e+00  1.03351446e+01  8.92953944e+00
 1.53047619e+00 -1.00472441e+01 -9.85700426e-01  1.03346102e+01  8.92408384e+00
 1.53047619e+00 -9.91338583e+00 -8.51857428e-01  1.03340880e+01  8.91855558e+00
 1.53047619e+00 -9.77952756e+00 -7.17989313e-01  1.03335779e+01  8.91298582e+00
 1.53047619e+00 -9.64566929e+00 -5.84129542e-01  1.03330798e+01  8.90736462e+00
 1.53047619e+00 -9.51181102e+00 -4.50301499e-01  1.03325937e+01  8.90165354e+00
 1.53047619e+00 -9.37795276e+00 -3.16445012e-01  1.03321191e+01  8.89582905e+00
 1.53047619e+00 -9.24409449e+00 -1.82575867e-01  1.03316561e+01  8.88991239e+00
 1.53047619e+00 -9.11023622e+00 -4.87423128e-02  1.03312047e+01  8.88394983e+00
 1.53047619e+00 -8.97637795e+00  8.50956724e-02  1.03307645e+01  8.87796462e+00
 1.53047619e+00 -8.84251969e+00  2.18960177e-01  1.03303353e+01  8.87187667e+00
 1.53047619e+00 -8.70866142e+00  3.52836808e-01  1.03299170e+01  8.86562360e+00
 1.53047619e+00 -8.57480315e+00  4.86682321e-01  1.03295097e+01  8.85935697e+00
 1.53047619e+00 -8.44094488e+00  6.20522801e-01  1.03291132e+01  8.85305806e+00
 1.53047619e+00 -8.30708661e+00  7.54398874e-01  1.03287271e+01  8.84661592e+00
 1.53047619e+00 -8.17322835e+00  8.88263776e-01  1.03283513e+01  8.84004189e+00
 1.53047619e+00 -8.03937008e+00  1.02210650e+00  1.03279860e+01  8.83337507e+00
 1.53047619e+00 -7.90551181e+00  1.15594998e+00  1.03276307e+01  8.82663012e+00
 1.53047619e+00 -7.77165354e+00  1.28981606e+00  1.03272854e+01  8.81975638e+00
 1.53047619e+00 -7.63779528e+00  1.42368253e+00  1.03269499e+01  8.81278232e+00
 1.53047619e+00 -7.50393701e+00  1.55752783e+00  1.03266240e+01  8.80573884e+00
 1.53047619e+00 -7.37007874e+00  1.69139365e+00  1.03263078e+01  8.79853578e+00
 1.53047619e+00 -7.23622047e+00  1.82527309e+00  1.03260009e+01  8.79116802e+00
 1.53047619e+00 -7.10236220e+00  1.95913458e+00  1.03257033e+01  8.78369231e+00
 1.53047619e+00 -6.96850394e+00  2.09297558e+00  1.03254148e+01  8.77615151e+00
 1.53047619e+00 -6.83464567e+00  2.22682598e+00  1.03251353e+01  8.76849559e+00
 1.53047619e+00 -6.70078740e+00  2.36070210e+00  1.03248646e+01  8.76065723e+00
 1.53047619e+00 -6.56692913e+00  2.49455894e+00  1.03246026e+01  8.75265312e+00
 1.53047619e+00 -6.43307087e+00  2.62841401e+00  1.03243492e+01  8.74451541e+00
 1.53047619e+00 -6.29921260e+00  2.76229623e+00  1.03241041e+01  8.73625345e+00
 1.53047619e+00 -6.16535433e+00  2.89617230e+00  1.03238673e+01  8.72782633e+00
 1.53047619e+00 -6.03149606e+00  3.03002630e+00  1.03236385e+01  8.71922166e+00
 1.53047619e+00 -5.89763780e+00  3.16387152e+00  1.03234179e+01  8.71043402e+00
 1.53047619e+00 -5.76377953e+00  3.29774495e+00  1.03232050e+01  8.70143602e+00
 1.53047619e+00 -5.62992126e+00  3.43162048e+00  1.03229997e+01  8.69224481e+00
 1.53047619e+00 -5.49606299e+00  3.56547550e+00  1.03228021e+01  8.68290282e+00
 1.53047619e+00 -5.36220472e+00  3.69935821e+00  1.03226118e+01  8.67342359e+00
 1.53047619e+00 -5.22834646e+00  3.83324201e+00  1.03224288e+01  8.66358218e+00
 1.53047619e+00 -5.09448819e+00  3.96709611e+00  1.03222530e+01  8.65329363e+00
 1.53047619e+00 -4.96062992e+00  4.10096300e+00  1.03220845e+01  8.64293577e+00
 1.53047619e+00 -4.82677165e+00  4.23484786e+00  1.03219219e+01  8.63249606e+00
 1.53047619e+00 -4.69291339e+00  4.36874367e+00  1.03217657e+01  8.62179617e+00
 1.53047619e+00 -4.55905512e+00  4.50268362e+00  1.03216182e+01  8.61077987e+00
 1.53047619e+00 -4.42519685e+00  4.63685951e+00  1.03214736e+01  8.59945063e+00
 1.53047619e+00 -4.29133858e+00  4.77170206e+00  1.03213218e+01  8.58780426e+00
 1.53047619e+00 -4.15748031e+00  4.90820812e+00  1.03211478e+01  8.57576711e+00
 1.53047619e+00 -4.02362205e+00  5.04958688e+00  1.03209037e+01  8.56314005e+00
 1.53047619e+00 -3.88976378e+00  5.20117525e+00  1.03204351e+01  8.54933780e+00
 1.53047619e+00 -3.75590551e+00  5.37309749e+00  1.03194478e+01  8.53326690e+00
 1.53047619e+00 -3.62204724e+00  5.58175041e+00  1.03173928e+01  8.51269551e+00
 1.53047619e+00 -3.48818898e+00  5.79040331e+00  1.03153378e+01  8.49212412e+00
 1.53047619e+00 -3.35433071e+00  5.99905623e+00  1.03132828e+01  8.47155273e+00
 1.53047619e+00 -3.22047244e+00  6.20770915e+00  1.03112278e+01  8.45098134e+00
 1.53047619e+00 -3.08661417e+00  6.41636207e+00  1.03091728e+01  8.43040995e+00
 1.53047619e+00 -2.95275591e+00  6.62501498e+00  1.03071178e+01  8.40983856e+00
 1.53047619e+00 -2.81889764e+00  6.83366790e+00  1.03050628e+01  8.38926717e+00
 1.53047619e+00 -2.68503937e+00  7.04232082e+00  1.03030078e+01  8.36869578e+00
 1.53047619e+00 -2.55118110e+00  7.25097374e+00  1.03009528e+01  8.34812439e+00
 1.53047619e+00 -2.41732283e+00  7.45962666e+00  1.02988978e+01  8.32755300e+00
 1.53047619e+00 -2.28346457e+00  7.66827956e+00  1.02968428e+01  8.30698161e+00
 1.53047619e+00 -2.14960630e+00  7.87693248e+00  1.02947878e+01  8.28641022e+00
 1.53047619e+00 -2.01574803e+00  8.08558540e+00  1.02927328e+01  8.26583883e+00
 1.53047619e+00 -1.88188976e+00  8.29423832e+00  1.02906778e+01  8.24526744e+00
 1.53047619e+00 -1.74803150e+00  8.50289123e+00  1.02886228e+01  8.22469606e+00
 1.53047619e+00 -1.61417323e+00  8.71154415e+00  1.02865678e+01  8.20412467e+00
 1.53047619e+00 -1.48031496e+00  8.92019707e+00  1.02845128e+01  8.18355328e+00
 1.53047619e+00 -1.34645669e+00  9.12884999e+00  1.02824578e+01  8.16298189e+00
 1.53047619e+00 -1.21259843e+00  9.33750289e+00  1.02804028e+01  8.14241050e+00
 1.53047619e+00 -1.07874016e+00  9.54615581e+00  1.02783478e+01  8.12183911e+00
 1.53047619e+00 -9.44881890e-01  9.75480873e+00  1.02762928e+01  8.10126772e+00
 1.53047619e+00 -8.11023622e-01  9.96346165e+00  1.02742378e+01  8.08069633e+00
 1.53047619e+00 -6.77165354e-01  1.01721146e+01  1.02721828e+01  8.06012494e+00
 1.53047619e+00 -5.43307087e-01  1.03807675e+01  1.02701278e+01  8.03955355e+00
 1.53047619e+00 -4.09448819e-01  1.05894204e+01  1.02680728e+01  8.01898216e+00
 1.53047619e+00 -2.75590551e-01  1.07980733e+01  1.02660178e+01  7.99841077e+00
 1.53047619e+00 -1.41732283e-01  1.10067262e+01  1.02639628e+01  7.97783938e+00
 1.53047619e+00 -7.87401575e-03  1.12153791e+01  1.02619078e+01  7.95726799e+00
 1.53047619e+00  1.25984252e-01  1.14240321e+01  1.02598528e+01  7.93669660e+00
 1.53047619e+00  2.59842520e-01  1.16326850e+01  1.02577978e+01  7.91612521e+00
 1.53047619e+00  3.93700787e-01  1.18413379e+01  1.02557428e+01  7.89555382e+00
 1.53047619e+00  5.27559055e-01  1.20499908e+01  1.02536878e+01  7.87498243e+00
 1.53047619e+00  6.61417323e-01  1.22586437e+01  1.02516328e+01  7.85441104e+00
 1.53047619e+00  7.95275591e-01  1.24672966e+01  1.02495778e+01  7.83383965e+00
 1.53047619e+00  9.29133858e-01  1.26759496e+01  1.02475228e+01  7.81326826e+00
 1.53047619e+00  1.06299213e+00  1.28846025e+01  1.02454678e+01  7.79269687e+00
 1.53047619e+00  1.19685039e+00  1.30932554e+01  1.02434128e+01  7.77212548e+00
 1.53047619e+00  1.33070866e+00  1.33019083e+01  1.02413578e+01  7.75155409e+00
 1.53047619e+00  1.46456693e+00  1.35105612e+01  1.02393028e+01  7.73098270e+00
 1.53047619e+00  1.59842520e+00  1.37192141e+01  1.02372478e+01  7.71041131e+00
 1.53047619e+00  1.73228346e+00  1.39278671e+01  1.02351928e+01  7.68983993e+00
 1.53047619e+00  1.86614173e+00  1.41365200e+01  1.02331378e+01  7.66926854e+00
 1.53047619e+00  2.00000000e+00  1.43451729e+01  1.02310828e+01  7.64869715e+00
 1.60888889e+00 -1.50000000e+01 -5.86022102e+00  1.03617512e+01  9.09692308e+00
 1.60888889e+00 -1.48661417e+01 -5.72635772e+00  1.03617512e+01  9.09322231e+00
 1.60888889e+00 -1.47322835e+01 -5.59249158e+00  1.03617512e+01  9.08950994e+00
 1.60888889e+00 -1.45984252e+01 -5.45862095e+00  1.03617512e+01  9.08581550e+00
 1.60888889e+00 -1.44645669e+01 -5.32474734e+00  1.03617512e+01  9.08207292e+00
 1.60888889e+00 -1.43307087e+01 -5.19086876e+00  1.03617512e+01  9.07829189e+00
 1.60888889e+00 -1.41968504e+01 -5.05698082e+00  1.03617512e+01  9.07451958e+00
 1.60888889e+00 -1.40629921e+01 -4.92308270e+00  1.03617512e+01  9.07066696e+00
 1.60888889e+00 -1.39291339e+01 -4.78917172e+00  1.03617512e+01  9.06674943e+00
 1.60888889e+00 -1.37952756e+01 -4.65524198e+00  1.03617512e+01  9.06284866e+00
 1.60888889e+00 -1.36614173e+01 -4.52128464e+00  1.03617512e+01  9.05891405e+00
 1.60888889e+00 -1.35275591e+01 -4.38729132e+00  1.03617512e+01  9.05492550e+00
 1.60888889e+00 -1.33937008e+01 -4.25325109e+00  1.03617512e+01  9.05089832e+00
 1.60888889e+00 -1.32598425e+01 -4.11914362e+00  1.03617512e+01  9.04681930e+00
 1.60888889e+00 -1.31259843e+01 -3.98494501e+00  1.03617512e+01  9.04269805e+00
 1.60888889e+00 -1.29921260e+01 -3.85062464e+00  1.03617512e+01  9.03855025e+00
 1.60888889e+00 -1.28582677e+01 -3.71672005e+00  1.03612654e+01  9.03427222e+00
 1.60888889e+00 -1.27244094e+01 -3.58310285e+00  1.03604707e+01  9.02991832e+00
 1.60888889e+00 -1.25905512e+01 -3.44944668e+00  1.03596914e+01  9.02552172e+00
 1.60888889e+00 -1.24566929e+01 -3.31576065e+00  1.03589268e+01  9.02108761e+00
 1.60888889e+00 -1.23228346e+01 -3.18204915e+00  1.03581768e+01  9.01661442e+00
 1.60888889e+00 -1.21889764e+01 -3.04831427e+00  1.03574412e+01  9.01209668e+00
 1.60888889e+00 -1.20551181e+01 -2.91456162e+00  1.03567200e+01  9.00752941e+00
 1.60888889e+00 -1.19212598e+01 -2.78079500e+00  1.03560130e+01  9.00292550e+00
 1.60888889e+00 -1.17874016e+01 -2.64701594e+00  1.03553201e+01  8.99829432e+00
 1.60888889e+00 -1.16535433e+01 -2.51322457e+00  1.03546412e+01  8.99360774e+00
 1.60888889e+00 -1.15196850e+01 -2.37942390e+00  1.03539761e+01  8.98888387e+00
 1.60888889e+00 -1.13858268e+01 -2.24561702e+00  1.03533247e+01  8.98413913e+00
 1.60888889e+00 -1.12519685e+01 -2.11180230e+00  1.03526868e+01  8.97930312e+00
 1.60888889e+00 -1.11181102e+01 -1.97798104e+00  1.03520623e+01  8.97438971e+00
 1.60888889e+00 -1.09842520e+01 -1.84415608e+00  1.03514511e+01  8.96944976e+00
 1.60888889e+00 -1.08503937e+01 -1.71032791e+00  1.03508530e+01  8.96446592e+00
 1.60888889e+00 -1.07165354e+01 -1.57649549e+00  1.03502679e+01  8.95941682e+00
 1.60888889e+00 -1.05826772e+01 -1.44265861e+00  1.03496955e+01  8.95429644e+00
 1.60888889e+00 -1.04488189e+01 -1.30882041e+00  1.03491359e+01  8.94912474e+00
 1.60888889e+00 -1.03149606e+01 -1.17498014e+00  1.03485887e+01  8.94391829e+00
 1.60888889e+00 -1.01811024e+01 -1.04113612e+00  1.03480541e+01  8.93867020e+00
 1.60888889e+00 -1.00472441e+01 -9.07290784e-01  1.03475316e+01  8.93333403e+00
 1.60888889e+00 -9.91338583e+00 -7.73445121e-01  1.03470212e+01  8.92790625e+00
 1.60888889e+00 -9.77952756e+00 -6.39598358e-01  1.03465228e+01  8.92241569e+00
 1.60888889e+00 -9.64566929e+00 -5.05748845e-01  1.03460362e+01  8.91689152e+00
 1.60888889e+00 -9.51181102e+00 -3.71898297e-01  1.03455613e+01  8.91130061e+00
 1.60888889e+00 -9.37795276e+00 -2.38048294e-01  1.03450980e+01  8.90560414e+00
 1.60888889e+00 -9.24409449e+00 -1.04196082e-01  1.03446460e+01  8.89983076e+00
 1.60888889e+00 -9.11023622e+00  2.96576389e-02  1.03442052e+01  8.89401994e+00
 1.60888889e+00 -8.97637795e+00  1.63510862e-01  1.03437755e+01  8.88816102e+00
 1.60888889e+00 -8.84251969e+00  2.97363800e-01  1.03433568e+01  8.88215510e+00
 1.60888889e+00 -8.70866142e+00  4.31218161e-01  1.03429489e+01  8.87607171e+00
 1.60888889e+00 -8.57480315e+00  5.65074310e-01  1.03425517e+01  8.86997680e+00
 1.60888889e+00 -8.44094488e+00  6.98929179e-01  1.03421650e+01  8.86374788e+00
 1.60888889e+00 -8.30708661e+00  8.32785252e-01  1.03417886e+01  8.85742391e+00
 1.60888889e+00 -8.17322835e+00  9.66644179e-01  1.03414225e+01  8.85106263e+00
 1.60888889e+00 -8.03937008e+00  1.10050064e+00  1.03410664e+01  8.84457839e+00
 1.60888889e+00 -7.90551181e+00  1.23435717e+00  1.03407204e+01  8.83799032e+00
 1.60888889e+00 -7.77165354e+00  1.36821650e+00  1.03403841e+01  8.83132243e+00
 1.60888889e+00 -7.63779528e+00  1.50207406e+00  1.03400575e+01  8.82450082e+00
 1.60888889e+00 -7.50393701e+00  1.63593093e+00  1.03397404e+01  8.81755038e+00
 1.60888889e+00 -7.37007874e+00  1.76978953e+00  1.03394326e+01  8.81051972e+00
 1.60888889e+00 -7.23622047e+00  1.90364888e+00  1.03391341e+01  8.80340011e+00
 1.60888889e+00 -7.10236220e+00  2.03750887e+00  1.03388448e+01  8.79618167e+00
 1.60888889e+00 -6.96850394e+00  2.17136996e+00  1.03385643e+01  8.78884340e+00
 1.60888889e+00 -6.83464567e+00  2.30523226e+00  1.03382927e+01  8.78134677e+00
 1.60888889e+00 -6.70078740e+00  2.43909381e+00  1.03380297e+01  8.77370351e+00
 1.60888889e+00 -6.56692913e+00  2.57295387e+00  1.03377752e+01  8.76593923e+00
 1.60888889e+00 -6.43307087e+00  2.70681523e+00  1.03375291e+01  8.75805728e+00
 1.60888889e+00 -6.29921260e+00  2.84067801e+00  1.03372913e+01  8.75003012e+00
 1.60888889e+00 -6.16535433e+00  2.97454161e+00  1.03370615e+01  8.74184356e+00
 1.60888889e+00 -6.03149606e+00  3.10840640e+00  1.03368398e+01  8.73352075e+00
 1.60888889e+00 -5.89763780e+00  3.24227284e+00  1.03366257e+01  8.72504011e+00
 1.60888889e+00 -5.76377953e+00  3.37614017e+00  1.03364195e+01  8.71635921e+00
 1.60888889e+00 -5.62992126e+00  3.51000623e+00  1.03362207e+01  8.70745563e+00
 1.60888889e+00 -5.49606299e+00  3.64387289e+00  1.03360293e+01  8.69843899e+00
 1.60888889e+00 -5.36220472e+00  3.77774200e+00  1.03358452e+01  8.68927189e+00
 1.60888889e+00 -5.22834646e+00  3.91161288e+00  1.03356683e+01  8.67967437e+00
 1.60888889e+00 -5.09448819e+00  4.04548687e+00  1.03354979e+01  8.66984647e+00
 1.60888889e+00 -4.96062992e+00  4.17936130e+00  1.03353347e+01  8.65997076e+00
 1.60888889e+00 -4.82677165e+00  4.31323141e+00  1.03351798e+01  8.64990670e+00
 1.60888889e+00 -4.69291339e+00  4.44712702e+00  1.03350265e+01  8.63960528e+00
 1.60888889e+00 -4.55905512e+00  4.58109001e+00  1.03348752e+01  8.62904920e+00
 1.60888889e+00 -4.42519685e+00  4.71520180e+00  1.03347377e+01  8.61820264e+00
 1.60888889e+00 -4.29133858e+00  4.84981875e+00  1.03345944e+01  8.60705216e+00
 1.60888889e+00 -4.15748031e+00  4.98604186e+00  1.03344236e+01  8.59555896e+00
 1.60888889e+00 -4.02362205e+00  5.12619732e+00  1.03341936e+01  8.58356485e+00
 1.60888889e+00 -3.88976378e+00  5.27437040e+00  1.03337212e+01  8.57053058e+00
 1.60888889e+00 -3.75590551e+00  5.44282355e+00  1.03328339e+01  8.55596096e+00
 1.60888889e+00 -3.62204724e+00  5.63366566e+00  1.03307047e+01  8.53705475e+00
 1.60888889e+00 -3.48818898e+00  5.82450776e+00  1.03285755e+01  8.51814854e+00
 1.60888889e+00 -3.35433071e+00  6.01534987e+00  1.03264463e+01  8.49924233e+00
 1.60888889e+00 -3.22047244e+00  6.20619198e+00  1.03243171e+01  8.48033612e+00
 1.60888889e+00 -3.08661417e+00  6.39703409e+00  1.03221879e+01  8.46142991e+00
 1.60888889e+00 -2.95275591e+00  6.58787618e+00  1.03200587e+01  8.44252370e+00
 1.60888889e+00 -2.81889764e+00  6.77871829e+00  1.03179295e+01  8.42361749e+00
 1.60888889e+00 -2.68503937e+00  6.96956040e+00  1.03158003e+01  8.40471128e+00
 1.60888889e+00 -2.55118110e+00  7.16040251e+00  1.03136711e+01  8.38580507e+00
 1.60888889e+00 -2.41732283e+00  7.35124462e+00  1.03115419e+01  8.36689886e+00
 1.60888889e+00 -2.28346457e+00  7.54208672e+00  1.03094127e+01  8.34799265e+00
 1.60888889e+00 -2.14960630e+00  7.73292883e+00  1.03072835e+01  8.32908644e+00
 1.60888889e+00 -2.01574803e+00  7.92377094e+00  1.03051543e+01  8.31018023e+00
 1.60888889e+00 -1.88188976e+00  8.11461305e+00  1.03030251e+01  8.29127402e+00
 1.60888889e+00 -1.74803150e+00  8.30545514e+00  1.03008959e+01  8.27236782e+00
 1.60888889e+00 -1.61417323e+00  8.49629725e+00  1.02987667e+01  8.25346161e+00
 1.60888889e+00 -1.48031496e+00  8.68713936e+00  1.02966375e+01  8.23455540e+00
 1.60888889e+00 -1.34645669e+00  8.87798147e+00  1.02945083e+01  8.21564919e+00
 1.60888889e+00 -1.21259843e+00  9.06882357e+00  1.02923791e+01  8.19674298e+00
 1.60888889e+00 -1.07874016e+00  9.25966568e+00  1.02902499e+01  8.17783677e+00
 1.60888889e+00 -9.44881890e-01  9.45050779e+00  1.02881207e+01  8.15893056e+00
 1.60888889e+00 -8.11023622e-01  9.64134990e+00  1.02859915e+01  8.14002435e+00
 1.60888889e+00 -6.77165354e-01  9.83219200e+00  1.02838623e+01  8.12111814e+00
 1.60888889e+00 -5.43307087e-01  1.00230341e+01  1.02817331e+01  8.10221193e+00
 1.60888889e+00 -4.09448819e-01  1.02138762e+01  1.02796039e+01  8.08330572e+00
 1.60888889e+00 -2.75590551e-01  1.04047183e+01  1.02774747e+01  8.06439951e+00
 1.60888889e+00 -1.41732283e-01  1.05955604e+01  1.02753455e+01  8.04549330e+00
 1.60888889e+00 -7.87401575e-03  1.07864025e+01  1.02732163e+01  8.02658709e+00
 1.60888889e+00  1.25984252e-01  1.09772446e+01  1.02710871e+01  8.00768088e+00
 1.60888889e+00  2.59842520e-01  1.11680868e+01  1.02689579e+01  7.98877467e+00
 1.60888889e+00  3.93700787e-01  1.13589289e+01  1.02668287e+01  7.96986846e+00
 1.60888889e+00  5.27559055e-01  1.15497710e+01  1.02646995e+01  7.95096225e+00
 1.60888889e+00  6.61417323e-01  1.17406131e+01  1.02625703e+01  7.93205604e+00
 1.60888889e+00  7.95275591e-01  1.19314552e+01  1.02604411e+01  7.91314983e+00
 1.60888889e+00  9.29133858e-01  1.21222973e+01  1.02583119e+01  7.89424362e+00
 1.60888889e+00  1.06299213e+00  1.23131394e+01  1.02561827e+01  7.87533741e+00
 1.60888889e+00  1.19685039e+00  1.25039815e+01  1.02540535e+01  7.85643120e+00
 1.60888889e+00  1.33070866e+00  1.26948236e+01  1.02519243e+01  7.83752499e+00
 1.60888889e+00  1.46456693e+00  1.28856657e+01  1.02497951e+01  7.81861878e+00
 1.60888889e+00  1.59842520e+00  1.30765078e+01  1.02476659e+01  7.79971257e+00
 1.60888889e+00  1.73228346e+00  1.32673499e+01  1.02455367e+01  7.78080636e+00
 1.60888889e+00  1.86614173e+00  1.34581920e+01  1.02434075e+01  7.76190015e+00
 1.60888889e+00  2.00000000e+00  1.36490341e+01  1.02412783e+01  7.74299394e+00
 1.68730159e+00 -1.50000000e+01 -5.78180241e+00  1.03783659e+01  9.10353074e+00
 1.68730159e+00 -1.48661417e+01 -5.64793564e+00  1.03783659e+01  9.09995434e+00
 1.68730159e+00 -1.47322835e+01 -5.51406641e+00  1.03783659e+01  9.09631623e+00
 1.68730159e+00 -1.45984252e+01 -5.38019318e+00  1.03783659e+01  9.09263265e+00
 1.68730159e+00 -1.44645669e+01 -5.24631398e+00  1.03783659e+01  9.08893931e+00
 1.68730159e+00 -1.43307087e+01 -5.11242772e+00  1.03783659e+01  9.08523119e+00
 1.68730159e+00 -1.41968504e+01 -4.97853160e+00  1.03783659e+01  9.08148811e+00
 1.68730159e+00 -1.40629921e+01 -4.84462131e+00  1.03783659e+01  9.07769770e+00
 1.68730159e+00 -1.39291339e+01 -4.71069193e+00  1.03783659e+01  9.07387826e+00
 1.68730159e+00 -1.37952756e+01 -4.57673718e+00  1.03783659e+01  9.07001844e+00
 1.68730159e+00 -1.36614173e+01 -4.44274805e+00  1.03783659e+01  9.06610860e+00
 1.68730159e+00 -1.35275591e+01 -4.30871106e+00  1.03783659e+01  9.06219193e+00
 1.68730159e+00 -1.33937008e+01 -4.17460939e+00  1.03783659e+01  9.05826421e+00
 1.68730159e+00 -1.32598425e+01 -4.04042026e+00  1.03783659e+01  9.05428350e+00
 1.68730159e+00 -1.31259843e+01 -3.90611100e+00  1.03783659e+01  9.05020911e+00
 1.68730159e+00 -1.29921260e+01 -3.77184833e+00  1.03782129e+01  9.04605641e+00
 1.68730159e+00 -1.28582677e+01 -3.63828438e+00  1.03774295e+01  9.04187821e+00
 1.68730159e+00 -1.27244094e+01 -3.50467412e+00  1.03766559e+01  9.03766678e+00
 1.68730159e+00 -1.25905512e+01 -3.37102480e+00  1.03758968e+01  9.03339375e+00
 1.68730159e+00 -1.24566929e+01 -3.23734254e+00  1.03751522e+01  9.02906596e+00
 1.68730159e+00 -1.23228346e+01 -3.10363375e+00  1.03744219e+01  9.02470687e+00
 1.68730159e+00 -1.21889764e+01 -2.96990273e+00  1.03737058e+01  9.02031391e+00
 1.68730159e+00 -1.20551181e+01 -2.83615258e+00  1.03730039e+01  9.01587511e+00
 1.68730159e+00 -1.19212598e+01 -2.70238641e+00  1.03723159e+01  9.01139181e+00
 1.68730159e+00 -1.17874016e+01 -2.56860730e+00  1.03716417e+01  9.00686475e+00
 1.68730159e+00 -1.16535433e+01 -2.43481746e+00  1.03709812e+01  9.00228013e+00
 1.68730159e+00 -1.15196850e+01 -2.30101775e+00  1.03703343e+01  8.99760723e+00
 1.68730159e+00 -1.13858268e+01 -2.16721004e+00  1.03697008e+01  8.99290105e+00
 1.68730159e+00 -1.12519685e+01 -2.03339610e+00  1.03690806e+01  8.98819618e+00
 1.68730159e+00 -1.11181102e+01 -1.89957620e+00  1.03684735e+01  8.98340730e+00
 1.68730159e+00 -1.09842520e+01 -1.76575098e+00  1.03678795e+01  8.97854835e+00
 1.68730159e+00 -1.08503937e+01 -1.63192146e+00  1.03672982e+01  8.97365980e+00
 1.68730159e+00 -1.07165354e+01 -1.49808882e+00  1.03667298e+01  8.96872358e+00
 1.68730159e+00 -1.05826772e+01 -1.36425296e+00  1.03661738e+01  8.96374242e+00
 1.68730159e+00 -1.04488189e+01 -1.23041394e+00  1.03656304e+01  8.95871002e+00
 1.68730159e+00 -1.03149606e+01 -1.09657303e+00  1.03650991e+01  8.95358767e+00
 1.68730159e+00 -1.01811024e+01 -9.62730255e-01  1.03645801e+01  8.94841326e+00
 1.68730159e+00 -1.00472441e+01 -8.28885299e-01  1.03640730e+01  8.94321065e+00
 1.68730159e+00 -9.91338583e+00 -6.95038500e-01  1.03635778e+01  8.93791569e+00
 1.68730159e+00 -9.77952756e+00 -5.61190611e-01  1.03630943e+01  8.93251621e+00
 1.68730159e+00 -9.64566929e+00 -4.27341871e-01  1.03626223e+01  8.92706175e+00
 1.68730159e+00 -9.51181102e+00 -2.93491551e-01  1.03621618e+01  8.92163263e+00
 1.68730159e+00 -9.37795276e+00 -1.59640312e-01  1.03617126e+01  8.91611713e+00
 1.68730159e+00 -9.24409449e+00 -2.57887270e-02  1.03612744e+01  8.91044699e+00
 1.68730159e+00 -9.11023622e+00  1.08063848e-01  1.03608473e+01  8.90475450e+00
 1.68730159e+00 -8.97637795e+00  2.41917509e-01  1.03604310e+01  8.89901354e+00
 1.68730159e+00 -8.84251969e+00  3.75771823e-01  1.03600254e+01  8.89316903e+00
 1.68730159e+00 -8.70866142e+00  5.09626177e-01  1.03596304e+01  8.88724359e+00
 1.68730159e+00 -8.57480315e+00  6.43481272e-01  1.03592458e+01  8.88123735e+00
 1.68730159e+00 -8.44094488e+00  7.77337234e-01  1.03588715e+01  8.87514840e+00
 1.68730159e+00 -8.30708661e+00  9.11192753e-01  1.03585073e+01  8.86898794e+00
 1.68730159e+00 -8.17322835e+00  1.04504895e+00  1.03581531e+01  8.86274177e+00
 1.68730159e+00 -8.03937008e+00  1.17890637e+00  1.03578087e+01  8.85640781e+00
 1.68730159e+00 -7.90551181e+00  1.31276343e+00  1.03574740e+01  8.85000709e+00
 1.68730159e+00 -7.77165354e+00  1.44662096e+00  1.03571490e+01  8.84348390e+00
 1.68730159e+00 -7.63779528e+00  1.58047961e+00  1.03568333e+01  8.83682340e+00
 1.68730159e+00 -7.50393701e+00  1.71433838e+00  1.03565270e+01  8.83010275e+00
 1.68730159e+00 -7.37007874e+00  1.84819728e+00  1.03562297e+01  8.82330539e+00
 1.68730159e+00 -7.23622047e+00  1.98205652e+00  1.03559415e+01  8.81639605e+00
 1.68730159e+00 -7.10236220e+00  2.11591599e+00  1.03556622e+01  8.80937029e+00
 1.68730159e+00 -6.96850394e+00  2.24977562e+00  1.03553915e+01  8.80223031e+00
 1.68730159e+00 -6.83464567e+00  2.38363574e+00  1.03551295e+01  8.79497043e+00
 1.68730159e+00 -6.70078740e+00  2.51749702e+00  1.03548759e+01  8.78757820e+00
 1.68730159e+00 -6.56692913e+00  2.65135890e+00  1.03546306e+01  8.78007753e+00
 1.68730159e+00 -6.43307087e+00  2.78522096e+00  1.03543935e+01  8.77244863e+00
 1.68730159e+00 -6.29921260e+00  2.91908350e+00  1.03541643e+01  8.76462105e+00
 1.68730159e+00 -6.16535433e+00  3.05294656e+00  1.03539431e+01  8.75666894e+00
 1.68730159e+00 -6.03149606e+00  3.18681008e+00  1.03537296e+01  8.74863206e+00
 1.68730159e+00 -5.89763780e+00  3.32067418e+00  1.03535238e+01  8.74044104e+00
 1.68730159e+00 -5.76377953e+00  3.45453957e+00  1.03533253e+01  8.73204969e+00
 1.68730159e+00 -5.62992126e+00  3.58840644e+00  1.03531342e+01  8.72349256e+00
 1.68730159e+00 -5.49606299e+00  3.72227413e+00  1.03529503e+01  8.71484719e+00
 1.68730159e+00 -5.36220472e+00  3.85614262e+00  1.03527735e+01  8.70595989e+00
 1.68730159e+00 -5.22834646e+00  3.99001237e+00  1.03526036e+01  8.69681122e+00
 1.68730159e+00 -5.09448819e+00  4.12388392e+00  1.03524403e+01  8.68758272e+00
 1.68730159e+00 -4.96062992e+00  4.25775659e+00  1.03522840e+01  8.67817100e+00
 1.68730159e+00 -4.82677165e+00  4.39163193e+00  1.03521337e+01  8.66848828e+00
 1.68730159e+00 -4.69291339e+00  4.52551809e+00  1.03519881e+01  8.65857351e+00
 1.68730159e+00 -4.55905512e+00  4.65944280e+00  1.03518508e+01  8.64844688e+00
 1.68730159e+00 -4.42519685e+00  4.79350970e+00  1.03517193e+01  8.63809167e+00
 1.68730159e+00 -4.29133858e+00  4.92803698e+00  1.03515832e+01  8.62746295e+00
 1.68730159e+00 -4.15748031e+00  5.06398859e+00  1.03514330e+01  8.61653233e+00
 1.68730159e+00 -4.02362205e+00  5.20283796e+00  1.03511958e+01  8.60512061e+00
 1.68730159e+00 -3.88976378e+00  5.34858078e+00  1.03507455e+01  8.59291198e+00
 1.68730159e+00 -3.75590551e+00  5.51434296e+00  1.03499361e+01  8.57946481e+00
 1.68730159e+00 -3.62204724e+00  5.68649285e+00  1.03478083e+01  8.56221193e+00
 1.68730159e+00 -3.48818898e+00  5.85864273e+00  1.03456805e+01  8.54495905e+00
 1.68730159e+00 -3.35433071e+00  6.03079262e+00  1.03435527e+01  8.52770617e+00
 1.68730159e+00 -3.22047244e+00  6.20294251e+00  1.03414249e+01  8.51045329e+00
 1.68730159e+00 -3.08661417e+00  6.37509240e+00  1.03392971e+01  8.49320041e+00
 1.68730159e+00 -2.95275591e+00  6.54724227e+00  1.03371693e+01  8.47594753e+00
 1.68730159e+00 -2.81889764e+00  6.71939216e+00  1.03350415e+01  8.45869465e+00
 1.68730159e+00 -2.68503937e+00  6.89154205e+00  1.03329137e+01  8.44144177e+00
 1.68730159e+00 -2.55118110e+00  7.06369194e+00  1.03307859e+01  8.42418889e+00
 1.68730159e+00 -2.41732283e+00  7.23584183e+00  1.03286581e+01  8.40693601e+00
 1.68730159e+00 -2.28346457e+00  7.40799171e+00  1.03265303e+01  8.38968313e+00
 1.68730159e+00 -2.14960630e+00  7.58014160e+00  1.03244025e+01  8.37243025e+00
 1.68730159e+00 -2.01574803e+00  7.75229149e+00  1.03222747e+01  8.35517737e+00
 1.68730159e+00 -1.88188976e+00  7.92444138e+00  1.03201469e+01  8.33792449e+00
 1.68730159e+00 -1.74803150e+00  8.09659126e+00  1.03180191e+01  8.32067162e+00
 1.68730159e+00 -1.61417323e+00  8.26874115e+00  1.03158913e+01  8.30341874e+00
 1.68730159e+00 -1.48031496e+00  8.44089104e+00  1.03137635e+01  8.28616586e+00
 1.68730159e+00 -1.34645669e+00  8.61304093e+00  1.03116357e+01  8.26891298e+00
 1.68730159e+00 -1.21259843e+00  8.78519081e+00  1.03095079e+01  8.25166010e+00
 1.68730159e+00 -1.07874016e+00  8.95734070e+00  1.03073801e+01  8.23440722e+00
 1.68730159e+00 -9.44881890e-01  9.12949059e+00  1.03052523e+01  8.21715434e+00
 1.68730159e+00 -8.11023622e-01  9.30164047e+00  1.03031245e+01  8.19990146e+00
 1.68730159e+00 -6.77165354e-01  9.47379036e+00  1.03009967e+01  8.18264858e+00
 1.68730159e+00 -5.43307087e-01  9.64594025e+00  1.02988689e+01  8.16539570e+00
 1.68730159e+00 -4.09448819e-01  9.81809013e+00  1.02967411e+01  8.14814282e+00
 1.68730159e+00 -2.75590551e-01  9.99024002e+00  1.02946133e+01  8.13088994e+00
 1.68730159e+00 -1.41732283e-01  1.01623899e+01  1.02924855e+01  8.11363706e+00
 1.68730159e+00 -7.87401575e-03  1.03345398e+01  1.02903577e+01  8.09638418e+00
 1.68730159e+00  1.25984252e-01  1.05066897e+01  1.02882299e+01  8.07913130e+00
 1.68730159e+00  2.59842520e-01  1.06788396e+01  1.02861021e+01  8.06187842e+00
 1.68730159e+00  3.93700787e-01  1.08509895e+01  1.02839743e+01  8.04462554e+00
 1.68730159e+00  5.27559055e-01  1.10231393e+01  1.02818465e+01  8.02737266e+00
 1.68730159e+00  6.61417323e-01  1.11952892e+01  1.02797187e+01  8.01011978e+00
 1.68730159e+00  7.95275591e-01  1.13674391e+01  1.02775909e+01  7.99286690e+00
 1.68730159e+00  9.29133858e-01  1.15395890e+01  1.02754631e+01  7.97561402e+00
 1.68730159e+00  1.06299213e+00  1.17117389e+01  1.02733353e+01  7.95836114e+00
 1.68730159e+00  1.19685039e+00  1.18838888e+01  1.02712075e+01  7.94110826e+00
 1.68730159e+00  1.33070866e+00  1.20560387e+01  1.02690797e+01  7.92385538e+00
 1.68730159e+00  1.46456693e+00  1.22281886e+01  1.02669519e+01  7.90660250e+00
 1.68730159e+00  1.59842520e+00  1.24003384e+01  1.02648241e+01  7.88934962e+00
 1.68730159e+00  1.73228346e+00  1.25724883e+01  1.02626963e+01  7.87209674e+00
 1.68730159e+00  1.86614173e+00  1.27446382e+01  1.02605685e+01  7.85484386e+00
 1.68730159e+00  2.00000000e+00  1.29167881e+01  1.02584407e+01  7.83759098e+00
 1.76571429e+00 -1.50000000e+01 -5.70338758e+00  1.03975248e+01  9.11038656e+00
 1.76571429e+00 -1.48661417e+01 -5.56951839e+00  1.03975248e+01  9.10685320e+00
 1.76571429e+00 -1.47322835e+01 -5.43564512e+00  1.03975248e+01  9.10332012e+00
 1.76571429e+00 -1.45984252e+01 -5.30176662e+00  1.03975248e+01  9.09969764e+00
 1.76571429e+00 -1.44645669e+01 -5.16788080e+00  1.03975248e+01  9.09602660e+00
 1.76571429e+00 -1.43307087e+01 -5.03398485e+00  1.03975248e+01  9.09237381e+00
 1.76571429e+00 -1.41968504e+01 -4.90007538e+00  1.03975248e+01  9.08870810e+00
 1.76571429e+00 -1.40629921e+01 -4.76614756e+00  1.03975248e+01  9.08502406e+00
 1.76571429e+00 -1.39291339e+01 -4.63219461e+00  1.03975248e+01  9.08130299e+00
 1.76571429e+00 -1.37952756e+01 -4.49820726e+00  1.03975248e+01  9.07747815e+00
 1.76571429e+00 -1.36614173e+01 -4.36417330e+00  1.03975248e+01  9.07360932e+00
 1.76571429e+00 -1.35275591e+01 -4.23007594e+00  1.03975248e+01  9.06975929e+00
 1.76571429e+00 -1.33937008e+01 -4.09589189e+00  1.03975248e+01  9.06587522e+00
 1.76571429e+00 -1.32598425e+01 -3.96158980e+00  1.03975248e+01  9.06191724e+00
 1.76571429e+00 -1.31259843e+01 -3.82712691e+00  1.03975248e+01  9.05790328e+00
 1.76571429e+00 -1.29921260e+01 -3.69340302e+00  1.03969273e+01  9.05386808e+00
 1.76571429e+00 -1.28582677e+01 -3.55985087e+00  1.03961628e+01  9.04981002e+00
 1.76571429e+00 -1.27244094e+01 -3.42624877e+00  1.03954125e+01  9.04566448e+00
 1.76571429e+00 -1.25905512e+01 -3.29260577e+00  1.03946764e+01  9.04155958e+00
 1.76571429e+00 -1.24566929e+01 -3.15892881e+00  1.03939545e+01  9.03740277e+00
 1.76571429e+00 -1.23228346e+01 -3.02522360e+00  1.03932466e+01  9.03310529e+00
 1.76571429e+00 -1.21889764e+01 -2.89149509e+00  1.03925526e+01  9.02875451e+00
 1.76571429e+00 -1.20551181e+01 -2.75774724e+00  1.03918724e+01  9.02439834e+00
 1.76571429e+00 -1.19212598e+01 -2.62398313e+00  1.03912058e+01  9.02003284e+00
 1.76571429e+00 -1.17874016e+01 -2.49020525e+00  1.03905528e+01  9.01561613e+00
 1.76571429e+00 -1.16535433e+01 -2.35641595e+00  1.03899132e+01  9.01114684e+00
 1.76571429e+00 -1.15196850e+01 -2.22261712e+00  1.03892867e+01  9.00662233e+00
 1.76571429e+00 -1.13858268e+01 -2.08880998e+00  1.03886735e+01  9.00201878e+00
 1.76571429e+00 -1.12519685e+01 -1.95499588e+00  1.03880732e+01  8.99738102e+00
 1.76571429e+00 -1.11181102e+01 -1.82117601e+00  1.03874857e+01  8.99272362e+00
 1.76571429e+00 -1.09842520e+01 -1.68735121e+00  1.03869109e+01  8.98798395e+00
 1.76571429e+00 -1.08503937e+01 -1.55352201e+00  1.03863487e+01  8.98318780e+00
 1.76571429e+00 -1.07165354e+01 -1.41968903e+00  1.03857989e+01  8.97835380e+00
 1.76571429e+00 -1.05826772e+01 -1.28585304e+00  1.03852613e+01  8.97345039e+00
 1.76571429e+00 -1.04488189e+01 -1.15201429e+00  1.03847358e+01  8.96855105e+00
 1.76571429e+00 -1.03149606e+01 -1.01817302e+00  1.03842224e+01  8.96363337e+00
 1.76571429e+00 -1.01811024e+01 -8.84329772e-01  1.03837207e+01  8.95852525e+00
 1.76571429e+00 -1.00472441e+01 -7.50484848e-01  1.03832308e+01  8.95335226e+00
 1.76571429e+00 -9.91338583e+00 -6.16638355e-01  1.03827525e+01  8.94819106e+00
 1.76571429e+00 -9.77952756e+00 -4.82790331e-01  1.03822855e+01  8.94291773e+00
 1.76571429e+00 -9.64566929e+00 -3.48941156e-01  1.03818298e+01  8.93758908e+00
 1.76571429e+00 -9.51181102e+00 -2.15091026e-01  1.03813852e+01  8.93223834e+00
 1.76571429e+00 -9.37795276e+00 -8.12397881e-02  1.03809516e+01  8.92678987e+00
 1.76571429e+00 -9.24409449e+00  5.26123233e-02  1.03805288e+01  8.92128048e+00
 1.76571429e+00 -9.11023622e+00  1.86465068e-01  1.03801169e+01  8.91572942e+00
 1.76571429e+00 -8.97637795e+00  3.20318421e-01  1.03797153e+01  8.91008977e+00
 1.76571429e+00 -8.84251969e+00  4.54172509e-01  1.03793243e+01  8.90438397e+00
 1.76571429e+00 -8.70866142e+00  5.88027237e-01  1.03789435e+01  8.89862550e+00
 1.76571429e+00 -8.57480315e+00  7.21882295e-01  1.03785728e+01  8.89278853e+00
 1.76571429e+00 -8.44094488e+00  8.55737977e-01  1.03782121e+01  8.88686971e+00
 1.76571429e+00 -8.30708661e+00  9.89594266e-01  1.03778613e+01  8.88086096e+00
 1.76571429e+00 -8.17322835e+00  1.12345067e+00  1.03775202e+01  8.87474163e+00
 1.76571429e+00 -8.03937008e+00  1.25730752e+00  1.03771887e+01  8.86851030e+00
 1.76571429e+00 -7.90551181e+00  1.39116493e+00  1.03768666e+01  8.86220450e+00
 1.76571429e+00 -7.77165354e+00  1.52502247e+00  1.03765538e+01  8.85587299e+00
 1.76571429e+00 -7.63779528e+00  1.65888032e+00  1.03762502e+01  8.84943178e+00
 1.76571429e+00 -7.50393701e+00  1.79273865e+00  1.03759556e+01  8.84287331e+00
 1.76571429e+00 -7.37007874e+00  1.92659736e+00  1.03756699e+01  8.83628675e+00
 1.76571429e+00 -7.23622047e+00  2.06045646e+00  1.03753929e+01  8.82957561e+00
 1.76571429e+00 -7.10236220e+00  2.19431601e+00  1.03751245e+01  8.82269943e+00
 1.76571429e+00 -6.96850394e+00  2.32817598e+00  1.03748646e+01  8.81573619e+00
 1.76571429e+00 -6.83464567e+00  2.46203621e+00  1.03746129e+01  8.80871909e+00
 1.76571429e+00 -6.70078740e+00  2.59589670e+00  1.03743696e+01  8.80157731e+00
 1.76571429e+00 -6.56692913e+00  2.72975774e+00  1.03741342e+01  8.79421040e+00
 1.76571429e+00 -6.43307087e+00  2.86361933e+00  1.03739067e+01  8.78680644e+00
 1.76571429e+00 -6.29921260e+00  2.99748146e+00  1.03736871e+01  8.77935163e+00
 1.76571429e+00 -6.16535433e+00  3.13134422e+00  1.03734751e+01  8.77162289e+00
 1.76571429e+00 -6.03149606e+00  3.26520768e+00  1.03732705e+01  8.76377261e+00
 1.76571429e+00 -5.89763780e+00  3.39907181e+00  1.03730734e+01  8.75584548e+00
 1.76571429e+00 -5.76377953e+00  3.53293650e+00  1.03728835e+01  8.74772111e+00
 1.76571429e+00 -5.62992126e+00  3.66680199e+00  1.03727006e+01  8.73948524e+00
 1.76571429e+00 -5.49606299e+00  3.80066864e+00  1.03725247e+01  8.73111557e+00
 1.76571429e+00 -5.36220472e+00  3.93453660e+00  1.03723557e+01  8.72249142e+00
 1.76571429e+00 -5.22834646e+00  4.06840490e+00  1.03721933e+01  8.71374030e+00
 1.76571429e+00 -5.09448819e+00  4.20227578e+00  1.03720375e+01  8.70488209e+00
 1.76571429e+00 -4.96062992e+00  4.33615029e+00  1.03718881e+01  8.69580120e+00
 1.76571429e+00 -4.82677165e+00  4.47001436e+00  1.03717450e+01  8.68649596e+00
 1.76571429e+00 -4.69291339e+00  4.60389819e+00  1.03716088e+01  8.67699575e+00
 1.76571429e+00 -4.55905512e+00  4.73784885e+00  1.03714791e+01  8.66730763e+00
 1.76571429e+00 -4.42519685e+00  4.87183476e+00  1.03713473e+01  8.65735550e+00
 1.76571429e+00 -4.29133858e+00  5.00629484e+00  1.03712119e+01  8.64715607e+00
 1.76571429e+00 -4.15748031e+00  5.14195670e+00  1.03710618e+01  8.63674105e+00
 1.76571429e+00 -4.02362205e+00  5.27928227e+00  1.03708267e+01  8.62585733e+00
 1.76571429e+00 -3.88976378e+00  5.42512560e+00  1.03704599e+01  8.61442474e+00
 1.76571429e+00 -3.75590551e+00  5.58323756e+00  1.03696130e+01  8.60173249e+00
 1.76571429e+00 -3.62204724e+00  5.74781247e+00  1.03676516e+01  8.58632813e+00
 1.76571429e+00 -3.48818898e+00  5.91238737e+00  1.03656902e+01  8.57092377e+00
 1.76571429e+00 -3.35433071e+00  6.07696228e+00  1.03637288e+01  8.55551941e+00
 1.76571429e+00 -3.22047244e+00  6.24153719e+00  1.03617674e+01  8.54011505e+00
 1.76571429e+00 -3.08661417e+00  6.40611210e+00  1.03598060e+01  8.52471069e+00
 1.76571429e+00 -2.95275591e+00  6.57068700e+00  1.03578446e+01  8.50930633e+00
 1.76571429e+00 -2.81889764e+00  6.73526191e+00  1.03558832e+01  8.49390197e+00
 1.76571429e+00 -2.68503937e+00  6.89983682e+00  1.03539218e+01  8.47849761e+00
 1.76571429e+00 -2.55118110e+00  7.06441173e+00  1.03519604e+01  8.46309325e+00
 1.76571429e+00 -2.41732283e+00  7.22898664e+00  1.03499990e+01  8.44768889e+00
 1.76571429e+00 -2.28346457e+00  7.39356153e+00  1.03480376e+01  8.43228453e+00
 1.76571429e+00 -2.14960630e+00  7.55813644e+00  1.03460762e+01  8.41688017e+00
 1.76571429e+00 -2.01574803e+00  7.72271135e+00  1.03441148e+01  8.40147581e+00
 1.76571429e+00 -1.88188976e+00  7.88728626e+00  1.03421534e+01  8.38607145e+00
 1.76571429e+00 -1.74803150e+00  8.05186116e+00  1.03401920e+01  8.37066709e+00
 1.76571429e+00 -1.61417323e+00  8.21643607e+00  1.03382306e+01  8.35526273e+00
 1.76571429e+00 -1.48031496e+00  8.38101098e+00  1.03362692e+01  8.33985837e+00
 1.76571429e+00 -1.34645669e+00  8.54558589e+00  1.03343078e+01  8.32445401e+00
 1.76571429e+00 -1.21259843e+00  8.71016079e+00  1.03323464e+01  8.30904966e+00
 1.76571429e+00 -1.07874016e+00  8.87473570e+00  1.03303850e+01  8.29364530e+00
 1.76571429e+00 -9.44881890e-01  9.03931061e+00  1.03284236e+01  8.27824094e+00
 1.76571429e+00 -8.11023622e-01  9.20388552e+00  1.03264622e+01  8.26283658e+00
 1.76571429e+00 -6.77165354e-01  9.36846042e+00  1.03245008e+01  8.24743222e+00
 1.76571429e+00 -5.43307087e-01  9.53303533e+00  1.03225394e+01  8.23202786e+00
 1.76571429e+00 -4.09448819e-01  9.69761024e+00  1.03205780e+01  8.21662350e+00
 1.76571429e+00 -2.75590551e-01  9.86218515e+00  1.03186166e+01  8.20121914e+00
 1.76571429e+00 -1.41732283e-01  1.00267601e+01  1.03166552e+01  8.18581478e+00
 1.76571429e+00 -7.87401575e-03  1.01913350e+01  1.03146938e+01  8.17041042e+00
 1.76571429e+00  1.25984252e-01  1.03559099e+01  1.03127324e+01  8.15500606e+00
 1.76571429e+00  2.59842520e-01  1.05204848e+01  1.03107710e+01  8.13960170e+00
 1.76571429e+00  3.93700787e-01  1.06850597e+01  1.03088096e+01  8.12419734e+00
 1.76571429e+00  5.27559055e-01  1.08496346e+01  1.03068482e+01  8.10879298e+00
 1.76571429e+00  6.61417323e-01  1.10142095e+01  1.03048868e+01  8.09338862e+00
 1.76571429e+00  7.95275591e-01  1.11787844e+01  1.03029254e+01  8.07798426e+00
 1.76571429e+00  9.29133858e-01  1.13433593e+01  1.03009640e+01  8.06257990e+00
 1.76571429e+00  1.06299213e+00  1.15079342e+01  1.02990026e+01  8.04717554e+00
 1.76571429e+00  1.19685039e+00  1.16725091e+01  1.02970412e+01  8.03177118e+00
 1.76571429e+00  1.33070866e+00  1.18370840e+01  1.02950798e+01  8.01636682e+00
 1.76571429e+00  1.46456693e+00  1.20016589e+01  1.02931184e+01  8.00096246e+00
 1.76571429e+00  1.59842520e+00  1.21662338e+01  1.02911570e+01  7.98555810e+00
 1.76571429e+00  1.73228346e+00  1.23308087e+01  1.02891956e+01  7.97015374e+00
 1.76571429e+00  1.86614173e+00  1.24953837e+01  1.02872342e+01  7.95474938e+00
 1.76571429e+00  2.00000000e+00  1.26599586e+01  1.02852728e+01  7.93934502e+00
 1.84412698e+00 -1.50000000e+01 -5.62494183e+00  1.04178447e+01  9.11657197e+00
 1.84412698e+00 -1.48661417e+01 -5.49106882e+00  1.04178447e+01  9.11306839e+00
 1.84412698e+00 -1.47322835e+01 -5.35719045e+00  1.04178447e+01  9.10953217e+00
 1.84412698e+00 -1.45984252e+01 -5.22330479e+00  1.04178447e+01  9.10598856e+00
 1.84412698e+00 -1.44645669e+01 -5.08940929e+00  1.04178447e+01  9.10238524e+00
 1.84412698e+00 -1.43307087e+01 -4.95550035e+00  1.04178447e+01  9.09881594e+00
 1.84412698e+00 -1.41968504e+01 -4.82157306e+00  1.04178447e+01  9.09527559e+00
 1.84412698e+00 -1.40629921e+01 -4.68762082e+00  1.04178447e+01  9.09155569e+00
 1.84412698e+00 -1.39291339e+01 -4.55363466e+00  1.04178447e+01  9.08776440e+00
 1.84412698e+00 -1.37952756e+01 -4.41960230e+00  1.04178447e+01  9.08403089e+00
 1.84412698e+00 -1.36614173e+01 -4.28550692e+00  1.04178447e+01  9.08030690e+00
 1.84412698e+00 -1.35275591e+01 -4.15132576e+00  1.04178447e+01  9.07650510e+00
 1.84412698e+00 -1.33937008e+01 -4.01702769e+00  1.04178447e+01  9.07263457e+00
 1.84412698e+00 -1.32598425e+01 -3.88257010e+00  1.04178447e+01  9.06881525e+00
 1.84412698e+00 -1.31259843e+01 -3.74840148e+00  1.04175770e+01  9.06492334e+00
 1.84412698e+00 -1.29921260e+01 -3.61492302e+00  1.04168217e+01  9.06092874e+00
 1.84412698e+00 -1.28582677e+01 -3.48138343e+00  1.04160806e+01  9.05690834e+00
 1.84412698e+00 -1.27244094e+01 -3.34779078e+00  1.04153535e+01  9.05292365e+00
 1.84412698e+00 -1.25905512e+01 -3.21415495e+00  1.04146403e+01  9.04891653e+00
 1.84412698e+00 -1.24566929e+01 -3.08048358e+00  1.04139410e+01  9.04474568e+00
 1.84412698e+00 -1.23228346e+01 -2.94678281e+00  1.04132554e+01  9.04053712e+00
 1.84412698e+00 -1.21889764e+01 -2.81305764e+00  1.04125833e+01  9.03636000e+00
 1.84412698e+00 -1.20551181e+01 -2.67931220e+00  1.04119248e+01  9.03210638e+00
 1.84412698e+00 -1.19212598e+01 -2.54554992e+00  1.04112795e+01  9.02777644e+00
 1.84412698e+00 -1.17874016e+01 -2.41177357e+00  1.04106475e+01  9.02341909e+00
 1.84412698e+00 -1.16535433e+01 -2.27798534e+00  1.04100286e+01  9.01906882e+00
 1.84412698e+00 -1.15196850e+01 -2.14418718e+00  1.04094225e+01  9.01463480e+00
 1.84412698e+00 -1.13858268e+01 -2.01038068e+00  1.04088293e+01  9.01011434e+00
 1.84412698e+00 -1.12519685e+01 -1.87656706e+00  1.04082488e+01  9.00562321e+00
 1.84412698e+00 -1.11181102e+01 -1.74274739e+00  1.04076808e+01  9.00107152e+00
 1.84412698e+00 -1.09842520e+01 -1.60892261e+00  1.04071252e+01  8.99641026e+00
 1.84412698e+00 -1.08503937e+01 -1.47509351e+00  1.04065818e+01  8.99170900e+00
 1.84412698e+00 -1.07165354e+01 -1.34126064e+00  1.04060506e+01  8.98697595e+00
 1.84412698e+00 -1.05826772e+01 -1.20742454e+00  1.04055310e+01  8.98218605e+00
 1.84412698e+00 -1.04488189e+01 -1.07358572e+00  1.04050234e+01  8.97731518e+00
 1.84412698e+00 -1.03149606e+01 -9.39744520e-01  1.04045275e+01  8.97240793e+00
 1.84412698e+00 -1.01811024e+01 -8.05901210e-01  1.04040431e+01  8.96746796e+00
 1.84412698e+00 -1.00472441e+01 -6.72056083e-01  1.04035701e+01  8.96244552e+00
 1.84412698e+00 -9.91338583e+00 -5.38209422e-01  1.04031084e+01  8.95736502e+00
 1.84412698e+00 -9.77952756e+00 -4.04361409e-01  1.04026579e+01  8.95224880e+00
 1.84412698e+00 -9.64566929e+00 -2.70512140e-01  1.04022182e+01  8.94708192e+00
 1.84412698e+00 -9.51181102e+00 -1.36661827e-01  1.04017894e+01  8.94180637e+00
 1.84412698e+00 -9.37795276e+00 -2.81061113e-03  1.04013712e+01  8.93642937e+00
 1.84412698e+00 -9.24409449e+00  1.31041471e-01  1.04009637e+01  8.93101899e+00
 1.84412698e+00 -9.11023622e+00  2.64894335e-01  1.04005665e+01  8.92555454e+00
 1.84412698e+00 -8.97637795e+00  3.98747862e-01  1.04001796e+01  8.92004445e+00
 1.84412698e+00 -8.84251969e+00  5.32601948e-01  1.03998029e+01  8.91451721e+00
 1.84412698e+00 -8.70866142e+00  6.66456622e-01  1.03994361e+01  8.90886124e+00
 1.84412698e+00 -8.57480315e+00  8.00311814e-01  1.03990792e+01  8.90310098e+00
 1.84412698e+00 -8.44094488e+00  9.34167386e-01  1.03987320e+01  8.89735976e+00
 1.84412698e+00 -8.30708661e+00  1.06802344e+00  1.03983945e+01  8.89147330e+00
 1.84412698e+00 -8.17322835e+00  1.20187995e+00  1.03980664e+01  8.88544931e+00
 1.84412698e+00 -8.03937008e+00  1.33573677e+00  1.03977475e+01  8.87945185e+00
 1.84412698e+00 -7.90551181e+00  1.46959398e+00  1.03974378e+01  8.87333368e+00
 1.84412698e+00 -7.77165354e+00  1.60345160e+00  1.03971371e+01  8.86705951e+00
 1.84412698e+00 -7.63779528e+00  1.73730953e+00  1.03968453e+01  8.86074158e+00
 1.84412698e+00 -7.50393701e+00  1.87116779e+00  1.03965623e+01  8.85437404e+00
 1.84412698e+00 -7.37007874e+00  2.00502637e+00  1.03962879e+01  8.84790957e+00
 1.84412698e+00 -7.23622047e+00  2.13888529e+00  1.03960220e+01  8.84131011e+00
 1.84412698e+00 -7.10236220e+00  2.27274452e+00  1.03957643e+01  8.83461034e+00
 1.84412698e+00 -6.96850394e+00  2.40660414e+00  1.03955149e+01  8.82783552e+00
 1.84412698e+00 -6.83464567e+00  2.54046419e+00  1.03952736e+01  8.82097618e+00
 1.84412698e+00 -6.70078740e+00  2.67432464e+00  1.03950403e+01  8.81398549e+00
 1.84412698e+00 -6.56692913e+00  2.80818548e+00  1.03948147e+01  8.80686916e+00
 1.84412698e+00 -6.43307087e+00  2.94204677e+00  1.03945967e+01  8.79966717e+00
 1.84412698e+00 -6.29921260e+00  3.07590853e+00  1.03943863e+01  8.79235961e+00
 1.84412698e+00 -6.16535433e+00  3.20977081e+00  1.03941833e+01  8.78491909e+00
 1.84412698e+00 -6.03149606e+00  3.34363365e+00  1.03939876e+01  8.77732874e+00
 1.84412698e+00 -5.89763780e+00  3.47749721e+00  1.03937990e+01  8.76959258e+00
 1.84412698e+00 -5.76377953e+00  3.61136151e+00  1.03936174e+01  8.76174097e+00
 1.84412698e+00 -5.62992126e+00  3.74522657e+00  1.03934426e+01  8.75377336e+00
 1.84412698e+00 -5.49606299e+00  3.87909256e+00  1.03932746e+01  8.74555144e+00
 1.84412698e+00 -5.36220472e+00  4.01295944e+00  1.03931132e+01  8.73712655e+00
 1.84412698e+00 -5.22834646e+00  4.14682738e+00  1.03929581e+01  8.72865084e+00
 1.84412698e+00 -5.09448819e+00  4.28069749e+00  1.03928096e+01  8.72006851e+00
 1.84412698e+00 -4.96062992e+00  4.41456746e+00  1.03926670e+01  8.71131679e+00
 1.84412698e+00 -4.82677165e+00  4.54843797e+00  1.03925303e+01  8.70236325e+00
 1.84412698e+00 -4.69291339e+00  4.68232488e+00  1.03924002e+01  8.69319283e+00
 1.84412698e+00 -4.55905512e+00  4.81622297e+00  1.03922750e+01  8.68382534e+00
 1.84412698e+00 -4.42519685e+00  4.95023932e+00  1.03921527e+01  8.67428099e+00
 1.84412698e+00 -4.29133858e+00  5.08479290e+00  1.03920358e+01  8.66451131e+00
 1.84412698e+00 -4.15748031e+00  5.21962221e+00  1.03918884e+01  8.65442793e+00
 1.84412698e+00 -4.02362205e+00  5.35651913e+00  1.03916709e+01  8.64399301e+00
 1.84412698e+00 -3.88976378e+00  5.50337264e+00  1.03913480e+01  8.63320504e+00
 1.84412698e+00 -3.75590551e+00  5.64705961e+00  1.03904173e+01  8.62103775e+00
 1.84412698e+00 -3.62204724e+00  5.79074658e+00  1.03894866e+01  8.60887046e+00
 1.84412698e+00 -3.48818898e+00  5.93443354e+00  1.03885559e+01  8.59670317e+00
 1.84412698e+00 -3.35433071e+00  6.07812051e+00  1.03876252e+01  8.58453588e+00
 1.84412698e+00 -3.22047244e+00  6.22180748e+00  1.03866945e+01  8.57236859e+00
 1.84412698e+00 -3.08661417e+00  6.36549445e+00  1.03857638e+01  8.56020130e+00
 1.84412698e+00 -2.95275591e+00  6.50918141e+00  1.03848331e+01  8.54803401e+00
 1.84412698e+00 -2.81889764e+00  6.65286838e+00  1.03839024e+01  8.53586672e+00
 1.84412698e+00 -2.68503937e+00  6.79655535e+00  1.03829717e+01  8.52369943e+00
 1.84412698e+00 -2.55118110e+00  6.94024232e+00  1.03820410e+01  8.51153214e+00
 1.84412698e+00 -2.41732283e+00  7.08392929e+00  1.03811103e+01  8.49936485e+00
 1.84412698e+00 -2.28346457e+00  7.22761625e+00  1.03801796e+01  8.48719756e+00
 1.84412698e+00 -2.14960630e+00  7.37130322e+00  1.03792489e+01  8.47503027e+00
 1.84412698e+00 -2.01574803e+00  7.51499019e+00  1.03783182e+01  8.46286298e+00
 1.84412698e+00 -1.88188976e+00  7.65867716e+00  1.03773875e+01  8.45069569e+00
 1.84412698e+00 -1.74803150e+00  7.80236412e+00  1.03764568e+01  8.43852840e+00
 1.84412698e+00 -1.61417323e+00  7.94605109e+00  1.03755261e+01  8.42636111e+00
 1.84412698e+00 -1.48031496e+00  8.08973806e+00  1.03745954e+01  8.41419382e+00
 1.84412698e+00 -1.34645669e+00  8.23342503e+00  1.03736647e+01  8.40202653e+00
 1.84412698e+00 -1.21259843e+00  8.37711199e+00  1.03727340e+01  8.38985924e+00
 1.84412698e+00 -1.07874016e+00  8.52079896e+00  1.03718033e+01  8.37769195e+00
 1.84412698e+00 -9.44881890e-01  8.66448593e+00  1.03708726e+01  8.36552466e+00
 1.84412698e+00 -8.11023622e-01  8.80817289e+00  1.03699419e+01  8.35335737e+00
 1.84412698e+00 -6.77165354e-01  8.95185986e+00  1.03690112e+01  8.34119008e+00
 1.84412698e+00 -5.43307087e-01  9.09554683e+00  1.03680805e+01  8.32902280e+00
 1.84412698e+00 -4.09448819e-01  9.23923380e+00  1.03671498e+01  8.31685551e+00
 1.84412698e+00 -2.75590551e-01  9.38292076e+00  1.03662191e+01  8.30468822e+00
 1.84412698e+00 -1.41732283e-01  9.52660773e+00  1.03652884e+01  8.29252093e+00
 1.84412698e+00 -7.87401575e-03  9.67029470e+00  1.03643577e+01  8.28035364e+00
 1.84412698e+00  1.25984252e-01  9.81398167e+00  1.03634270e+01  8.26818635e+00
 1.84412698e+00  2.59842520e-01  9.95766863e+00  1.03624963e+01  8.25601906e+00
 1.84412698e+00  3.93700787e-01  1.01013556e+01  1.03615656e+01  8.24385177e+00
 1.84412698e+00  5.27559055e-01  1.02450426e+01  1.03606349e+01  8.23168448e+00
 1.84412698e+00  6.61417323e-01  1.03887295e+01  1.03597042e+01  8.21951719e+00
 1.84412698e+00  7.95275591e-01  1.05324165e+01  1.03587735e+01  8.20734990e+00
 1.84412698e+00  9.29133858e-01  1.06761035e+01  1.03578428e+01  8.19518261e+00
 1.84412698e+00  1.06299213e+00  1.08197904e+01  1.03569121e+01  8.18301532e+00
 1.84412698e+00  1.19685039e+00  1.09634774e+01  1.03559814e+01  8.17084803e+00
 1.84412698e+00  1.33070866e+00  1.11071644e+01  1.03550507e+01  8.15868074e+00
 1.84412698e+00  1.46456693e+00  1.12508513e+01  1.03541200e+01  8.14651345e+00
 1.84412698e+00  1.59842520e+00  1.13945383e+01  1.03531893e+01  8.13434616e+00
 1.84412698e+00  1.73228346e+00  1.15382253e+01  1.03522586e+01  8.12217887e+00
 1.84412698e+00  1.86614173e+00  1.16819122e+01  1.03513279e+01  8.11001158e+00
 1.84412698e+00  2.00000000e+00  1.18255992e+01  1.03503972e+01  8.09784429e+00
 1.92253968e+00 -1.50000000e+01 -5.54660249e+00  1.04384782e+01  9.12267303e+00
 1.92253968e+00 -1.48661417e+01 -5.41272401e+00  1.04384782e+01  9.11918803e+00
 1.92253968e+00 -1.47322835e+01 -5.27883825e+00  1.04384782e+01  9.11571387e+00
 1.92253968e+00 -1.45984252e+01 -5.14494255e+00  1.04384782e+01  9.11220844e+00
 1.92253968e+00 -1.44645669e+01 -5.01103332e+00  1.04384782e+01  9.10866460e+00
 1.92253968e+00 -1.43307087e+01 -4.87710569e+00  1.04384782e+01  9.10513901e+00
 1.92253968e+00 -1.41968504e+01 -4.74315302e+00  1.04384782e+01  9.10156858e+00
 1.92253968e+00 -1.40629921e+01 -4.60916623e+00  1.04384782e+01  9.09792671e+00
 1.92253968e+00 -1.39291339e+01 -4.47513296e+00  1.04384782e+01  9.09426650e+00
 1.92253968e+00 -1.37952756e+01 -4.34103642e+00  1.04384782e+01  9.09057614e+00
 1.92253968e+00 -1.36614173e+01 -4.20685366e+00  1.04384782e+01  9.08684476e+00
 1.92253968e+00 -1.35275591e+01 -4.07255335e+00  1.04384782e+01  9.08308732e+00
 1.92253968e+00 -1.33937008e+01 -3.93809274e+00  1.04384782e+01  9.07931525e+00
 1.92253968e+00 -1.32598425e+01 -3.80341335e+00  1.04384782e+01  9.07550738e+00
 1.92253968e+00 -1.31259843e+01 -3.67000736e+00  1.04377904e+01  9.07165809e+00
 1.92253968e+00 -1.29921260e+01 -3.53654479e+00  1.04370571e+01  9.06775329e+00
 1.92253968e+00 -1.28582677e+01 -3.40301945e+00  1.04363372e+01  9.06382886e+00
 1.92253968e+00 -1.27244094e+01 -3.26943761e+00  1.04356311e+01  9.05990216e+00
 1.92253968e+00 -1.25905512e+01 -3.13581029e+00  1.04349385e+01  9.05589036e+00
 1.92253968e+00 -1.24566929e+01 -3.00214542e+00  1.04342596e+01  9.05180240e+00
 1.92253968e+00 -1.23228346e+01 -2.86844967e+00  1.04335940e+01  9.04773358e+00
 1.92253968e+00 -1.21889764e+01 -2.73472840e+00  1.04329417e+01  9.04362024e+00
 1.92253968e+00 -1.20551181e+01 -2.60098597e+00  1.04323026e+01  9.03943360e+00
 1.92253968e+00 -1.19212598e+01 -2.46722595e+00  1.04316766e+01  9.03521362e+00
 1.92253968e+00 -1.17874016e+01 -2.33345129e+00  1.04310636e+01  9.03095263e+00
 1.92253968e+00 -1.16535433e+01 -2.19966438e+00  1.04304633e+01  9.02665100e+00
 1.92253968e+00 -1.15196850e+01 -2.06586717e+00  1.04298757e+01  9.02231270e+00
 1.92253968e+00 -1.13858268e+01 -1.93206133e+00  1.04293006e+01  9.01787580e+00
 1.92253968e+00 -1.12519685e+01 -1.79824820e+00  1.04287380e+01  9.01336297e+00
 1.92253968e+00 -1.11181102e+01 -1.66442891e+00  1.04281875e+01  9.00886097e+00
 1.92253968e+00 -1.09842520e+01 -1.53060437e+00  1.04276492e+01  9.00432417e+00
 1.92253968e+00 -1.08503937e+01 -1.39677537e+00  1.04271228e+01  8.99973163e+00
 1.92253968e+00 -1.07165354e+01 -1.26294256e+00  1.04266098e+01  8.99509756e+00
 1.92253968e+00 -1.05826772e+01 -1.12910649e+00  1.04261070e+01  8.99036694e+00
 1.92253968e+00 -1.04488189e+01 -9.95267615e-01  1.04256160e+01  8.98557058e+00
 1.92253968e+00 -1.03149606e+01 -8.61426334e-01  1.04251365e+01  8.98079105e+00
 1.92253968e+00 -1.01811024e+01 -7.27582976e-01  1.04246683e+01  8.97595991e+00
 1.92253968e+00 -1.00472441e+01 -5.93737806e-01  1.04242111e+01  8.97102226e+00
 1.92253968e+00 -9.91338583e+00 -4.59891048e-01  1.04237650e+01  8.96599095e+00
 1.92253968e+00 -9.77952756e+00 -3.26042925e-01  1.04233297e+01  8.96095605e+00
 1.92253968e+00 -9.64566929e+00 -1.92193603e-01  1.04229050e+01  8.95589297e+00
 1.92253968e+00 -9.51181102e+00 -5.83432064e-02  1.04224910e+01  8.95071055e+00
 1.92253968e+00 -9.37795276e+00  7.55081250e-02  1.04220873e+01  8.94547400e+00
 1.92253968e+00 -9.24409449e+00  2.09360275e-01  1.04216939e+01  8.94020175e+00
 1.92253968e+00 -9.11023622e+00  3.43213161e-01  1.04213107e+01  8.93485270e+00
 1.92253968e+00 -8.97637795e+00  4.77066723e-01  1.04209375e+01  8.92941487e+00
 1.92253968e+00 -8.84251969e+00  6.10920883e-01  1.04205741e+01  8.92390022e+00
 1.92253968e+00 -8.70866142e+00  7.44775568e-01  1.04202205e+01  8.91833444e+00
 1.92253968e+00 -8.57480315e+00  8.78630765e-01  1.04198765e+01  8.91273797e+00
 1.92253968e+00 -8.44094488e+00  1.01248642e+00  1.04195419e+01  8.90708243e+00
 1.92253968e+00 -8.30708661e+00  1.14634247e+00  1.04192172e+01  8.90132009e+00
 1.92253968e+00 -8.17322835e+00  1.28019892e+00  1.04188999e+01  8.89545914e+00
 1.92253968e+00 -8.03937008e+00  1.41405574e+00  1.04185926e+01  8.88951128e+00
 1.92253968e+00 -7.90551181e+00  1.54791290e+00  1.04182943e+01  8.88349123e+00
 1.92253968e+00 -7.77165354e+00  1.68177039e+00  1.04180048e+01  8.87743575e+00
 1.92253968e+00 -7.63779528e+00  1.81562822e+00  1.04177240e+01  8.87131465e+00
 1.92253968e+00 -7.50393701e+00  1.94948637e+00  1.04174516e+01  8.86506318e+00
 1.92253968e+00 -7.37007874e+00  2.08334485e+00  1.04171877e+01  8.85867308e+00
 1.92253968e+00 -7.23622047e+00  2.21720365e+00  1.04169319e+01  8.85219369e+00
 1.92253968e+00 -7.10236220e+00  2.35106278e+00  1.04166843e+01  8.84567741e+00
 1.92253968e+00 -6.96850394e+00  2.48492224e+00  1.04164447e+01  8.83909163e+00
 1.92253968e+00 -6.83464567e+00  2.61878204e+00  1.04162128e+01  8.83240267e+00
 1.92253968e+00 -6.70078740e+00  2.75264221e+00  1.04159887e+01  8.82558685e+00
 1.92253968e+00 -6.56692913e+00  2.88650279e+00  1.04157722e+01  8.81862691e+00
 1.92253968e+00 -6.43307087e+00  3.02036378e+00  1.04155630e+01  8.81157038e+00
 1.92253968e+00 -6.29921260e+00  3.15422524e+00  1.04153612e+01  8.80445027e+00
 1.92253968e+00 -6.16535433e+00  3.28808719e+00  1.04151667e+01  8.79716319e+00
 1.92253968e+00 -6.03149606e+00  3.42194968e+00  1.04149792e+01  8.78972628e+00
 1.92253968e+00 -5.89763780e+00  3.55581275e+00  1.04147986e+01  8.78221322e+00
 1.92253968e+00 -5.76377953e+00  3.68967647e+00  1.04146247e+01  8.77460051e+00
 1.92253968e+00 -5.62992126e+00  3.82354098e+00  1.04144575e+01  8.76680615e+00
 1.92253968e+00 -5.49606299e+00  3.95740632e+00  1.04142967e+01  8.75879755e+00
 1.92253968e+00 -5.36220472e+00  4.09127237e+00  1.04141425e+01  8.75071046e+00
 1.92253968e+00 -5.22834646e+00  4.22513997e+00  1.04139943e+01  8.74252599e+00
 1.92253968e+00 -5.09448819e+00  4.35900883e+00  1.04138524e+01  8.73415905e+00
 1.92253968e+00 -4.96062992e+00  4.49287597e+00  1.04137167e+01  8.72562668e+00
 1.92253968e+00 -4.82677165e+00  4.62675175e+00  1.04135866e+01  8.71693087e+00
 1.92253968e+00 -4.69291339e+00  4.76062974e+00  1.04134621e+01  8.70806389e+00
 1.92253968e+00 -4.55905512e+00  4.89448161e+00  1.04133443e+01  8.69903311e+00
 1.92253968e+00 -4.42519685e+00  5.02861358e+00  1.04132299e+01  8.68981404e+00
 1.92253968e+00 -4.29133858e+00  5.16296573e+00  1.04131053e+01  8.68036357e+00
 1.92253968e+00 -4.15748031e+00  5.29688555e+00  1.04129467e+01  8.67065728e+00
 1.92253968e+00 -4.02362205e+00  5.43582899e+00  1.04127738e+01  8.66073849e+00
 1.92253968e+00 -3.88976378e+00  5.57783852e+00  1.04124204e+01  8.65030259e+00
 1.92253968e+00 -3.75590551e+00  5.71173627e+00  1.04115509e+01  8.63883650e+00
 1.92253968e+00 -3.62204724e+00  9.50420540e+00  1.04099870e+01  8.62379579e+00
 1.92253968e+00 -3.48818898e+00  1.32966742e+01  1.04084231e+01  8.60875508e+00
 1.92253968e+00 -3.35433071e+00  1.70891434e+01  1.04068592e+01  8.59371437e+00
 1.92253968e+00 -3.22047244e+00  2.08816125e+01  1.04052953e+01  8.57867366e+00
 1.92253968e+00 -3.08661417e+00  2.46740816e+01  1.04037314e+01  8.56363295e+00
 1.92253968e+00 -2.95275591e+00  2.84665505e+01  1.04021675e+01  8.54859224e+00
 1.92253968e+00 -2.81889764e+00  3.22590196e+01  1.04006036e+01  8.53355153e+00
 1.92253968e+00 -2.68503937e+00  3.60514887e+01  1.03990397e+01  8.51851082e+00
 1.92253968e+00 -2.55118110e+00  3.98439579e+01  1.03974758e+01  8.50347011e+00
 1.92253968e+00 -2.41732283e+00  4.36364270e+01  1.03959119e+01  8.48842940e+00
 1.92253968e+00 -2.28346457e+00  4.74288959e+01  1.03943480e+01  8.47338869e+00
 1.92253968e+00 -2.14960630e+00  5.12213650e+01  1.03927841e+01  8.45834798e+00
 1.92253968e+00 -2.01574803e+00  5.50138341e+01  1.03912202e+01  8.44330727e+00
 1.92253968e+00 -1.88188976e+00  5.88063032e+01  1.03896563e+01  8.42826656e+00
 1.92253968e+00 -1.74803150e+00  6.25987721e+01  1.03880924e+01  8.41322585e+00
 1.92253968e+00 -1.61417323e+00  6.63912412e+01  1.03865285e+01  8.39818514e+00
 1.92253968e+00 -1.48031496e+00  7.01837103e+01  1.03849646e+01  8.38314443e+00
 1.92253968e+00 -1.34645669e+00  7.39761795e+01  1.03834007e+01  8.36810372e+00
 1.92253968e+00 -1.21259843e+00  7.77686483e+01  1.03818368e+01  8.35306302e+00
 1.92253968e+00 -1.07874016e+00  8.15611175e+01  1.03802729e+01  8.33802231e+00
 1.92253968e+00 -9.44881890e-01  8.53535866e+01  1.03787090e+01  8.32298160e+00
 1.92253968e+00 -8.11023622e-01  8.91460557e+01  1.03771451e+01  8.30794089e+00
 1.92253968e+00 -6.77165354e-01  9.29385247e+01  1.03755812e+01  8.29290018e+00
 1.92253968e+00 -5.43307087e-01  9.67309938e+01  1.03740173e+01  8.27785947e+00
 1.92253968e+00 -4.09448819e-01  1.00523463e+02  1.03724534e+01  8.26281876e+00
 1.92253968e+00 -2.75590551e-01  1.04315932e+02  1.03708895e+01  8.24777805e+00
 1.92253968e+00 -1.41732283e-01  1.08108401e+02  1.03693256e+01  8.23273734e+00
 1.92253968e+00 -7.87401575e-03  1.11900870e+02  1.03677617e+01  8.21769663e+00
 1.92253968e+00  1.25984252e-01  1.15693339e+02  1.03661978e+01  8.20265592e+00
 1.92253968e+00  2.59842520e-01  1.19485808e+02  1.03646339e+01  8.18761521e+00
 1.92253968e+00  3.93700787e-01  1.23278277e+02  1.03630700e+01  8.17257450e+00
 1.92253968e+00  5.27559055e-01  1.27070746e+02  1.03615061e+01  8.15753379e+00
 1.92253968e+00  6.61417323e-01  1.30863215e+02  1.03599422e+01  8.14249308e+00
 1.92253968e+00  7.95275591e-01  1.34655684e+02  1.03583783e+01  8.12745237e+00
 1.92253968e+00  9.29133858e-01  1.38448153e+02  1.03568144e+01  8.11241166e+00
 1.92253968e+00  1.06299213e+00  1.42240623e+02  1.03552505e+01  8.09737095e+00
 1.92253968e+00  1.19685039e+00  1.46033092e+02  1.03536866e+01  8.08233024e+00
 1.92253968e+00  1.33070866e+00  1.49825561e+02  1.03521227e+01  8.06728953e+00
 1.92253968e+00  1.46456693e+00  1.53618030e+02  1.03505588e+01  8.05224882e+00
 1.92253968e+00  1.59842520e+00  1.57410499e+02  1.03489949e+01  8.03720811e+00
 1.92253968e+00  1.73228346e+00  1.61202968e+02  1.03474310e+01  8.02216740e+00
 1.92253968e+00  1.86614173e+00  1.64995437e+02  1.03458671e+01  8.00712669e+00
 1.92253968e+00  2.00000000e+00  1.68787906e+02  1.03443032e+01  7.99208598e+00
 2.00095238e+00 -1.50000000e+01 -5.46782534e+00  1.04597371e+01  9.12455428e+00
 2.00095238e+00 -1.48661417e+01 -5.33393995e+00  1.04597371e+01  9.12114470e+00
 2.00095238e+00 -1.47322835e+01 -5.20004477e+00  1.04597371e+01  9.11772274e+00
 2.00095238e+00 -1.45984252e+01 -5.06613627e+00  1.04597371e+01  9.11424516e+00
 2.00095238e+00 -1.44645669e+01 -4.93220962e+00  1.04597371e+01  9.11075520e+00
 2.00095238e+00 -1.43307087e+01 -4.79825826e+00  1.04597371e+01  9.10726400e+00
 2.00095238e+00 -1.41968504e+01 -4.66427326e+00  1.04597371e+01  9.10373692e+00
 2.00095238e+00 -1.40629921e+01 -4.53024246e+00  1.04597371e+01  9.10016875e+00
 2.00095238e+00 -1.39291339e+01 -4.39614926e+00  1.04597371e+01  9.09654631e+00
 2.00095238e+00 -1.37952756e+01 -4.26197105e+00  1.04597371e+01  9.09286246e+00
 2.00095238e+00 -1.36614173e+01 -4.12767696e+00  1.04597371e+01  9.08918208e+00
 2.00095238e+00 -1.35275591e+01 -3.99322483e+00  1.04597371e+01  9.08549559e+00
 2.00095238e+00 -1.33937008e+01 -3.85855701e+00  1.04597371e+01  9.08173894e+00
 2.00095238e+00 -1.32598425e+01 -3.72455709e+00  1.04593493e+01  9.07797076e+00
 2.00095238e+00 -1.31259843e+01 -3.59116611e+00  1.04586221e+01  9.07417638e+00
 2.00095238e+00 -1.29921260e+01 -3.45772787e+00  1.04579100e+01  9.07031506e+00
 2.00095238e+00 -1.28582677e+01 -3.32421639e+00  1.04572113e+01  9.06645044e+00
 2.00095238e+00 -1.27244094e+01 -3.19064595e+00  1.04565261e+01  9.06257477e+00
 2.00095238e+00 -1.25905512e+01 -3.05702745e+00  1.04558542e+01  9.05863007e+00
 2.00095238e+00 -1.24566929e+01 -2.92336948e+00  1.04551956e+01  9.05464330e+00
 2.00095238e+00 -1.23228346e+01 -2.78967908e+00  1.04545501e+01  9.05062372e+00
 2.00095238e+00 -1.21889764e+01 -2.65596196e+00  1.04539176e+01  9.04655359e+00
 2.00095238e+00 -1.20551181e+01 -2.52222275e+00  1.04532981e+01  9.04242371e+00
 2.00095238e+00 -1.19212598e+01 -2.38846523e+00  1.04526913e+01  9.03824502e+00
 2.00095238e+00 -1.17874016e+01 -2.25469248e+00  1.04520971e+01  9.03403317e+00
 2.00095238e+00 -1.16535433e+01 -2.12090703e+00  1.04515155e+01  9.02977452e+00
 2.00095238e+00 -1.15196850e+01 -1.98711096e+00  1.04509463e+01  9.02548017e+00
 2.00095238e+00 -1.13858268e+01 -1.85330597e+00  1.04503893e+01  9.02116248e+00
 2.00095238e+00 -1.12519685e+01 -1.71949347e+00  1.04498444e+01  9.01676945e+00
 2.00095238e+00 -1.11181102e+01 -1.58567464e+00  1.04493115e+01  9.01229860e+00
 2.00095238e+00 -1.09842520e+01 -1.45185044e+00  1.04487905e+01  9.00779492e+00
 2.00095238e+00 -1.08503937e+01 -1.31802168e+00  1.04482813e+01  9.00329728e+00
 2.00095238e+00 -1.07165354e+01 -1.18418908e+00  1.04477798e+01  8.99875649e+00
 2.00095238e+00 -1.05826772e+01 -1.05035314e+00  1.04472921e+01  8.99411097e+00
 2.00095238e+00 -1.04488189e+01 -9.16514348e-01  1.04468159e+01  8.98943113e+00
 2.00095238e+00 -1.03149606e+01 -7.82673106e-01  1.04463508e+01  8.98469804e+00
 2.00095238e+00 -1.01811024e+01 -6.48829750e-01  1.04458968e+01  8.97986128e+00
 2.00095238e+00 -1.00472441e+01 -5.14984570e-01  1.04454536e+01  8.97500077e+00
 2.00095238e+00 -9.91338583e+00 -3.81137802e-01  1.04450212e+01  8.97011474e+00
 2.00095238e+00 -9.77952756e+00 -2.47289647e-01  1.04445993e+01  8.96515259e+00
 2.00095238e+00 -9.64566929e+00 -1.13440286e-01  1.04441879e+01  8.96012808e+00
 2.00095238e+00 -9.51181102e+00  2.04101349e-02  1.04437868e+01  8.95506193e+00
 2.00095238e+00 -9.37795276e+00  1.54261494e-01  1.04433960e+01  8.94995134e+00
 2.00095238e+00 -9.24409449e+00  2.88113684e-01  1.04430151e+01  8.94474669e+00
 2.00095238e+00 -9.11023622e+00  4.21966607e-01  1.04426442e+01  8.93946857e+00
 2.00095238e+00 -8.97637795e+00  5.55820184e-01  1.04422830e+01  8.93415387e+00
 2.00095238e+00 -8.84251969e+00  6.89674356e-01  1.04419314e+01  8.92875859e+00
 2.00095238e+00 -8.70866142e+00  8.23529060e-01  1.04415894e+01  8.92329587e+00
 2.00095238e+00 -8.57480315e+00  9.57384242e-01  1.04412566e+01  8.91779535e+00
 2.00095238e+00 -8.44094488e+00  1.09123987e+00  1.04409334e+01  8.91222075e+00
 2.00095238e+00 -8.30708661e+00  1.22509593e+00  1.04406218e+01  8.90654467e+00
 2.00095238e+00 -8.17322835e+00  1.35895235e+00  1.04403154e+01  8.90076515e+00
 2.00095238e+00 -8.03937008e+00  1.49280913e+00  1.04400191e+01  8.89491401e+00
 2.00095238e+00 -7.90551181e+00  1.62666626e+00  1.04397316e+01  8.88901835e+00
 2.00095238e+00 -7.77165354e+00  1.76052371e+00  1.04394525e+01  8.88307797e+00
 2.00095238e+00 -7.63779528e+00  1.89438147e+00  1.04391819e+01  8.87704720e+00
 2.00095238e+00 -7.50393701e+00  2.02823953e+00  1.04389195e+01  8.87091413e+00
 2.00095238e+00 -7.37007874e+00  2.16209790e+00  1.04386653e+01  8.86469277e+00
 2.00095238e+00 -7.23622047e+00  2.29595658e+00  1.04384190e+01  8.85839873e+00
 2.00095238e+00 -7.10236220e+00  2.42981556e+00  1.04381807e+01  8.85200987e+00
 2.00095238e+00 -6.96850394e+00  2.56367487e+00  1.04379501e+01  8.84550365e+00
 2.00095238e+00 -6.83464567e+00  2.69753451e+00  1.04377271e+01  8.83889940e+00
 2.00095238e+00 -6.70078740e+00  2.83139449e+00  1.04375116e+01  8.83219888e+00
 2.00095238e+00 -6.56692913e+00  2.96525484e+00  1.04373034e+01  8.82540834e+00
 2.00095238e+00 -6.43307087e+00  3.09911558e+00  1.04371026e+01  8.81855736e+00
 2.00095238e+00 -6.29921260e+00  3.23297673e+00  1.04369083e+01  8.81157811e+00
 2.00095238e+00 -6.16535433e+00  3.36683835e+00  1.04367214e+01  8.80442161e+00
 2.00095238e+00 -6.03149606e+00  3.50070049e+00  1.04365412e+01  8.79717191e+00
 2.00095238e+00 -5.89763780e+00  3.63456316e+00  1.04363677e+01  8.78985191e+00
 2.00095238e+00 -5.76377953e+00  3.76842644e+00  1.04362009e+01  8.78239015e+00
 2.00095238e+00 -5.62992126e+00  3.90229056e+00  1.04360405e+01  8.77464559e+00
 2.00095238e+00 -5.49606299e+00  4.03615503e+00  1.04358864e+01  8.76675353e+00
 2.00095238e+00 -5.36220472e+00  4.17002050e+00  1.04357384e+01  8.75885589e+00
 2.00095238e+00 -5.22834646e+00  4.30388902e+00  1.04355966e+01  8.75085040e+00
 2.00095238e+00 -5.09448819e+00  4.43775274e+00  1.04354605e+01  8.74265115e+00
 2.00095238e+00 -4.96062992e+00  4.57161992e+00  1.04353297e+01  8.73424704e+00
 2.00095238e+00 -4.82677165e+00  4.70551736e+00  1.04352048e+01  8.72571234e+00
 2.00095238e+00 -4.69291339e+00  4.83933267e+00  1.04350867e+01  8.71704540e+00
 2.00095238e+00 -4.55905512e+00  4.97320200e+00  1.04349752e+01  8.70820049e+00
 2.00095238e+00 -4.42519685e+00  5.10755431e+00  1.04348681e+01  8.69913139e+00
 2.00095238e+00 -4.29133858e+00  5.24104490e+00  1.04347508e+01  8.68986732e+00
 2.00095238e+00 -4.15748031e+00  5.37568016e+00  1.04346197e+01  8.68044732e+00
 2.00095238e+00 -4.02362205e+00  5.51031541e+00  1.04344886e+01  8.67102732e+00
 2.00095238e+00 -3.88976378e+00  5.64495067e+00  1.04343575e+01  8.66160732e+00
 2.00095238e+00 -3.75590551e+00  5.77958593e+00  1.04342264e+01  8.65218732e+00
 2.00095238e+00 -3.62204724e+00  5.91422119e+00  1.04340953e+01  8.64276732e+00
 2.00095238e+00 -3.48818898e+00  6.04885644e+00  1.04339642e+01  8.63334732e+00
 2.00095238e+00 -3.35433071e+00  6.18349170e+00  1.04338331e+01  8.62392732e+00
 2.00095238e+00 -3.22047244e+00  6.31812696e+00  1.04337020e+01  8.61450732e+00
 2.00095238e+00 -3.08661417e+00  6.45276222e+00  1.04335709e+01  8.60508732e+00
 2.00095238e+00 -2.95275591e+00  6.58739747e+00  1.04334398e+01  8.59566732e+00
 2.00095238e+00 -2.81889764e+00  6.72203273e+00  1.04333087e+01  8.58624732e+00
 2.00095238e+00 -2.68503937e+00  6.85666799e+00  1.04331776e+01  8.57682732e+00
 2.00095238e+00 -2.55118110e+00  6.99130325e+00  1.04330465e+01  8.56740732e+00
 2.00095238e+00 -2.41732283e+00  7.12593851e+00  1.04329154e+01  8.55798732e+00
 2.00095238e+00 -2.28346457e+00  7.26057376e+00  1.04327843e+01  8.54856732e+00
 2.00095238e+00 -2.14960630e+00  7.39520902e+00  1.04326532e+01  8.53914732e+00
 2.00095238e+00 -2.01574803e+00  7.52984428e+00  1.04325221e+01  8.52972732e+00
 2.00095238e+00 -1.88188976e+00  7.66447954e+00  1.04323910e+01  8.52030732e+00
 2.00095238e+00 -1.74803150e+00  7.79911479e+00  1.04322599e+01  8.51088732e+00
 2.00095238e+00 -1.61417323e+00  7.93375005e+00  1.04321288e+01  8.50146732e+00
 2.00095238e+00 -1.48031496e+00  8.06838531e+00  1.04319977e+01  8.49204732e+00
 2.00095238e+00 -1.34645669e+00  8.20302057e+00  1.04318666e+01  8.48262732e+00
 2.00095238e+00 -1.21259843e+00  8.33765582e+00  1.04317355e+01  8.47320732e+00
 2.00095238e+00 -1.07874016e+00  8.47229108e+00  1.04316044e+01  8.46378732e+00
 2.00095238e+00 -9.44881890e-01  8.60692634e+00  1.04314733e+01  8.45436732e+00
 2.00095238e+00 -8.11023622e-01  8.74156160e+00  1.04313422e+01  8.44494732e+00
 2.00095238e+00 -6.77165354e-01  8.87619686e+00  1.04312111e+01  8.43552732e+00
 2.00095238e+00 -5.43307087e-01  9.01083211e+00  1.04310800e+01  8.42610732e+00
 2.00095238e+00 -4.09448819e-01  9.14546737e+00  1.04309489e+01  8.41668732e+00
 2.00095238e+00 -2.75590551e-01  9.28010263e+00  1.04308178e+01  8.40726732e+00
 2.00095238e+00 -1.41732283e-01  9.41473789e+00  1.04306867e+01  8.39784733e+00
 2.00095238e+00 -7.87401575e-03  9.54937314e+00  1.04305556e+01  8.38842733e+00
 2.00095238e+00  1.25984252e-01  9.68400840e+00  1.04304245e+01  8.37900733e+00
 2.00095238e+00  2.59842520e-01  9.81864366e+00  1.04302934e+01  8.36958733e+00
 2.00095238e+00  3.93700787e-01  9.95327892e+00  1.04301623e+01  8.36016733e+00
 2.00095238e+00  5.27559055e-01  1.00879142e+01  1.04300312e+01  8.35074733e+00
 2.00095238e+00  6.61417323e-01  1.02225494e+01  1.04299001e+01  8.34132733e+00
 2.00095238e+00  7.95275591e-01  1.03571847e+01  1.04297690e+01  8.33190733e+00
 2.00095238e+00  9.29133858e-01  1.04918199e+01  1.04296379e+01  8.32248733e+00
 2.00095238e+00  1.06299213e+00  1.06264552e+01  1.04295068e+01  8.31306733e+00
 2.00095238e+00  1.19685039e+00  1.07610905e+01  1.04293757e+01  8.30364733e+00
 2.00095238e+00  1.33070866e+00  1.08957257e+01  1.04292446e+01  8.29422733e+00
 2.00095238e+00  1.46456693e+00  1.10303610e+01  1.04291135e+01  8.28480733e+00
 2.00095238e+00  1.59842520e+00  1.11649962e+01  1.04289824e+01  8.27538733e+00
 2.00095238e+00  1.73228346e+00  1.12996315e+01  1.04288513e+01  8.26596733e+00
 2.00095238e+00  1.86614173e+00  1.14342667e+01  1.04287202e+01  8.25654733e+00
 2.00095238e+00  2.00000000e+00  1.15689020e+01  1.04285891e+01  8.24712733e+00
 2.07936508e+00 -1.50000000e+01 -5.39191943e+00  1.04811838e+01  9.14986874e+00
 2.07936508e+00 -1.48661417e+01 -5.25802941e+00  1.04811838e+01  9.14647210e+00
 2.07936508e+00 -1.47322835e+01 -5.12412791e+00  1.04811838e+01  9.14305062e+00
 2.07936508e+00 -1.45984252e+01 -4.99021080e+00  1.04811838e+01  9.13962626e+00
 2.07936508e+00 -1.44645669e+01 -4.85627244e+00  1.04811838e+01  9.13621078e+00
 2.07936508e+00 -1.43307087e+01 -4.72230514e+00  1.04811838e+01  9.13272552e+00
 2.07936508e+00 -1.41968504e+01 -4.58829844e+00  1.04811838e+01  9.12917099e+00
 2.07936508e+00 -1.40629921e+01 -4.45423807e+00  1.04811838e+01  9.12561279e+00
 2.07936508e+00 -1.39291339e+01 -4.32010459e+00  1.04811838e+01  9.12206846e+00
 2.07936508e+00 -1.37952756e+01 -4.18587148e+00  1.04811838e+01  9.11848388e+00
 2.07936508e+00 -1.36614173e+01 -4.05150253e+00  1.04811838e+01  9.11480464e+00
 2.07936508e+00 -1.35275591e+01 -3.91694825e+00  1.04811838e+01  9.11111027e+00
 2.07936508e+00 -1.33937008e+01 -3.78232452e+00  1.04811310e+01  9.10740035e+00
 2.07936508e+00 -1.32598425e+01 -3.64849916e+00  1.04804401e+01  9.10365564e+00
 2.07936508e+00 -1.31259843e+01 -3.51514689e+00  1.04797291e+01  9.09992671e+00
 2.07936508e+00 -1.29921260e+01 -3.38174082e+00  1.04790318e+01  9.09616472e+00
 2.07936508e+00 -1.28582677e+01 -3.24825113e+00  1.04783477e+01  9.09230820e+00
 2.07936508e+00 -1.27244094e+01 -3.11469831e+00  1.04776768e+01  9.08843149e+00
 2.07936508e+00 -1.25905512e+01 -2.98109338e+00  1.04770191e+01  9.08454092e+00
 2.07936508e+00 -1.24566929e+01 -2.84744602e+00  1.04763746e+01  9.08059569e+00
 2.07936508e+00 -1.23228346e+01 -2.71376388e+00  1.04757430e+01  9.07659896e+00
 2.07936508e+00 -1.21889764e+01 -2.58005320e+00  1.04751243e+01  9.07258254e+00
 2.07936508e+00 -1.20551181e+01 -2.44631899e+00  1.04745183e+01  9.06855277e+00
 2.07936508e+00 -1.19212598e+01 -2.31256536e+00  1.04739249e+01  9.06442457e+00
 2.07936508e+00 -1.17874016e+01 -2.17879562e+00  1.04733441e+01  9.06024268e+00
 2.07936508e+00 -1.16535433e+01 -2.04501249e+00  1.04727758e+01  9.05607919e+00
 2.07936508e+00 -1.15196850e+01 -1.91121821e+00  1.04722195e+01  9.05184196e+00
 2.07936508e+00 -1.13858268e+01 -1.77741458e+00  1.04716753e+01  9.04753938e+00
 2.07936508e+00 -1.12519685e+01 -1.64360312e+00  1.04711430e+01  9.04322516e+00
 2.07936508e+00 -1.11181102e+01 -1.50978507e+00  1.04706225e+01  9.03886433e+00
 2.07936508e+00 -1.09842520e+01 -1.37596148e+00  1.04701122e+01  9.03443249e+00
 2.07936508e+00 -1.08503937e+01 -1.24213304e+00  1.04696238e+01  9.02994052e+00
 2.07936508e+00 -1.07165354e+01 -1.10830069e+00  1.04691376e+01  9.02543204e+00
 2.07936508e+00 -1.05826772e+01 -9.74464911e-01  1.04686647e+01  9.02088213e+00
 2.07936508e+00 -1.04488189e+01 -8.40626223e-01  1.04682029e+01  9.01624241e+00
 2.07936508e+00 -1.03149606e+01 -7.06785039e-01  1.04677520e+01  9.01152661e+00
 2.07936508e+00 -1.01811024e+01 -5.72941706e-01  1.04673119e+01  9.00680459e+00
 2.07936508e+00 -1.00472441e+01 -4.39096519e-01  1.04668823e+01  9.00209139e+00
 2.07936508e+00 -9.91338583e+00 -3.05249726e-01  1.04664634e+01  8.99723971e+00
 2.07936508e+00 -9.77952756e+00 -1.71401539e-01  1.04660548e+01  8.99230639e+00
 2.07936508e+00 -9.64566929e+00 -3.75521333e-02  1.04656564e+01  8.98738473e+00
 2.07936508e+00 -9.51181102e+00  9.62983371e-02  1.04652681e+01  8.98237901e+00
 2.07936508e+00 -9.37795276e+00  2.30149743e-01  1.04648897e+01  8.97731675e+00
 2.07936508e+00 -9.24409449e+00  3.64001974e-01  1.04645212e+01  8.97224039e+00
 2.07936508e+00 -9.11023622e+00  4.97854939e-01  1.04641624e+01  8.96706162e+00
 2.07936508e+00 -8.97637795e+00  6.31708556e-01  1.04638131e+01  8.96178840e+00
 2.07936508e+00 -8.84251969e+00  7.65562756e-01  1.04634732e+01  8.95647049e+00
 2.07936508e+00 -8.70866142e+00  8.99417484e-01  1.04631426e+01  8.95111381e+00
 2.07936508e+00 -8.57480315e+00  1.03327269e+00  1.04628212e+01  8.94568607e+00
 2.07936508e+00 -8.44094488e+00  1.16712833e+00  1.04625089e+01  8.94017171e+00
 2.07936508e+00 -8.30708661e+00  1.30098434e+00  1.04622017e+01  8.93461268e+00
 2.07936508e+00 -8.17322835e+00  1.43484074e+00  1.04619062e+01  8.92898496e+00
 2.07936508e+00 -8.03937008e+00  1.56869749e+00  1.04616194e+01  8.92325689e+00
 2.07936508e+00 -7.90551181e+00  1.70255456e+00  1.04613410e+01  8.91745340e+00
 2.07936508e+00 -7.77165354e+00  1.83641194e+00  1.04610710e+01  8.91157977e+00
 2.07936508e+00 -7.63779528e+00  1.97026963e+00  1.04608092e+01  8.90562343e+00
 2.07936508e+00 -7.50393701e+00  2.10412761e+00  1.04605554e+01  8.89956970e+00
 2.07936508e+00 -7.37007874e+00  2.23798588e+00  1.04603097e+01  8.89345814e+00
 2.07936508e+00 -7.23622047e+00  2.37184444e+00  1.04600718e+01  8.88729199e+00
 2.07936508e+00 -7.10236220e+00  2.50570329e+00  1.04598415e+01  8.88098377e+00
 2.07936508e+00 -6.96850394e+00  2.63956244e+00  1.04596189e+01  8.87459016e+00
 2.07936508e+00 -6.83464567e+00  2.77342190e+00  1.04594037e+01  8.86816024e+00
 2.07936508e+00 -6.70078740e+00  2.90728169e+00  1.04591957e+01  8.86161658e+00
 2.07936508e+00 -6.56692913e+00  3.04114181e+00  1.04589950e+01  8.85494076e+00
 2.07936508e+00 -6.43307087e+00  3.17500231e+00  1.04588016e+01  8.84814749e+00
 2.07936508e+00 -6.29921260e+00  3.30886320e+00  1.04586152e+01  8.84125443e+00
 2.07936508e+00 -6.16535433e+00  3.44272452e+00  1.04584354e+01  8.83428844e+00
 2.07936508e+00 -6.03149606e+00  3.57658630e+00  1.04582622e+01  8.82723066e+00
 2.07936508e+00 -5.89763780e+00  3.71044859e+00  1.04580956e+01  8.82001341e+00
 2.07936508e+00 -5.76377953e+00  3.84431147e+00  1.04579354e+01  8.81277532e+00
 2.07936508e+00 -5.62992126e+00  3.97817497e+00  1.04577814e+01  8.80561124e+00
 2.07936508e+00 -5.49606299e+00  4.11203908e+00  1.04576337e+01  8.79841508e+00
 2.07936508e+00 -5.36220472e+00  4.24590433e+00  1.04574917e+01  8.79111150e+00
 2.07936508e+00 -5.22834646e+00  4.37977026e+00  1.04573559e+01  8.78366694e+00
 2.07936508e+00 -5.09448819e+00  4.51363578e+00  1.04572273e+01  8.77608217e+00
 2.07936508e+00 -4.96062992e+00  4.64750734e+00  1.04571069e+01  8.76836626e+00
 2.07936508e+00 -4.82677165e+00  4.78137671e+00  1.04569878e+01  8.76052551e+00
 2.07936508e+00 -4.69291339e+00  4.91523064e+00  1.04568565e+01  8.75255344e+00
 2.07936508e+00 -4.55905512e+00  5.04917651e+00  1.04567356e+01  8.74440981e+00
 2.07936508e+00 -4.42519685e+00  5.18309835e+00  1.04566351e+01  8.73608872e+00
 2.07936508e+00 -4.29133858e+00  5.31678444e+00  1.04565340e+01  8.72764057e+00
 2.07936508e+00 -4.15748031e+00  5.45161882e+00  1.04564366e+01  8.71904602e+00
 2.07936508e+00 -4.02362205e+00  5.58607567e+00  1.04563172e+01  8.71021951e+00
 2.07936508e+00 -3.88976378e+00  5.71782085e+00  1.04561267e+01  8.70111291e+00
 2.07936508e+00 -3.75590551e+00  5.86847994e+00  1.04559524e+01  8.69198497e+00
 2.07936508e+00 -3.62204724e+00  6.04672126e+00  1.04558474e+01  8.68286113e+00
 2.07936508e+00 -3.48818898e+00  6.21818849e+00  1.04557156e+01  8.67340420e+00
 2.07936508e+00 -3.35433071e+00  6.39105922e+00  1.04555713e+01  8.66368145e+00
 2.07936508e+00 -3.22047244e+00  6.56405399e+00  1.04554243e+01  8.65367960e+00
 2.07936508e+00 -3.08661417e+00  6.73713420e+00  1.04552385e+01  8.64329034e+00
 2.07936508e+00 -2.95275591e+00  6.91050404e+00  1.04549955e+01  8.63250141e+00
 2.07936508e+00 -2.81889764e+00  7.08428776e+00  1.04546747e+01  8.62133064e+00
 2.07936508e+00 -2.68503937e+00  7.25876581e+00  1.04542424e+01  8.60966516e+00
 2.07936508e+00 -2.55118110e+00  7.43426338e+00  1.04536000e+01  8.59735527e+00
 2.07936508e+00 -2.41732283e+00  7.61146711e+00  1.04526253e+01  8.58427669e+00
 2.07936508e+00 -2.28346457e+00  7.79155801e+00  1.04512670e+01  8.57012879e+00
 2.07936508e+00 -2.14960630e+00  7.97717478e+00  1.04490897e+01  8.55460467e+00
 2.07936508e+00 -2.01574803e+00  8.17426284e+00  1.04456126e+01  8.53694499e+00
 2.07936508e+00 -1.88188976e+00  8.39724677e+00  1.04419066e+01  8.51577677e+00
 2.07936508e+00 -1.74803150e+00  8.67880555e+00  1.04352761e+01  8.48891144e+00
 2.07936508e+00 -1.61417323e+00  9.06682700e+00  1.04320746e+01  8.45165570e+00
 2.07936508e+00 -1.48031496e+00  9.60509533e+00  1.04661668e+01  8.39606240e+00
 2.07936508e+00 -1.34645669e+00  1.01433637e+01  1.05002590e+01  8.34046910e+00
 2.07936508e+00 -1.21259843e+00  1.06816319e+01  1.05343512e+01  8.28487580e+00
 2.07936508e+00 -1.07874016e+00  1.12199003e+01  1.05684434e+01  8.22928250e+00
 2.07936508e+00 -9.44881890e-01  1.17581686e+01  1.06025356e+01  8.17368920e+00
 2.07936508e+00 -8.11023622e-01  1.22964369e+01  1.06366278e+01  8.11809590e+00
 2.07936508e+00 -6.77165354e-01  1.28347053e+01  1.06707200e+01  8.06250261e+00
 2.07936508e+00 -5.43307087e-01  1.33729736e+01  1.07048122e+01  8.00690931e+00
 2.07936508e+00 -4.09448819e-01  1.39112419e+01  1.07389044e+01  7.95131601e+00
 2.07936508e+00 -2.75590551e-01  1.44495102e+01  1.07729966e+01  7.89572271e+00
 2.07936508e+00 -1.41732283e-01  1.49877785e+01  1.08070888e+01  7.84012941e+00
 2.07936508e+00 -7.87401575e-03  1.55260469e+01  1.08411810e+01  7.78453611e+00
 2.07936508e+00  1.25984252e-01  1.60643152e+01  1.08752732e+01  7.72894281e+00
 2.07936508e+00  2.59842520e-01  1.66025835e+01  1.09093654e+01  7.67334951e+00
 2.07936508e+00  3.93700787e-01  1.71408518e+01  1.09434576e+01  7.61775621e+00
 2.07936508e+00  5.27559055e-01  1.76791201e+01  1.09775498e+01  7.56216291e+00
 2.07936508e+00  6.61417323e-01  1.82173885e+01  1.10116420e+01  7.50656962e+00
 2.07936508e+00  7.95275591e-01  1.87556568e+01  1.10457342e+01  7.45097632e+00
 2.07936508e+00  9.29133858e-01  1.92939251e+01  1.10798264e+01  7.39538302e+00
 2.07936508e+00  1.06299213e+00  1.98321934e+01  1.11139186e+01  7.33978972e+00
 2.07936508e+00  1.19685039e+00  2.03704617e+01  1.11480108e+01  7.28419642e+00
 2.07936508e+00  1.33070866e+00  2.09087301e+01  1.11821030e+01  7.22860312e+00
 2.07936508e+00  1.46456693e+00  2.14469984e+01  1.12161952e+01  7.17300982e+00
 2.07936508e+00  1.59842520e+00  2.19852667e+01  1.12502874e+01  7.11741652e+00
 2.07936508e+00  1.73228346e+00  2.25235350e+01  1.12843796e+01  7.06182322e+00
 2.07936508e+00  1.86614173e+00  2.30618033e+01  1.13184718e+01  7.00622992e+00
 2.07936508e+00  2.00000000e+00  2.36000717e+01  1.13525640e+01  6.95063662e+00
 2.15777778e+00 -1.50000000e+01 -5.31432917e+00  1.05052830e+01  9.16030097e+00
 2.15777778e+00 -1.48661417e+01 -5.18043966e+00  1.05052830e+01  9.15693276e+00
 2.15777778e+00 -1.47322835e+01 -5.04653887e+00  1.05052830e+01  9.15357311e+00
 2.15777778e+00 -1.45984252e+01 -4.91262273e+00  1.05052830e+01  9.15018986e+00
 2.15777778e+00 -1.44645669e+01 -4.77868568e+00  1.05052830e+01  9.14675073e+00
 2.15777778e+00 -1.43307087e+01 -4.64472016e+00  1.05052830e+01  9.14325588e+00
 2.15777778e+00 -1.41968504e+01 -4.51071588e+00  1.05052830e+01  9.13976352e+00
 2.15777778e+00 -1.40629921e+01 -4.37665882e+00  1.05052830e+01  9.13626267e+00
 2.15777778e+00 -1.39291339e+01 -4.24252985e+00  1.05052830e+01  9.13271854e+00
 2.15777778e+00 -1.37952756e+01 -4.10830288e+00  1.05052830e+01  9.12915737e+00
 2.15777778e+00 -1.36614173e+01 -3.97394230e+00  1.05052830e+01  9.12557129e+00
 2.15777778e+00 -1.35275591e+01 -3.83939945e+00  1.05052830e+01  9.12193551e+00
 2.15777778e+00 -1.33937008e+01 -3.70476817e+00  1.05048470e+01  9.11825566e+00
 2.15777778e+00 -1.32598425e+01 -3.57079448e+00  1.05041377e+01  9.11455359e+00
 2.15777778e+00 -1.31259843e+01 -3.43743791e+00  1.05034462e+01  9.11083699e+00
 2.15777778e+00 -1.29921260e+01 -3.30405389e+00  1.05027682e+01  9.10709395e+00
 2.15777778e+00 -1.28582677e+01 -3.17058612e+00  1.05021032e+01  9.10332296e+00
 2.15777778e+00 -1.27244094e+01 -3.03704978e+00  1.05014512e+01  9.09951693e+00
 2.15777778e+00 -1.25905512e+01 -2.90345787e+00  1.05008120e+01  9.09566037e+00
 2.15777778e+00 -1.24566929e+01 -2.76982070e+00  1.05001858e+01  9.09174629e+00
 2.15777778e+00 -1.23228346e+01 -2.63614658e+00  1.04995722e+01  9.08778355e+00
 2.15777778e+00 -1.21889764e+01 -2.50244218e+00  1.04989713e+01  9.08379898e+00
 2.15777778e+00 -1.20551181e+01 -2.36871293e+00  1.04983829e+01  9.07978628e+00
 2.15777778e+00 -1.19212598e+01 -2.23496319e+00  1.04978069e+01  9.07573400e+00
 2.15777778e+00 -1.17874016e+01 -2.10119651e+00  1.04972424e+01  9.07165617e+00
 2.15777778e+00 -1.16535433e+01 -1.96741579e+00  1.04966901e+01  9.06753634e+00
 2.15777778e+00 -1.15196850e+01 -1.83362339e+00  1.04961503e+01  9.06334766e+00
 2.15777778e+00 -1.13858268e+01 -1.69982125e+00  1.04956225e+01  9.05908373e+00
 2.15777778e+00 -1.12519685e+01 -1.56601095e+00  1.04951062e+01  9.05478782e+00
 2.15777778e+00 -1.11181102e+01 -1.43219380e+00  1.04946016e+01  9.05048089e+00
 2.15777778e+00 -1.09842520e+01 -1.29837088e+00  1.04941089e+01  9.04610425e+00
 2.15777778e+00 -1.08503937e+01 -1.16454307e+00  1.04936282e+01  9.04168118e+00
 2.15777778e+00 -1.07165354e+01 -1.03071115e+00  1.04931579e+01  9.03723972e+00
 2.15777778e+00 -1.05826772e+01 -8.96875712e-01  1.04926986e+01  9.03273891e+00
 2.15777778e+00 -1.04488189e+01 -7.63037284e-01  1.04922502e+01  9.02818424e+00
 2.15777778e+00 -1.03149606e+01 -6.29196295e-01  1.04918124e+01  9.02358386e+00
 2.15777778e+00 -1.01811024e+01 -4.95353109e-01  1.04913852e+01  9.01890969e+00
 2.15777778e+00 -1.00472441e+01 -3.61508031e-01  1.04909684e+01  9.01418517e+00
 2.15777778e+00 -9.91338583e+00 -2.27661317e-01  1.04905619e+01  9.00943292e+00
 2.15777778e+00 -9.77952756e+00 -9.38131855e-02  1.04901655e+01  9.00462835e+00
 2.15777778e+00 -9.64566929e+00  4.00361793e-02  1.04897792e+01  8.99974771e+00
 2.15777778e+00 -9.51181102e+00  1.73886622e-01  1.04894027e+01  8.99480382e+00
 2.15777778e+00 -9.37795276e+00  3.07738009e-01  1.04890360e+01  8.98985017e+00
 2.15777778e+00 -9.24409449e+00  4.41590227e-01  1.04886788e+01  8.98482077e+00
 2.15777778e+00 -9.11023622e+00  5.75443180e-01  1.04883311e+01  8.97967457e+00
 2.15777778e+00 -8.97637795e+00  7.09296786e-01  1.04879928e+01  8.97449123e+00
 2.15777778e+00 -8.84251969e+00  8.43150975e-01  1.04876637e+01  8.96927969e+00
 2.15777778e+00 -8.70866142e+00  9.77005688e-01  1.04873435e+01  8.96401056e+00
 2.15777778e+00 -8.57480315e+00  1.11086088e+00  1.04870327e+01  8.95865521e+00
 2.15777778e+00 -8.44094488e+00  1.24471648e+00  1.04867289e+01  8.95321963e+00
 2.15777778e+00 -8.30708661e+00  1.37857249e+00  1.04864351e+01  8.94771786e+00
 2.15777778e+00 -8.17322835e+00  1.51242886e+00  1.04861497e+01  8.94215437e+00
 2.15777778e+00 -8.03937008e+00  1.64628557e+00  1.04858727e+01  8.93654343e+00
 2.15777778e+00 -7.90551181e+00  1.78014260e+00  1.04856040e+01  8.93086642e+00
 2.15777778e+00 -7.77165354e+00  1.91399993e+00  1.04853434e+01  8.92506546e+00
 2.15777778e+00 -7.63779528e+00  2.04785756e+00  1.04850909e+01  8.91918230e+00
 2.15777778e+00 -7.50393701e+00  2.18171546e+00  1.04848462e+01  8.91325609e+00
 2.15777778e+00 -7.37007874e+00  2.31557364e+00  1.04846093e+01  8.90726278e+00
 2.15777778e+00 -7.23622047e+00  2.44943210e+00  1.04843799e+01  8.90117122e+00
 2.15777778e+00 -7.10236220e+00  2.58329084e+00  1.04841581e+01  8.89498235e+00
 2.15777778e+00 -6.96850394e+00  2.71714987e+00  1.04839436e+01  8.88873209e+00
 2.15777778e+00 -6.83464567e+00  2.85100918e+00  1.04837363e+01  8.88239298e+00
 2.15777778e+00 -6.70078740e+00  2.98486881e+00  1.04835362e+01  8.87594802e+00
 2.15777778e+00 -6.56692913e+00  3.11872875e+00  1.04833430e+01  8.86941771e+00
 2.15777778e+00 -6.43307087e+00  3.25258904e+00  1.04831569e+01  8.86277020e+00
 2.15777778e+00 -6.29921260e+00  3.38644970e+00  1.04829774e+01  8.85601108e+00
 2.15777778e+00 -6.16535433e+00  3.52031075e+00  1.04828045e+01  8.84919229e+00
 2.15777778e+00 -6.03149606e+00  3.65417225e+00  1.04826380e+01  8.84221521e+00
 2.15777778e+00 -5.89763780e+00  3.78803422e+00  1.04824779e+01  8.83514997e+00
 2.15777778e+00 -5.76377953e+00  3.92189670e+00  1.04823242e+01  8.82827045e+00
 2.15777778e+00 -5.62992126e+00  4.05575986e+00  1.04821757e+01  8.82144099e+00
 2.15777778e+00 -5.49606299e+00  4.18962360e+00  1.04820341e+01  8.81451251e+00
 2.15777778e+00 -5.36220472e+00  4.32348779e+00  1.04819015e+01  8.80748985e+00
 2.15777778e+00 -5.22834646e+00  4.45735402e+00  1.04817606e+01  8.80036485e+00
 2.15777778e+00 -5.09448819e+00  4.59121996e+00  1.04816155e+01  8.79310678e+00
 2.15777778e+00 -4.96062992e+00  4.72508316e+00  1.04814944e+01  8.78568309e+00
 2.15777778e+00 -4.82677165e+00  4.85896488e+00  1.04813792e+01  8.77814024e+00
 2.15777778e+00 -4.69291339e+00  4.99284543e+00  1.04812628e+01  8.77049859e+00
 2.15777778e+00 -4.55905512e+00  5.12668805e+00  1.04811606e+01  8.76272354e+00
 2.15777778e+00 -4.42519685e+00  5.26062730e+00  1.04810642e+01  8.75479825e+00
 2.15777778e+00 -4.29133858e+00  5.39448910e+00  1.04809715e+01  8.74671383e+00
 2.15777778e+00 -4.15748031e+00  5.52804229e+00  1.04808918e+01  8.73847818e+00
 2.15777778e+00 -4.02362205e+00  5.66248581e+00  1.04808133e+01  8.73015045e+00
 2.15777778e+00 -3.88976378e+00  5.79540543e+00  1.04807369e+01  8.72166567e+00
 2.15777778e+00 -3.75590551e+00  5.92256672e+00  1.04806714e+01  8.71289272e+00
 2.15777778e+00 -3.62204724e+00  6.04808460e+00  1.04805808e+01  8.70391856e+00
 2.15777778e+00 -3.48818898e+00  6.17473204e+00  1.04804635e+01  8.69478469e+00
 2.15777778e+00 -3.35433071e+00  6.30133502e+00  1.04803720e+01  8.68544357e+00
 2.15777778e+00 -3.22047244e+00  6.42781650e+00  1.04802845e+01  8.67589564e+00
 2.15777778e+00 -3.08661417e+00  6.55450842e+00  1.04801636e+01  8.66614696e+00
 2.15777778e+00 -2.95275591e+00  6.68129162e+00  1.04800127e+01  8.65617276e+00
 2.15777778e+00 -2.81889764e+00  6.80817243e+00  1.04798389e+01  8.64595496e+00
 2.15777778e+00 -2.68503937e+00  6.93527317e+00  1.04796384e+01  8.63547553e+00
 2.15777778e+00 -2.55118110e+00  7.06267703e+00  1.04793770e+01  8.62469638e+00
 2.15777778e+00 -2.41732283e+00  7.19046492e+00  1.04790380e+01  8.61360243e+00
 2.15777778e+00 -2.28346457e+00  7.31874074e+00  1.04786184e+01  8.60218185e+00
 2.15777778e+00 -2.14960630e+00  7.44769227e+00  1.04780600e+01  8.59029988e+00
 2.15777778e+00 -2.01574803e+00  7.57761072e+00  1.04772952e+01  8.57786121e+00
 2.15777778e+00 -1.88188976e+00  7.70893656e+00  1.04762732e+01  8.56485982e+00
 2.15777778e+00 -1.74803150e+00  7.84237076e+00  1.04749736e+01  8.55112600e+00
 2.15777778e+00 -1.61417323e+00  7.97899013e+00  1.04731945e+01  8.53641056e+00
 2.15777778e+00 -1.48031496e+00  8.12060232e+00  1.04705168e+01  8.52042978e+00
 2.15777778e+00 -1.34645669e+00  8.27093363e+00  1.04673360e+01  8.50271809e+00
 2.15777778e+00 -1.21259843e+00  8.43626447e+00  1.04639483e+01  8.48243197e+00
 2.15777778e+00 -1.07874016e+00  8.62740014e+00  1.04594031e+01  8.45854818e+00
 2.15777778e+00 -9.44881890e-01  8.86106295e+00  1.04533688e+01  8.43005588e+00
 2.15777778e+00 -8.11023622e-01  9.15457022e+00  1.04553345e+01  8.39307606e+00
 2.15777778e+00 -6.77165354e-01  9.52646085e+00  1.04855560e+01  8.34133016e+00
 2.15777778e+00 -5.43307087e-01  9.89835148e+00  1.05157775e+01  8.28958426e+00
 2.15777778e+00 -4.09448819e-01  1.02702421e+01  1.05459990e+01  8.23783836e+00
 2.15777778e+00 -2.75590551e-01  1.06421327e+01  1.05762205e+01  8.18609246e+00
 2.15777778e+00 -1.41732283e-01  1.10140234e+01  1.06064420e+01  8.13434656e+00
 2.15777778e+00 -7.87401575e-03  1.13859140e+01  1.06366635e+01  8.08260066e+00
 2.15777778e+00  1.25984252e-01  1.17578046e+01  1.06668850e+01  8.03085476e+00
 2.15777778e+00  2.59842520e-01  1.21296953e+01  1.06971065e+01  7.97910886e+00
 2.15777778e+00  3.93700787e-01  1.25015859e+01  1.07273280e+01  7.92736296e+00
 2.15777778e+00  5.27559055e-01  1.28734765e+01  1.07575495e+01  7.87561706e+00
 2.15777778e+00  6.61417323e-01  1.32453671e+01  1.07877710e+01  7.82387116e+00
 2.15777778e+00  7.95275591e-01  1.36172578e+01  1.08179925e+01  7.77212526e+00
 2.15777778e+00  9.29133858e-01  1.39891484e+01  1.08482140e+01  7.72037936e+00
 2.15777778e+00  1.06299213e+00  1.43610390e+01  1.08784355e+01  7.66863346e+00
 2.15777778e+00  1.19685039e+00  1.47329296e+01  1.09086570e+01  7.61688756e+00
 2.15777778e+00  1.33070866e+00  1.51048203e+01  1.09388785e+01  7.56514166e+00
 2.15777778e+00  1.46456693e+00  1.54767109e+01  1.09691000e+01  7.51339576e+00
 2.15777778e+00  1.59842520e+00  1.58486016e+01  1.09993215e+01  7.46164986e+00
 2.15777778e+00  1.73228346e+00  1.62204922e+01  1.10295430e+01  7.40990396e+00
 2.15777778e+00  1.86614173e+00  1.65923828e+01  1.10597645e+01  7.35815806e+00
 2.15777778e+00  2.00000000e+00  1.69642734e+01  1.10899860e+01  7.30641216e+00
 2.23619048e+00 -1.50000000e+01 -5.23569364e+00  1.05330916e+01  9.16178300e+00
 2.23619048e+00 -1.48661417e+01 -5.10180424e+00  1.05330916e+01  9.15848634e+00
 2.23619048e+00 -1.47322835e+01 -4.96790360e+00  1.05330916e+01  9.15517562e+00
 2.23619048e+00 -1.45984252e+01 -4.83398766e+00  1.05330916e+01  9.15180893e+00
 2.23619048e+00 -1.44645669e+01 -4.70005089e+00  1.05330916e+01  9.14839224e+00
 2.23619048e+00 -1.43307087e+01 -4.56608575e+00  1.05330916e+01  9.14495792e+00
 2.23619048e+00 -1.41968504e+01 -4.43208199e+00  1.05330916e+01  9.14152232e+00
 2.23619048e+00 -1.40629921e+01 -4.29802563e+00  1.05330916e+01  9.13805282e+00
 2.23619048e+00 -1.39291339e+01 -4.16389762e+00  1.05330916e+01  9.13453530e+00
 2.23619048e+00 -1.37952756e+01 -4.02967197e+00  1.05330916e+01  9.13098309e+00
 2.23619048e+00 -1.36614173e+01 -3.89531318e+00  1.05330917e+01  9.12742993e+00
 2.23619048e+00 -1.35275591e+01 -3.76076066e+00  1.05326320e+01  9.12387253e+00
 2.23619048e+00 -1.33937008e+01 -3.62609185e+00  1.05319743e+01  9.12023060e+00
 2.23619048e+00 -1.32598425e+01 -3.49204709e+00  1.05313600e+01  9.11654241e+00
 2.23619048e+00 -1.31259843e+01 -3.35864011e+00  1.05307596e+01  9.11286353e+00
 2.23619048e+00 -1.29921260e+01 -3.22524209e+00  1.05301712e+01  9.10918431e+00
 2.23619048e+00 -1.28582677e+01 -3.09176525e+00  1.05295941e+01  9.10541936e+00
 2.23619048e+00 -1.27244094e+01 -2.95822673e+00  1.05290283e+01  9.10159851e+00
 2.23619048e+00 -1.25905512e+01 -2.82463719e+00  1.05284737e+01  9.09777727e+00
 2.23619048e+00 -1.24566929e+01 -2.69100540e+00  1.05279303e+01  9.09395592e+00
 2.23619048e+00 -1.23228346e+01 -2.55733859e+00  1.05273980e+01  9.09006149e+00
 2.23619048e+00 -1.21889764e+01 -2.42364264e+00  1.05268766e+01  9.08608210e+00
 2.23619048e+00 -1.20551181e+01 -2.28992240e+00  1.05263655e+01  9.08212848e+00
 2.23619048e+00 -1.19212598e+01 -2.15618183e+00  1.05258669e+01  9.07815691e+00
 2.23619048e+00 -1.17874016e+01 -2.02242423e+00  1.05253812e+01  9.07411232e+00
 2.23619048e+00 -1.16535433e+01 -1.88865229e+00  1.05249032e+01  9.07002540e+00
 2.23619048e+00 -1.15196850e+01 -1.75486827e+00  1.05244344e+01  9.06588441e+00
 2.23619048e+00 -1.13858268e+01 -1.62107404e+00  1.05239764e+01  9.06168479e+00
 2.23619048e+00 -1.12519685e+01 -1.48727114e+00  1.05235290e+01  9.05745770e+00
 2.23619048e+00 -1.11181102e+01 -1.35346014e+00  1.05231112e+01  9.05319435e+00
 2.23619048e+00 -1.09842520e+01 -1.21964841e+00  1.05224452e+01  9.04883421e+00
 2.23619048e+00 -1.08503937e+01 -1.08582826e+00  1.05219737e+01  9.04444351e+00
 2.23619048e+00 -1.07165354e+01 -9.52003276e-01  1.05214999e+01  9.04000171e+00
 2.23619048e+00 -1.05826772e+01 -8.18174021e-01  1.05210374e+01  9.03552941e+00
 2.23619048e+00 -1.04488189e+01 -6.84341102e-01  1.05205856e+01  9.03106463e+00
 2.23619048e+00 -1.03149606e+01 -5.50505029e-01  1.05201445e+01  9.02653175e+00
 2.23619048e+00 -1.01811024e+01 -4.16666233e-01  1.05197139e+01  9.02190426e+00
 2.23619048e+00 -1.00472441e+01 -2.82825077e-01  1.05192936e+01  9.01726065e+00
 2.23619048e+00 -9.91338583e+00 -1.48981873e-01  1.05188835e+01  9.01253782e+00
 2.23619048e+00 -9.77952756e+00 -1.51368831e-02  1.05184835e+01  9.00772623e+00
 2.23619048e+00 -9.64566929e+00  1.18709666e-01  1.05180934e+01  9.00293192e+00
 2.23619048e+00 -9.51181102e+00  2.52557583e-01  1.05177132e+01  8.99808608e+00
 2.23619048e+00 -9.37795276e+00  3.86406703e-01  1.05173426e+01  8.99314110e+00
 2.23619048e+00 -9.24409449e+00  5.20256885e-01  1.05169816e+01  8.98815141e+00
 2.23619048e+00 -9.11023622e+00  6.54108009e-01  1.05166300e+01  8.98311096e+00
 2.23619048e+00 -8.97637795e+00  7.87959970e-01  1.05162876e+01  8.97802028e+00
 2.23619048e+00 -8.84251969e+00  9.21812680e-01  1.05159543e+01  8.97290482e+00
 2.23619048e+00 -8.70866142e+00  1.05566607e+00  1.05156310e+01  8.96772251e+00
 2.23619048e+00 -8.57480315e+00  1.18952018e+00  1.05153457e+01  8.96244225e+00
 2.23619048e+00 -8.44094488e+00  1.32337481e+00  1.05150352e+01  8.95706851e+00
 2.23619048e+00 -8.30708661e+00  1.45722996e+00  1.05147408e+01  8.95163945e+00
 2.23619048e+00 -8.17322835e+00  1.59108556e+00  1.05144559e+01  8.94617880e+00
 2.23619048e+00 -8.03937008e+00  1.72494158e+00  1.05141792e+01  8.94067945e+00
 2.23619048e+00 -7.90551181e+00  1.85879800e+00  1.05139105e+01  8.93509012e+00
 2.23619048e+00 -7.77165354e+00  1.99265479e+00  1.05136499e+01  8.92940340e+00
 2.23619048e+00 -7.63779528e+00  2.12651193e+00  1.05133970e+01  8.92366068e+00
 2.23619048e+00 -7.50393701e+00  2.26036942e+00  1.05131519e+01  8.91782236e+00
 2.23619048e+00 -7.37007874e+00  2.39422725e+00  1.05129143e+01  8.91189561e+00
 2.23619048e+00 -7.23622047e+00  2.52808540e+00  1.05126842e+01  8.90593786e+00
 2.23619048e+00 -7.10236220e+00  2.66194388e+00  1.05124615e+01  8.89986911e+00
 2.23619048e+00 -6.96850394e+00  2.79580270e+00  1.05122459e+01  8.89368297e+00
 2.23619048e+00 -6.83464567e+00  2.92966186e+00  1.05120375e+01  8.88746542e+00
 2.23619048e+00 -6.70078740e+00  3.06352136e+00  1.05118359e+01  8.88116008e+00
 2.23619048e+00 -6.56692913e+00  3.19738121e+00  1.05116354e+01  8.87472816e+00
 2.23619048e+00 -6.43307087e+00  3.33124146e+00  1.05114482e+01  8.86819457e+00
 2.23619048e+00 -6.29921260e+00  3.46510211e+00  1.05112655e+01  8.86158063e+00
 2.23619048e+00 -6.16535433e+00  3.59896320e+00  1.05110892e+01  8.85486606e+00
 2.23619048e+00 -6.03149606e+00  3.73282477e+00  1.05109193e+01  8.84803581e+00
 2.23619048e+00 -5.89763780e+00  3.86668686e+00  1.05107558e+01  8.84126050e+00
 2.23619048e+00 -5.76377953e+00  4.00054951e+00  1.05105983e+01  8.83456712e+00
 2.23619048e+00 -5.62992126e+00  4.13441280e+00  1.05104466e+01  8.82781968e+00
 2.23619048e+00 -5.49606299e+00  4.26827675e+00  1.05103023e+01  8.82099794e+00
 2.23619048e+00 -5.36220472e+00  4.40214154e+00  1.05101617e+01  8.81409143e+00
 2.23619048e+00 -5.22834646e+00  4.53600730e+00  1.05100195e+01  8.80706533e+00
 2.23619048e+00 -5.09448819e+00  4.66987343e+00  1.05098850e+01  8.79987378e+00
 2.23619048e+00 -4.96062992e+00  4.80374157e+00  1.05097630e+01  8.79254741e+00
 2.23619048e+00 -4.82677165e+00  4.93761378e+00  1.05096540e+01  8.78515918e+00
 2.23619048e+00 -4.69291339e+00  5.07148576e+00  1.05095297e+01  8.77766245e+00
 2.23619048e+00 -4.55905512e+00  5.20537323e+00  1.05094016e+01  8.76999683e+00
 2.23619048e+00 -4.42519685e+00  5.33930801e+00  1.05092978e+01  8.76214699e+00
 2.23619048e+00 -4.29133858e+00  5.47329968e+00  1.05092027e+01  8.75420692e+00
 2.23619048e+00 -4.15748031e+00  5.60717486e+00  1.05091052e+01  8.74616367e+00
 2.23619048e+00 -4.02362205e+00  5.74103698e+00  1.05090070e+01  8.73792770e+00
 2.23619048e+00 -3.88976378e+00  5.87637944e+00  1.05089072e+01  8.72953398e+00
 2.23619048e+00 -3.75590551e+00  6.01297789e+00  1.05088128e+01  8.72098088e+00
 2.23619048e+00 -3.62204724e+00  6.14934835e+00  1.05087281e+01  8.71224397e+00
 2.23619048e+00 -3.48818898e+00  6.28572580e+00  1.05086304e+01  8.70336551e+00
 2.23619048e+00 -3.35433071e+00  6.42226047e+00  1.05085200e+01  8.69428656e+00
 2.23619048e+00 -3.22047244e+00  6.55885572e+00  1.05084071e+01  8.68493467e+00
 2.23619048e+00 -3.08661417e+00  6.69555464e+00  1.05082791e+01  8.67539336e+00
 2.23619048e+00 -2.95275591e+00  6.83243536e+00  1.05081451e+01  8.66566686e+00
 2.23619048e+00 -2.81889764e+00  6.96957907e+00  1.05080001e+01  8.65568371e+00
 2.23619048e+00 -2.68503937e+00  7.10706153e+00  1.05077880e+01  8.64536007e+00
 2.23619048e+00 -2.55118110e+00  7.24498957e+00  1.05075109e+01  8.63473501e+00
 2.23619048e+00 -2.41732283e+00  7.38353937e+00  1.05071730e+01  8.62380184e+00
 2.23619048e+00 -2.28346457e+00  7.52298827e+00  1.05067275e+01  8.61240878e+00
 2.23619048e+00 -2.14960630e+00  7.66370623e+00  1.05060979e+01  8.60053916e+00
 2.23619048e+00 -2.01574803e+00  7.80630242e+00  1.05052627e+01  8.58810154e+00
 2.23619048e+00 -1.88188976e+00  7.95170330e+00  1.05042080e+01  8.57487938e+00
 2.23619048e+00 -1.74803150e+00  8.10117265e+00  1.05026744e+01  8.56074532e+00
 2.23619048e+00 -1.61417323e+00  8.25730355e+00  1.05004277e+01  8.54537171e+00
 2.23619048e+00 -1.48031496e+00  8.42465846e+00  1.04978543e+01  8.52806948e+00
 2.23619048e+00 -1.34645669e+00  8.61116674e+00  1.04953733e+01  8.50795146e+00
 2.23619048e+00 -1.21259843e+00  8.83082916e+00  1.04913764e+01  8.48430614e+00
 2.23619048e+00 -1.07874016e+00  9.10199226e+00  1.04897185e+01  8.45468863e+00
 2.23619048e+00 -9.44881890e-01  9.44685466e+00  1.05056718e+01  8.41354972e+00
 2.23619048e+00 -8.11023622e-01  9.87046410e+00  1.05643507e+01  8.35796426e+00
 2.23619048e+00 -6.77165354e-01  1.02940735e+01  1.06230296e+01  8.30237880e+00
 2.23619048e+00 -5.43307087e-01  1.07176830e+01  1.06817085e+01  8.24679334e+00
 2.23619048e+00 -4.09448819e-01  1.11412924e+01  1.07403874e+01  8.19120788e+00
 2.23619048e+00 -2.75590551e-01  1.15649019e+01  1.07990663e+01  8.13562242e+00
 2.23619048e+00 -1.41732283e-01  1.19885113e+01  1.08577452e+01  8.08003696e+00
 2.23619048e+00 -7.87401575e-03  1.24121207e+01  1.09164241e+01  8.02445150e+00
 2.23619048e+00  1.25984252e-01  1.28357302e+01  1.09751030e+01  7.96886604e+00
 2.23619048e+00  2.59842520e-01  1.32593396e+01  1.10337819e+01  7.91328058e+00
 2.23619048e+00  3.93700787e-01  1.36829491e+01  1.10924608e+01  7.85769512e+00
 2.23619048e+00  5.27559055e-01  1.41065585e+01  1.11511397e+01  7.80210966e+00
 2.23619048e+00  6.61417323e-01  1.45301679e+01  1.12098186e+01  7.74652420e+00
 2.23619048e+00  7.95275591e-01  1.49537774e+01  1.12684975e+01  7.69093874e+00
 2.23619048e+00  9.29133858e-01  1.53773868e+01  1.13271764e+01  7.63535328e+00
 2.23619048e+00  1.06299213e+00  1.58009963e+01  1.13858553e+01  7.57976782e+00
 2.23619048e+00  1.19685039e+00  1.62246057e+01  1.14445342e+01  7.52418236e+00
 2.23619048e+00  1.33070866e+00  1.66482151e+01  1.15032131e+01  7.46859690e+00
 2.23619048e+00  1.46456693e+00  1.70718246e+01  1.15618920e+01  7.41301144e+00
 2.23619048e+00  1.59842520e+00  1.74954340e+01  1.16205709e+01  7.35742598e+00
 2.23619048e+00  1.73228346e+00  1.79190434e+01  1.16792498e+01  7.30184052e+00
 2.23619048e+00  1.86614173e+00  1.83426529e+01  1.17379287e+01  7.24625506e+00
 2.23619048e+00  2.00000000e+00  1.87662623e+01  1.17966076e+01  7.19066960e+00
 2.31460317e+00 -1.50000000e+01 -5.15734461e+00  1.05636052e+01  9.16590510e+00
 2.31460317e+00 -1.48661417e+01 -5.02345510e+00  1.05636052e+01  9.16261883e+00
 2.31460317e+00 -1.47322835e+01 -4.88955430e+00  1.05636052e+01  9.15933153e+00
 2.31460317e+00 -1.45984252e+01 -4.75563813e+00  1.05636052e+01  9.15600786e+00
 2.31460317e+00 -1.44645669e+01 -4.62170104e+00  1.05636052e+01  9.15263979e+00
 2.31460317e+00 -1.43307087e+01 -4.48773547e+00  1.05636052e+01  9.14928641e+00
 2.31460317e+00 -1.41968504e+01 -4.35373112e+00  1.05636051e+01  9.14587427e+00
 2.31460317e+00 -1.40629921e+01 -4.21967395e+00  1.05636051e+01  9.14238336e+00
 2.31460317e+00 -1.39291339e+01 -4.08554483e+00  1.05636051e+01  9.13892859e+00
 2.31460317e+00 -1.37952756e+01 -3.95131765e+00  1.05636051e+01  9.13544445e+00
 2.31460317e+00 -1.36614173e+01 -3.81695679e+00  1.05636051e+01  9.13188598e+00
 2.31460317e+00 -1.35275591e+01 -3.68240828e+00  1.05633615e+01  9.12831345e+00
 2.31460317e+00 -1.33937008e+01 -3.54771963e+00  1.05630212e+01  9.12468896e+00
 2.31460317e+00 -1.32598425e+01 -3.41351666e+00  1.05626878e+01  9.12102563e+00
 2.31460317e+00 -1.31259843e+01 -3.27984962e+00  1.05623621e+01  9.11739226e+00
 2.31460317e+00 -1.29921260e+01 -3.14629284e+00  1.05620429e+01  9.11372283e+00
 2.31460317e+00 -1.28582677e+01 -3.01269066e+00  1.05617296e+01  9.10998383e+00
 2.31460317e+00 -1.27244094e+01 -2.87906596e+00  1.05614221e+01  9.10622390e+00
 2.31460317e+00 -1.25905512e+01 -2.74541751e+00  1.05611207e+01  9.10243564e+00
 2.31460317e+00 -1.24566929e+01 -2.61174868e+00  1.05608248e+01  9.09861263e+00
 2.31460317e+00 -1.23228346e+01 -2.47806150e+00  1.05605338e+01  9.09476559e+00
 2.31460317e+00 -1.21889764e+01 -2.34435799e+00  1.05602522e+01  9.09085689e+00
 2.31460317e+00 -1.20551181e+01 -2.21063985e+00  1.05599724e+01  9.08688643e+00
 2.31460317e+00 -1.19212598e+01 -2.07690863e+00  1.05596780e+01  9.08291115e+00
 2.31460317e+00 -1.17874016e+01 -1.94316568e+00  1.05593954e+01  9.07893746e+00
 2.31460317e+00 -1.16535433e+01 -1.80941219e+00  1.05591359e+01  9.07493434e+00
 2.31460317e+00 -1.15196850e+01 -1.67564924e+00  1.05588797e+01  9.07085607e+00
 2.31460317e+00 -1.13858268e+01 -1.54187777e+00  1.05586271e+01  9.06670573e+00
 2.31460317e+00 -1.12519685e+01 -1.40809677e+00  1.05583850e+01  9.06251985e+00
 2.31460317e+00 -1.11181102e+01 -1.27434418e+00  1.05576148e+01  9.05824605e+00
 2.31460317e+00 -1.09842520e+01 -1.14058766e+00  1.05569349e+01  9.05388018e+00
 2.31460317e+00 -1.08503937e+01 -1.00681471e+00  1.05564428e+01  9.04946643e+00
 2.31460317e+00 -1.07165354e+01 -8.73033299e-01  1.05559622e+01  9.04504698e+00
 2.31460317e+00 -1.05826772e+01 -7.39244350e-01  1.05554919e+01  9.04059571e+00
 2.31460317e+00 -1.04488189e+01 -6.05448654e-01  1.05550318e+01  9.03608314e+00
 2.31460317e+00 -1.03149606e+01 -4.71646911e-01  1.05545819e+01  9.03151532e+00
 2.31460317e+00 -1.01811024e+01 -3.37839743e-01  1.05541419e+01  9.02693871e+00
 2.31460317e+00 -1.00472441e+01 -2.04027704e-01  1.05537118e+01  9.02233971e+00
 2.31460317e+00 -9.91338583e+00 -7.02112819e-02  1.05532914e+01  9.01765162e+00
 2.31460317e+00 -9.77952756e+00  6.36090858e-02  1.05528807e+01  9.01291404e+00
 2.31460317e+00 -9.64566929e+00  1.97433012e-01  1.05524794e+01  9.00814912e+00
 2.31460317e+00 -9.51181102e+00  3.31260152e-01  1.05520876e+01  9.00333302e+00
 2.31460317e+00 -9.37795276e+00  4.65090200e-01  1.05517049e+01  8.99846284e+00
 2.31460317e+00 -9.24409449e+00  5.98922882e-01  1.05513315e+01  8.99355780e+00
 2.31460317e+00 -9.11023622e+00  7.32757956e-01  1.05509670e+01  8.98863296e+00
 2.31460317e+00 -8.97637795e+00  8.66595207e-01  1.05506114e+01  8.98362256e+00
 2.31460317e+00 -8.84251969e+00  1.00043444e+00  1.05502647e+01  8.97852882e+00
 2.31460317e+00 -8.70866142e+00  1.13427764e+00  1.05500239e+01  8.97342223e+00
 2.31460317e+00 -8.57480315e+00  1.26811291e+00  1.05494099e+01  8.96819936e+00
 2.31460317e+00 -8.44094488e+00  1.40195352e+00  1.05490297e+01  8.96290847e+00
 2.31460317e+00 -8.30708661e+00  1.53579622e+00  1.05486773e+01  8.95758068e+00
 2.31460317e+00 -8.17322835e+00  1.66964059e+00  1.05483344e+01  8.95221207e+00
 2.31460317e+00 -8.03937008e+00  1.80348649e+00  1.05480007e+01  8.94678662e+00
 2.31460317e+00 -7.90551181e+00  1.93733377e+00  1.05476760e+01  8.94128679e+00
 2.31460317e+00 -7.77165354e+00  2.07118233e+00  1.05473603e+01  8.93569399e+00
 2.31460317e+00 -7.63779528e+00  2.20503208e+00  1.05470535e+01  8.93002755e+00
 2.31460317e+00 -7.50393701e+00  2.33888291e+00  1.05467554e+01  8.92432304e+00
 2.31460317e+00 -7.37007874e+00  2.47273478e+00  1.05464658e+01  8.91854957e+00
 2.31460317e+00 -7.23622047e+00  2.60658761e+00  1.05461848e+01  8.91268222e+00
 2.31460317e+00 -7.10236220e+00  2.74044136e+00  1.05459120e+01  8.90672143e+00
 2.31460317e+00 -6.96850394e+00  2.87429599e+00  1.05456473e+01  8.90068801e+00
 2.31460317e+00 -6.83464567e+00  3.00815146e+00  1.05453907e+01  8.89456907e+00
 2.31460317e+00 -6.70078740e+00  3.14200767e+00  1.05451322e+01  8.88833794e+00
 2.31460317e+00 -6.56692913e+00  3.27586508e+00  1.05449171e+01  8.88203502e+00
 2.31460317e+00 -6.43307087e+00  3.40972313e+00  1.05446915e+01  8.87566908e+00
 2.31460317e+00 -6.29921260e+00  3.54358198e+00  1.05444715e+01  8.86921169e+00
 2.31460317e+00 -6.16535433e+00  3.67744164e+00  1.05442587e+01  8.86261525e+00
 2.31460317e+00 -6.03149606e+00  3.81130215e+00  1.05440530e+01  8.85600170e+00
 2.31460317e+00 -5.89763780e+00  3.94516354e+00  1.05438543e+01  8.84953124e+00
 2.31460317e+00 -5.76377953e+00  4.07902584e+00  1.05436626e+01  8.84305223e+00
 2.31460317e+00 -5.62992126e+00  4.21288912e+00  1.05434773e+01  8.83648473e+00
 2.31460317e+00 -5.49606299e+00  4.34675343e+00  1.05432985e+01  8.82983341e+00
 2.31460317e+00 -5.36220472e+00  4.48061889e+00  1.05431283e+01  8.82304613e+00
 2.31460317e+00 -5.22834646e+00  4.61448553e+00  1.05429649e+01  8.81613600e+00
 2.31460317e+00 -5.09448819e+00  4.74835349e+00  1.05428051e+01  8.80914505e+00
 2.31460317e+00 -4.96062992e+00  4.88222289e+00  1.05426430e+01  8.80203291e+00
 2.31460317e+00 -4.82677165e+00  5.01609240e+00  1.05424944e+01  8.79480952e+00
 2.31460317e+00 -4.69291339e+00  5.14997120e+00  1.05423404e+01  8.78749999e+00
 2.31460317e+00 -4.55905512e+00  5.28389619e+00  1.05421989e+01  8.78004741e+00
 2.31460317e+00 -4.42519685e+00  5.41781083e+00  1.05420683e+01  8.77243439e+00
 2.31460317e+00 -4.29133858e+00  5.55167503e+00  1.05419416e+01  8.76468619e+00
 2.31460317e+00 -4.15748031e+00  5.68564776e+00  1.05418311e+01  8.75683148e+00
 2.31460317e+00 -4.02362205e+00  5.81945278e+00  1.05417126e+01  8.74883530e+00
 2.31460317e+00 -3.88976378e+00  5.95277757e+00  1.05415682e+01  8.74064582e+00
 2.31460317e+00 -3.75590551e+00  6.08602607e+00  1.05414605e+01  8.73227812e+00
 2.31460317e+00 -3.62204724e+00  6.21939728e+00  1.05413673e+01  8.72376541e+00
 2.31460317e+00 -3.48818898e+00  6.35286618e+00  1.05412333e+01  8.71511951e+00
 2.31460317e+00 -3.35433071e+00  6.48639593e+00  1.05411119e+01  8.70628470e+00
 2.31460317e+00 -3.22047244e+00  6.62000137e+00  1.05409994e+01  8.69723886e+00
 2.31460317e+00 -3.08661417e+00  6.75372974e+00  1.05408640e+01  8.68798527e+00
 2.31460317e+00 -2.95275591e+00  6.88762250e+00  1.05407233e+01  8.67851356e+00
 2.31460317e+00 -2.81889764e+00  7.02177211e+00  1.05405647e+01  8.66880211e+00
 2.31460317e+00 -2.68503937e+00  7.15629353e+00  1.05403611e+01  8.65882378e+00
 2.31460317e+00 -2.55118110e+00  7.29127458e+00  1.05401106e+01  8.64855391e+00
 2.31460317e+00 -2.41732283e+00  7.42685631e+00  1.05398037e+01  8.63797780e+00
 2.31460317e+00 -2.28346457e+00  7.56328335e+00  1.05394145e+01  8.62705649e+00
 2.31460317e+00 -2.14960630e+00  7.70096218e+00  1.05389028e+01  8.61568574e+00
 2.31460317e+00 -2.01574803e+00  7.84038783e+00  1.05382317e+01  8.60379666e+00
 2.31460317e+00 -1.88188976e+00  7.98230328e+00  1.05373607e+01  8.59129994e+00
 2.31460317e+00 -1.74803150e+00  8.12793746e+00  1.05362083e+01  8.57801373e+00
 2.31460317e+00 -1.61417323e+00  8.27914827e+00  1.05345362e+01  8.56370095e+00
 2.31460317e+00 -1.48031496e+00  8.43922626e+00  1.05325122e+01  8.54791180e+00
 2.31460317e+00 -1.34645669e+00  8.61381189e+00  1.05305478e+01  8.52997528e+00
 2.31460317e+00 -1.21259843e+00  8.81188622e+00  1.05283021e+01  8.50917023e+00
 2.31460317e+00 -1.07874016e+00  9.04709921e+00  1.05263513e+01  8.48425500e+00
 2.31460317e+00 -9.44881890e-01  9.33712403e+00  1.05331495e+01  8.45216172e+00
 2.31460317e+00 -8.11023622e-01  9.70077229e+00  1.05670669e+01  8.40814676e+00
 2.31460317e+00 -6.77165354e-01  1.01251250e+01  1.06537856e+01  8.35310296e+00
 2.31460317e+00 -5.43307087e-01  1.05494777e+01  1.07405043e+01  8.29805916e+00
 2.31460317e+00 -4.09448819e-01  1.09738304e+01  1.08272230e+01  8.24301536e+00
 2.31460317e+00 -2.75590551e-01  1.13981831e+01  1.09139417e+01  8.18797156e+00
 2.31460317e+00 -1.41732283e-01  1.18225358e+01  1.10006604e+01  8.13292776e+00
 2.31460317e+00 -7.87401575e-03  1.22468885e+01  1.10873791e+01  8.07788396e+00
 2.31460317e+00  1.25984252e-01  1.26712413e+01  1.11740978e+01  8.02284016e+00
 2.31460317e+00  2.59842520e-01  1.30955940e+01  1.12608165e+01  7.96779636e+00
 2.31460317e+00  3.93700787e-01  1.35199467e+01  1.13475352e+01  7.91275256e+00
 2.31460317e+00  5.27559055e-01  1.39442994e+01  1.14342539e+01  7.85770876e+00
 2.31460317e+00  6.61417323e-01  1.43686521e+01  1.15209726e+01  7.80266496e+00
 2.31460317e+00  7.95275591e-01  1.47930048e+01  1.16076913e+01  7.74762116e+00
 2.31460317e+00  9.29133858e-01  1.52173575e+01  1.16944100e+01  7.69257736e+00
 2.31460317e+00  1.06299213e+00  1.56417102e+01  1.17811287e+01  7.63753356e+00
 2.31460317e+00  1.19685039e+00  1.60660629e+01  1.18678474e+01  7.58248976e+00
 2.31460317e+00  1.33070866e+00  1.64904156e+01  1.19545661e+01  7.52744596e+00
 2.31460317e+00  1.46456693e+00  1.69147683e+01  1.20412848e+01  7.47240216e+00
 2.31460317e+00  1.59842520e+00  1.73391211e+01  1.21280035e+01  7.41735836e+00
 2.31460317e+00  1.73228346e+00  1.77634737e+01  1.22147222e+01  7.36231456e+00
 2.31460317e+00  1.86614173e+00  1.81878265e+01  1.23014409e+01  7.30727076e+00
 2.31460317e+00  2.00000000e+00  1.86121792e+01  1.23881596e+01  7.25222696e+00
 2.39301587e+00 -1.50000000e+01 -5.07891415e+00  1.05988123e+01  9.16940052e+00
 2.39301587e+00 -1.48661417e+01 -4.94502464e+00  1.05988123e+01  9.16613604e+00
 2.39301587e+00 -1.47322835e+01 -4.81112386e+00  1.05988124e+01  9.16285056e+00
 2.39301587e+00 -1.45984252e+01 -4.67720774e+00  1.05988124e+01  9.15955164e+00
 2.39301587e+00 -1.44645669e+01 -4.54327074e+00  1.05988124e+01  9.15623335e+00
 2.39301587e+00 -1.43307087e+01 -4.40930532e+00  1.05988124e+01  9.15288168e+00
 2.39301587e+00 -1.41968504e+01 -4.27530119e+00  1.05988125e+01  9.14948721e+00
 2.39301587e+00 -1.40629921e+01 -4.14124433e+00  1.05988125e+01  9.14608540e+00
 2.39301587e+00 -1.39291339e+01 -4.00711566e+00  1.05988126e+01  9.14266537e+00
 2.39301587e+00 -1.37952756e+01 -3.87288911e+00  1.05988126e+01  9.13917066e+00
 2.39301587e+00 -1.36614173e+01 -3.73852773e+00  1.05991147e+01  9.13562799e+00
 2.39301587e+00 -1.35275591e+01 -3.60398572e+00  1.05989884e+01  9.13207553e+00
 2.39301587e+00 -1.33937008e+01 -3.46925837e+00  1.05988779e+01  9.12846181e+00
 2.39301587e+00 -1.32598425e+01 -3.33475193e+00  1.05987697e+01  9.12484971e+00
 2.39301587e+00 -1.31259843e+01 -3.20078598e+00  1.05986639e+01  9.12125330e+00
 2.39301587e+00 -1.29921260e+01 -3.06700109e+00  1.05985599e+01  9.11760611e+00
 2.39301587e+00 -1.28582677e+01 -2.93320803e+00  1.05984573e+01  9.11391076e+00
 2.39301587e+00 -1.27244094e+01 -2.79941589e+00  1.05983562e+01  9.11017065e+00
 2.39301587e+00 -1.25905512e+01 -2.66562070e+00  1.05982565e+01  9.10638172e+00
 2.39301587e+00 -1.24566929e+01 -2.53182354e+00  1.05981577e+01  9.10259445e+00
 2.39301587e+00 -1.23228346e+01 -2.39802415e+00  1.05980612e+01  9.09879540e+00
 2.39301587e+00 -1.21889764e+01 -2.26422271e+00  1.05979673e+01  9.09492236e+00
 2.39301587e+00 -1.20551181e+01 -2.13041924e+00  1.05978661e+01  9.09101400e+00
 2.39301587e+00 -1.19212598e+01 -1.99661384e+00  1.05977619e+01  9.08709229e+00
 2.39301587e+00 -1.17874016e+01 -1.86280656e+00  1.05976694e+01  9.08313703e+00
 2.39301587e+00 -1.16535433e+01 -1.72899747e+00  1.05975806e+01  9.07912027e+00
 2.39301587e+00 -1.15196850e+01 -1.59518662e+00  1.05974911e+01  9.07505443e+00
 2.39301587e+00 -1.13858268e+01 -1.46137315e+00  1.05974023e+01  9.07098005e+00
 2.39301587e+00 -1.12519685e+01 -1.32759297e+00  1.05971071e+01  9.06686560e+00
 2.39301587e+00 -1.11181102e+01 -1.19392162e+00  1.05963360e+01  9.06258295e+00
 2.39301587e+00 -1.09842520e+01 -1.06019772e+00  1.05959843e+01  9.05824006e+00
 2.39301587e+00 -1.08503937e+01 -9.26467720e-01  1.05956366e+01  9.05389398e+00
 2.39301587e+00 -1.07165354e+01 -7.92731558e-01  1.05952954e+01  9.04954970e+00
 2.39301587e+00 -1.05826772e+01 -6.58989419e-01  1.05949610e+01  9.04513617e+00
 2.39301587e+00 -1.04488189e+01 -5.25241517e-01  1.05946331e+01  9.04067760e+00
 2.39301587e+00 -1.03149606e+01 -3.91488061e-01  1.05943119e+01  9.03620565e+00
 2.39301587e+00 -1.01811024e+01 -2.57729259e-01  1.05939972e+01  9.03171781e+00
 2.39301587e+00 -1.00472441e+01 -1.23965318e-01  1.05936889e+01  9.02714296e+00
 2.39301587e+00 -9.91338583e+00  9.80355904e-03  1.05933870e+01  9.02249742e+00
 2.39301587e+00 -9.77952756e+00  1.43577175e-01  1.05930914e+01  9.01785327e+00
 2.39301587e+00 -9.64566929e+00  2.77355335e-01  1.05928020e+01  9.01318849e+00
 2.39301587e+00 -9.51181102e+00  4.11137852e-01  1.05925188e+01  9.00846507e+00
 2.39301587e+00 -9.37795276e+00  5.44924542e-01  1.05922417e+01  9.00366567e+00
 2.39301587e+00 -9.24409449e+00  6.78715230e-01  1.05919707e+01  8.99882570e+00
 2.39301587e+00 -9.11023622e+00  8.12509745e-01  1.05917055e+01  8.99394406e+00
 2.39301587e+00 -8.97637795e+00  9.46307927e-01  1.05914464e+01  8.98899892e+00
 2.39301587e+00 -8.84251969e+00  1.08011528e+00  1.05912010e+01  8.98401621e+00
 2.39301587e+00 -8.70866142e+00  1.21381422e+00  1.05899560e+01  8.97887634e+00
 2.39301587e+00 -8.57480315e+00  1.34752623e+00  1.05893794e+01  8.97369186e+00
 2.39301587e+00 -8.44094488e+00  1.48126214e+00  1.05889125e+01  8.96846817e+00
 2.39301587e+00 -8.30708661e+00  1.61501367e+00  1.05884583e+01  8.96321900e+00
 2.39301587e+00 -8.17322835e+00  1.74877867e+00  1.05880163e+01  8.95793309e+00
 2.39301587e+00 -8.03937008e+00  1.88255529e+00  1.05875864e+01  8.95255857e+00
 2.39301587e+00 -7.90551181e+00  2.01634198e+00  1.05871684e+01  8.94711747e+00
 2.39301587e+00 -7.77165354e+00  2.15013743e+00  1.05867621e+01  8.94164567e+00
 2.39301587e+00 -7.63779528e+00  2.28394053e+00  1.05863674e+01  8.93606114e+00
 2.39301587e+00 -7.50393701e+00  2.41775031e+00  1.05859840e+01  8.93040193e+00
 2.39301587e+00 -7.37007874e+00  2.55156597e+00  1.05856119e+01  8.92473879e+00
 2.39301587e+00 -7.23622047e+00  2.68538681e+00  1.05852508e+01  8.91896783e+00
 2.39301587e+00 -7.10236220e+00  2.81921225e+00  1.05849005e+01  8.91309354e+00
 2.39301587e+00 -6.96850394e+00  2.95304177e+00  1.05845609e+01  8.90717869e+00
 2.39301587e+00 -6.83464567e+00  3.08687528e+00  1.05842322e+01  8.90118875e+00
 2.39301587e+00 -6.70078740e+00  3.22070952e+00  1.05838405e+01  8.89510338e+00
 2.39301587e+00 -6.56692913e+00  3.35454853e+00  1.05835356e+01  8.88893772e+00
 2.39301587e+00 -6.43307087e+00  3.48838991e+00  1.05832181e+01  8.88269650e+00
 2.39301587e+00 -6.29921260e+00  3.62223387e+00  1.05829111e+01  8.87634820e+00
 2.39301587e+00 -6.16535433e+00  3.75608022e+00  1.05826144e+01  8.86991138e+00
 2.39301587e+00 -6.03149606e+00  3.88992881e+00  1.05823277e+01  8.86357428e+00
 2.39301587e+00 -5.89763780e+00  4.02377952e+00  1.05820508e+01  8.85730300e+00
 2.39301587e+00 -5.76377953e+00  4.15763224e+00  1.05817837e+01  8.85095875e+00
 2.39301587e+00 -5.62992126e+00  4.29148685e+00  1.05815262e+01  8.84452950e+00
 2.39301587e+00 -5.49606299e+00  4.42534350e+00  1.05812777e+01  8.83800895e+00
 2.39301587e+00 -5.36220472e+00  4.55920207e+00  1.05810377e+01  8.83138183e+00
 2.39301587e+00 -5.22834646e+00  4.69306177e+00  1.05808069e+01  8.82463427e+00
 2.39301587e+00 -5.09448819e+00  4.82692534e+00  1.05805940e+01  8.81778787e+00
 2.39301587e+00 -4.96062992e+00  4.96079176e+00  1.05803924e+01  8.81085347e+00
 2.39301587e+00 -4.82677165e+00  5.09464998e+00  1.05801945e+01  8.80378043e+00
 2.39301587e+00 -4.69291339e+00  5.22854200e+00  1.05800053e+01  8.79660469e+00
 2.39301587e+00 -4.55905512e+00  5.36248335e+00  1.05798213e+01  8.78934592e+00
 2.39301587e+00 -4.42519685e+00  5.49638050e+00  1.05796451e+01  8.78189129e+00
 2.39301587e+00 -4.29133858e+00  5.63026712e+00  1.05794760e+01  8.77429065e+00
 2.39301587e+00 -4.15748031e+00  5.76422875e+00  1.05793134e+01  8.76662639e+00
 2.39301587e+00 -4.02362205e+00  5.89828978e+00  1.05791595e+01  8.75884086e+00
 2.39301587e+00 -3.88976378e+00  6.03243620e+00  1.05790014e+01  8.75087964e+00
 2.39301587e+00 -3.75590551e+00  6.16663733e+00  1.05788361e+01  8.74273624e+00
 2.39301587e+00 -3.62204724e+00  6.30086979e+00  1.05786963e+01  8.73446714e+00
 2.39301587e+00 -3.48818898e+00  6.43516997e+00  1.05785625e+01  8.72605244e+00
 2.39301587e+00 -3.35433071e+00  6.56957651e+00  1.05784127e+01  8.71744819e+00
 2.39301587e+00 -3.22047244e+00  6.70407941e+00  1.05782689e+01  8.70864847e+00
 2.39301587e+00 -3.08661417e+00  6.83870534e+00  1.05781223e+01  8.69966099e+00
 2.39301587e+00 -2.95275591e+00  6.97351434e+00  1.05779599e+01  8.69047605e+00
 2.39301587e+00 -2.81889764e+00  7.10859372e+00  1.05777883e+01  8.68104966e+00
 2.39301587e+00 -2.68503937e+00  7.24406740e+00  1.05775909e+01  8.67136791e+00
 2.39301587e+00 -2.55118110e+00  7.38006207e+00  1.05773554e+01  8.66142349e+00
 2.39301587e+00 -2.41732283e+00  7.51671355e+00  1.05770932e+01  8.65118969e+00
 2.39301587e+00 -2.28346457e+00  7.65434363e+00  1.05767583e+01  8.64059971e+00
 2.39301587e+00 -2.14960630e+00  7.79335388e+00  1.05763183e+01  8.62960308e+00
 2.39301587e+00 -2.01574803e+00  7.93423357e+00  1.05757808e+01  8.61815816e+00
 2.39301587e+00 -1.88188976e+00  8.07786917e+00  1.05751113e+01  8.60606255e+00
 2.39301587e+00 -1.74803150e+00  8.22547335e+00  1.05741949e+01  8.59321402e+00
 2.39301587e+00 -1.61417323e+00  8.37894231e+00  1.05729221e+01  8.57948745e+00
 2.39301587e+00 -1.48031496e+00  8.54172742e+00  1.05714345e+01  8.56431402e+00
 2.39301587e+00 -1.34645669e+00  8.71907847e+00  1.05702657e+01  8.54718832e+00
 2.39301587e+00 -1.21259843e+00  8.91956024e+00  1.05690610e+01  8.52740933e+00
 2.39301587e+00 -1.07874016e+00  9.15545103e+00  1.05694802e+01  8.50365555e+00
 2.39301587e+00 -9.44881890e-01  9.44391085e+00  1.05795909e+01  8.47319670e+00
 2.39301587e+00 -8.11023622e-01  9.80249068e+00  1.06167293e+01  8.43227758e+00
 2.39301587e+00 -6.77165354e-01  1.02203972e+01  1.07075428e+01  8.38126951e+00
 2.39301587e+00 -5.43307087e-01  1.06383037e+01  1.07983563e+01  8.33026144e+00
 2.39301587e+00 -4.09448819e-01  1.10562102e+01  1.08891698e+01  8.27925337e+00
 2.39301587e+00 -2.75590551e-01  1.14741168e+01  1.09799833e+01  8.22824530e+00
 2.39301587e+00 -1.41732283e-01  1.18920233e+01  1.10707968e+01  8.17723723e+00
 2.39301587e+00 -7.87401575e-03  1.23099298e+01  1.11616103e+01  8.12622916e+00
 2.39301587e+00  1.25984252e-01  1.27278363e+01  1.12524238e+01  8.07522109e+00
 2.39301587e+00  2.59842520e-01  1.31457428e+01  1.13432373e+01  8.02421302e+00
 2.39301587e+00  3.93700787e-01  1.35636494e+01  1.14340508e+01  7.97320495e+00
 2.39301587e+00  5.27559055e-01  1.39815559e+01  1.15248643e+01  7.92219688e+00
 2.39301587e+00  6.61417323e-01  1.43994624e+01  1.16156778e+01  7.87118881e+00
 2.39301587e+00  7.95275591e-01  1.48173689e+01  1.17064913e+01  7.82018074e+00
 2.39301587e+00  9.29133858e-01  1.52352754e+01  1.17973048e+01  7.76917267e+00
 2.39301587e+00  1.06299213e+00  1.56531820e+01  1.18881183e+01  7.71816460e+00
 2.39301587e+00  1.19685039e+00  1.60710885e+01  1.19789318e+01  7.66715653e+00
 2.39301587e+00  1.33070866e+00  1.64889950e+01  1.20697453e+01  7.61614846e+00
 2.39301587e+00  1.46456693e+00  1.69069015e+01  1.21605588e+01  7.56514039e+00
 2.39301587e+00  1.59842520e+00  1.73248080e+01  1.22513723e+01  7.51413232e+00
 2.39301587e+00  1.73228346e+00  1.77427145e+01  1.23421858e+01  7.46312425e+00
 2.39301587e+00  1.86614173e+00  1.81606211e+01  1.24329993e+01  7.41211618e+00
 2.39301587e+00  2.00000000e+00  1.85785276e+01  1.25238128e+01  7.36110811e+00
 2.47142857e+00 -1.50000000e+01 -5.00050522e+00  1.06396062e+01  9.17321269e+00
 2.47142857e+00 -1.48661417e+01 -4.86661590e+00  1.06396061e+01  9.16997943e+00
 2.47142857e+00 -1.47322835e+01 -4.73271530e+00  1.06396060e+01  9.16673764e+00
 2.47142857e+00 -1.45984252e+01 -4.59879935e+00  1.06396059e+01  9.16348568e+00
 2.47142857e+00 -1.44645669e+01 -4.46486250e+00  1.06396058e+01  9.16017648e+00
 2.47142857e+00 -1.43307087e+01 -4.33089720e+00  1.06396056e+01  9.15687486e+00
 2.47142857e+00 -1.41968504e+01 -4.19689315e+00  1.06396054e+01  9.15357548e+00
 2.47142857e+00 -1.40629921e+01 -4.06283635e+00  1.06396052e+01  9.15020367e+00
 2.47142857e+00 -1.39291339e+01 -3.92870767e+00  1.06396050e+01  9.14677798e+00
 2.47142857e+00 -1.37952756e+01 -3.79448107e+00  1.06396236e+01  9.14333490e+00
 2.47142857e+00 -1.36614173e+01 -3.66012056e+00  1.06396331e+01  9.13985451e+00
 2.47142857e+00 -1.35275591e+01 -3.52558045e+00  1.06395562e+01  9.13633166e+00
 2.47142857e+00 -1.33937008e+01 -3.39080358e+00  1.06394797e+01  9.13275718e+00
 2.47142857e+00 -1.32598425e+01 -3.25615062e+00  1.06394044e+01  9.12915959e+00
 2.47142857e+00 -1.31259843e+01 -3.12204762e+00  1.06393305e+01  9.12555843e+00
 2.47142857e+00 -1.29921260e+01 -2.98819917e+00  1.06392576e+01  9.12193812e+00
 2.47142857e+00 -1.28582677e+01 -2.85435304e+00  1.06391855e+01  9.11827536e+00
 2.47142857e+00 -1.27244094e+01 -2.72050624e+00  1.06391138e+01  9.11456199e+00
 2.47142857e+00 -1.25905512e+01 -2.58665989e+00  1.06390428e+01  9.11082431e+00
 2.47142857e+00 -1.24566929e+01 -2.45281366e+00  1.06389725e+01  9.10709082e+00
 2.47142857e+00 -1.23228346e+01 -2.31896762e+00  1.06389023e+01  9.10332317e+00
 2.47142857e+00 -1.21889764e+01 -2.18512176e+00  1.06388338e+01  9.09951118e+00
 2.47142857e+00 -1.20551181e+01 -2.05127609e+00  1.06387685e+01  9.09566329e+00
 2.47142857e+00 -1.19212598e+01 -1.91743061e+00  1.06387020e+01  9.09175589e+00
 2.47142857e+00 -1.17874016e+01 -1.78358533e+00  1.06386341e+01  9.08780707e+00
 2.47142857e+00 -1.16535433e+01 -1.64974026e+00  1.06385672e+01  9.08385296e+00
 2.47142857e+00 -1.15196850e+01 -1.51589538e+00  1.06385010e+01  9.07988243e+00
 2.47142857e+00 -1.13858268e+01 -1.38204513e+00  1.06384445e+01  9.07587935e+00
 2.47142857e+00 -1.12519685e+01 -1.24825997e+00  1.06381529e+01  9.07178193e+00
 2.47142857e+00 -1.11181102e+01 -1.11445240e+00  1.06380249e+01  9.06763462e+00
 2.47142857e+00 -1.09842520e+01 -9.80645934e-01  1.06378902e+01  9.06344438e+00
 2.47142857e+00 -1.08503937e+01 -8.46839205e-01  1.06377571e+01  9.05923239e+00
 2.47142857e+00 -1.07165354e+01 -7.13032100e-01  1.06376261e+01  9.05497401e+00
 2.47142857e+00 -1.05826772e+01 -5.79224576e-01  1.06374970e+01  9.05066920e+00
 2.47142857e+00 -1.04488189e+01 -4.45416587e-01  1.06373701e+01  9.04632910e+00
 2.47142857e+00 -1.03149606e+01 -3.11608093e-01  1.06372451e+01  9.04194085e+00
 2.47142857e+00 -1.01811024e+01 -1.77799057e-01  1.06371222e+01  9.03751586e+00
 2.47142857e+00 -1.00472441e+01 -4.39894430e-02  1.06370013e+01  9.03306840e+00
 2.47142857e+00 -9.91338583e+00  8.98207821e-02  1.06368824e+01  9.02857593e+00
 2.47142857e+00 -9.77952756e+00  2.23631649e-01  1.06367655e+01  9.02403039e+00
 2.47142857e+00 -9.64566929e+00  3.57443187e-01  1.06366505e+01  9.01943324e+00
 2.47142857e+00 -9.51181102e+00  4.91255422e-01  1.06365376e+01  9.01477954e+00
 2.47142857e+00 -9.37795276e+00  6.25068379e-01  1.06364266e+01  9.01008049e+00
 2.47142857e+00 -9.24409449e+00  7.58882079e-01  1.06363177e+01  9.00533858e+00
 2.47142857e+00 -9.11023622e+00  8.92696525e-01  1.06362108e+01  9.00051906e+00
 2.47142857e+00 -8.97637795e+00  1.02651500e+00  1.06360948e+01  8.99566103e+00
 2.47142857e+00 -8.84251969e+00  1.16019895e+00  1.06353647e+01  8.99070320e+00
 2.47142857e+00 -8.70866142e+00  1.29358961e+00  1.06340666e+01  8.98552596e+00
 2.47142857e+00 -8.57480315e+00  1.42713091e+00  1.06336319e+01  8.98038623e+00
 2.47142857e+00 -8.44094488e+00  1.56071705e+00  1.06331980e+01  8.97523125e+00
 2.47142857e+00 -8.30708661e+00  1.69434213e+00  1.06327766e+01  8.97000801e+00
 2.47142857e+00 -8.17322835e+00  1.82799995e+00  1.06323671e+01  8.96474354e+00
 2.47142857e+00 -8.03937008e+00  1.96168545e+00  1.06319691e+01  8.95946839e+00
 2.47142857e+00 -7.90551181e+00  2.09539441e+00  1.06315825e+01  8.95410676e+00
 2.47142857e+00 -7.77165354e+00  2.22912336e+00  1.06312072e+01  8.94864399e+00
 2.47142857e+00 -7.63779528e+00  2.36286938e+00  1.06308429e+01  8.94311970e+00
 2.47142857e+00 -7.50393701e+00  2.49663004e+00  1.06304896e+01  8.93758660e+00
 2.47142857e+00 -7.37007874e+00  2.63040332e+00  1.06301471e+01  8.93199925e+00
 2.47142857e+00 -7.23622047e+00  2.76418750e+00  1.06298151e+01  8.92630470e+00
 2.47142857e+00 -7.10236220e+00  2.89798116e+00  1.06294936e+01  8.92054382e+00
 2.47142857e+00 -6.96850394e+00  3.03178312e+00  1.06291828e+01  8.91470996e+00
 2.47142857e+00 -6.83464567e+00  3.16558268e+00  1.06287012e+01  8.90877644e+00
 2.47142857e+00 -6.70078740e+00  3.29937620e+00  1.06280275e+01  8.90276679e+00
 2.47142857e+00 -6.56692913e+00  3.43318491e+00  1.06275711e+01  8.89672220e+00
 2.47142857e+00 -6.43307087e+00  3.56700050e+00  1.06271301e+01  8.89058916e+00
 2.47142857e+00 -6.29921260e+00  3.70082211e+00  1.06267041e+01  8.88429592e+00
 2.47142857e+00 -6.16535433e+00  3.83464899e+00  1.06262928e+01  8.87802079e+00
 2.47142857e+00 -6.03149606e+00  3.96848058e+00  1.06258961e+01  8.87189849e+00
 2.47142857e+00 -5.89763780e+00  4.10231638e+00  1.06255134e+01  8.86575099e+00
 2.47142857e+00 -5.76377953e+00  4.23615593e+00  1.06251447e+01  8.85951891e+00
 2.47142857e+00 -5.62992126e+00  4.36999896e+00  1.06247897e+01  8.85321504e+00
 2.47142857e+00 -5.49606299e+00  4.50384549e+00  1.06244481e+01  8.84683775e+00
 2.47142857e+00 -5.36220472e+00  4.63769417e+00  1.06241195e+01  8.84033817e+00
 2.47142857e+00 -5.22834646e+00  4.77154648e+00  1.06238149e+01  8.83369765e+00
 2.47142857e+00 -5.09448819e+00  4.90540404e+00  1.06234832e+01  8.82697724e+00
 2.47142857e+00 -4.96062992e+00  5.03925267e+00  1.06231851e+01  8.82017783e+00
 2.47142857e+00 -4.82677165e+00  5.17310856e+00  1.06229001e+01  8.81327033e+00
 2.47142857e+00 -4.69291339e+00  5.30704016e+00  1.06226274e+01  8.80624284e+00
 2.47142857e+00 -4.55905512e+00  5.44095856e+00  1.06223675e+01  8.79910054e+00
 2.47142857e+00 -4.42519685e+00  5.57481080e+00  1.06221188e+01  8.79184878e+00
 2.47142857e+00 -4.29133858e+00  5.70870430e+00  1.06218780e+01  8.78448073e+00
 2.47142857e+00 -4.15748031e+00  5.84259598e+00  1.06216560e+01  8.77698772e+00
 2.47142857e+00 -4.02362205e+00  5.97646428e+00  1.06214445e+01  8.76935955e+00
 2.47142857e+00 -3.88976378e+00  6.11041574e+00  1.06212051e+01  8.76158398e+00
 2.47142857e+00 -3.75590551e+00  6.24440210e+00  1.06209865e+01  8.75365315e+00
 2.47142857e+00 -3.62204724e+00  6.37838206e+00  1.06208091e+01  8.74556343e+00
 2.47142857e+00 -3.48818898e+00  6.51242903e+00  1.06206328e+01  8.73731834e+00
 2.47142857e+00 -3.35433071e+00  6.64657043e+00  1.06204522e+01  8.72893952e+00
 2.47142857e+00 -3.22047244e+00  6.78082796e+00  1.06202738e+01  8.72040879e+00
 2.47142857e+00 -3.08661417e+00  6.91524521e+00  1.06200947e+01  8.71165495e+00
 2.47142857e+00 -2.95275591e+00  7.04984608e+00  1.06199115e+01  8.70271249e+00
 2.47142857e+00 -2.81889764e+00  7.18471810e+00  1.06197181e+01  8.69359561e+00
 2.47142857e+00 -2.68503937e+00  7.32003233e+00  1.06195096e+01  8.68423245e+00
 2.47142857e+00 -2.55118110e+00  7.45585716e+00  1.06192963e+01  8.67456860e+00
 2.47142857e+00 -2.41732283e+00  7.59235084e+00  1.06190612e+01  8.66461244e+00
 2.47142857e+00 -2.28346457e+00  7.72985097e+00  1.06187579e+01  8.65440330e+00
 2.47142857e+00 -2.14960630e+00  7.86875885e+00  1.06184003e+01  8.64380206e+00
 2.47142857e+00 -2.01574803e+00  8.00961102e+00  1.06179801e+01  8.63271403e+00
 2.47142857e+00 -1.88188976e+00  8.15319368e+00  1.06174510e+01  8.62111159e+00
 2.47142857e+00 -1.74803150e+00  8.30075749e+00  1.06167945e+01  8.60883393e+00
 2.47142857e+00 -1.61417323e+00  8.45417437e+00  1.06159250e+01  8.59565710e+00
 2.47142857e+00 -1.48031496e+00  8.61641396e+00  1.06149930e+01  8.58127242e+00
 2.47142857e+00 -1.34645669e+00  8.79230025e+00  1.06144559e+01  8.56521890e+00
 2.47142857e+00 -1.21259843e+00  8.98919244e+00  1.06143361e+01  8.54677733e+00
 2.47142857e+00 -1.07874016e+00  9.21780899e+00  1.06162839e+01  8.52466583e+00
 2.47142857e+00 -9.44881890e-01  9.49332735e+00  1.06270250e+01  8.49711471e+00
 2.47142857e+00 -8.11023622e-01  9.83250289e+00  1.06610384e+01  8.46123946e+00
 2.47142857e+00 -6.77165354e-01  1.02287466e+01  1.07436524e+01  8.41542313e+00
 2.47142857e+00 -5.43307087e-01  1.06539007e+01  1.09118449e+01  8.35984266e+00
 2.47142857e+00 -4.09448819e-01  1.10790548e+01  1.10800374e+01  8.30426219e+00
 2.47142857e+00 -2.75590551e-01  1.15042089e+01  1.12482299e+01  8.24868172e+00
 2.47142857e+00 -1.41732283e-01  1.19293630e+01  1.14164224e+01  8.19310125e+00
 2.47142857e+00 -7.87401575e-03  1.23545171e+01  1.15846149e+01  8.13752078e+00
 2.47142857e+00  1.25984252e-01  1.27796712e+01  1.17528074e+01  8.08194031e+00
 2.47142857e+00  2.59842520e-01  1.32048253e+01  1.19209999e+01  8.02635984e+00
 2.47142857e+00  3.93700787e-01  1.36299794e+01  1.20891924e+01  7.97077937e+00
 2.47142857e+00  5.27559055e-01  1.40551335e+01  1.22573849e+01  7.91519890e+00
 2.47142857e+00  6.61417323e-01  1.44802876e+01  1.24255774e+01  7.85961843e+00
 2.47142857e+00  7.95275591e-01  1.49054417e+01  1.25937699e+01  7.80403796e+00
 2.47142857e+00  9.29133858e-01  1.53305958e+01  1.27619624e+01  7.74845749e+00
 2.47142857e+00  1.06299213e+00  1.57557499e+01  1.29301549e+01  7.69287701e+00
 2.47142857e+00  1.19685039e+00  1.61809040e+01  1.30983474e+01  7.63729655e+00
 2.47142857e+00  1.33070866e+00  1.66060581e+01  1.32665399e+01  7.58171608e+00
 2.47142857e+00  1.46456693e+00  1.70312122e+01  1.34347324e+01  7.52613561e+00
 2.47142857e+00  1.59842520e+00  1.74563663e+01  1.36029249e+01  7.47055513e+00
 2.47142857e+00  1.73228346e+00  1.78815204e+01  1.37711174e+01  7.41497467e+00
 2.47142857e+00  1.86614173e+00  1.83066745e+01  1.39393099e+01  7.35939420e+00
 2.47142857e+00  2.00000000e+00  1.87318286e+01  1.41075024e+01  7.30381372e+00
 2.54984127e+00 -1.50000000e+01 -4.92209583e+00  1.06845771e+01  9.17693911e+00
 2.54984127e+00 -1.48661417e+01 -4.78820575e+00  1.06845774e+01  9.17377245e+00
 2.54984127e+00 -1.47322835e+01 -4.65430441e+00  1.06845779e+01  9.17060813e+00
 2.54984127e+00 -1.45984252e+01 -4.52038775e+00  1.06845784e+01  9.16740111e+00
 2.54984127e+00 -1.44645669e+01 -4.38645024e+00  1.06845791e+01  9.16413938e+00
 2.54984127e+00 -1.43307087e+01 -4.25248432e+00  1.06845798e+01  9.16084786e+00
 2.54984127e+00 -1.41968504e+01 -4.11847972e+00  1.06845806e+01  9.15755957e+00
 2.54984127e+00 -1.40629921e+01 -3.98442243e+00  1.06845814e+01  9.15424583e+00
 2.54984127e+00 -1.39291339e+01 -3.85029333e+00  1.06845822e+01  9.15086713e+00
 2.54984127e+00 -1.37952756e+01 -3.71606639e+00  1.06846826e+01  9.14745910e+00
 2.54984127e+00 -1.36614173e+01 -3.58170619e+00  1.06845847e+01  9.14402061e+00
 2.54984127e+00 -1.35275591e+01 -3.44716234e+00  1.06844926e+01  9.14052542e+00
 2.54984127e+00 -1.33937008e+01 -3.31237378e+00  1.06844011e+01  9.13696910e+00
 2.54984127e+00 -1.32598425e+01 -3.17764335e+00  1.06843106e+01  9.13340167e+00
 2.54984127e+00 -1.31259843e+01 -3.04343765e+00  1.06842213e+01  9.12986253e+00
 2.54984127e+00 -1.29921260e+01 -2.90960016e+00  1.06841330e+01  9.12628244e+00
 2.54984127e+00 -1.28582677e+01 -2.77575410e+00  1.06840454e+01  9.12263828e+00
 2.54984127e+00 -1.27244094e+01 -2.64191115e+00  1.06839583e+01  9.11896286e+00
 2.54984127e+00 -1.25905512e+01 -2.50806755e+00  1.06838719e+01  9.11529281e+00
 2.54984127e+00 -1.24566929e+01 -2.37422436e+00  1.06837862e+01  9.11160653e+00
 2.54984127e+00 -1.23228346e+01 -2.24038130e+00  1.06837011e+01  9.10786953e+00
 2.54984127e+00 -1.21889764e+01 -2.10653841e+00  1.06836159e+01  9.10409730e+00
 2.54984127e+00 -1.20551181e+01 -1.97269568e+00  1.06835312e+01  9.10027542e+00
 2.54984127e+00 -1.19212598e+01 -1.83885313e+00  1.06834481e+01  9.09639939e+00
 2.54984127e+00 -1.17874016e+01 -1.70501073e+00  1.06833656e+01  9.09252684e+00
 2.54984127e+00 -1.16535433e+01 -1.57116850e+00  1.06832837e+01  9.08863929e+00
 2.54984127e+00 -1.15196850e+01 -1.43732655e+00  1.06832023e+01  9.08469619e+00
 2.54984127e+00 -1.13858268e+01 -1.30348515e+00  1.06831203e+01  9.08071319e+00
 2.54984127e+00 -1.12519685e+01 -1.16964541e+00  1.06830348e+01  9.07669862e+00
 2.54984127e+00 -1.11181102e+01 -1.03580528e+00  1.06829532e+01  9.07264546e+00
 2.54984127e+00 -1.09842520e+01 -9.01965278e-01  1.06828727e+01  9.06852692e+00
 2.54984127e+00 -1.08503937e+01 -7.68125465e-01  1.06827929e+01  9.06438452e+00
 2.54984127e+00 -1.07165354e+01 -6.34285827e-01  1.06827139e+01  9.06023888e+00
 2.54984127e+00 -1.05826772e+01 -5.00446384e-01  1.06826358e+01  9.05600571e+00
 2.54984127e+00 -1.04488189e+01 -3.66607141e-01  1.06825584e+01  9.05171024e+00
 2.54984127e+00 -1.03149606e+01 -2.32768099e-01  1.06824820e+01  9.04741491e+00
 2.54984127e+00 -1.01811024e+01 -9.89292746e-02  1.06824063e+01  9.04312066e+00
 2.54984127e+00 -1.00472441e+01  3.49093255e-02  1.06823315e+01  9.03875246e+00
 2.54984127e+00 -9.91338583e+00  1.68747695e-01  1.06822575e+01  9.03428137e+00
 2.54984127e+00 -9.77952756e+00  3.02585821e-01  1.06821844e+01  9.02981241e+00
 2.54984127e+00 -9.64566929e+00  4.36423694e-01  1.06821122e+01  9.02530343e+00
 2.54984127e+00 -9.51181102e+00  5.70261303e-01  1.06820409e+01  9.02071084e+00
 2.54984127e+00 -9.37795276e+00  7.04098637e-01  1.06819705e+01  9.01611723e+00
 2.54984127e+00 -9.24409449e+00  8.37935684e-01  1.06819009e+01  9.01147004e+00
 2.54984127e+00 -9.11023622e+00  9.71772545e-01  1.06818318e+01  9.00672030e+00
 2.54984127e+00 -8.97637795e+00  1.10562548e+00  1.06817728e+01  9.00194358e+00
 2.54984127e+00 -8.84251969e+00  1.23921745e+00  1.06810429e+01  8.99699365e+00
 2.54984127e+00 -8.70866142e+00  1.37288393e+00  1.06808571e+01  8.99206589e+00
 2.54984127e+00 -8.57480315e+00  1.50656376e+00  1.06806615e+01  8.98709066e+00
 2.54984127e+00 -8.44094488e+00  1.64025847e+00  1.06804713e+01  8.98204896e+00
 2.54984127e+00 -8.30708661e+00  1.77396664e+00  1.06802859e+01  8.97693995e+00
 2.54984127e+00 -8.17322835e+00  1.90768710e+00  1.06801051e+01  8.97181097e+00
 2.54984127e+00 -8.03937008e+00  2.04141880e+00  1.06799290e+01  8.96662889e+00
 2.54984127e+00 -7.90551181e+00  2.17516081e+00  1.06797575e+01  8.96135927e+00
 2.54984127e+00 -7.77165354e+00  2.30891229e+00  1.06795906e+01  8.95602675e+00
 2.54984127e+00 -7.63779528e+00  2.44267250e+00  1.06794282e+01  8.95064800e+00
 2.54984127e+00 -7.50393701e+00  2.57644075e+00  1.06792704e+01  8.94521941e+00
 2.54984127e+00 -7.37007874e+00  2.71021645e+00  1.06791169e+01  8.93971841e+00
 2.54984127e+00 -7.23622047e+00  2.84399907e+00  1.06789680e+01  8.93414993e+00
 2.54984127e+00 -7.10236220e+00  2.97778789e+00  1.06788239e+01  8.92851614e+00
 2.54984127e+00 -6.96850394e+00  3.11157242e+00  1.06785906e+01  8.92278761e+00
 2.54984127e+00 -6.83464567e+00  3.24522276e+00  1.06775111e+01  8.91685630e+00
 2.54984127e+00 -6.70078740e+00  3.37894065e+00  1.06769879e+01  8.91090724e+00
 2.54984127e+00 -6.56692913e+00  3.51267600e+00  1.06764951e+01  8.90489255e+00
 2.54984127e+00 -6.43307087e+00  3.64642554e+00  1.06760175e+01  8.89876978e+00
 2.54984127e+00 -6.29921260e+00  3.78018777e+00  1.06755559e+01  8.89260616e+00
 2.54984127e+00 -6.16535433e+00  3.91396134e+00  1.06751099e+01  8.88659936e+00
 2.54984127e+00 -6.03149606e+00  4.04774507e+00  1.06746794e+01  8.88065084e+00
 2.54984127e+00 -5.89763780e+00  4.18153794e+00  1.06742639e+01  8.87461081e+00
 2.54984127e+00 -5.76377953e+00  4.31533906e+00  1.06738633e+01  8.86844523e+00
 2.54984127e+00 -5.62992126e+00  4.44914779e+00  1.06734771e+01  8.86222000e+00
 2.54984127e+00 -5.49606299e+00  4.58296338e+00  1.06731055e+01  8.85594280e+00
 2.54984127e+00 -5.36220472e+00  4.71678444e+00  1.06727360e+01  8.84951673e+00
 2.54984127e+00 -5.22834646e+00  4.85057935e+00  1.06719729e+01  8.84297445e+00
 2.54984127e+00 -5.09448819e+00  4.98438194e+00  1.06715418e+01  8.83640783e+00
 2.54984127e+00 -4.96062992e+00  5.11818934e+00  1.06711027e+01  8.82974213e+00
 2.54984127e+00 -4.82677165e+00  5.25201999e+00  1.06706797e+01  8.82291862e+00
 2.54984127e+00 -4.69291339e+00  5.38588306e+00  1.06702745e+01  8.81596771e+00
 2.54984127e+00 -4.55905512e+00  5.51976206e+00  1.06698864e+01  8.80899849e+00
 2.54984127e+00 -4.42519685e+00  5.65361603e+00  1.06695189e+01  8.80191277e+00
 2.54984127e+00 -4.29133858e+00  5.78746303e+00  1.06691712e+01  8.79465103e+00
 2.54984127e+00 -4.15748031e+00  5.92138553e+00  1.06688356e+01  8.78728873e+00
 2.54984127e+00 -4.02362205e+00  6.05535073e+00  1.06685108e+01  8.77984883e+00
 2.54984127e+00 -3.88976378e+00  6.18933262e+00  1.06682057e+01  8.77228916e+00
 2.54984127e+00 -3.75590551e+00  6.32335591e+00  1.06679133e+01  8.76453528e+00
 2.54984127e+00 -3.62204724e+00  6.45741679e+00  1.06676510e+01  8.75663844e+00
 2.54984127e+00 -3.48818898e+00  6.59152546e+00  1.06674005e+01  8.74862136e+00
 2.54984127e+00 -3.35433071e+00  6.72571971e+00  1.06671245e+01  8.74043445e+00
 2.54984127e+00 -3.22047244e+00  6.86002543e+00  1.06668718e+01  8.73208065e+00
 2.54984127e+00 -3.08661417e+00  6.99450645e+00  1.06666571e+01  8.72356126e+00
 2.54984127e+00 -2.95275591e+00  7.12925199e+00  1.06664338e+01  8.71485828e+00
 2.54984127e+00 -2.81889764e+00  7.26424969e+00  1.06661840e+01  8.70596453e+00
 2.54984127e+00 -2.68503937e+00  7.39960720e+00  1.06659361e+01  8.69685574e+00
 2.54984127e+00 -2.55118110e+00  7.53556231e+00  1.06657170e+01  8.68749527e+00
 2.54984127e+00 -2.41732283e+00  7.67223692e+00  1.06654732e+01  8.67788998e+00
 2.54984127e+00 -2.28346457e+00  7.80989778e+00  1.06651935e+01  8.66799566e+00
 2.54984127e+00 -2.14960630e+00  7.94900535e+00  1.06649077e+01  8.65772918e+00
 2.54984127e+00 -2.01574803e+00  8.09010885e+00  1.06645772e+01  8.64706996e+00
 2.54984127e+00 -1.88188976e+00  8.23399223e+00  1.06641962e+01  8.63588661e+00
 2.54984127e+00 -1.74803150e+00  8.38180539e+00  1.06637676e+01  8.62402513e+00
 2.54984127e+00 -1.61417323e+00  8.53531819e+00  1.06632760e+01  8.61143657e+00
 2.54984127e+00 -1.48031496e+00  8.69753111e+00  1.06628807e+01  8.59776520e+00
 2.54984127e+00 -1.34645669e+00  8.87280649e+00  1.06629283e+01  8.58254311e+00
 2.54984127e+00 -1.21259843e+00  9.06761440e+00  1.06638321e+01  8.56515155e+00
 2.54984127e+00 -1.07874016e+00  9.29165844e+00  1.06673465e+01  8.54452753e+00
 2.54984127e+00 -9.44881890e-01  9.55847603e+00  1.06792295e+01  8.51924614e+00
 2.54984127e+00 -8.11023622e-01  9.88341059e+00  1.07121401e+01  8.48700781e+00
 2.54984127e+00 -6.77165354e-01  1.02617317e+01  1.07904841e+01  8.44561007e+00
 2.54984127e+00 -5.43307087e-01  1.06665210e+01  1.09481174e+01  8.39399026e+00
 2.54984127e+00 -4.09448819e-01  1.10713103e+01  1.11057507e+01  8.34237045e+00
 2.54984127e+00 -2.75590551e-01  1.14760996e+01  1.12633840e+01  8.29075064e+00
 2.54984127e+00 -1.41732283e-01  1.18808889e+01  1.14210173e+01  8.23913083e+00
 2.54984127e+00 -7.87401575e-03  1.22856782e+01  1.15786506e+01  8.18751102e+00
 2.54984127e+00  1.25984252e-01  1.26904675e+01  1.17362839e+01  8.13589121e+00
 2.54984127e+00  2.59842520e-01  1.30952568e+01  1.18939172e+01  8.08427140e+00
 2.54984127e+00  3.93700787e-01  1.35000461e+01  1.20515505e+01  8.03265159e+00
 2.54984127e+00  5.27559055e-01  1.39048354e+01  1.22091838e+01  7.98103178e+00
 2.54984127e+00  6.61417323e-01  1.43096247e+01  1.23668171e+01  7.92941197e+00
 2.54984127e+00  7.95275591e-01  1.47144140e+01  1.25244504e+01  7.87779216e+00
 2.54984127e+00  9.29133858e-01  1.51192033e+01  1.26820837e+01  7.82617235e+00
 2.54984127e+00  1.06299213e+00  1.55239926e+01  1.28397170e+01  7.77455253e+00
 2.54984127e+00  1.19685039e+00  1.59287819e+01  1.29973503e+01  7.72293273e+00
 2.54984127e+00  1.33070866e+00  1.63335712e+01  1.31549836e+01  7.67131292e+00
 2.54984127e+00  1.46456693e+00  1.67383605e+01  1.33126169e+01  7.61969311e+00
 2.54984127e+00  1.59842520e+00  1.71431498e+01  1.34702502e+01  7.56807329e+00
 2.54984127e+00  1.73228346e+00  1.75479391e+01  1.36278835e+01  7.51645349e+00
 2.54984127e+00  1.86614173e+00  1.79527284e+01  1.37855168e+01  7.46483368e+00
 2.54984127e+00  2.00000000e+00  1.83575177e+01  1.39431501e+01  7.41321386e+00
 2.62825397e+00 -1.50000000e+01 -4.84366739e+00  1.07335825e+01  9.18088444e+00
 2.62825397e+00 -1.48661417e+01 -4.70978010e+00  1.07335810e+01  9.17774756e+00
 2.62825397e+00 -1.47322835e+01 -4.57588148e+00  1.07335790e+01  9.17457886e+00
 2.62825397e+00 -1.45984252e+01 -4.44196739e+00  1.07335764e+01  9.17140279e+00
 2.62825397e+00 -1.44645669e+01 -4.30803227e+00  1.07335736e+01  9.16818916e+00
 2.62825397e+00 -1.43307087e+01 -4.17406854e+00  1.07335705e+01  9.16492938e+00
 2.62825397e+00 -1.41968504e+01 -4.04006590e+00  1.07335673e+01  9.16163633e+00
 2.62825397e+00 -1.40629921e+01 -3.90601031e+00  1.07335641e+01  9.15832897e+00
 2.62825397e+00 -1.39291339e+01 -3.77188268e+00  1.07336873e+01  9.15500572e+00
 2.62825397e+00 -1.37952756e+01 -3.63765714e+00  1.07336201e+01  9.15163133e+00
 2.62825397e+00 -1.36614173e+01 -3.50329755e+00  1.07335052e+01  9.14823161e+00
 2.62825397e+00 -1.35275591e+01 -3.36875727e+00  1.07333917e+01  9.14478176e+00
 2.62825397e+00 -1.33937008e+01 -3.23397416e+00  1.07332790e+01  9.14126789e+00
 2.62825397e+00 -1.32598425e+01 -3.09914962e+00  1.07331673e+01  9.13772160e+00
 2.62825397e+00 -1.31259843e+01 -2.96486203e+00  1.07330572e+01  9.13417410e+00
 2.62825397e+00 -1.29921260e+01 -2.83098977e+00  1.07329486e+01  9.13062787e+00
 2.62825397e+00 -1.28582677e+01 -2.69714661e+00  1.07328411e+01  9.12707049e+00
 2.62825397e+00 -1.27244094e+01 -2.56330611e+00  1.07327348e+01  9.12347043e+00
 2.62825397e+00 -1.25905512e+01 -2.42946521e+00  1.07326297e+01  9.11981203e+00
 2.62825397e+00 -1.24566929e+01 -2.29562455e+00  1.07325255e+01  9.11612891e+00
 2.62825397e+00 -1.23228346e+01 -2.16178388e+00  1.07324227e+01  9.11243000e+00
 2.62825397e+00 -1.21889764e+01 -2.02794333e+00  1.07323211e+01  9.10870640e+00
 2.62825397e+00 -1.20551181e+01 -1.89410286e+00  1.07322203e+01  9.10494568e+00
 2.62825397e+00 -1.19212598e+01 -1.76026251e+00  1.07321203e+01  9.10115462e+00
 2.62825397e+00 -1.17874016e+01 -1.62642236e+00  1.07320212e+01  9.09733696e+00
 2.62825397e+00 -1.16535433e+01 -1.49258236e+00  1.07319231e+01  9.09347815e+00
 2.62825397e+00 -1.15196850e+01 -1.35874356e+00  1.07318238e+01  9.08958008e+00
 2.62825397e+00 -1.13858268e+01 -1.22490069e+00  1.07317368e+01  9.08564115e+00
 2.62825397e+00 -1.12519685e+01 -1.09106030e+00  1.07316418e+01  9.08163606e+00
 2.62825397e+00 -1.11181102e+01 -9.57219818e-01  1.07315490e+01  9.07761065e+00
 2.62825397e+00 -1.09842520e+01 -8.23379531e-01  1.07314572e+01  9.07358332e+00
 2.62825397e+00 -1.08503937e+01 -6.89539518e-01  1.07313660e+01  9.06949575e+00
 2.62825397e+00 -1.07165354e+01 -5.55699764e-01  1.07312757e+01  9.06535861e+00
 2.62825397e+00 -1.05826772e+01 -4.21860252e-01  1.07311862e+01  9.06119709e+00
 2.62825397e+00 -1.04488189e+01 -2.88021019e-01  1.07310975e+01  9.05700752e+00
 2.62825397e+00 -1.03149606e+01 -1.54182057e-01  1.07310096e+01  9.05277598e+00
 2.62825397e+00 -1.01811024e+01 -2.03433606e-02  1.07309224e+01  9.04849325e+00
 2.62825397e+00 -1.00472441e+01  1.13495047e-01  1.07308362e+01  9.04416326e+00
 2.62825397e+00 -9.91338583e+00  2.47333164e-01  1.07307508e+01  9.03979864e+00
 2.62825397e+00 -9.77952756e+00  3.81170989e-01  1.07306662e+01  9.03539363e+00
 2.62825397e+00 -9.64566929e+00  5.15008512e-01  1.07305825e+01  9.03092020e+00
 2.62825397e+00 -9.51181102e+00  6.48845724e-01  1.07304997e+01  9.02640430e+00
 2.62825397e+00 -9.37795276e+00  7.82682618e-01  1.07304179e+01  9.02186552e+00
 2.62825397e+00 -9.24409449e+00  9.16519158e-01  1.07303370e+01  9.01728348e+00
 2.62825397e+00 -9.11023622e+00  1.05035416e+00  1.07302568e+01  9.01263487e+00
 2.62825397e+00 -8.97637795e+00  1.18417716e+00  1.07301263e+01  9.00791664e+00
 2.62825397e+00 -8.84251969e+00  1.31799191e+00  1.07300355e+01  9.00317950e+00
 2.62825397e+00 -8.70866142e+00  1.45180956e+00  1.07299492e+01  8.99839210e+00
 2.62825397e+00 -8.57480315e+00  1.58562740e+00  1.07298623e+01  8.99352537e+00
 2.62825397e+00 -8.44094488e+00  1.71944589e+00  1.07297768e+01  8.98858925e+00
 2.62825397e+00 -8.30708661e+00  1.85326500e+00  1.07296927e+01  8.98359851e+00
 2.62825397e+00 -8.17322835e+00  1.98708470e+00  1.07296102e+01  8.97857433e+00
 2.62825397e+00 -8.03937008e+00  2.12090498e+00  1.07295291e+01  8.97352942e+00
 2.62825397e+00 -7.90551181e+00  2.25472581e+00  1.07294495e+01  8.96839546e+00
 2.62825397e+00 -7.77165354e+00  2.38854718e+00  1.07293714e+01  8.96316499e+00
 2.62825397e+00 -7.63779528e+00  2.52236909e+00  1.07292949e+01  8.95791530e+00
 2.62825397e+00 -7.50393701e+00  2.65619155e+00  1.07292201e+01  8.95258937e+00
 2.62825397e+00 -7.37007874e+00  2.79001458e+00  1.07291468e+01  8.94717298e+00
 2.62825397e+00 -7.23622047e+00  2.92383823e+00  1.07290751e+01  8.94173574e+00
 2.62825397e+00 -7.10236220e+00  3.05766695e+00  1.07290060e+01  8.93622562e+00
 2.62825397e+00 -6.96850394e+00  3.19137933e+00  1.07285483e+01  8.93053794e+00
 2.62825397e+00 -6.83464567e+00  3.32508452e+00  1.07281687e+01  8.92477545e+00
 2.62825397e+00 -6.70078740e+00  3.45881879e+00  1.07278987e+01  8.91897261e+00
 2.62825397e+00 -6.56692913e+00  3.59256201e+00  1.07276376e+01  8.91308469e+00
 2.62825397e+00 -6.43307087e+00  3.72631364e+00  1.07273847e+01  8.90710205e+00
 2.62825397e+00 -6.29921260e+00  3.86007328e+00  1.07271399e+01  8.90119268e+00
 2.62825397e+00 -6.16535433e+00  3.99384054e+00  1.07269031e+01  8.89539208e+00
 2.62825397e+00 -6.03149606e+00  4.12761508e+00  1.07266743e+01  8.88954434e+00
 2.62825397e+00 -5.89763780e+00  4.26139663e+00  1.07264533e+01  8.88359098e+00
 2.62825397e+00 -5.76377953e+00  4.39518487e+00  1.07262400e+01  8.87753758e+00
 2.62825397e+00 -5.62992126e+00  4.52897951e+00  1.07260343e+01  8.87142024e+00
 2.62825397e+00 -5.49606299e+00  4.66278044e+00  1.07258319e+01  8.86524094e+00
 2.62825397e+00 -5.36220472e+00  4.79653730e+00  1.07253080e+01  8.85894393e+00
 2.62825397e+00 -5.22834646e+00  4.93002438e+00  1.07239831e+01  8.85242983e+00
 2.62825397e+00 -5.09448819e+00  5.06365356e+00  1.07234401e+01  8.84590225e+00
 2.62825397e+00 -4.96062992e+00  5.19731911e+00  1.07229000e+01  8.83927286e+00
 2.62825397e+00 -4.82677165e+00  5.33101014e+00  1.07223839e+01  8.83254727e+00
 2.62825397e+00 -4.69291339e+00  5.46478422e+00  1.07218966e+01  8.82575900e+00
 2.62825397e+00 -4.55905512e+00  5.59860887e+00  1.07214257e+01  8.81890074e+00
 2.62825397e+00 -4.42519685e+00  5.73238460e+00  1.07209525e+01  8.81192252e+00
 2.62825397e+00 -4.29133858e+00  5.86620257e+00  1.07205117e+01  8.80480845e+00
 2.62825397e+00 -4.15748031e+00  6.00009000e+00  1.07201143e+01  8.79757719e+00
 2.62825397e+00 -4.02362205e+00  6.13397430e+00  1.07197142e+01  8.79026145e+00
 2.62825397e+00 -3.88976378e+00  6.26785490e+00  1.07192253e+01  8.78284355e+00
 2.62825397e+00 -3.75590551e+00  6.40179475e+00  1.07188131e+01  8.77529813e+00
 2.62825397e+00 -3.62204724e+00  6.53583385e+00  1.07184254e+01  8.76758141e+00
 2.62825397e+00 -3.48818898e+00  6.66989982e+00  1.07180464e+01  8.75971326e+00
 2.62825397e+00 -3.35433071e+00  6.80403384e+00  1.07176900e+01  8.75170873e+00
 2.62825397e+00 -3.22047244e+00  6.93836308e+00  1.07173776e+01  8.74356559e+00
 2.62825397e+00 -3.08661417e+00  7.07284182e+00  1.07170587e+01  8.73528650e+00
 2.62825397e+00 -2.95275591e+00  7.20750173e+00  1.07167514e+01  8.72682451e+00
 2.62825397e+00 -2.81889764e+00  7.34246974e+00  1.07164787e+01  8.71812402e+00
 2.62825397e+00 -2.68503937e+00  7.47785748e+00  1.07162285e+01  8.70926058e+00
 2.62825397e+00 -2.55118110e+00  7.61379266e+00  1.07159633e+01  8.70021386e+00
 2.62825397e+00 -2.41732283e+00  7.75045304e+00  1.07156854e+01  8.69089426e+00
 2.62825397e+00 -2.28346457e+00  7.88811607e+00  1.07154515e+01  8.68130588e+00
 2.62825397e+00 -2.14960630e+00  8.02720247e+00  1.07152061e+01  8.67139804e+00
 2.62825397e+00 -2.01574803e+00  8.16830374e+00  1.07149290e+01  8.66108145e+00
 2.62825397e+00 -1.88188976e+00  8.31219275e+00  1.07146881e+01  8.65028966e+00
 2.62825397e+00 -1.74803150e+00  8.45996771e+00  1.07144924e+01  8.63894402e+00
 2.62825397e+00 -1.61417323e+00  8.61334664e+00  1.07143378e+01  8.62686198e+00
 2.62825397e+00 -1.48031496e+00  8.77504447e+00  1.07143578e+01  8.61374412e+00
 2.62825397e+00 -1.34645669e+00  8.94908983e+00  1.07149870e+01  8.59932430e+00
 2.62825397e+00 -1.21259843e+00  9.14136357e+00  1.07167641e+01  8.58301751e+00
 2.62825397e+00 -1.07874016e+00  9.36058861e+00  1.07215658e+01  8.56388516e+00
 2.62825397e+00 -9.44881890e-01  9.61870130e+00  1.07343131e+01  8.54057305e+00
 2.62825397e+00 -8.11023622e-01  9.93023997e+00  1.07656653e+01  8.51137292e+00
 2.62825397e+00 -6.77165354e-01  1.02938714e+01  1.08385179e+01  8.47427406e+00
 2.62825397e+00 -5.43307087e-01  1.06954815e+01  1.09843927e+01  8.42783300e+00
 2.62825397e+00 -4.09448819e-01  1.10970916e+01  1.11302675e+01  8.38139194e+00
 2.62825397e+00 -2.75590551e-01  1.14987017e+01  1.12761423e+01  8.33495088e+00
 2.62825397e+00 -1.41732283e-01  1.19003118e+01  1.14220171e+01  8.28850982e+00
 2.62825397e+00 -7.87401575e-03  1.23019219e+01  1.15678919e+01  8.24206876e+00
 2.62825397e+00  1.25984252e-01  1.27035320e+01  1.17137667e+01  8.19562770e+00
 2.62825397e+00  2.59842520e-01  1.31051421e+01  1.18596415e+01  8.14918664e+00
 2.62825397e+00  3.93700787e-01  1.35067522e+01  1.20055163e+01  8.10274558e+00
 2.62825397e+00  5.27559055e-01  1.39083623e+01  1.21513911e+01  8.05630452e+00
 2.62825397e+00  6.61417323e-01  1.43099724e+01  1.22972659e+01  8.00986346e+00
 2.62825397e+00  7.95275591e-01  1.47115825e+01  1.24431407e+01  7.96342240e+00
 2.62825397e+00  9.29133858e-01  1.51131926e+01  1.25890155e+01  7.91698134e+00
 2.62825397e+00  1.06299213e+00  1.55148027e+01  1.27348903e+01  7.87054028e+00
 2.62825397e+00  1.19685039e+00  1.59164128e+01  1.28807651e+01  7.82409922e+00
 2.62825397e+00  1.33070866e+00  1.63180229e+01  1.30266399e+01  7.77765816e+00
 2.62825397e+00  1.46456693e+00  1.67196330e+01  1.31725147e+01  7.73121710e+00
 2.62825397e+00  1.59842520e+00  1.71212431e+01  1.33183895e+01  7.68477603e+00
 2.62825397e+00  1.73228346e+00  1.75228532e+01  1.34642643e+01  7.63833498e+00
 2.62825397e+00  1.86614173e+00  1.79244633e+01  1.36101391e+01  7.59189392e+00
 2.62825397e+00  2.00000000e+00  1.83260734e+01  1.37560139e+01  7.54545286e+00
 2.70666667e+00 -1.50000000e+01 -4.76530855e+00  1.07859841e+01  9.18484082e+00
 2.70666667e+00 -1.48661417e+01 -4.63141102e+00  1.07859912e+01  9.18173107e+00
 2.70666667e+00 -1.47322835e+01 -4.49750258e+00  1.07860006e+01  9.17863489e+00
 2.70666667e+00 -1.45984252e+01 -4.36357933e+00  1.07860115e+01  9.17548100e+00
 2.70666667e+00 -1.44645669e+01 -4.22963579e+00  1.07860232e+01  9.17223588e+00
 2.70666667e+00 -1.43307087e+01 -4.09566442e+00  1.07860358e+01  9.16901423e+00
 2.70666667e+00 -1.41968504e+01 -3.96165506e+00  1.07860486e+01  9.16579240e+00
 2.70666667e+00 -1.40629921e+01 -3.82759370e+00  1.07860614e+01  9.16253951e+00
 2.70666667e+00 -1.39291339e+01 -3.69346094e+00  1.07861870e+01  9.15928374e+00
 2.70666667e+00 -1.37952756e+01 -3.55923096e+00  1.07860704e+01  9.15593751e+00
 2.70666667e+00 -1.36614173e+01 -3.42486755e+00  1.07859520e+01  9.15246976e+00
 2.70666667e+00 -1.35275591e+01 -3.29032581e+00  1.07858336e+01  9.14905078e+00
 2.70666667e+00 -1.33937008e+01 -3.15552602e+00  1.07857154e+01  9.14563675e+00
 2.70666667e+00 -1.32598425e+01 -3.02062570e+00  1.07855973e+01  9.14214479e+00
 2.70666667e+00 -1.31259843e+01 -2.88621095e+00  1.07854791e+01  9.13860493e+00
 2.70666667e+00 -1.29921260e+01 -2.75230010e+00  1.07853609e+01  9.13510618e+00
 2.70666667e+00 -1.28582677e+01 -2.61847110e+00  1.07852426e+01  9.13162621e+00
 2.70666667e+00 -1.27244094e+01 -2.48462884e+00  1.07851240e+01  9.12801554e+00
 2.70666667e+00 -1.25905512e+01 -2.35079129e+00  1.07850052e+01  9.12439494e+00
 2.70666667e+00 -1.24566929e+01 -2.21695332e+00  1.07848862e+01  9.12081333e+00
 2.70666667e+00 -1.23228346e+01 -2.08311577e+00  1.07847669e+01  9.11711490e+00
 2.70666667e+00 -1.21889764e+01 -1.94927841e+00  1.07846476e+01  9.11339928e+00
 2.70666667e+00 -1.20551181e+01 -1.81544135e+00  1.07845287e+01  9.10972947e+00
 2.70666667e+00 -1.19212598e+01 -1.68160429e+00  1.07844103e+01  9.10599882e+00
 2.70666667e+00 -1.17874016e+01 -1.54776728e+00  1.07842922e+01  9.10219521e+00
 2.70666667e+00 -1.16535433e+01 -1.41393040e+00  1.07841743e+01  9.09833465e+00
 2.70666667e+00 -1.15196850e+01 -1.28009415e+00  1.07840555e+01  9.09443004e+00
 2.70666667e+00 -1.13858268e+01 -1.14625778e+00  1.07839384e+01  9.09054955e+00
 2.70666667e+00 -1.12519685e+01 -1.01242147e+00  1.07838223e+01  9.08669354e+00
 2.70666667e+00 -1.11181102e+01 -8.78585360e-01  1.07837071e+01  9.08276691e+00
 2.70666667e+00 -1.09842520e+01 -7.44749252e-01  1.07835929e+01  9.07876344e+00
 2.70666667e+00 -1.08503937e+01 -6.10913061e-01  1.07834798e+01  9.07471430e+00
 2.70666667e+00 -1.07165354e+01 -4.77076975e-01  1.07833679e+01  9.07064823e+00
 2.70666667e+00 -1.05826772e+01 -3.43240948e-01  1.07832572e+01  9.06654613e+00
 2.70666667e+00 -1.04488189e+01 -2.09404974e-01  1.07831478e+01  9.06239405e+00
 2.70666667e+00 -1.03149606e+01 -7.55691686e-02  1.07830396e+01  9.05819551e+00
 2.70666667e+00 -1.01811024e+01  5.82664755e-02  1.07829328e+01  9.05391940e+00
 2.70666667e+00 -1.00472441e+01  1.92101948e-01  1.07828272e+01  9.04959036e+00
 2.70666667e+00 -9.91338583e+00  3.25937175e-01  1.07827231e+01  9.04528653e+00
 2.70666667e+00 -9.77952756e+00  4.59772128e-01  1.07826202e+01  9.04096578e+00
 2.70666667e+00 -9.64566929e+00  5.93606779e-01  1.07825186e+01  9.03659914e+00
 2.70666667e+00 -9.51181102e+00  7.27441088e-01  1.07824182e+01  9.03219583e+00
 2.70666667e+00 -9.37795276e+00  8.61275021e-01  1.07823191e+01  9.02767975e+00
 2.70666667e+00 -9.24409449e+00  9.95108550e-01  1.07822214e+01  9.02309020e+00
 2.70666667e+00 -9.11023622e+00  1.12893622e+00  1.07821119e+01  9.01856494e+00
 2.70666667e+00 -8.97637795e+00  1.26278204e+00  1.07820423e+01  9.01401545e+00
 2.70666667e+00 -8.84251969e+00  1.39662070e+00  1.07819537e+01  9.00932998e+00
 2.70666667e+00 -8.70866142e+00  1.53045795e+00  1.07818638e+01  9.00452589e+00
 2.70666667e+00 -8.57480315e+00  1.66429440e+00  1.07817750e+01  8.99972873e+00
 2.70666667e+00 -8.44094488e+00  1.79813006e+00  1.07816875e+01  8.99494880e+00
 2.70666667e+00 -8.30708661e+00  1.93196495e+00  1.07816011e+01  8.99007557e+00
 2.70666667e+00 -8.17322835e+00  2.06579906e+00  1.07815158e+01  8.98512385e+00
 2.70666667e+00 -8.03937008e+00  2.19963238e+00  1.07814317e+01  8.98011903e+00
 2.70666667e+00 -7.90551181e+00  2.33346500e+00  1.07813491e+01  8.97506096e+00
 2.70666667e+00 -7.77165354e+00  2.46729689e+00  1.07812677e+01  8.96994526e+00
 2.70666667e+00 -7.63779528e+00  2.60112810e+00  1.07811877e+01  8.96476889e+00
 2.70666667e+00 -7.50393701e+00  2.73495871e+00  1.07811090e+01  8.95952486e+00
 2.70666667e+00 -7.37007874e+00  2.86878873e+00  1.07810319e+01  8.95418539e+00
 2.70666667e+00 -7.23622047e+00  3.00261801e+00  1.07809562e+01  8.94877217e+00
 2.70666667e+00 -7.10236220e+00  3.13645349e+00  1.07809049e+01  8.94334839e+00
 2.70666667e+00 -6.96850394e+00  3.27024362e+00  1.07807282e+01  8.93787197e+00
 2.70666667e+00 -6.83464567e+00  3.40405309e+00  1.07806228e+01  8.93233213e+00
 2.70666667e+00 -6.70078740e+00  3.53786484e+00  1.07805254e+01  8.92665424e+00
 2.70666667e+00 -6.56692913e+00  3.67167764e+00  1.07804307e+01  8.92087374e+00
 2.70666667e+00 -6.43307087e+00  3.80549160e+00  1.07803386e+01  8.91510473e+00
 2.70666667e+00 -6.29921260e+00  3.93930686e+00  1.07802492e+01  8.90944682e+00
 2.70666667e+00 -6.16535433e+00  4.07312353e+00  1.07801625e+01  8.90377446e+00
 2.70666667e+00 -6.03149606e+00  4.20694174e+00  1.07800785e+01  8.89802835e+00
 2.70666667e+00 -5.89763780e+00  4.34076160e+00  1.07799972e+01  8.89223226e+00
 2.70666667e+00 -5.76377953e+00  4.47458319e+00  1.07799186e+01  8.88634045e+00
 2.70666667e+00 -5.62992126e+00  4.60840684e+00  1.07798431e+01  8.88036016e+00
 2.70666667e+00 -5.49606299e+00  4.74225391e+00  1.07797825e+01  8.87433188e+00
 2.70666667e+00 -5.36220472e+00  4.87572579e+00  1.07787543e+01  8.86800402e+00
 2.70666667e+00 -5.22834646e+00  5.00925632e+00  1.07782909e+01  8.86164280e+00
 2.70666667e+00 -5.09448819e+00  5.14286031e+00  1.07779272e+01  8.85523408e+00
 2.70666667e+00 -4.96062992e+00  5.27649374e+00  1.07775781e+01  8.84875612e+00
 2.70666667e+00 -4.82677165e+00  5.41018545e+00  1.07772466e+01  8.84218822e+00
 2.70666667e+00 -4.69291339e+00  5.54396614e+00  1.07769325e+01  8.83552436e+00
 2.70666667e+00 -4.55905512e+00  5.67773440e+00  1.07766173e+01  8.82880882e+00
 2.70666667e+00 -4.42519685e+00  5.81148414e+00  1.07763116e+01  8.82199891e+00
 2.70666667e+00 -4.29133858e+00  5.94528437e+00  1.07760388e+01  8.81502120e+00
 2.70666667e+00 -4.15748031e+00  6.07913077e+00  1.07757600e+01  8.80794383e+00
 2.70666667e+00 -4.02362205e+00  6.21294173e+00  1.07750049e+01  8.80072352e+00
 2.70666667e+00 -3.88976378e+00  6.34683480e+00  1.07744388e+01  8.79340134e+00
 2.70666667e+00 -3.75590551e+00  6.48078218e+00  1.07739169e+01  8.78598782e+00
 2.70666667e+00 -3.62204724e+00  6.61476802e+00  1.07734198e+01  8.77844272e+00
 2.70666667e+00 -3.48818898e+00  6.74879927e+00  1.07729574e+01  8.77072303e+00
 2.70666667e+00 -3.35433071e+00  6.88296629e+00  1.07725206e+01  8.76290059e+00
 2.70666667e+00 -3.22047244e+00  7.01726652e+00  1.07721021e+01  8.75497407e+00
 2.70666667e+00 -3.08661417e+00  7.15168536e+00  1.07717193e+01  8.74688462e+00
 2.70666667e+00 -2.95275591e+00  7.28635627e+00  1.07712329e+01  8.73859127e+00
 2.70666667e+00 -2.81889764e+00  7.42135286e+00  1.07708315e+01  8.73011734e+00
 2.70666667e+00 -2.68503937e+00  7.55669802e+00  1.07704747e+01  8.72148121e+00
 2.70666667e+00 -2.55118110e+00  7.69259204e+00  1.07701474e+01  8.71266912e+00
 2.70666667e+00 -2.41732283e+00  7.82926838e+00  1.07698366e+01  8.70361550e+00
 2.70666667e+00 -2.28346457e+00  7.96698711e+00  1.07695618e+01  8.69426314e+00
 2.70666667e+00 -2.14960630e+00  8.10607002e+00  1.07692971e+01  8.68462620e+00
 2.70666667e+00 -2.01574803e+00  8.24713824e+00  1.07690906e+01  8.67467091e+00
 2.70666667e+00 -1.88188976e+00  8.39100762e+00  1.07689392e+01  8.66430167e+00
 2.70666667e+00 -1.74803150e+00  8.53867776e+00  1.07688587e+01  8.65338060e+00
 2.70666667e+00 -1.61417323e+00  8.69173921e+00  1.07689286e+01  8.64176636e+00
 2.70666667e+00 -1.48031496e+00  8.85279456e+00  1.07693491e+01  8.62926257e+00
 2.70666667e+00 -1.34645669e+00  9.02565533e+00  1.07704901e+01  8.61555686e+00
 2.70666667e+00 -1.21259843e+00  9.21555693e+00  1.07730193e+01  8.60016638e+00
 2.70666667e+00 -1.07874016e+00  9.43022440e+00  1.07788385e+01  8.58231058e+00
 2.70666667e+00 -9.44881890e-01  9.68058848e+00  1.07922463e+01  8.56082033e+00
 2.70666667e+00 -8.11023622e-01  9.97949573e+00  1.08223667e+01  8.53424942e+00
 2.70666667e+00 -6.77165354e-01  1.03282176e+01  1.08905277e+01  8.50087005e+00
 2.70666667e+00 -5.43307087e-01  1.07201330e+01  1.10250557e+01  8.45955804e+00
 2.70666667e+00 -4.09448819e-01  1.11616805e+01  1.12275080e+01  8.41227892e+00
 2.70666667e+00 -2.75590551e-01  1.16032280e+01  1.14299603e+01  8.36499980e+00
 2.70666667e+00 -1.41732283e-01  1.20447755e+01  1.16324126e+01  8.31772068e+00
 2.70666667e+00 -7.87401575e-03  1.24863230e+01  1.18348649e+01  8.27044156e+00
 2.70666667e+00  1.25984252e-01  1.29278705e+01  1.20373172e+01  8.22316244e+00
 2.70666667e+00  2.59842520e-01  1.33694180e+01  1.22397695e+01  8.17588332e+00
 2.70666667e+00  3.93700787e-01  1.38109655e+01  1.24422218e+01  8.12860420e+00
 2.70666667e+00  5.27559055e-01  1.42525130e+01  1.26446741e+01  8.08132508e+00
 2.70666667e+00  6.61417323e-01  1.46940605e+01  1.28471264e+01  8.03404596e+00
 2.70666667e+00  7.95275591e-01  1.51356080e+01  1.30495787e+01  7.98676684e+00
 2.70666667e+00  9.29133858e-01  1.55771555e+01  1.32520310e+01  7.93948772e+00
 2.70666667e+00  1.06299213e+00  1.60187030e+01  1.34544833e+01  7.89220860e+00
 2.70666667e+00  1.19685039e+00  1.64602505e+01  1.36569356e+01  7.84492948e+00
 2.70666667e+00  1.33070866e+00  1.69017980e+01  1.38593879e+01  7.79765036e+00
 2.70666667e+00  1.46456693e+00  1.73433455e+01  1.40618402e+01  7.75037124e+00
 2.70666667e+00  1.59842520e+00  1.77848930e+01  1.42642925e+01  7.70309212e+00
 2.70666667e+00  1.73228346e+00  1.82264405e+01  1.44667448e+01  7.65581300e+00
 2.70666667e+00  1.86614173e+00  1.86679880e+01  1.46691971e+01  7.60853388e+00
 2.70666667e+00  2.00000000e+00  1.91095355e+01  1.48716494e+01  7.56125476e+00
 2.78507937e+00 -1.50000000e+01 -4.68671844e+00  1.08426831e+01  9.18902253e+00
 2.78507937e+00 -1.48661417e+01 -4.55285804e+00  1.08426500e+01  9.18594689e+00
 2.78507937e+00 -1.47322835e+01 -4.41898457e+00  1.08426092e+01  9.18287152e+00
 2.78507937e+00 -1.45984252e+01 -4.28509361e+00  1.08425646e+01  9.17961870e+00
 2.78507937e+00 -1.44645669e+01 -4.15117954e+00  1.08425168e+01  9.17638326e+00
 2.78507937e+00 -1.43307087e+01 -4.01723455e+00  1.08424667e+01  9.17327295e+00
 2.78507937e+00 -1.41968504e+01 -3.88324786e+00  1.08424167e+01  9.17009555e+00
 2.78507937e+00 -1.40629921e+01 -3.74920636e+00  1.08425590e+01  9.16683584e+00
 2.78507937e+00 -1.39291339e+01 -3.61509129e+00  1.08423545e+01  9.16350908e+00
 2.78507937e+00 -1.37952756e+01 -3.48087569e+00  1.08421540e+01  9.16013496e+00
 2.78507937e+00 -1.36614173e+01 -3.34652399e+00  1.08419582e+01  9.15675746e+00
 2.78507937e+00 -1.35275591e+01 -3.21198945e+00  1.08417653e+01  9.15340475e+00
 2.78507937e+00 -1.33937008e+01 -3.07719166e+00  1.08415753e+01  9.15004252e+00
 2.78507937e+00 -1.32598425e+01 -2.94223144e+00  1.08413908e+01  9.14658101e+00
 2.78507937e+00 -1.31259843e+01 -2.80767304e+00  1.08412139e+01  9.14304790e+00
 2.78507937e+00 -1.29921260e+01 -2.67371343e+00  1.08410437e+01  9.13957222e+00
 2.78507937e+00 -1.28582677e+01 -2.53988038e+00  1.08408792e+01  9.13609163e+00
 2.78507937e+00 -1.27244094e+01 -2.40603633e+00  1.08407202e+01  9.13257517e+00
 2.78507937e+00 -1.25905512e+01 -2.27219371e+00  1.08405666e+01  9.12905997e+00
 2.78507937e+00 -1.24566929e+01 -2.13834966e+00  1.08404183e+01  9.12548296e+00
 2.78507937e+00 -1.23228346e+01 -2.00450588e+00  1.08402748e+01  9.12182616e+00
 2.78507937e+00 -1.21889764e+01 -1.87066162e+00  1.08401351e+01  9.11815041e+00
 2.78507937e+00 -1.20551181e+01 -1.73681783e+00  1.08399981e+01  9.11449563e+00
 2.78507937e+00 -1.19212598e+01 -1.60297490e+00  1.08398640e+01  9.11080431e+00
 2.78507937e+00 -1.17874016e+01 -1.46913248e+00  1.08397337e+01  9.10698383e+00
 2.78507937e+00 -1.16535433e+01 -1.33529076e+00  1.08396059e+01  9.10319732e+00
 2.78507937e+00 -1.15196850e+01 -1.20144955e+00  1.08394805e+01  9.09945138e+00
 2.78507937e+00 -1.13858268e+01 -1.06760958e+00  1.08393561e+01  9.09558480e+00
 2.78507937e+00 -1.12519685e+01 -9.33770015e-01  1.08392330e+01  9.09171622e+00
 2.78507937e+00 -1.11181102e+01 -7.99931031e-01  1.08391109e+01  9.08786987e+00
 2.78507937e+00 -1.09842520e+01 -6.66093511e-01  1.08389894e+01  9.08393517e+00
 2.78507937e+00 -1.08503937e+01 -5.32256933e-01  1.08388683e+01  9.07994596e+00
 2.78507937e+00 -1.07165354e+01 -3.98421111e-01  1.08387475e+01  9.07591859e+00
 2.78507937e+00 -1.05826772e+01 -2.64586367e-01  1.08386270e+01  9.07183395e+00
 2.78507937e+00 -1.04488189e+01 -1.30752367e-01  1.08385067e+01  9.06774227e+00
 2.78507937e+00 -1.03149606e+01  3.08102139e-03  1.08383865e+01  9.06362310e+00
 2.78507937e+00 -1.01811024e+01  1.36913660e-01  1.08382666e+01  9.05941241e+00
 2.78507937e+00 -1.00472441e+01  2.70745730e-01  1.08381465e+01  9.05519144e+00
 2.78507937e+00 -9.91338583e+00  4.04577360e-01  1.08380266e+01  9.05095944e+00
 2.78507937e+00 -9.77952756e+00  5.38408572e-01  1.08379071e+01  9.04664572e+00
 2.78507937e+00 -9.64566929e+00  6.72239443e-01  1.08377886e+01  9.04231263e+00
 2.78507937e+00 -9.51181102e+00  8.06070042e-01  1.08376709e+01  9.03794371e+00
 2.78507937e+00 -9.37795276e+00  9.39900384e-01  1.08375536e+01  9.03347680e+00
 2.78507937e+00 -9.24409449e+00  1.07373027e+00  1.08374367e+01  9.02902563e+00
 2.78507937e+00 -9.11023622e+00  1.20755758e+00  1.08373159e+01  9.02455394e+00
 2.78507937e+00 -8.97637795e+00  1.34138664e+00  1.08372043e+01  9.01994199e+00
 2.78507937e+00 -8.84251969e+00  1.47521448e+00  1.08370911e+01  9.01531376e+00
 2.78507937e+00 -8.70866142e+00  1.60904204e+00  1.08369792e+01  9.01068795e+00
 2.78507937e+00 -8.57480315e+00  1.74286948e+00  1.08368689e+01  9.00598300e+00
 2.78507937e+00 -8.44094488e+00  1.87669661e+00  1.08367601e+01  9.00124085e+00
 2.78507937e+00 -8.30708661e+00  2.01052343e+00  1.08366531e+01  8.99645270e+00
 2.78507937e+00 -8.17322835e+00  2.14435005e+00  1.08365481e+01  8.99156383e+00
 2.78507937e+00 -8.03937008e+00  2.27817623e+00  1.08364446e+01  8.98657951e+00
 2.78507937e+00 -7.90551181e+00  2.41200196e+00  1.08363427e+01  8.98157864e+00
 2.78507937e+00 -7.77165354e+00  2.54582735e+00  1.08362427e+01  8.97661109e+00
 2.78507937e+00 -7.63779528e+00  2.67965225e+00  1.08361445e+01  8.97150259e+00
 2.78507937e+00 -7.50393701e+00  2.81347670e+00  1.08360481e+01  8.96628096e+00
 2.78507937e+00 -7.37007874e+00  2.94730085e+00  1.08359535e+01  8.96108043e+00
 2.78507937e+00 -7.23622047e+00  3.08112400e+00  1.08358609e+01  8.95579466e+00
 2.78507937e+00 -7.10236220e+00  3.21495288e+00  1.08357831e+01  8.95045664e+00
 2.78507937e+00 -6.96850394e+00  3.34877695e+00  1.08356918e+01  8.94512696e+00
 2.78507937e+00 -6.83464567e+00  3.48260221e+00  1.08356078e+01  8.93960895e+00
 2.78507937e+00 -6.70078740e+00  3.61642728e+00  1.08355259e+01  8.93396430e+00
 2.78507937e+00 -6.56692913e+00  3.75025242e+00  1.08354458e+01  8.92839085e+00
 2.78507937e+00 -6.43307087e+00  3.88407766e+00  1.08353677e+01  8.92282741e+00
 2.78507937e+00 -6.29921260e+00  4.01790313e+00  1.08352918e+01  8.91724283e+00
 2.78507937e+00 -6.16535433e+00  4.15172906e+00  1.08352180e+01  8.91164556e+00
 2.78507937e+00 -6.03149606e+00  4.28555560e+00  1.08351463e+01  8.90601078e+00
 2.78507937e+00 -5.89763780e+00  4.41938289e+00  1.08350768e+01  8.90033060e+00
 2.78507937e+00 -5.76377953e+00  4.55321107e+00  1.08350094e+01  8.89458873e+00
 2.78507937e+00 -5.62992126e+00  4.68704032e+00  1.08349473e+01  8.88872052e+00
 2.78507937e+00 -5.49606299e+00  4.82085694e+00  1.08348160e+01  8.88273830e+00
 2.78507937e+00 -5.36220472e+00  4.95456402e+00  1.08345698e+01  8.87667425e+00
 2.78507937e+00 -5.22834646e+00  5.08832604e+00  1.08344495e+01  8.87055240e+00
 2.78507937e+00 -5.09448819e+00  5.22209672e+00  1.08343331e+01  8.86433994e+00
 2.78507937e+00 -4.96062992e+00  5.35587661e+00  1.08342215e+01  8.85805023e+00
 2.78507937e+00 -4.82677165e+00  5.48967628e+00  1.08341137e+01  8.85166260e+00
 2.78507937e+00 -4.69291339e+00  5.62350942e+00  1.08340126e+01  8.84518573e+00
 2.78507937e+00 -4.55905512e+00  5.75736573e+00  1.08339200e+01  8.83862397e+00
 2.78507937e+00 -4.42519685e+00  5.89118495e+00  1.08338285e+01  8.83192757e+00
 2.78507937e+00 -4.29133858e+00  6.02501567e+00  1.08337442e+01  8.82514028e+00
 2.78507937e+00 -4.15748031e+00  6.15880863e+00  1.08333200e+01  8.81823958e+00
 2.78507937e+00 -4.02362205e+00  6.29261604e+00  1.08327237e+01  8.81115174e+00
 2.78507937e+00 -3.88976378e+00  6.42650031e+00  1.08322952e+01  8.80395728e+00
 2.78507937e+00 -3.75590551e+00  6.56040831e+00  1.08318860e+01  8.79667699e+00
 2.78507937e+00 -3.62204724e+00  6.69434613e+00  1.08314943e+01  8.78928931e+00
 2.78507937e+00 -3.48818898e+00  6.82837525e+00  1.08311220e+01  8.78176444e+00
 2.78507937e+00 -3.35433071e+00  6.96254063e+00  1.08307727e+01  8.77409183e+00
 2.78507937e+00 -3.22047244e+00  7.09680171e+00  1.08304490e+01  8.76629991e+00
 2.78507937e+00 -3.08661417e+00  7.23112056e+00  1.08297686e+01  8.75834538e+00
 2.78507937e+00 -2.95275591e+00  7.36574901e+00  1.08292242e+01  8.75025518e+00
 2.78507937e+00 -2.81889764e+00  7.50065927e+00  1.08287163e+01  8.74197045e+00
 2.78507937e+00 -2.68503937e+00  7.63596700e+00  1.08282445e+01  8.73351169e+00
 2.78507937e+00 -2.55118110e+00  7.77185266e+00  1.08278135e+01  8.72490144e+00
 2.78507937e+00 -2.41732283e+00  7.90851563e+00  1.08274392e+01  8.71608644e+00
 2.78507937e+00 -2.28346457e+00  8.04611863e+00  1.08270432e+01  8.70700176e+00
 2.78507937e+00 -2.14960630e+00  8.18509983e+00  1.08267557e+01  8.69762852e+00
 2.78507937e+00 -2.01574803e+00  8.32606927e+00  1.08264946e+01  8.68795582e+00
 2.78507937e+00 -1.88188976e+00  8.46972462e+00  1.08263643e+01  8.67789731e+00
 2.78507937e+00 -1.74803150e+00  8.61709502e+00  1.08264235e+01  8.66735509e+00
 2.78507937e+00 -1.61417323e+00  8.76977129e+00  1.08267196e+01  8.65621652e+00
 2.78507937e+00 -1.48031496e+00  8.93007481e+00  1.08274531e+01  8.64425232e+00
 2.78507937e+00 -1.34645669e+00  9.10150285e+00  1.08290145e+01  8.63119357e+00
 2.78507937e+00 -1.21259843e+00  9.28886446e+00  1.08321572e+01  8.61666245e+00
 2.78507937e+00 -1.07874016e+00  9.49904288e+00  1.08387889e+01  8.59995378e+00
 2.78507937e+00 -9.44881890e-01  9.74207496e+00  1.08526432e+01  8.58011826e+00
 2.78507937e+00 -8.11023622e-01  1.00294507e+01  1.08815592e+01  8.55583229e+00
 2.78507937e+00 -6.77165354e-01  1.03636396e+01  1.09451087e+01  8.52573327e+00
 2.78507937e+00 -5.43307087e-01  1.07378130e+01  1.10694944e+01  8.48870298e+00
 2.78507937e+00 -4.09448819e-01  1.11138541e+01  1.12568822e+01  8.44588697e+00
 2.78507937e+00 -2.75590551e-01  1.14898952e+01  1.14442700e+01  8.40307096e+00
 2.78507937e+00 -1.41732283e-01  1.18659363e+01  1.16316578e+01  8.36025495e+00
 2.78507937e+00 -7.87401575e-03  1.22419774e+01  1.18190456e+01  8.31743894e+00
 2.78507937e+00  1.25984252e-01  1.26180185e+01  1.20064334e+01  8.27462293e+00
 2.78507937e+00  2.59842520e-01  1.29940596e+01  1.21938212e+01  8.23180692e+00
 2.78507937e+00  3.93700787e-01  1.33701007e+01  1.23812090e+01  8.18899091e+00
 2.78507937e+00  5.27559055e-01  1.37461418e+01  1.25685968e+01  8.14617490e+00
 2.78507937e+00  6.61417323e-01  1.41221829e+01  1.27559846e+01  8.10335889e+00
 2.78507937e+00  7.95275591e-01  1.44982240e+01  1.29433724e+01  8.06054288e+00
 2.78507937e+00  9.29133858e-01  1.48742651e+01  1.31307602e+01  8.01772687e+00
 2.78507937e+00  1.06299213e+00  1.52503062e+01  1.33181480e+01  7.97491086e+00
 2.78507937e+00  1.19685039e+00  1.56263473e+01  1.35055358e+01  7.93209485e+00
 2.78507937e+00  1.33070866e+00  1.60023884e+01  1.36929236e+01  7.88927884e+00
 2.78507937e+00  1.46456693e+00  1.63784295e+01  1.38803114e+01  7.84646283e+00
 2.78507937e+00  1.59842520e+00  1.67544706e+01  1.40676992e+01  7.80364682e+00
 2.78507937e+00  1.73228346e+00  1.71305117e+01  1.42550870e+01  7.76083081e+00
 2.78507937e+00  1.86614173e+00  1.75065528e+01  1.44424748e+01  7.71801480e+00
 2.78507937e+00  2.00000000e+00  1.78825939e+01  1.46298626e+01  7.67519879e+00
 2.86349206e+00 -1.50000000e+01 -4.60887938e+00  1.08992233e+01  9.19234583e+00
 2.86349206e+00 -1.48661417e+01 -4.47488634e+00  1.08993701e+01  9.18941877e+00
 2.86349206e+00 -1.47322835e+01 -4.34088953e+00  1.08995371e+01  9.18643007e+00
 2.86349206e+00 -1.45984252e+01 -4.20688551e+00  1.08997162e+01  9.18335186e+00
 2.86349206e+00 -1.44645669e+01 -4.07286911e+00  1.08999072e+01  9.18030755e+00
 2.86349206e+00 -1.43307087e+01 -3.93883481e+00  1.09001010e+01  9.17728814e+00
 2.86349206e+00 -1.41968504e+01 -3.80477130e+00  1.09002945e+01  9.17420541e+00
 2.86349206e+00 -1.40629921e+01 -3.67066096e+00  1.09006028e+01  9.17093696e+00
 2.86349206e+00 -1.39291339e+01 -3.53648722e+00  1.09006177e+01  9.16769405e+00
 2.86349206e+00 -1.37952756e+01 -3.40222543e+00  1.09006171e+01  9.16449703e+00
 2.86349206e+00 -1.36614173e+01 -3.26783844e+00  1.09006078e+01  9.16118096e+00
 2.86349206e+00 -1.35275591e+01 -3.13327618e+00  1.09005923e+01  9.15782190e+00
 2.86349206e+00 -1.33937008e+01 -2.99847228e+00  1.09005647e+01  9.15446165e+00
 2.86349206e+00 -1.32598425e+01 -2.86343765e+00  1.09005153e+01  9.15105313e+00
 2.86349206e+00 -1.31259843e+01 -2.72874460e+00  1.09004466e+01  9.14760856e+00
 2.86349206e+00 -1.29921260e+01 -2.59471168e+00  1.09003617e+01  9.14415040e+00
 2.86349206e+00 -1.28582677e+01 -2.46088700e+00  1.09002604e+01  9.14067876e+00
 2.86349206e+00 -1.27244094e+01 -2.32707096e+00  1.09001431e+01  9.13717855e+00
 2.86349206e+00 -1.25905512e+01 -2.19325925e+00  1.09000099e+01  9.13364198e+00
 2.86349206e+00 -1.24566929e+01 -2.05944786e+00  1.08998618e+01  9.13007130e+00
 2.86349206e+00 -1.23228346e+01 -1.92563847e+00  1.08997021e+01  9.12648022e+00
 2.86349206e+00 -1.21889764e+01 -1.79183005e+00  1.08995354e+01  9.12285602e+00
 2.86349206e+00 -1.20551181e+01 -1.65801924e+00  1.08993638e+01  9.11917107e+00
 2.86349206e+00 -1.19212598e+01 -1.52420702e+00  1.08991832e+01  9.11543388e+00
 2.86349206e+00 -1.17874016e+01 -1.39039377e+00  1.08989947e+01  9.11170835e+00
 2.86349206e+00 -1.16535433e+01 -1.25657860e+00  1.08988041e+01  9.10803580e+00
 2.86349206e+00 -1.15196850e+01 -1.12276045e+00  1.08986128e+01  9.10426638e+00
 2.86349206e+00 -1.13858268e+01 -9.88940686e-01  1.08984213e+01  9.10039793e+00
 2.86349206e+00 -1.12519685e+01 -8.55120921e-01  1.08982307e+01  9.09654370e+00
 2.86349206e+00 -1.11181102e+01 -7.21297749e-01  1.08980425e+01  9.09269835e+00
 2.86349206e+00 -1.09842520e+01 -5.87471061e-01  1.08978580e+01  9.08881170e+00
 2.86349206e+00 -1.08503937e+01 -4.53643029e-01  1.08976775e+01  9.08484905e+00
 2.86349206e+00 -1.07165354e+01 -3.19812536e-01  1.08975012e+01  9.08086777e+00
 2.86349206e+00 -1.05826772e+01 -1.85979903e-01  1.08973296e+01  9.07686498e+00
 2.86349206e+00 -1.04488189e+01 -5.21464299e-02  1.08971633e+01  9.07280592e+00
 2.86349206e+00 -1.03149606e+01  8.16883111e-02  1.08970019e+01  9.06873419e+00
 2.86349206e+00 -1.01811024e+01  2.15524060e-01  1.08968460e+01  9.06464546e+00
 2.86349206e+00 -1.00472441e+01  3.49360016e-01  1.08966962e+01  9.06049520e+00
 2.86349206e+00 -9.91338583e+00  4.83195987e-01  1.08965511e+01  9.05626287e+00
 2.86349206e+00 -9.77952756e+00  6.17031708e-01  1.08964091e+01  9.05199737e+00
 2.86349206e+00 -9.64566929e+00  7.50866807e-01  1.08962696e+01  9.04774912e+00
 2.86349206e+00 -9.51181102e+00  8.84701033e-01  1.08961344e+01  9.04344804e+00
 2.86349206e+00 -9.37795276e+00  1.01853451e+00  1.08960028e+01  9.03907787e+00
 2.86349206e+00 -9.24409449e+00  1.15236719e+00  1.08958728e+01  9.03466328e+00
 2.86349206e+00 -9.11023622e+00  1.28619872e+00  1.08957454e+01  9.03020035e+00
 2.86349206e+00 -8.97637795e+00  1.42002887e+00  1.08956197e+01  9.02571210e+00
 2.86349206e+00 -8.84251969e+00  1.55385823e+00  1.08954954e+01  9.02120740e+00
 2.86349206e+00 -8.70866142e+00  1.68768617e+00  1.08953723e+01  9.01660977e+00
 2.86349206e+00 -8.57480315e+00  1.82151286e+00  1.08952502e+01  9.01194110e+00
 2.86349206e+00 -8.44094488e+00  1.95533874e+00  1.08951290e+01  9.00725864e+00
 2.86349206e+00 -8.30708661e+00  2.08916325e+00  1.08950077e+01  9.00252326e+00
 2.86349206e+00 -8.17322835e+00  2.22298675e+00  1.08948872e+01  8.99770974e+00
 2.86349206e+00 -8.03937008e+00  2.35680986e+00  1.08947689e+01  8.99283309e+00
 2.86349206e+00 -7.90551181e+00  2.49063206e+00  1.08946515e+01  8.98794917e+00
 2.86349206e+00 -7.77165354e+00  2.62445364e+00  1.08945352e+01  8.98299755e+00
 2.86349206e+00 -7.63779528e+00  2.75827505e+00  1.08944204e+01  8.97792493e+00
 2.86349206e+00 -7.50393701e+00  2.89209579e+00  1.08943073e+01  8.97285843e+00
 2.86349206e+00 -7.37007874e+00  3.02591592e+00  1.08941958e+01  8.96776351e+00
 2.86349206e+00 -7.23622047e+00  3.15973576e+00  1.08940862e+01  8.96255890e+00
 2.86349206e+00 -7.10236220e+00  3.29355478e+00  1.08939782e+01  8.95730834e+00
 2.86349206e+00 -6.96850394e+00  3.42737385e+00  1.08938725e+01  8.95199382e+00
 2.86349206e+00 -6.83464567e+00  3.56119325e+00  1.08937687e+01  8.94657608e+00
 2.86349206e+00 -6.70078740e+00  3.69501246e+00  1.08936677e+01  8.94110610e+00
 2.86349206e+00 -6.56692913e+00  3.82883166e+00  1.08935692e+01  8.93565681e+00
 2.86349206e+00 -6.43307087e+00  3.96265128e+00  1.08934728e+01  8.93026122e+00
 2.86349206e+00 -6.29921260e+00  4.09647122e+00  1.08933789e+01  8.92485705e+00
 2.86349206e+00 -6.16535433e+00  4.23029151e+00  1.08932877e+01  8.91938513e+00
 2.86349206e+00 -6.03149606e+00  4.36411235e+00  1.08931992e+01  8.91383113e+00
 2.86349206e+00 -5.89763780e+00  4.49793407e+00  1.08931135e+01  8.90824572e+00
 2.86349206e+00 -5.76377953e+00  4.63175671e+00  1.08930304e+01  8.90259322e+00
 2.86349206e+00 -5.62992126e+00  4.76557980e+00  1.08929487e+01  8.89682649e+00
 2.86349206e+00 -5.49606299e+00  4.89940736e+00  1.08928745e+01  8.89097977e+00
 2.86349206e+00 -5.36220472e+00  5.03323437e+00  1.08928002e+01  8.88507540e+00
 2.86349206e+00 -5.22834646e+00  5.16706312e+00  1.08927287e+01  8.87910493e+00
 2.86349206e+00 -5.09448819e+00  5.30089869e+00  1.08926595e+01  8.87302088e+00
 2.86349206e+00 -4.96062992e+00  5.43472272e+00  1.08925928e+01  8.86684915e+00
 2.86349206e+00 -4.82677165e+00  5.56854797e+00  1.08925285e+01  8.86061757e+00
 2.86349206e+00 -4.69291339e+00  5.70244942e+00  1.08924652e+01  8.85428755e+00
 2.86349206e+00 -4.55905512e+00  5.83634479e+00  1.08924041e+01  8.84786155e+00
 2.86349206e+00 -4.42519685e+00  5.97018079e+00  1.08923471e+01  8.84134271e+00
 2.86349206e+00 -4.29133858e+00  6.10408696e+00  1.08922914e+01  8.83470045e+00
 2.86349206e+00 -4.15748031e+00  6.23790975e+00  1.08920301e+01  8.82792457e+00
 2.86349206e+00 -4.02362205e+00  6.37174445e+00  1.08918744e+01  8.82110181e+00
 2.86349206e+00 -3.88976378e+00  6.50567526e+00  1.08917291e+01  8.81413496e+00
 2.86349206e+00 -3.75590551e+00  6.63965119e+00  1.08915907e+01  8.80704527e+00
 2.86349206e+00 -3.62204724e+00  6.77363422e+00  1.08914537e+01  8.79985690e+00
 2.86349206e+00 -3.48818898e+00  6.90774707e+00  1.08913226e+01  8.79252044e+00
 2.86349206e+00 -3.35433071e+00  7.04194700e+00  1.08911964e+01  8.78506328e+00
 2.86349206e+00 -3.22047244e+00  7.17608516e+00  1.08908012e+01  8.77745558e+00
 2.86349206e+00 -3.08661417e+00  7.31034129e+00  1.08901349e+01  8.76963942e+00
 2.86349206e+00 -2.95275591e+00  7.44492165e+00  1.08896687e+01  8.76169335e+00
 2.86349206e+00 -2.81889764e+00  7.57979314e+00  1.08892297e+01  8.75359436e+00
 2.86349206e+00 -2.68503937e+00  7.71508590e+00  1.08888211e+01  8.74534605e+00
 2.86349206e+00 -2.55118110e+00  7.85096089e+00  1.08884677e+01  8.73695671e+00
 2.86349206e+00 -2.41732283e+00  7.98728467e+00  1.08876946e+01  8.72833365e+00
 2.86349206e+00 -2.28346457e+00  8.12463027e+00  1.08872607e+01  8.71947877e+00
 2.86349206e+00 -2.14960630e+00  8.26339379e+00  1.08868780e+01  8.71034991e+00
 2.86349206e+00 -2.01574803e+00  8.40409587e+00  1.08866058e+01  8.70093679e+00
 2.86349206e+00 -1.88188976e+00  8.54737244e+00  1.08865121e+01  8.69118850e+00
 2.86349206e+00 -1.74803150e+00  8.69432701e+00  1.08866431e+01  8.68101170e+00
 2.86349206e+00 -1.61417323e+00  8.84641762e+00  1.08870989e+01  8.67027847e+00
 2.86349206e+00 -1.48031496e+00  9.00576627e+00  1.08881052e+01  8.65881371e+00
 2.86349206e+00 -1.34645669e+00  9.17563188e+00  1.08900567e+01  8.64637707e+00
 2.86349206e+00 -1.21259843e+00  9.36041668e+00  1.08937153e+01  8.63265034e+00
 2.86349206e+00 -1.07874016e+00  9.56647730e+00  1.09009766e+01  8.61693133e+00
 2.86349206e+00 -9.44881890e-01  9.80270067e+00  1.09151516e+01  8.59855473e+00
 2.86349206e+00 -8.11023622e-01  1.00795662e+01  1.09429850e+01  8.57635317e+00
 2.86349206e+00 -6.77165354e-01  1.04009305e+01  1.10021636e+01  8.54913599e+00
 2.86349206e+00 -5.43307087e-01  1.07641053e+01  1.11161013e+01  8.51588864e+00
 2.86349206e+00 -4.09448819e-01  1.11494721e+01  1.12887386e+01  8.47735605e+00
 2.86349206e+00 -2.75590551e-01  1.15348389e+01  1.14613759e+01  8.43882346e+00
 2.86349206e+00 -1.41732283e-01  1.19202057e+01  1.16340132e+01  8.40029087e+00
 2.86349206e+00 -7.87401575e-03  1.23055725e+01  1.18066505e+01  8.36175828e+00
 2.86349206e+00  1.25984252e-01  1.26909393e+01  1.19792878e+01  8.32322569e+00
 2.86349206e+00  2.59842520e-01  1.30763061e+01  1.21519251e+01  8.28469310e+00
 2.86349206e+00  3.93700787e-01  1.34616729e+01  1.23245624e+01  8.24616051e+00
 2.86349206e+00  5.27559055e-01  1.38470397e+01  1.24971997e+01  8.20762792e+00
 2.86349206e+00  6.61417323e-01  1.42324065e+01  1.26698370e+01  8.16909533e+00
 2.86349206e+00  7.95275591e-01  1.46177733e+01  1.28424743e+01  8.13056274e+00
 2.86349206e+00  9.29133858e-01  1.50031401e+01  1.30151116e+01  8.09203015e+00
 2.86349206e+00  1.06299213e+00  1.53885069e+01  1.31877489e+01  8.05349756e+00
 2.86349206e+00  1.19685039e+00  1.57738737e+01  1.33603862e+01  8.01496497e+00
 2.86349206e+00  1.33070866e+00  1.61592405e+01  1.35330235e+01  7.97643238e+00
 2.86349206e+00  1.46456693e+00  1.65446073e+01  1.37056608e+01  7.93789979e+00
 2.86349206e+00  1.59842520e+00  1.69299741e+01  1.38782981e+01  7.89936720e+00
 2.86349206e+00  1.73228346e+00  1.73153409e+01  1.40509354e+01  7.86083461e+00
 2.86349206e+00  1.86614173e+00  1.77007077e+01  1.42235727e+01  7.82230202e+00
 2.86349206e+00  2.00000000e+00  1.80860745e+01  1.43962100e+01  7.78376943e+00
 2.94190476e+00 -1.50000000e+01 -4.52865261e+00  1.09723444e+01  9.19802279e+00
 2.94190476e+00 -1.48661417e+01 -4.39512615e+00  1.09717104e+01  9.19467352e+00
 2.94190476e+00 -1.47322835e+01 -4.26155931e+00  1.09710321e+01  9.19135191e+00
 2.94190476e+00 -1.45984252e+01 -4.12794723e+00  1.09703062e+01  9.18804843e+00
 2.94190476e+00 -1.44645669e+01 -3.99427923e+00  1.09695534e+01  9.18475665e+00
 2.94190476e+00 -1.43307087e+01 -3.86054356e+00  1.09688115e+01  9.18147527e+00
 2.94190476e+00 -1.41968504e+01 -3.72674388e+00  1.09682850e+01  9.17814942e+00
 2.94190476e+00 -1.40629921e+01 -3.59286642e+00  1.09673165e+01  9.17478688e+00
 2.94190476e+00 -1.39291339e+01 -3.45888089e+00  1.09664216e+01  9.17144102e+00
 2.94190476e+00 -1.37952756e+01 -3.32476464e+00  1.09655740e+01  9.16806091e+00
 2.94190476e+00 -1.36614173e+01 -3.19048750e+00  1.09647550e+01  9.16465689e+00
 2.94190476e+00 -1.35275591e+01 -3.05600477e+00  1.09639660e+01  9.16128008e+00
 2.94190476e+00 -1.33937008e+01 -2.92123884e+00  1.09632568e+01  9.15790008e+00
 2.94190476e+00 -1.32598425e+01 -2.78615911e+00  1.09626389e+01  9.15451050e+00
 2.94190476e+00 -1.31259843e+01 -2.65126139e+00  1.09620930e+01  9.15113015e+00
 2.94190476e+00 -1.29921260e+01 -2.51706007e+00  1.09616188e+01  9.14772576e+00
 2.94190476e+00 -1.28582677e+01 -2.38317383e+00  1.09612139e+01  9.14431966e+00
 2.94190476e+00 -1.27244094e+01 -2.24925121e+00  1.09608755e+01  9.14095207e+00
 2.94190476e+00 -1.25905512e+01 -2.11533077e+00  1.09606016e+01  9.13755083e+00
 2.94190476e+00 -1.24566929e+01 -1.98140603e+00  1.09603837e+01  9.13410499e+00
 2.94190476e+00 -1.23228346e+01 -1.84747448e+00  1.09602061e+01  9.13064322e+00
 2.94190476e+00 -1.21889764e+01 -1.71354898e+00  1.09600473e+01  9.12714373e+00
 2.94190476e+00 -1.20551181e+01 -1.57963222e+00  1.09599195e+01  9.12359907e+00
 2.94190476e+00 -1.19212598e+01 -1.44571976e+00  1.09598407e+01  9.12002386e+00
 2.94190476e+00 -1.17874016e+01 -1.31181392e+00  1.09597833e+01  9.11644467e+00
 2.94190476e+00 -1.16535433e+01 -1.17791876e+00  1.09597341e+01  9.11283819e+00
 2.94190476e+00 -1.15196850e+01 -1.04403432e+00  1.09596927e+01  9.10916036e+00
 2.94190476e+00 -1.13858268e+01 -9.10151349e-01  1.09596556e+01  9.10540433e+00
 2.94190476e+00 -1.12519685e+01 -7.76276085e-01  1.09596174e+01  9.10161767e+00
 2.94190476e+00 -1.11181102e+01 -6.42417685e-01  1.09595726e+01  9.09783809e+00
 2.94190476e+00 -1.09842520e+01 -5.08567418e-01  1.09595184e+01  9.09401206e+00
 2.94190476e+00 -1.08503937e+01 -3.74725193e-01  1.09594544e+01  9.09014678e+00
 2.94190476e+00 -1.07165354e+01 -2.40894036e-01  1.09593798e+01  9.08625908e+00
 2.94190476e+00 -1.05826772e+01 -1.07068595e-01  1.09592914e+01  9.08229051e+00
 2.94190476e+00 -1.04488189e+01  2.67516936e-02  1.09591896e+01  9.07826294e+00
 2.94190476e+00 -1.03149606e+01  1.60565710e-01  1.09590747e+01  9.07421950e+00
 2.94190476e+00 -1.01811024e+01  2.94376432e-01  1.09589429e+01  9.07013114e+00
 2.94190476e+00 -1.00472441e+01  4.28185287e-01  1.09587968e+01  9.06598947e+00
 2.94190476e+00 -9.91338583e+00  5.61992820e-01  1.09586429e+01  9.06181296e+00
 2.94190476e+00 -9.77952756e+00  6.95800321e-01  1.09584863e+01  9.05763379e+00
 2.94190476e+00 -9.64566929e+00  8.29608850e-01  1.09583230e+01  9.05342955e+00
 2.94190476e+00 -9.51181102e+00  9.63418589e-01  1.09581498e+01  9.04915566e+00
 2.94190476e+00 -9.37795276e+00  1.09722855e+00  1.09579749e+01  9.04479720e+00
 2.94190476e+00 -9.24409449e+00  1.23104090e+00  1.09578002e+01  9.04042244e+00
 2.94190476e+00 -9.11023622e+00  1.36485639e+00  1.09576240e+01  9.03606802e+00
 2.94190476e+00 -8.97637795e+00  1.49867266e+00  1.09574492e+01  9.03163083e+00
 2.94190476e+00 -8.84251969e+00  1.63249066e+00  1.09572771e+01  9.02710955e+00
 2.94190476e+00 -8.70866142e+00  1.76631162e+00  1.09571083e+01  9.02255188e+00
 2.94190476e+00 -8.57480315e+00  1.90013307e+00  1.09569432e+01  9.01797315e+00
 2.94190476e+00 -8.44094488e+00  2.03395596e+00  1.09567853e+01  9.01336514e+00
 2.94190476e+00 -8.30708661e+00  2.16778102e+00  1.09566351e+01  9.00871143e+00
 2.94190476e+00 -8.17322835e+00  2.30160509e+00  1.09564856e+01  9.00399849e+00
 2.94190476e+00 -8.03937008e+00  2.43542878e+00  1.09563388e+01  8.99920525e+00
 2.94190476e+00 -7.90551181e+00  2.56925287e+00  1.09561979e+01  8.99433621e+00
 2.94190476e+00 -7.77165354e+00  2.70307495e+00  1.09560604e+01  8.98944244e+00
 2.94190476e+00 -7.63779528e+00  2.83689591e+00  1.09559258e+01  8.98451036e+00
 2.94190476e+00 -7.50393701e+00  2.97071696e+00  1.09557946e+01  8.97952185e+00
 2.94190476e+00 -7.37007874e+00  3.10453704e+00  1.09556665e+01  8.97450319e+00
 2.94190476e+00 -7.23622047e+00  3.23835578e+00  1.09555394e+01  8.96940920e+00
 2.94190476e+00 -7.10236220e+00  3.37217447e+00  1.09554155e+01  8.96422107e+00
 2.94190476e+00 -6.96850394e+00  3.50599052e+00  1.09552954e+01  8.95900826e+00
 2.94190476e+00 -6.83464567e+00  3.63980546e+00  1.09551772e+01  8.95370720e+00
 2.94190476e+00 -6.70078740e+00  3.77362073e+00  1.09550594e+01  8.94831485e+00
 2.94190476e+00 -6.56692913e+00  3.90743498e+00  1.09549450e+01  8.94301104e+00
 2.94190476e+00 -6.43307087e+00  4.04124867e+00  1.09548340e+01  8.93774631e+00
 2.94190476e+00 -6.29921260e+00  4.17506280e+00  1.09547251e+01  8.93242471e+00
 2.94190476e+00 -6.16535433e+00  4.30887763e+00  1.09546185e+01  8.92705321e+00
 2.94190476e+00 -6.03149606e+00  4.44269295e+00  1.09545144e+01  8.92162648e+00
 2.94190476e+00 -5.89763780e+00  4.57650877e+00  1.09544128e+01  8.91612767e+00
 2.94190476e+00 -5.76377953e+00  4.71032593e+00  1.09543147e+01  8.91053837e+00
 2.94190476e+00 -5.62992126e+00  4.84414657e+00  1.09542251e+01  8.90487354e+00
 2.94190476e+00 -5.49606299e+00  4.97796736e+00  1.09541315e+01  8.89915100e+00
 2.94190476e+00 -5.36220472e+00  5.11179033e+00  1.09540417e+01  8.89337349e+00
 2.94190476e+00 -5.22834646e+00  5.24561538e+00  1.09539552e+01  8.88748551e+00
 2.94190476e+00 -5.09448819e+00  5.37944196e+00  1.09538728e+01  8.88148334e+00
 2.94190476e+00 -4.96062992e+00  5.51326951e+00  1.09537933e+01  8.87545521e+00
 2.94190476e+00 -4.82677165e+00  5.64710808e+00  1.09537170e+01  8.86936789e+00
 2.94190476e+00 -4.69291339e+00  5.78096721e+00  1.09536439e+01  8.86317160e+00
 2.94190476e+00 -4.55905512e+00  5.91484598e+00  1.09535732e+01  8.85686734e+00
 2.94190476e+00 -4.42519685e+00  6.04872243e+00  1.09535049e+01  8.85045467e+00
 2.94190476e+00 -4.29133858e+00  6.18258179e+00  1.09534296e+01  8.84395003e+00
 2.94190476e+00 -4.15748031e+00  6.31645391e+00  1.09533616e+01  8.83739170e+00
 2.94190476e+00 -4.02362205e+00  6.45036216e+00  1.09532987e+01  8.83073274e+00
 2.94190476e+00 -3.88976378e+00  6.58431507e+00  1.09532378e+01  8.82393171e+00
 2.94190476e+00 -3.75590551e+00  6.71829894e+00  1.09531689e+01  8.81700286e+00
 2.94190476e+00 -3.62204724e+00  6.85234673e+00  1.09531240e+01  8.80999668e+00
 2.94190476e+00 -3.48818898e+00  6.98646165e+00  1.09531059e+01  8.80289820e+00
 2.94190476e+00 -3.35433071e+00  7.12061733e+00  1.09530697e+01  8.79561904e+00
 2.94190476e+00 -3.22047244e+00  7.25476587e+00  1.09527175e+01  8.78814715e+00
 2.94190476e+00 -3.08661417e+00  7.38920372e+00  1.09525042e+01  8.78059995e+00
 2.94190476e+00 -2.95275591e+00  7.52383512e+00  1.09523536e+01  8.77289293e+00
 2.94190476e+00 -2.81889764e+00  7.65875935e+00  1.09522411e+01  8.76505109e+00
 2.94190476e+00 -2.68503937e+00  7.79411762e+00  1.09521400e+01  8.75707033e+00
 2.94190476e+00 -2.55118110e+00  7.92971141e+00  1.09515245e+01  8.74880082e+00
 2.94190476e+00 -2.41732283e+00  8.06555289e+00  1.09506350e+01  8.74028581e+00
 2.94190476e+00 -2.28346457e+00  8.20265248e+00  1.09501926e+01  8.73163736e+00
 2.94190476e+00 -2.14960630e+00  8.34114945e+00  1.09498973e+01  8.72276621e+00
 2.94190476e+00 -2.01574803e+00  8.48139747e+00  1.09494551e+01  8.71363097e+00
 2.94190476e+00 -1.88188976e+00  8.62416616e+00  1.09492209e+01  8.70419448e+00
 2.94190476e+00 -1.74803150e+00  8.77047246e+00  1.09493221e+01  8.69433737e+00
 2.94190476e+00 -1.61417323e+00  8.92175008e+00  1.09498967e+01  8.68398123e+00
 2.94190476e+00 -1.48031496e+00  9.08003937e+00  1.09511386e+01  8.67299514e+00
 2.94190476e+00 -1.34645669e+00  9.24824687e+00  1.09534521e+01  8.66115158e+00
 2.94190476e+00 -1.21259843e+00  9.43051852e+00  1.09576121e+01  8.64810192e+00
 2.94190476e+00 -1.07874016e+00  9.63261264e+00  1.09653717e+01  8.63339767e+00
 2.94190476e+00 -9.44881890e-01  9.86253198e+00  1.09797266e+01  8.61635154e+00
 2.94190476e+00 -8.11023622e-01  1.01298222e+01  1.10065259e+01  8.59594088e+00
 2.94190476e+00 -6.77165354e-01  1.04394129e+01  1.10616786e+01  8.57130208e+00
 2.94190476e+00 -5.43307087e-01  1.07903408e+01  1.11657611e+01  8.54135065e+00
 2.94190476e+00 -4.09448819e-01  1.11705441e+01  1.13245953e+01  8.50666908e+00
 2.94190476e+00 -2.75590551e-01  1.15507474e+01  1.14834295e+01  8.47198751e+00
 2.94190476e+00 -1.41732283e-01  1.19309507e+01  1.16422637e+01  8.43730594e+00
 2.94190476e+00 -7.87401575e-03  1.23111540e+01  1.18010979e+01  8.40262437e+00
 2.94190476e+00  1.25984252e-01  1.26913573e+01  1.19599321e+01  8.36794280e+00
 2.94190476e+00  2.59842520e-01  1.30715606e+01  1.21187663e+01  8.33326123e+00
 2.94190476e+00  3.93700787e-01  1.34517639e+01  1.22776005e+01  8.29857966e+00
 2.94190476e+00  5.27559055e-01  1.38319672e+01  1.24364347e+01  8.26389809e+00
 2.94190476e+00  6.61417323e-01  1.42121705e+01  1.25952689e+01  8.22921652e+00
 2.94190476e+00  7.95275591e-01  1.45923738e+01  1.27541031e+01  8.19453495e+00
 2.94190476e+00  9.29133858e-01  1.49725771e+01  1.29129373e+01  8.15985338e+00
 2.94190476e+00  1.06299213e+00  1.53527804e+01  1.30717715e+01  8.12517181e+00
 2.94190476e+00  1.19685039e+00  1.57329837e+01  1.32306057e+01  8.09049024e+00
 2.94190476e+00  1.33070866e+00  1.61131870e+01  1.33894399e+01  8.05580867e+00
 2.94190476e+00  1.46456693e+00  1.64933903e+01  1.35482741e+01  8.02112710e+00
 2.94190476e+00  1.59842520e+00  1.68735936e+01  1.37071083e+01  7.98644553e+00
 2.94190476e+00  1.73228346e+00  1.72537969e+01  1.38659425e+01  7.95176396e+00
 2.94190476e+00  1.86614173e+00  1.76340002e+01  1.40247767e+01  7.91708239e+00
 2.94190476e+00  2.00000000e+00  1.80142035e+01  1.41836109e+01  7.88240082e+00
 3.02031746e+00 -1.50000000e+01 -4.45562304e+00  1.10061472e+01  9.19742520e+00
 3.02031746e+00 -1.48661417e+01 -4.32048903e+00  1.10078652e+01  9.19544464e+00
 3.02031746e+00 -1.47322835e+01 -4.18545211e+00  1.10098987e+01  9.19336305e+00
 3.02031746e+00 -1.45984252e+01 -4.05051292e+00  1.10121291e+01  9.19120733e+00
 3.02031746e+00 -1.44645669e+01 -3.91570169e+00  1.10145337e+01  9.18889986e+00
 3.02031746e+00 -1.43307087e+01 -3.78097774e+00  1.10171922e+01  9.18646327e+00
 3.02031746e+00 -1.41968504e+01 -3.64628373e+00  1.10195461e+01  9.18392022e+00
 3.02031746e+00 -1.40629921e+01 -3.51165852e+00  1.10217039e+01  9.18125816e+00
 3.02031746e+00 -1.39291339e+01 -3.37709481e+00  1.10237984e+01  9.17843866e+00
 3.02031746e+00 -1.37952756e+01 -3.24254084e+00  1.10257816e+01  9.17547273e+00
 3.02031746e+00 -1.36614173e+01 -3.10793985e+00  1.10275850e+01  9.17241683e+00
 3.02031746e+00 -1.35275591e+01 -2.97325283e+00  1.10291864e+01  9.16925849e+00
 3.02031746e+00 -1.33937008e+01 -2.83842466e+00  1.10305747e+01  9.16596835e+00
 3.02031746e+00 -1.32598425e+01 -2.70340137e+00  1.10317004e+01  9.16258322e+00
 3.02031746e+00 -1.31259843e+01 -2.56855294e+00  1.10325669e+01  9.15912749e+00
 3.02031746e+00 -1.29921260e+01 -2.43445620e+00  1.10331980e+01  9.15560238e+00
 3.02031746e+00 -1.28582677e+01 -2.30088764e+00  1.10335909e+01  9.15197696e+00
 3.02031746e+00 -1.27244094e+01 -2.16738429e+00  1.10337379e+01  9.14829975e+00
 3.02031746e+00 -1.25905512e+01 -2.03387618e+00  1.10336659e+01  9.14461549e+00
 3.02031746e+00 -1.24566929e+01 -1.90040224e+00  1.10334602e+01  9.14086357e+00
 3.02031746e+00 -1.23228346e+01 -1.76692924e+00  1.10330955e+01  9.13706557e+00
 3.02031746e+00 -1.21889764e+01 -1.63341398e+00  1.10325536e+01  9.13326736e+00
 3.02031746e+00 -1.20551181e+01 -1.49988028e+00  1.10319428e+01  9.12946639e+00
 3.02031746e+00 -1.19212598e+01 -1.36632998e+00  1.10312840e+01  9.12566390e+00
 3.02031746e+00 -1.17874016e+01 -1.23274794e+00  1.10305695e+01  9.12185376e+00
 3.02031746e+00 -1.16535433e+01 -1.09912166e+00  1.10298336e+01  9.11801268e+00
 3.02031746e+00 -1.15196850e+01 -9.65481845e-01  1.10290875e+01  9.11417175e+00
 3.02031746e+00 -1.13858268e+01 -8.31839751e-01  1.10283400e+01  9.11034845e+00
 3.02031746e+00 -1.12519685e+01 -6.98137061e-01  1.10276211e+01  9.10648915e+00
 3.02031746e+00 -1.11181102e+01 -5.64387226e-01  1.10269434e+01  9.10261360e+00
 3.02031746e+00 -1.09842520e+01 -4.30617248e-01  1.10263086e+01  9.09875521e+00
 3.02031746e+00 -1.08503937e+01 -2.96808639e-01  1.10257180e+01  9.09489799e+00
 3.02031746e+00 -1.07165354e+01 -1.62971475e-01  1.10251815e+01  9.09103345e+00
 3.02031746e+00 -1.05826772e+01 -2.91196602e-02  1.10247052e+01  9.08714915e+00
 3.02031746e+00 -1.04488189e+01  1.04753897e-01  1.10242826e+01  9.08322101e+00
 3.02031746e+00 -1.03149606e+01  2.38642860e-01  1.10239279e+01  9.07927845e+00
 3.02031746e+00 -1.01811024e+01  3.72537912e-01  1.10236472e+01  9.07532530e+00
 3.02031746e+00 -1.00472441e+01  5.06437215e-01  1.10234143e+01  9.07129147e+00
 3.02031746e+00 -9.91338583e+00  6.40336809e-01  1.10232008e+01  9.06722283e+00
 3.02031746e+00 -9.77952756e+00  7.74232101e-01  1.10230047e+01  9.06316141e+00
 3.02031746e+00 -9.64566929e+00  9.08120434e-01  1.10228600e+01  9.05905315e+00
 3.02031746e+00 -9.51181102e+00  1.04200458e+00  1.10227456e+01  9.05488375e+00
 3.02031746e+00 -9.37795276e+00  1.17588323e+00  1.10226357e+01  9.05065803e+00
 3.02031746e+00 -9.24409449e+00  1.30974682e+00  1.10225384e+01  9.04638158e+00
 3.02031746e+00 -9.11023622e+00  1.44360155e+00  1.10224486e+01  9.04209315e+00
 3.02031746e+00 -8.97637795e+00  1.57745109e+00  1.10223574e+01  9.03778040e+00
 3.02031746e+00 -8.84251969e+00  1.71128680e+00  1.10222625e+01  9.03335116e+00
 3.02031746e+00 -8.70866142e+00  1.84511434e+00  1.10221640e+01  9.02886196e+00
 3.02031746e+00 -8.57480315e+00  1.97893711e+00  1.10220528e+01  9.02436675e+00
 3.02031746e+00 -8.44094488e+00  2.11274772e+00  1.10219111e+01  9.01982076e+00
 3.02031746e+00 -8.30708661e+00  2.24655433e+00  1.10217663e+01  9.01520266e+00
 3.02031746e+00 -8.17322835e+00  2.38036220e+00  1.10216340e+01  9.01051815e+00
 3.02031746e+00 -8.03937008e+00  2.51416457e+00  1.10214893e+01  9.00579116e+00
 3.02031746e+00 -7.90551181e+00  2.64796765e+00  1.10213361e+01  9.00102749e+00
 3.02031746e+00 -7.77165354e+00  2.78177471e+00  1.10211829e+01  8.99621106e+00
 3.02031746e+00 -7.63779528e+00  2.91557855e+00  1.10210270e+01  8.99131782e+00
 3.02031746e+00 -7.50393701e+00  3.04938166e+00  1.10208690e+01  8.98639865e+00
 3.02031746e+00 -7.37007874e+00  3.18318584e+00  1.10207126e+01  8.98145795e+00
 3.02031746e+00 -7.23622047e+00  3.31698756e+00  1.10205598e+01  8.97641688e+00
 3.02031746e+00 -7.10236220e+00  3.45079360e+00  1.10204051e+01  8.97132557e+00
 3.02031746e+00 -6.96850394e+00  3.58460563e+00  1.10202498e+01  8.96619668e+00
 3.02031746e+00 -6.83464567e+00  3.71841525e+00  1.10201058e+01  8.96095339e+00
 3.02031746e+00 -6.70078740e+00  3.85222556e+00  1.10199655e+01  8.95568271e+00
 3.02031746e+00 -6.56692913e+00  3.98603912e+00  1.10198237e+01  8.95044704e+00
 3.02031746e+00 -6.43307087e+00  4.11985247e+00  1.10196859e+01  8.94520713e+00
 3.02031746e+00 -6.29921260e+00  4.25366453e+00  1.10195535e+01  8.93998544e+00
 3.02031746e+00 -6.16535433e+00  4.38747618e+00  1.10194263e+01  8.93475292e+00
 3.02031746e+00 -6.03149606e+00  4.52128917e+00  1.10193040e+01  8.92940823e+00
 3.02031746e+00 -5.89763780e+00  4.65510283e+00  1.10191851e+01  8.92398247e+00
 3.02031746e+00 -5.76377953e+00  4.78891832e+00  1.10190709e+01  8.91851049e+00
 3.02031746e+00 -5.62992126e+00  4.92272961e+00  1.10189541e+01  8.91296825e+00
 3.02031746e+00 -5.49606299e+00  5.05654393e+00  1.10188479e+01  8.90733608e+00
 3.02031746e+00 -5.36220472e+00  5.19035919e+00  1.10187485e+01  8.90161834e+00
 3.02031746e+00 -5.22834646e+00  5.32417542e+00  1.10186480e+01  8.89584485e+00
 3.02031746e+00 -5.09448819e+00  5.45799738e+00  1.10185492e+01  8.88999601e+00
 3.02031746e+00 -4.96062992e+00  5.59181651e+00  1.10184545e+01  8.88407611e+00
 3.02031746e+00 -4.82677165e+00  5.72562343e+00  1.10183621e+01  8.87811276e+00
 3.02031746e+00 -4.69291339e+00  5.85948487e+00  1.10182727e+01  8.87202178e+00
 3.02031746e+00 -4.55905512e+00  5.99338312e+00  1.10181873e+01  8.86579991e+00
 3.02031746e+00 -4.42519685e+00  6.12721756e+00  1.10181055e+01  8.85954911e+00
 3.02031746e+00 -4.29133858e+00  6.26108288e+00  1.10180335e+01  8.85324388e+00
 3.02031746e+00 -4.15748031e+00  6.39500696e+00  1.10179585e+01  8.84681618e+00
 3.02031746e+00 -4.02362205e+00  6.52891676e+00  1.10178827e+01  8.84023148e+00
 3.02031746e+00 -3.88976378e+00  6.66283485e+00  1.10178338e+01  8.83356652e+00
 3.02031746e+00 -3.75590551e+00  6.79679470e+00  1.10178092e+01  8.82685063e+00
 3.02031746e+00 -3.62204724e+00  6.93080949e+00  1.10177732e+01  8.82002489e+00
 3.02031746e+00 -3.48818898e+00  7.06489002e+00  1.10177249e+01  8.81302083e+00
 3.02031746e+00 -3.35433071e+00  7.19905231e+00  1.10176450e+01  8.80588042e+00
 3.02031746e+00 -3.22047244e+00  7.33337297e+00  1.10175884e+01  8.79872034e+00
 3.02031746e+00 -3.08661417e+00  7.46782791e+00  1.10175576e+01  8.79138804e+00
 3.02031746e+00 -2.95275591e+00  7.60248454e+00  1.10175632e+01  8.78386246e+00
 3.02031746e+00 -2.81889764e+00  7.73746897e+00  1.10175830e+01  8.77626057e+00
 3.02031746e+00 -2.68503937e+00  7.87287847e+00  1.10175751e+01  8.76849495e+00
 3.02031746e+00 -2.55118110e+00  8.00808145e+00  1.10169479e+01  8.76038327e+00
 3.02031746e+00 -2.41732283e+00  8.14425123e+00  1.10168034e+01  8.75217903e+00
 3.02031746e+00 -2.28346457e+00  8.28146217e+00  1.10167320e+01  8.74379886e+00
 3.02031746e+00 -2.14960630e+00  8.41980824e+00  1.10164338e+01  8.73517065e+00
 3.02031746e+00 -2.01574803e+00  8.55914889e+00  1.10155057e+01  8.72620624e+00
 3.02031746e+00 -1.88188976e+00  8.70124541e+00  1.10151219e+01  8.71699431e+00
 3.02031746e+00 -1.74803150e+00  8.84685502e+00  1.10151025e+01  8.70743990e+00
 3.02031746e+00 -1.61417323e+00  8.99724426e+00  1.10156921e+01  8.69747501e+00
 3.02031746e+00 -1.48031496e+00  9.15432473e+00  1.10171147e+01  8.68693373e+00
 3.02031746e+00 -1.34645669e+00  9.32081874e+00  1.10197334e+01  8.67560727e+00
 3.02031746e+00 -1.21259843e+00  9.50061109e+00  1.10243049e+01  8.66326251e+00
 3.02031746e+00 -1.07874016e+00  9.69883138e+00  1.10325414e+01  8.64943833e+00
 3.02031746e+00 -9.44881890e-01  9.92269402e+00  1.10468734e+01  8.63355401e+00
 3.02031746e+00 -8.11023622e-01  1.01811171e+01  1.10725894e+01  8.61481166e+00
 3.02031746e+00 -6.77165354e-01  1.04793598e+01  1.11237807e+01  8.59233756e+00
 3.02031746e+00 -5.43307087e-01  1.08181332e+01  1.12187200e+01  8.56535010e+00
 3.02031746e+00 -4.09448819e-01  1.11857865e+01  1.13641094e+01  8.53407119e+00
 3.02031746e+00 -2.75590551e-01  1.15534398e+01  1.15094988e+01  8.50279228e+00
 3.02031746e+00 -1.41732283e-01  1.19210931e+01  1.16548882e+01  8.47151337e+00
 3.02031746e+00 -7.87401575e-03  1.22887464e+01  1.18002776e+01  8.44023446e+00
 3.02031746e+00  1.25984252e-01  1.26563997e+01  1.19456670e+01  8.40895555e+00
 3.02031746e+00  2.59842520e-01  1.30240530e+01  1.20910564e+01  8.37767664e+00
 3.02031746e+00  3.93700787e-01  1.33917063e+01  1.22364458e+01  8.34639773e+00
 3.02031746e+00  5.27559055e-01  1.37593596e+01  1.23818352e+01  8.31511882e+00
 3.02031746e+00  6.61417323e-01  1.41270129e+01  1.25272246e+01  8.28383991e+00
 3.02031746e+00  7.95275591e-01  1.44946662e+01  1.26726140e+01  8.25256100e+00
 3.02031746e+00  9.29133858e-01  1.48623195e+01  1.28180034e+01  8.22128209e+00
 3.02031746e+00  1.06299213e+00  1.52299728e+01  1.29633928e+01  8.19000318e+00
 3.02031746e+00  1.19685039e+00  1.55976261e+01  1.31087822e+01  8.15872427e+00
 3.02031746e+00  1.33070866e+00  1.59652794e+01  1.32541716e+01  8.12744536e+00
 3.02031746e+00  1.46456693e+00  1.63329327e+01  1.33995610e+01  8.09616645e+00
 3.02031746e+00  1.59842520e+00  1.67005860e+01  1.35449504e+01  8.06488754e+00
 3.02031746e+00  1.73228346e+00  1.70682393e+01  1.36903398e+01  8.03360863e+00
 3.02031746e+00  1.86614173e+00  1.74358926e+01  1.38357292e+01  8.00232972e+00
 3.02031746e+00  2.00000000e+00  1.78035459e+01  1.39811186e+01  7.97105081e+00
 3.09873016e+00 -1.50000000e+01 -4.34685885e+00  1.13468407e+01  9.22988413e+00
 3.09873016e+00 -1.48661417e+01 -4.21891633e+00  1.13214672e+01  9.22179264e+00
 3.09873016e+00 -1.47322835e+01 -4.09038170e+00  1.12970045e+01  9.21415611e+00
 3.09873016e+00 -1.45984252e+01 -3.96126257e+00  1.12736151e+01  9.20700611e+00
 3.09873016e+00 -1.44645669e+01 -3.83157125e+00  1.12514326e+01  9.20032901e+00
 3.09873016e+00 -1.43307087e+01 -3.70128734e+00  1.12306084e+01  9.19400965e+00
 3.09873016e+00 -1.41968504e+01 -3.57041757e+00  1.12108403e+01  9.18807845e+00
 3.09873016e+00 -1.40629921e+01 -3.43899133e+00  1.11924727e+01  9.18257498e+00
 3.09873016e+00 -1.39291339e+01 -3.30704570e+00  1.11756113e+01  9.17745527e+00
 3.09873016e+00 -1.37952756e+01 -3.17454542e+00  1.11602927e+01  9.17267603e+00
 3.09873016e+00 -1.36614173e+01 -3.04143026e+00  1.11465183e+01  9.16822520e+00
 3.09873016e+00 -1.35275591e+01 -2.90768394e+00  1.11342997e+01  9.16414319e+00
 3.09873016e+00 -1.33937008e+01 -2.77328820e+00  1.11236266e+01  9.16040755e+00
 3.09873016e+00 -1.32598425e+01 -2.63816673e+00  1.11144874e+01  9.15696700e+00
 3.09873016e+00 -1.31259843e+01 -2.50260195e+00  1.11069114e+01  9.15380757e+00
 3.09873016e+00 -1.29921260e+01 -2.36739040e+00  1.11008069e+01  9.15085540e+00
 3.09873016e+00 -1.28582677e+01 -2.23264083e+00  1.10959870e+01  9.14804706e+00
 3.09873016e+00 -1.27244094e+01 -2.09781241e+00  1.10923112e+01  9.14542232e+00
 3.09873016e+00 -1.25905512e+01 -1.96288820e+00  1.10896897e+01  9.14287112e+00
 3.09873016e+00 -1.24566929e+01 -1.82799644e+00  1.10880014e+01  9.14027659e+00
 3.09873016e+00 -1.23228346e+01 -1.69308342e+00  1.10870523e+01  9.13765560e+00
 3.09873016e+00 -1.21889764e+01 -1.55818797e+00  1.10866919e+01  9.13497993e+00
 3.09873016e+00 -1.20551181e+01 -1.42336618e+00  1.10868121e+01  9.13220910e+00
 3.09873016e+00 -1.19212598e+01 -1.28863511e+00  1.10873372e+01  9.12933273e+00
 3.09873016e+00 -1.17874016e+01 -1.15402310e+00  1.10881839e+01  9.12637535e+00
 3.09873016e+00 -1.16535433e+01 -1.01954652e+00  1.10892383e+01  9.12333475e+00
 3.09873016e+00 -1.15196850e+01 -8.85193359e-01  1.10903661e+01  9.12015746e+00
 3.09873016e+00 -1.13858268e+01 -7.50947047e-01  1.10915563e+01  9.11684774e+00
 3.09873016e+00 -1.12519685e+01 -6.16793618e-01  1.10927631e+01  9.11341026e+00
 3.09873016e+00 -1.11181102e+01 -4.82731474e-01  1.10938458e+01  9.10982604e+00
 3.09873016e+00 -1.09842520e+01 -3.48801370e-01  1.10947959e+01  9.10613147e+00
 3.09873016e+00 -1.08503937e+01 -2.14998880e-01  1.10956114e+01  9.10235055e+00
 3.09873016e+00 -1.07165354e+01 -8.12535921e-02  1.10962372e+01  9.09846678e+00
 3.09873016e+00 -1.05826772e+01  5.24208931e-02  1.10966658e+01  9.09448996e+00
 3.09873016e+00 -1.04488189e+01  1.86021806e-01  1.10969142e+01  9.09044058e+00
 3.09873016e+00 -1.03149606e+01  3.19595161e-01  1.10970063e+01  9.08633564e+00
 3.09873016e+00 -1.01811024e+01  4.53151317e-01  1.10969626e+01  9.08217176e+00
 3.09873016e+00 -1.00472441e+01  5.86696170e-01  1.10967819e+01  9.07795175e+00
 3.09873016e+00 -9.91338583e+00  7.20247585e-01  1.10964498e+01  9.07369759e+00
 3.09873016e+00 -9.77952756e+00  8.53824401e-01  1.10960213e+01  9.06944067e+00
 3.09873016e+00 -9.64566929e+00  9.87423619e-01  1.10955505e+01  9.06516667e+00
 3.09873016e+00 -9.51181102e+00  1.12102552e+00  1.10950546e+01  9.06082052e+00
 3.09873016e+00 -9.37795276e+00  1.25467014e+00  1.10945255e+01  9.05646029e+00
 3.09873016e+00 -9.24409449e+00  1.38836503e+00  1.10939712e+01  9.05213240e+00
 3.09873016e+00 -9.11023622e+00  1.52206624e+00  1.10934250e+01  9.04781535e+00
 3.09873016e+00 -8.97637795e+00  1.65580510e+00  1.10928950e+01  9.04346521e+00
 3.09873016e+00 -8.84251969e+00  1.78959151e+00  1.10923990e+01  9.03905678e+00
 3.09873016e+00 -8.70866142e+00  1.92338851e+00  1.10919619e+01  9.03460203e+00
 3.09873016e+00 -8.57480315e+00  2.05721758e+00  1.10915331e+01  9.03014395e+00
 3.09873016e+00 -8.44094488e+00  2.19107746e+00  1.10911146e+01  9.02568002e+00
 3.09873016e+00 -8.30708661e+00  2.32492806e+00  1.10907820e+01  9.02115795e+00
 3.09873016e+00 -8.17322835e+00  2.45878815e+00  1.10905201e+01  9.01660198e+00
 3.09873016e+00 -8.03937008e+00  2.59265592e+00  1.10902948e+01  9.01201562e+00
 3.09873016e+00 -7.90551181e+00  2.72649677e+00  1.10900889e+01  9.00735992e+00
 3.09873016e+00 -7.77165354e+00  2.86033842e+00  1.10899021e+01  9.00264472e+00
 3.09873016e+00 -7.63779528e+00  2.99419220e+00  1.10897348e+01  8.99788480e+00
 3.09873016e+00 -7.50393701e+00  3.12803658e+00  1.10895803e+01  8.99308065e+00
 3.09873016e+00 -7.37007874e+00  3.26188278e+00  1.10894234e+01  8.98822044e+00
 3.09873016e+00 -7.23622047e+00  3.39572434e+00  1.10892747e+01  8.98328866e+00
 3.09873016e+00 -7.10236220e+00  3.52953542e+00  1.10891575e+01  8.97827353e+00
 3.09873016e+00 -6.96850394e+00  3.66334206e+00  1.10890217e+01  8.97318535e+00
 3.09873016e+00 -6.83464567e+00  3.79715319e+00  1.10888618e+01  8.96807947e+00
 3.09873016e+00 -6.70078740e+00  3.93095017e+00  1.10887266e+01  8.96302475e+00
 3.09873016e+00 -6.56692913e+00  4.06474165e+00  1.10886003e+01  8.95797076e+00
 3.09873016e+00 -6.43307087e+00  4.19853689e+00  1.10884670e+01  8.95287208e+00
 3.09873016e+00 -6.29921260e+00  4.33233621e+00  1.10883291e+01  8.94772671e+00
 3.09873016e+00 -6.16535433e+00  4.46613388e+00  1.10881877e+01  8.94254472e+00
 3.09873016e+00 -6.03149606e+00  4.59992948e+00  1.10880464e+01  8.93730536e+00
 3.09873016e+00 -5.89763780e+00  4.73372799e+00  1.10879108e+01  8.93197465e+00
 3.09873016e+00 -5.76377953e+00  4.86752885e+00  1.10877833e+01  8.92658862e+00
 3.09873016e+00 -5.62992126e+00  5.00133114e+00  1.10876483e+01  8.92114625e+00
 3.09873016e+00 -5.49606299e+00  5.13513793e+00  1.10874938e+01  8.91561307e+00
 3.09873016e+00 -5.36220472e+00  5.26894611e+00  1.10873539e+01  8.91001581e+00
 3.09873016e+00 -5.22834646e+00  5.40275751e+00  1.10872369e+01  8.90435879e+00
 3.09873016e+00 -5.09448819e+00  5.53657478e+00  1.10871215e+01  8.89862101e+00
 3.09873016e+00 -4.96062992e+00  5.67038436e+00  1.10870114e+01  8.89282195e+00
 3.09873016e+00 -4.82677165e+00  5.80421300e+00  1.10869089e+01  8.88694118e+00
 3.09873016e+00 -4.69291339e+00  5.93809650e+00  1.10868090e+01  8.88094280e+00
 3.09873016e+00 -4.55905512e+00  6.07195783e+00  1.10867083e+01  8.87489923e+00
 3.09873016e+00 -4.42519685e+00  6.20578494e+00  1.10866095e+01  8.86879804e+00
 3.09873016e+00 -4.29133858e+00  6.33964175e+00  1.10865231e+01  8.86256331e+00
 3.09873016e+00 -4.15748031e+00  6.47353699e+00  1.10864327e+01  8.85623200e+00
 3.09873016e+00 -4.02362205e+00  6.60744704e+00  1.10863497e+01  8.84983529e+00
 3.09873016e+00 -3.88976378e+00  6.74134908e+00  1.10862976e+01  8.84336281e+00
 3.09873016e+00 -3.75590551e+00  6.87528787e+00  1.10862529e+01  8.83676301e+00
 3.09873016e+00 -3.62204724e+00  7.00929726e+00  1.10861985e+01  8.83002378e+00
 3.09873016e+00 -3.48818898e+00  7.14338620e+00  1.10861280e+01  8.82317620e+00
 3.09873016e+00 -3.35433071e+00  7.27757752e+00  1.10860631e+01  8.81626547e+00
 3.09873016e+00 -3.22047244e+00  7.41186333e+00  1.10860167e+01  8.80925809e+00
 3.09873016e+00 -3.08661417e+00  7.54627328e+00  1.10860273e+01  8.80209935e+00
 3.09873016e+00 -2.95275591e+00  7.68090673e+00  1.10860520e+01  8.79481056e+00
 3.09873016e+00 -2.81889764e+00  7.81585256e+00  1.10860648e+01  8.78738232e+00
 3.09873016e+00 -2.68503937e+00  7.95110712e+00  1.10859846e+01  8.77976430e+00
 3.09873016e+00 -2.55118110e+00  8.08686566e+00  1.10860761e+01  8.77203155e+00
 3.09873016e+00 -2.41732283e+00  8.22332313e+00  1.10862221e+01  8.76414028e+00
 3.09873016e+00 -2.28346457e+00  8.36082927e+00  1.10864108e+01  8.75604592e+00
 3.09873016e+00 -2.14960630e+00  8.49834445e+00  1.10858073e+01  8.74756840e+00
 3.09873016e+00 -2.01574803e+00  8.63743985e+00  1.10854791e+01  8.73890040e+00
 3.09873016e+00 -1.88188976e+00  8.77914235e+00  1.10854048e+01  8.72997389e+00
 3.09873016e+00 -1.74803150e+00  8.92392265e+00  1.10852230e+01  8.72066727e+00
 3.09873016e+00 -1.61417323e+00  9.07346075e+00  1.10858180e+01  8.71100323e+00
 3.09873016e+00 -1.48031496e+00  9.22941277e+00  1.10873121e+01  8.70085519e+00
 3.09873016e+00 -1.34645669e+00  9.39426965e+00  1.10900738e+01  8.69004994e+00
 3.09873016e+00 -1.21259843e+00  9.57142129e+00  1.10947856e+01  8.67830468e+00
 3.09873016e+00 -1.07874016e+00  9.76576433e+00  1.11030069e+01  8.66522250e+00
 3.09873016e+00 -9.44881890e-01  9.98379171e+00  1.11171230e+01  8.65045181e+00
 3.09873016e+00 -8.11023622e-01  1.02337105e+01  1.11415992e+01  8.63316750e+00
 3.09873016e+00 -6.77165354e-01  1.05210401e+01  1.11887936e+01  8.61264830e+00
 3.09873016e+00 -5.43307087e-01  1.08475281e+01  1.12747413e+01  8.58819815e+00
 3.09873016e+00 -4.09448819e-01  1.12024317e+01  1.14075242e+01  8.55997574e+00
 3.09873016e+00 -2.75590551e-01  1.15573353e+01  1.15403071e+01  8.53175333e+00
 3.09873016e+00 -1.41732283e-01  1.19122389e+01  1.16730900e+01  8.50353092e+00
 3.09873016e+00 -7.87401575e-03  1.22671425e+01  1.18058729e+01  8.47530851e+00
 3.09873016e+00  1.25984252e-01  1.26220461e+01  1.19386558e+01  8.44708610e+00
 3.09873016e+00  2.59842520e-01  1.29769497e+01  1.20714387e+01  8.41886369e+00
 3.09873016e+00  3.93700787e-01  1.33318533e+01  1.22042216e+01  8.39064128e+00
 3.09873016e+00  5.27559055e-01  1.36867569e+01  1.23370045e+01  8.36241887e+00
 3.09873016e+00  6.61417323e-01  1.40416605e+01  1.24697874e+01  8.33419646e+00
 3.09873016e+00  7.95275591e-01  1.43965641e+01  1.26025703e+01  8.30597405e+00
 3.09873016e+00  9.29133858e-01  1.47514677e+01  1.27353532e+01  8.27775164e+00
 3.09873016e+00  1.06299213e+00  1.51063713e+01  1.28681361e+01  8.24952923e+00
 3.09873016e+00  1.19685039e+00  1.54612749e+01  1.30009190e+01  8.22130682e+00
 3.09873016e+00  1.33070866e+00  1.58161785e+01  1.31337019e+01  8.19308441e+00
 3.09873016e+00  1.46456693e+00  1.61710821e+01  1.32664848e+01  8.16486200e+00
 3.09873016e+00  1.59842520e+00  1.65259857e+01  1.33992677e+01  8.13663959e+00
 3.09873016e+00  1.73228346e+00  1.68808893e+01  1.35320506e+01  8.10841718e+00
 3.09873016e+00  1.86614173e+00  1.72357929e+01  1.36648335e+01  8.08019477e+00
 3.09873016e+00  2.00000000e+00  1.75906965e+01  1.37976164e+01  8.05197236e+00
 3.17714286e+00 -1.50000000e+01 -4.13155299e+00  1.19668651e+01  9.34955566e+00
 3.17714286e+00 -1.48661417e+01 -4.00390256e+00  1.19381692e+01  9.34113841e+00
 3.17714286e+00 -1.47322835e+01 -3.87581898e+00  1.19098849e+01  9.33311663e+00
 3.17714286e+00 -1.45984252e+01 -3.74738230e+00  1.18820986e+01  9.32532798e+00
 3.17714286e+00 -1.44645669e+01 -3.61867369e+00  1.18547008e+01  9.31765612e+00
 3.17714286e+00 -1.43307087e+01 -3.48978681e+00  1.18277775e+01  9.31013236e+00
 3.17714286e+00 -1.41968504e+01 -3.36091173e+00  1.18012711e+01  9.30263996e+00
 3.17714286e+00 -1.40629921e+01 -3.23218015e+00  1.17750569e+01  9.29502372e+00
 3.17714286e+00 -1.39291339e+01 -3.10358074e+00  1.17489399e+01  9.28715105e+00
 3.17714286e+00 -1.37952756e+01 -2.97522317e+00  1.17227380e+01  9.27893849e+00
 3.17714286e+00 -1.36614173e+01 -2.84723327e+00  1.16962842e+01  9.27033893e+00
 3.17714286e+00 -1.35275591e+01 -2.71961665e+00  1.16694247e+01  9.26133153e+00
 3.17714286e+00 -1.33937008e+01 -2.59226411e+00  1.16420576e+01  9.25189285e+00
 3.17714286e+00 -1.32598425e+01 -2.46506235e+00  1.16141458e+01  9.24204648e+00
 3.17714286e+00 -1.31259843e+01 -2.33829038e+00  1.15858019e+01  9.23200078e+00
 3.17714286e+00 -1.29921260e+01 -2.21219118e+00  1.15572601e+01  9.22190491e+00
 3.17714286e+00 -1.28582677e+01 -2.08637649e+00  1.15287104e+01  9.21178916e+00
 3.17714286e+00 -1.27244094e+01 -1.96043711e+00  1.15002750e+01  9.20178936e+00
 3.17714286e+00 -1.25905512e+01 -1.83420089e+00  1.14721432e+01  9.19205309e+00
 3.17714286e+00 -1.24566929e+01 -1.70750641e+00  1.14445579e+01  9.18265514e+00
 3.17714286e+00 -1.23228346e+01 -1.58028581e+00  1.14177225e+01  9.17361053e+00
 3.17714286e+00 -1.21889764e+01 -1.45252740e+00  1.13918136e+01  9.16494724e+00
 3.17714286e+00 -1.20551181e+01 -1.32419783e+00  1.13669959e+01  9.15679567e+00
 3.17714286e+00 -1.19212598e+01 -1.19526523e+00  1.13434235e+01  9.14915068e+00
 3.17714286e+00 -1.17874016e+01 -1.06571148e+00  1.13212243e+01  9.14192350e+00
 3.17714286e+00 -1.16535433e+01 -9.35555325e-01  1.13004624e+01  9.13516365e+00
 3.17714286e+00 -1.15196850e+01 -8.04804195e-01  1.12812287e+01  9.12887788e+00
 3.17714286e+00 -1.13858268e+01 -6.73462814e-01  1.12636357e+01  9.12301062e+00
 3.17714286e+00 -1.12519685e+01 -5.41614197e-01  1.12477017e+01  9.11756689e+00
 3.17714286e+00 -1.11181102e+01 -4.09272478e-01  1.12334438e+01  9.11253401e+00
 3.17714286e+00 -1.09842520e+01 -2.76378984e-01  1.12208965e+01  9.10786098e+00
 3.17714286e+00 -1.08503937e+01 -1.43053974e-01  1.12100094e+01  9.10350684e+00
 3.17714286e+00 -1.07165354e+01 -9.40298564e-03  1.12007026e+01  9.09944599e+00
 3.17714286e+00 -1.05826772e+01  1.24557719e-01  1.11928970e+01  9.09565148e+00
 3.17714286e+00 -1.04488189e+01  2.58805622e-01  1.11865037e+01  9.09201573e+00
 3.17714286e+00 -1.03149606e+01  3.93261778e-01  1.11813664e+01  9.08845894e+00
 3.17714286e+00 -1.01811024e+01  5.27791722e-01  1.11772807e+01  9.08496100e+00
 3.17714286e+00 -1.00472441e+01  6.62297818e-01  1.11741657e+01  9.08148668e+00
 3.17714286e+00 -9.91338583e+00  7.96799637e-01  1.11718771e+01  9.07799183e+00
 3.17714286e+00 -9.77952756e+00  9.31371822e-01  1.11701979e+01  9.07443338e+00
 3.17714286e+00 -9.64566929e+00  1.06583586e+00  1.11690625e+01  9.07078985e+00
 3.17714286e+00 -9.51181102e+00  1.20014827e+00  1.11683777e+01  9.06703682e+00
 3.17714286e+00 -9.37795276e+00  1.33441877e+00  1.11679914e+01  9.06316006e+00
 3.17714286e+00 -9.24409449e+00  1.46854128e+00  1.11677876e+01  9.05922071e+00
 3.17714286e+00 -9.11023622e+00  1.60250745e+00  1.11676986e+01  9.05520537e+00
 3.17714286e+00 -8.97637795e+00  1.73643169e+00  1.11676826e+01  9.05103243e+00
 3.17714286e+00 -8.84251969e+00  1.87032902e+00  1.11676534e+01  9.04670830e+00
 3.17714286e+00 -8.70866142e+00  2.00413081e+00  1.11675793e+01  9.04229942e+00
 3.17714286e+00 -8.57480315e+00  2.13777501e+00  1.11674741e+01  9.03786370e+00
 3.17714286e+00 -8.44094488e+00  2.27141360e+00  1.11672958e+01  9.03330504e+00
 3.17714286e+00 -8.30708661e+00  2.40508474e+00  1.11670327e+01  9.02863887e+00
 3.17714286e+00 -8.17322835e+00  2.53869904e+00  1.11667107e+01  9.02397071e+00
 3.17714286e+00 -8.03937008e+00  2.67224677e+00  1.11663441e+01  9.01925109e+00
 3.17714286e+00 -7.90551181e+00  2.80579849e+00  1.11659330e+01  9.01447875e+00
 3.17714286e+00 -7.77165354e+00  2.93944132e+00  1.11654737e+01  9.00970261e+00
 3.17714286e+00 -7.63779528e+00  3.07312743e+00  1.11649861e+01  9.00488570e+00
 3.17714286e+00 -7.50393701e+00  3.20679511e+00  1.11644952e+01  9.00002072e+00
 3.17714286e+00 -7.37007874e+00  3.34043814e+00  1.11640241e+01  8.99512945e+00
 3.17714286e+00 -7.23622047e+00  3.47418172e+00  1.11635871e+01  8.99018660e+00
 3.17714286e+00 -7.10236220e+00  3.60800151e+00  1.11631776e+01  8.98519760e+00
 3.17714286e+00 -6.96850394e+00  3.74177738e+00  1.11627853e+01  8.98021676e+00
 3.17714286e+00 -6.83464567e+00  3.87558165e+00  1.11624427e+01  8.97533376e+00
 3.17714286e+00 -6.70078740e+00  4.00943134e+00  1.11621427e+01  8.97051358e+00
 3.17714286e+00 -6.56692913e+00  4.14327295e+00  1.11618541e+01  8.96563160e+00
 3.17714286e+00 -6.43307087e+00  4.27709139e+00  1.11616013e+01  8.96064104e+00
 3.17714286e+00 -6.29921260e+00  4.41090429e+00  1.11613934e+01  8.95559488e+00
 3.17714286e+00 -6.16535433e+00  4.54473502e+00  1.11612124e+01  8.95055071e+00
 3.17714286e+00 -6.03149606e+00  4.67856356e+00  1.11610263e+01  8.94537935e+00
 3.17714286e+00 -5.89763780e+00  4.81238418e+00  1.11608456e+01  8.94011265e+00
 3.17714286e+00 -5.76377953e+00  4.94620395e+00  1.11606903e+01  8.93487000e+00
 3.17714286e+00 -5.62992126e+00  5.08001599e+00  1.11605054e+01  8.92956138e+00
 3.17714286e+00 -5.49606299e+00  5.21382222e+00  1.11603144e+01  8.92413338e+00
 3.17714286e+00 -5.36220472e+00  5.34763004e+00  1.11601777e+01  8.91860694e+00
 3.17714286e+00 -5.22834646e+00  5.48143506e+00  1.11600511e+01  8.91304116e+00
 3.17714286e+00 -5.09448819e+00  5.61523426e+00  1.11599121e+01  8.90743212e+00
 3.17714286e+00 -4.96062992e+00  5.74903543e+00  1.11597684e+01  8.90173760e+00
 3.17714286e+00 -4.82677165e+00  5.88286614e+00  1.11596263e+01  8.89595665e+00
 3.17714286e+00 -4.69291339e+00  6.01670892e+00  1.11595021e+01  8.89010034e+00
 3.17714286e+00 -4.55905512e+00  6.15052874e+00  1.11594007e+01  8.88417626e+00
 3.17714286e+00 -4.42519685e+00  6.28434114e+00  1.11592790e+01  8.87817313e+00
 3.17714286e+00 -4.29133858e+00  6.41818210e+00  1.11591520e+01  8.87207420e+00
 3.17714286e+00 -4.15748031e+00  6.55207428e+00  1.11590552e+01  8.86587792e+00
 3.17714286e+00 -4.02362205e+00  6.68598439e+00  1.11589561e+01  8.85962155e+00
 3.17714286e+00 -3.88976378e+00  6.81989788e+00  1.11588728e+01  8.85327809e+00
 3.17714286e+00 -3.75590551e+00  6.95383387e+00  1.11588295e+01  8.84680551e+00
 3.17714286e+00 -3.62204724e+00  7.08784336e+00  1.11587626e+01  8.84024433e+00
 3.17714286e+00 -3.48818898e+00  7.22192038e+00  1.11586745e+01  8.83358751e+00
 3.17714286e+00 -3.35433071e+00  7.35604908e+00  1.11586082e+01  8.82681222e+00
 3.17714286e+00 -3.22047244e+00  7.49027800e+00  1.11585610e+01  8.81994756e+00
 3.17714286e+00 -3.08661417e+00  7.62467456e+00  1.11585364e+01  8.81297496e+00
 3.17714286e+00 -2.95275591e+00  7.75930330e+00  1.11585370e+01  8.80586104e+00
 3.17714286e+00 -2.81889764e+00  7.89420475e+00  1.11585443e+01  8.79861939e+00
 3.17714286e+00 -2.68503937e+00  8.02948366e+00  1.11585948e+01  8.79126135e+00
 3.17714286e+00 -2.55118110e+00  8.16522579e+00  1.11586932e+01  8.78375688e+00
 3.17714286e+00 -2.41732283e+00  8.30166956e+00  1.11588910e+01  8.77606732e+00
 3.17714286e+00 -2.28346457e+00  8.43895050e+00  1.11590625e+01  8.76817397e+00
 3.17714286e+00 -2.14960630e+00  8.57707035e+00  1.11592174e+01  8.76008164e+00
 3.17714286e+00 -2.01574803e+00  8.71691513e+00  1.11596010e+01  8.75175587e+00
 3.17714286e+00 -1.88188976e+00  8.85799998e+00  1.11595184e+01  8.74304519e+00
 3.17714286e+00 -1.74803150e+00  9.00214834e+00  1.11597706e+01  8.73407213e+00
 3.17714286e+00 -1.61417323e+00  9.15081610e+00  1.11606136e+01  8.72475294e+00
 3.17714286e+00 -1.48031496e+00  9.30550311e+00  1.11621912e+01  8.71497118e+00
 3.17714286e+00 -1.34645669e+00  9.46841175e+00  1.11648054e+01  8.70459224e+00
 3.17714286e+00 -1.21259843e+00  9.64279036e+00  1.11692515e+01  8.69338670e+00
 3.17714286e+00 -1.07874016e+00  9.83321966e+00  1.11771016e+01  8.68101496e+00
 3.17714286e+00 -9.44881890e-01  1.00456465e+01  1.11905753e+01  8.66714775e+00
 3.17714286e+00 -8.11023622e-01  1.02873990e+01  1.12137532e+01  8.65116693e+00
 3.17714286e+00 -6.77165354e-01  1.05643776e+01  1.12569814e+01  8.63242891e+00
 3.17714286e+00 -5.43307087e-01  1.08786439e+01  1.13340253e+01  8.61020669e+00
 3.17714286e+00 -4.09448819e-01  1.12203573e+01  1.14535931e+01  8.58475160e+00
 3.17714286e+00 -2.75590551e-01  1.15620707e+01  1.15731609e+01  8.55929651e+00
 3.17714286e+00 -1.41732283e-01  1.19037841e+01  1.16927287e+01  8.53384142e+00
 3.17714286e+00 -7.87401575e-03  1.22454975e+01  1.18122965e+01  8.50838633e+00
 3.17714286e+00  1.25984252e-01  1.25872109e+01  1.19318643e+01  8.48293124e+00
 3.17714286e+00  2.59842520e-01  1.29289243e+01  1.20514321e+01  8.45747615e+00
 3.17714286e+00  3.93700787e-01  1.32706377e+01  1.21709999e+01  8.43202106e+00
 3.17714286e+00  5.27559055e-01  1.36123511e+01  1.22905677e+01  8.40656597e+00
 3.17714286e+00  6.61417323e-01  1.39540645e+01  1.24101355e+01  8.38111088e+00
 3.17714286e+00  7.95275591e-01  1.42957779e+01  1.25297033e+01  8.35565579e+00
 3.17714286e+00  9.29133858e-01  1.46374913e+01  1.26492711e+01  8.33020070e+00
 3.17714286e+00  1.06299213e+00  1.49792047e+01  1.27688389e+01  8.30474561e+00
 3.17714286e+00  1.19685039e+00  1.53209181e+01  1.28884067e+01  8.27929052e+00
 3.17714286e+00  1.33070866e+00  1.56626315e+01  1.30079745e+01  8.25383543e+00
 3.17714286e+00  1.46456693e+00  1.60043449e+01  1.31275423e+01  8.22838034e+00
 3.17714286e+00  1.59842520e+00  1.63460583e+01  1.32471101e+01  8.20292525e+00
 3.17714286e+00  1.73228346e+00  1.66877717e+01  1.33666779e+01  8.17747016e+00
 3.17714286e+00  1.86614173e+00  1.70294851e+01  1.34862457e+01  8.15201507e+00
 3.17714286e+00  2.00000000e+00  1.73711985e+01  1.36058135e+01  8.12655998e+00
 3.25555556e+00 -1.50000000e+01 -3.93488811e+00  1.22658241e+01  9.44903444e+00
 3.25555556e+00 -1.48661417e+01 -3.80097012e+00  1.22696216e+01  9.44594141e+00
 3.25555556e+00 -1.47322835e+01 -3.66748582e+00  1.22724655e+01  9.44240557e+00
 3.25555556e+00 -1.45984252e+01 -3.53453096e+00  1.22740507e+01  9.43840032e+00
 3.25555556e+00 -1.44645669e+01 -3.40225317e+00  1.22741902e+01  9.43385855e+00
 3.25555556e+00 -1.43307087e+01 -3.27078511e+00  1.22726626e+01  9.42869826e+00
 3.25555556e+00 -1.41968504e+01 -3.14006837e+00  1.22691385e+01  9.42281548e+00
 3.25555556e+00 -1.40629921e+01 -3.01015370e+00  1.22632981e+01  9.41612852e+00
 3.25555556e+00 -1.39291339e+01 -2.88121999e+00  1.22548939e+01  9.40859847e+00
 3.25555556e+00 -1.37952756e+01 -2.75325765e+00  1.22437758e+01  9.40022960e+00
 3.25555556e+00 -1.36614173e+01 -2.62614157e+00  1.22298600e+01  9.39105933e+00
 3.25555556e+00 -1.35275591e+01 -2.49966620e+00  1.22131334e+01  9.38116259e+00
 3.25555556e+00 -1.33937008e+01 -2.37362896e+00  1.21937592e+01  9.37068841e+00
 3.25555556e+00 -1.32598425e+01 -2.24811076e+00  1.21720387e+01  9.35982885e+00
 3.25555556e+00 -1.31259843e+01 -2.12324527e+00  1.21483311e+01  9.34875951e+00
 3.25555556e+00 -1.29921260e+01 -1.99869326e+00  1.21229343e+01  9.33765985e+00
 3.25555556e+00 -1.28582677e+01 -1.87403303e+00  1.20961427e+01  9.32669590e+00
 3.25555556e+00 -1.27244094e+01 -1.74910309e+00  1.20683473e+01  9.31589939e+00
 3.25555556e+00 -1.25905512e+01 -1.62379569e+00  1.20398689e+01  9.30532391e+00
 3.25555556e+00 -1.24566929e+01 -1.49807219e+00  1.20109217e+01  9.29508418e+00
 3.25555556e+00 -1.23228346e+01 -1.37199086e+00  1.19817184e+01  9.28518449e+00
 3.25555556e+00 -1.21889764e+01 -1.24558993e+00  1.19524474e+01  9.27557026e+00
 3.25555556e+00 -1.20551181e+01 -1.11879520e+00  1.19232329e+01  9.26617155e+00
 3.25555556e+00 -1.19212598e+01 -9.91754672e-01  1.18941114e+01  9.25690786e+00
 3.25555556e+00 -1.17874016e+01 -8.64710813e-01  1.18650547e+01  9.24769658e+00
 3.25555556e+00 -1.16535433e+01 -7.37675774e-01  1.18360073e+01  9.23847038e+00
 3.25555556e+00 -1.15196850e+01 -6.10755611e-01  1.18069211e+01  9.22914411e+00
 3.25555556e+00 -1.13858268e+01 -4.84150130e-01  1.17777429e+01  9.21961848e+00
 3.25555556e+00 -1.12519685e+01 -3.57810052e-01  1.17483240e+01  9.20982604e+00
 3.25555556e+00 -1.11181102e+01 -2.31713762e-01  1.17186007e+01  9.19975403e+00
 3.25555556e+00 -1.09842520e+01 -1.05975025e-01  1.16886775e+01  9.18946111e+00
 3.25555556e+00 -1.08503937e+01  1.95290149e-02  1.16586018e+01  9.17902874e+00
 3.25555556e+00 -1.07165354e+01  1.45014316e-01  1.16284518e+01  9.16853589e+00
 3.25555556e+00 -1.05826772e+01  2.70616786e-01  1.15984702e+01  9.15804099e+00
 3.25555556e+00 -1.04488189e+01  3.96451822e-01  1.15688661e+01  9.14767051e+00
 3.25555556e+00 -1.03149606e+01  5.22621409e-01  1.15398191e+01  9.13759005e+00
 3.25555556e+00 -1.01811024e+01  6.49197775e-01  1.15115901e+01  9.12787039e+00
 3.25555556e+00 -1.00472441e+01  7.76285658e-01  1.14844066e+01  9.11853178e+00
 3.25555556e+00 -9.91338583e+00  9.04026660e-01  1.14584221e+01  9.10957704e+00
 3.25555556e+00 -9.77952756e+00  1.03242814e+00  1.14337767e+01  9.10111274e+00
 3.25555556e+00 -9.64566929e+00  1.16146483e+00  1.14106266e+01  9.09319225e+00
 3.25555556e+00 -9.51181102e+00  1.29116322e+00  1.13891558e+01  9.08569211e+00
 3.25555556e+00 -9.37795276e+00  1.42150890e+00  1.13693952e+01  9.07865373e+00
 3.25555556e+00 -9.24409449e+00  1.55247076e+00  1.13513435e+01  9.07215384e+00
 3.25555556e+00 -9.11023622e+00  1.68404733e+00  1.13351347e+01  9.06608415e+00
 3.25555556e+00 -8.97637795e+00  1.81623484e+00  1.13207373e+01  9.06037254e+00
 3.25555556e+00 -8.84251969e+00  1.94896461e+00  1.13080502e+01  9.05499885e+00
 3.25555556e+00 -8.70866142e+00  2.08201635e+00  1.12971193e+01  9.04995444e+00
 3.25555556e+00 -8.57480315e+00  2.21539317e+00  1.12877928e+01  9.04516333e+00
 3.25555556e+00 -8.44094488e+00  2.34916435e+00  1.12798318e+01  9.04051802e+00
 3.25555556e+00 -8.30708661e+00  2.48306380e+00  1.12731808e+01  9.03596621e+00
 3.25555556e+00 -8.17322835e+00  2.61700303e+00  1.12676867e+01  9.03148874e+00
 3.25555556e+00 -8.03937008e+00  2.75103294e+00  1.12631443e+01  9.02705696e+00
 3.25555556e+00 -7.90551181e+00  2.88510597e+00  1.12594431e+01  9.02257640e+00
 3.25555556e+00 -7.77165354e+00  3.01919298e+00  1.12564344e+01  9.01805316e+00
 3.25555556e+00 -7.63779528e+00  3.15324116e+00  1.12539644e+01  9.01350950e+00
 3.25555556e+00 -7.50393701e+00  3.28709428e+00  1.12519586e+01  9.00881949e+00
 3.25555556e+00 -7.37007874e+00  3.42088285e+00  1.12502832e+01  9.00403124e+00
 3.25555556e+00 -7.23622047e+00  3.55477581e+00  1.12488167e+01  8.99922774e+00
 3.25555556e+00 -7.10236220e+00  3.68854508e+00  1.12475757e+01  8.99426798e+00
 3.25555556e+00 -6.96850394e+00  3.82217558e+00  1.12464956e+01  8.98925998e+00
 3.25555556e+00 -6.83464567e+00  3.95579397e+00  1.12454784e+01  8.98437130e+00
 3.25555556e+00 -6.70078740e+00  4.08942778e+00  1.12445100e+01  8.97946902e+00
 3.25555556e+00 -6.56692913e+00  4.22303490e+00  1.12436215e+01  8.97448317e+00
 3.25555556e+00 -6.43307087e+00  4.35659453e+00  1.12428314e+01  8.96942565e+00
 3.25555556e+00 -6.29921260e+00  4.49021136e+00  1.12420814e+01  8.96433165e+00
 3.25555556e+00 -6.16535433e+00  4.62389123e+00  1.12413633e+01  8.95918725e+00
 3.25555556e+00 -6.03149606e+00  4.75758296e+00  1.12407043e+01  8.95398015e+00
 3.25555556e+00 -5.89763780e+00  4.89127956e+00  1.12401212e+01  8.94877865e+00
 3.25555556e+00 -5.76377953e+00  5.02500229e+00  1.12395957e+01  8.94355456e+00
 3.25555556e+00 -5.62992126e+00  5.15876353e+00  1.12391085e+01  8.93825038e+00
 3.25555556e+00 -5.49606299e+00  5.29252870e+00  1.12386833e+01  8.93289993e+00
 3.25555556e+00 -5.36220472e+00  5.42630733e+00  1.12382996e+01  8.92749359e+00
 3.25555556e+00 -5.22834646e+00  5.56011762e+00  1.12379393e+01  8.92201730e+00
 3.25555556e+00 -5.09448819e+00  5.69393021e+00  1.12376473e+01  8.91651535e+00
 3.25555556e+00 -4.96062992e+00  5.82773741e+00  1.12373798e+01  8.91094487e+00
 3.25555556e+00 -4.82677165e+00  5.96154185e+00  1.12370956e+01  8.90525962e+00
 3.25555556e+00 -4.69291339e+00  6.09533555e+00  1.12368729e+01  8.89952128e+00
 3.25555556e+00 -4.55905512e+00  6.22914130e+00  1.12366781e+01  8.89372463e+00
 3.25555556e+00 -4.42519685e+00  6.36298180e+00  1.12364632e+01  8.88783791e+00
 3.25555556e+00 -4.29133858e+00  6.49684133e+00  1.12362952e+01  8.88187066e+00
 3.25555556e+00 -4.15748031e+00  6.63070768e+00  1.12361482e+01  8.87581887e+00
 3.25555556e+00 -4.02362205e+00  6.76457618e+00  1.12359818e+01  8.86967884e+00
 3.25555556e+00 -3.88976378e+00  6.89845298e+00  1.12358441e+01  8.86346669e+00
 3.25555556e+00 -3.75590551e+00  7.03239016e+00  1.12357318e+01  8.85717795e+00
 3.25555556e+00 -3.62204724e+00  7.16640981e+00  1.12356177e+01  8.85078557e+00
 3.25555556e+00 -3.48818898e+00  7.30044111e+00  1.12354967e+01  8.84425066e+00
 3.25555556e+00 -3.35433071e+00  7.43453915e+00  1.12353799e+01  8.83760395e+00
 3.25555556e+00 -3.22047244e+00  7.56878335e+00  1.12352912e+01  8.83088516e+00
 3.25555556e+00 -3.08661417e+00  7.70317031e+00  1.12352587e+01  8.82408062e+00
 3.25555556e+00 -2.95275591e+00  7.83774447e+00  1.12352454e+01  8.81717108e+00
 3.25555556e+00 -2.81889764e+00  7.97258091e+00  1.12352324e+01  8.81013483e+00
 3.25555556e+00 -2.68503937e+00  8.10775996e+00  1.12352773e+01  8.80294777e+00
 3.25555556e+00 -2.55118110e+00  8.24340803e+00  1.12353716e+01  8.79561491e+00
 3.25555556e+00 -2.41732283e+00  8.37971152e+00  1.12355182e+01  8.78814201e+00
 3.25555556e+00 -2.28346457e+00  8.51690942e+00  1.12357820e+01  8.78050903e+00
 3.25555556e+00 -2.14960630e+00  8.65531105e+00  1.12361941e+01  8.77267919e+00
 3.25555556e+00 -2.01574803e+00  8.79514687e+00  1.12366796e+01  8.76461366e+00
 3.25555556e+00 -1.88188976e+00  8.93657186e+00  1.12371981e+01  8.75631371e+00
 3.25555556e+00 -1.74803150e+00  9.08088236e+00  1.12380767e+01  8.74771452e+00
 3.25555556e+00 -1.61417323e+00  9.22894901e+00  1.12392971e+01  8.73871130e+00
 3.25555556e+00 -1.48031496e+00  9.38217018e+00  1.12408643e+01  8.72925638e+00
 3.25555556e+00 -1.34645669e+00  9.54288500e+00  1.12432225e+01  8.71927948e+00
 3.25555556e+00 -1.21259843e+00  9.71444907e+00  1.12473212e+01  8.70856405e+00
 3.25555556e+00 -1.07874016e+00  9.90095525e+00  1.12546793e+01  8.69686479e+00
 3.25555556e+00 -9.44881890e-01  1.01080080e+01  1.12673853e+01  8.68385379e+00
 3.25555556e+00 -8.11023622e-01  1.03420601e+01  1.12890931e+01  8.66903733e+00
 3.25555556e+00 -6.77165354e-01  1.06092720e+01  1.13284521e+01  8.65179908e+00
 3.25555556e+00 -5.43307087e-01  1.09117482e+01  1.13972439e+01  8.63161093e+00
 3.25555556e+00 -4.09448819e-01  1.12394229e+01  1.15041578e+01  8.60851966e+00
 3.25555556e+00 -2.75590551e-01  1.15670976e+01  1.16110717e+01  8.58542839e+00
 3.25555556e+00 -1.41732283e-01  1.18947723e+01  1.17179856e+01  8.56233712e+00
 3.25555556e+00 -7.87401575e-03  1.22224470e+01  1.18248995e+01  8.53924585e+00
 3.25555556e+00  1.25984252e-01  1.25501217e+01  1.19318134e+01  8.51615458e+00
 3.25555556e+00  2.59842520e-01  1.28777964e+01  1.20387273e+01  8.49306331e+00
 3.25555556e+00  3.93700787e-01  1.32054711e+01  1.21456412e+01  8.46997204e+00
 3.25555556e+00  5.27559055e-01  1.35331458e+01  1.22525551e+01  8.44688077e+00
 3.25555556e+00  6.61417323e-01  1.38608205e+01  1.23594690e+01  8.42378950e+00
 3.25555556e+00  7.95275591e-01  1.41884952e+01  1.24663829e+01  8.40069823e+00
 3.25555556e+00  9.29133858e-01  1.45161699e+01  1.25732968e+01  8.37760696e+00
 3.25555556e+00  1.06299213e+00  1.48438446e+01  1.26802107e+01  8.35451569e+00
 3.25555556e+00  1.19685039e+00  1.51715193e+01  1.27871246e+01  8.33142442e+00
 3.25555556e+00  1.33070866e+00  1.54991940e+01  1.28940385e+01  8.30833315e+00
 3.25555556e+00  1.46456693e+00  1.58268687e+01  1.30009524e+01  8.28524188e+00
 3.25555556e+00  1.59842520e+00  1.61545434e+01  1.31078663e+01  8.26215061e+00
 3.25555556e+00  1.73228346e+00  1.64822181e+01  1.32147802e+01  8.23905934e+00
 3.25555556e+00  1.86614173e+00  1.68098928e+01  1.33216941e+01  8.21596807e+00
 3.25555556e+00  2.00000000e+00  1.71375675e+01  1.34286080e+01  8.19287680e+00
 3.33396825e+00 -1.50000000e+01 -3.87954489e+00  1.22147985e+01  9.43216720e+00
 3.33396825e+00 -1.48661417e+01 -3.74571932e+00  1.22137368e+01  9.42890794e+00
 3.33396825e+00 -1.47322835e+01 -3.61176438e+00  1.22127946e+01  9.42565943e+00
 3.33396825e+00 -1.45984252e+01 -3.47766372e+00  1.22120876e+01  9.42250855e+00
 3.33396825e+00 -1.44645669e+01 -3.34340966e+00  1.22117401e+01  9.41945432e+00
 3.33396825e+00 -1.43307087e+01 -3.20895657e+00  1.22118336e+01  9.41651629e+00
 3.33396825e+00 -1.41968504e+01 -3.07422758e+00  1.22123705e+01  9.41374425e+00
 3.33396825e+00 -1.40629921e+01 -2.93923757e+00  1.22134286e+01  9.41108592e+00
 3.33396825e+00 -1.39291339e+01 -2.80397322e+00  1.22150921e+01  9.40854249e+00
 3.33396825e+00 -1.37952756e+01 -2.66837261e+00  1.22174048e+01  9.40619407e+00
 3.33396825e+00 -1.36614173e+01 -2.53245495e+00  1.22203263e+01  9.40403050e+00
 3.33396825e+00 -1.35275591e+01 -2.39620998e+00  1.22238469e+01  9.40194131e+00
 3.33396825e+00 -1.33937008e+01 -2.25965873e+00  1.22279613e+01  9.39980238e+00
 3.33396825e+00 -1.32598425e+01 -2.12325439e+00  1.22324740e+01  9.39770752e+00
 3.33396825e+00 -1.31259843e+01 -1.98743294e+00  1.22371990e+01  9.39558910e+00
 3.33396825e+00 -1.29921260e+01 -1.85204269e+00  1.22420100e+01  9.39326625e+00
 3.33396825e+00 -1.28582677e+01 -1.71687724e+00  1.22467561e+01  9.39076488e+00
 3.33396825e+00 -1.27244094e+01 -1.58203390e+00  1.22512304e+01  9.38799775e+00
 3.33396825e+00 -1.25905512e+01 -1.44758970e+00  1.22551929e+01  9.38483470e+00
 3.33396825e+00 -1.24566929e+01 -1.31363277e+00  1.22583957e+01  9.38132860e+00
 3.33396825e+00 -1.23228346e+01 -1.18022894e+00  1.22606313e+01  9.37738495e+00
 3.33396825e+00 -1.21889764e+01 -1.04747020e+00  1.22616516e+01  9.37284459e+00
 3.33396825e+00 -1.20551181e+01 -9.15537862e-01  1.22610465e+01  9.36768471e+00
 3.33396825e+00 -1.19212598e+01 -7.84508290e-01  1.22585034e+01  9.36182570e+00
 3.33396825e+00 -1.17874016e+01 -6.54413578e-01  1.22537770e+01  9.35515306e+00
 3.33396825e+00 -1.16535433e+01 -5.25374741e-01  1.22465902e+01  9.34761022e+00
 3.33396825e+00 -1.15196850e+01 -3.97432364e-01  1.22367209e+01  9.33922579e+00
 3.33396825e+00 -1.13858268e+01 -2.70533113e-01  1.22240350e+01  9.33006462e+00
 3.33396825e+00 -1.12519685e+01 -1.44549024e-01  1.22085536e+01  9.32011874e+00
 3.33396825e+00 -1.11181102e+01 -1.93275272e-02  1.21903929e+01  9.30949491e+00
 3.33396825e+00 -1.09842520e+01  1.05301401e-01  1.21697529e+01  9.29843268e+00
 3.33396825e+00 -1.08503937e+01  2.29554927e-01  1.21469395e+01  9.28707266e+00
 3.33396825e+00 -1.07165354e+01  3.53644986e-01  1.21222806e+01  9.27553067e+00
 3.33396825e+00 -1.05826772e+01  4.77740134e-01  1.20960825e+01  9.26395617e+00
 3.33396825e+00 -1.04488189e+01  6.01985806e-01  1.20686530e+01  9.25247719e+00
 3.33396825e+00 -1.03149606e+01  7.26481626e-01  1.20402948e+01  9.24117959e+00
 3.33396825e+00 -1.01811024e+01  8.51200258e-01  1.20112760e+01  9.23005651e+00
 3.33396825e+00 -1.00472441e+01  9.76136615e-01  1.19817744e+01  9.21909984e+00
 3.33396825e+00 -9.91338583e+00  1.10133487e+00  1.19518652e+01  9.20831582e+00
 3.33396825e+00 -9.77952756e+00  1.22671401e+00  1.19216406e+01  9.19762302e+00
 3.33396825e+00 -9.64566929e+00  1.35214766e+00  1.18911748e+01  9.18693026e+00
 3.33396825e+00 -9.51181102e+00  1.47753659e+00  1.18604795e+01  9.17620923e+00
 3.33396825e+00 -9.37795276e+00  1.60281360e+00  1.18295489e+01  9.16543396e+00
 3.33396825e+00 -9.24409449e+00  1.72794813e+00  1.17983873e+01  9.15456861e+00
 3.33396825e+00 -9.11023622e+00  1.85296799e+00  1.17670606e+01  9.14355708e+00
 3.33396825e+00 -8.97637795e+00  1.97793749e+00  1.17356829e+01  9.13242751e+00
 3.33396825e+00 -8.84251969e+00  2.10295051e+00  1.17044141e+01  9.12131239e+00
 3.33396825e+00 -8.70866142e+00  2.22811257e+00  1.16734457e+01  9.11032676e+00
 3.33396825e+00 -8.57480315e+00  2.35354059e+00  1.16430141e+01  9.09956191e+00
 3.33396825e+00 -8.44094488e+00  2.47936467e+00  1.16134150e+01  9.08907842e+00
 3.33396825e+00 -8.30708661e+00  2.60568711e+00  1.15848296e+01  9.07891725e+00
 3.33396825e+00 -8.17322835e+00  2.73259198e+00  1.15573951e+01  9.06912447e+00
 3.33396825e+00 -8.03937008e+00  2.86017102e+00  1.15313905e+01  9.05979969e+00
 3.33396825e+00 -7.90551181e+00  2.98847108e+00  1.15070335e+01  9.05098452e+00
 3.33396825e+00 -7.77165354e+00  3.11748576e+00  1.14844293e+01  9.04264798e+00
 3.33396825e+00 -7.63779528e+00  3.24720310e+00  1.14636295e+01  9.03478454e+00
 3.33396825e+00 -7.50393701e+00  3.37760865e+00  1.14447039e+01  9.02740107e+00
 3.33396825e+00 -7.37007874e+00  3.50867387e+00  1.14277233e+01  9.02048896e+00
 3.33396825e+00 -7.23622047e+00  3.64029119e+00  1.14124454e+01  9.01391176e+00
 3.33396825e+00 -7.10236220e+00  3.77243819e+00  1.13990858e+01  9.00767559e+00
 3.33396825e+00 -6.96850394e+00  3.90523375e+00  1.13885484e+01  9.00204277e+00
 3.33396825e+00 -6.83464567e+00  4.03833338e+00  1.13794614e+01  8.99669395e+00
 3.33396825e+00 -6.70078740e+00  4.17145035e+00  1.13706627e+01  8.99130326e+00
 3.33396825e+00 -6.56692913e+00  4.30476623e+00  1.13631231e+01  8.98601483e+00
 3.33396825e+00 -6.43307087e+00  4.43823825e+00  1.13568082e+01  8.98081541e+00
 3.33396825e+00 -6.29921260e+00  4.57175863e+00  1.13513253e+01  8.97561677e+00
 3.33396825e+00 -6.16535433e+00  4.70532647e+00  1.13466506e+01  8.97037525e+00
 3.33396825e+00 -6.03149606e+00  4.83889807e+00  1.13426816e+01  8.96508814e+00
 3.33396825e+00 -5.89763780e+00  4.97243829e+00  1.13392732e+01  8.95975723e+00
 3.33396825e+00 -5.76377953e+00  5.10596774e+00  1.13363068e+01  8.95436881e+00
 3.33396825e+00 -5.62992126e+00  5.23948974e+00  1.13337106e+01  8.94896937e+00
 3.33396825e+00 -5.49606299e+00  5.37300775e+00  1.13314268e+01  8.94356802e+00
 3.33396825e+00 -5.36220472e+00  5.50654161e+00  1.13293962e+01  8.93807521e+00
 3.33396825e+00 -5.22834646e+00  5.64009729e+00  1.13276112e+01  8.93249655e+00
 3.33396825e+00 -5.09448819e+00  5.77366938e+00  1.13260641e+01  8.92687039e+00
 3.33396825e+00 -4.96062992e+00  5.90725073e+00  1.13247063e+01  8.92121032e+00
 3.33396825e+00 -4.82677165e+00  6.04087365e+00  1.13234808e+01  8.91553571e+00
 3.33396825e+00 -4.69291339e+00  6.17455259e+00  1.13223861e+01  8.90982715e+00
 3.33396825e+00 -4.55905512e+00  6.30825050e+00  1.13214945e+01  8.90401403e+00
 3.33396825e+00 -4.42519685e+00  6.44198391e+00  1.13207320e+01  8.89816295e+00
 3.33396825e+00 -4.29133858e+00  6.57576021e+00  1.13200168e+01  8.89230066e+00
 3.33396825e+00 -4.15748031e+00  6.70953921e+00  1.13193677e+01  8.88631222e+00
 3.33396825e+00 -4.02362205e+00  6.84334565e+00  1.13188298e+01  8.88025235e+00
 3.33396825e+00 -3.88976378e+00  6.97721614e+00  1.13183995e+01  8.87416910e+00
 3.33396825e+00 -3.75590551e+00  7.11115220e+00  1.13179978e+01  8.86798572e+00
 3.33396825e+00 -3.62204724e+00  7.24511289e+00  1.13176289e+01  8.86169240e+00
 3.33396825e+00 -3.48818898e+00  7.37910598e+00  1.13173083e+01  8.85530782e+00
 3.33396825e+00 -3.35433071e+00  7.51322238e+00  1.13170185e+01  8.84884265e+00
 3.33396825e+00 -3.22047244e+00  7.64743414e+00  1.13167850e+01  8.84229318e+00
 3.33396825e+00 -3.08661417e+00  7.78173377e+00  1.13166130e+01  8.83563708e+00
 3.33396825e+00 -2.95275591e+00  7.91622023e+00  1.13164606e+01  8.82884298e+00
 3.33396825e+00 -2.81889764e+00  8.05099368e+00  1.13163462e+01  8.82194302e+00
 3.33396825e+00 -2.68503937e+00  8.18613160e+00  1.13162986e+01  8.81495614e+00
 3.33396825e+00 -2.55118110e+00  8.32168248e+00  1.13163191e+01  8.80784459e+00
 3.33396825e+00 -2.41732283e+00  8.45783144e+00  1.13164159e+01  8.80057451e+00
 3.33396825e+00 -2.28346457e+00  8.59483517e+00  1.13166164e+01  8.79313147e+00
 3.33396825e+00 -2.14960630e+00  8.73300639e+00  1.13169848e+01  8.78552791e+00
 3.33396825e+00 -2.01574803e+00  8.87263362e+00  1.13174912e+01  8.77774205e+00
 3.33396825e+00 -1.88188976e+00  9.01427796e+00  1.13182346e+01  8.76973942e+00
 3.33396825e+00 -1.74803150e+00  9.15847846e+00  1.13192746e+01  8.76143320e+00
 3.33396825e+00 -1.61417323e+00  9.30610085e+00  1.13206864e+01  8.75277293e+00
 3.33396825e+00 -1.48031496e+00  9.45773264e+00  1.13221011e+01  8.74365672e+00
 3.33396825e+00 -1.34645669e+00  9.61664803e+00  1.13244608e+01  8.73409950e+00
 3.33396825e+00 -1.21259843e+00  9.78576105e+00  1.13285118e+01  8.72390263e+00
 3.33396825e+00 -1.07874016e+00  9.96884192e+00  1.13355676e+01  8.71280540e+00
 3.33396825e+00 -9.44881890e-01  1.01707756e+01  1.13474972e+01  8.70060208e+00
 3.33396825e+00 -8.11023622e-01  1.03976719e+01  1.13675198e+01  8.68683528e+00
 3.33396825e+00 -6.77165354e-01  1.06554898e+01  1.14030889e+01  8.67095725e+00
 3.33396825e+00 -5.43307087e-01  1.09469837e+01  1.14639737e+01  8.65242979e+00
 3.33396825e+00 -4.09448819e-01  1.12601993e+01  1.15585442e+01  8.63145833e+00
 3.33396825e+00 -2.75590551e-01  1.15734149e+01  1.16531147e+01  8.61048687e+00
 3.33396825e+00 -1.41732283e-01  1.18866305e+01  1.17476852e+01  8.58951541e+00
 3.33396825e+00 -7.87401575e-03  1.21998461e+01  1.18422557e+01  8.56854395e+00
 3.33396825e+00  1.25984252e-01  1.25130617e+01  1.19368262e+01  8.54757249e+00
 3.33396825e+00  2.59842520e-01  1.28262773e+01  1.20313967e+01  8.52660103e+00
 3.33396825e+00  3.93700787e-01  1.31394929e+01  1.21259672e+01  8.50562957e+00
 3.33396825e+00  5.27559055e-01  1.34527085e+01  1.22205377e+01  8.48465811e+00
 3.33396825e+00  6.61417323e-01  1.37659241e+01  1.23151082e+01  8.46368665e+00
 3.33396825e+00  7.95275591e-01  1.40791397e+01  1.24096787e+01  8.44271519e+00
 3.33396825e+00  9.29133858e-01  1.43923553e+01  1.25042492e+01  8.42174373e+00
 3.33396825e+00  1.06299213e+00  1.47055709e+01  1.25988197e+01  8.40077227e+00
 3.33396825e+00  1.19685039e+00  1.50187865e+01  1.26933902e+01  8.37980081e+00
 3.33396825e+00  1.33070866e+00  1.53320021e+01  1.27879607e+01  8.35882935e+00
 3.33396825e+00  1.46456693e+00  1.56452177e+01  1.28825312e+01  8.33785789e+00
 3.33396825e+00  1.59842520e+00  1.59584333e+01  1.29771017e+01  8.31688643e+00
 3.33396825e+00  1.73228346e+00  1.62716489e+01  1.30716722e+01  8.29591497e+00
 3.33396825e+00  1.86614173e+00  1.65848645e+01  1.31662427e+01  8.27494351e+00
 3.33396825e+00  2.00000000e+00  1.68980801e+01  1.32608132e+01  8.25397205e+00
 3.41238095e+00 -1.50000000e+01 -3.79460419e+00  1.22435012e+01  9.43744490e+00
 3.41238095e+00 -1.48661417e+01 -3.66067879e+00  1.22439245e+01  9.43424857e+00
 3.41238095e+00 -1.47322835e+01 -3.52675718e+00  1.22442426e+01  9.43107572e+00
 3.41238095e+00 -1.45984252e+01 -3.39282729e+00  1.22444725e+01  9.42786072e+00
 3.41238095e+00 -1.44645669e+01 -3.25895419e+00  1.22445750e+01  9.42448412e+00
 3.41238095e+00 -1.43307087e+01 -3.12515400e+00  1.22445529e+01  9.42110892e+00
 3.41238095e+00 -1.41968504e+01 -2.99136969e+00  1.22443868e+01  9.41769437e+00
 3.41238095e+00 -1.40629921e+01 -2.85753878e+00  1.22440422e+01  9.41406880e+00
 3.41238095e+00 -1.39291339e+01 -2.72374698e+00  1.22435221e+01  9.41037017e+00
 3.41238095e+00 -1.37952756e+01 -2.58994585e+00  1.22428005e+01  9.40666854e+00
 3.41238095e+00 -1.36614173e+01 -2.45599665e+00  1.22418538e+01  9.40291746e+00
 3.41238095e+00 -1.35275591e+01 -2.32190513e+00  1.22407636e+01  9.39905875e+00
 3.41238095e+00 -1.33937008e+01 -2.18766074e+00  1.22395600e+01  9.39511306e+00
 3.41238095e+00 -1.32598425e+01 -2.05347642e+00  1.22382379e+01  9.39115398e+00
 3.41238095e+00 -1.31259843e+01 -1.91972483e+00  1.22368560e+01  9.38720050e+00
 3.41238095e+00 -1.29921260e+01 -1.78626522e+00  1.22354291e+01  9.38327562e+00
 3.41238095e+00 -1.28582677e+01 -1.65283238e+00  1.22339720e+01  9.37938599e+00
 3.41238095e+00 -1.27244094e+01 -1.51933233e+00  1.22326129e+01  9.37544873e+00
 3.41238095e+00 -1.25905512e+01 -1.38571300e+00  1.22313839e+01  9.37154730e+00
 3.41238095e+00 -1.24566929e+01 -1.25196306e+00  1.22302688e+01  9.36780368e+00
 3.41238095e+00 -1.23228346e+01 -1.11814663e+00  1.22293687e+01  9.36406014e+00
 3.41238095e+00 -1.21889764e+01 -9.84194961e-01  1.22287578e+01  9.36035830e+00
 3.41238095e+00 -1.20551181e+01 -8.49995679e-01  1.22284824e+01  9.35684161e+00
 3.41238095e+00 -1.19212598e+01 -7.15616878e-01  1.22286125e+01  9.35341600e+00
 3.41238095e+00 -1.17874016e+01 -5.81060921e-01  1.22292374e+01  9.35006929e+00
 3.41238095e+00 -1.16535433e+01 -4.46278858e-01  1.22304236e+01  9.34687653e+00
 3.41238095e+00 -1.15196850e+01 -3.11277900e-01  1.22321488e+01  9.34389135e+00
 3.41238095e+00 -1.13858268e+01 -1.76111859e-01  1.22344028e+01  9.34100497e+00
 3.41238095e+00 -1.12519685e+01 -4.08338618e-02  1.22371683e+01  9.33808553e+00
 3.41238095e+00 -1.11181102e+01  9.45473817e-02  1.22403643e+01  9.33519297e+00
 3.41238095e+00 -1.09842520e+01  2.29853155e-01  1.22438650e+01  9.33233397e+00
 3.41238095e+00 -1.08503937e+01  3.64924037e-01  1.22474643e+01  9.32937629e+00
 3.41238095e+00 -1.07165354e+01  4.99828560e-01  1.22508506e+01  9.32603891e+00
 3.41238095e+00 -1.05826772e+01  6.34366258e-01  1.22538517e+01  9.32238025e+00
 3.41238095e+00 -1.04488189e+01  7.68302655e-01  1.22562403e+01  9.31845019e+00
 3.41238095e+00 -1.03149606e+01  9.01618124e-01  1.22575545e+01  9.31395303e+00
 3.41238095e+00 -1.01811024e+01  1.03418502e+00  1.22575213e+01  9.30882720e+00
 3.41238095e+00 -1.00472441e+01  1.16584383e+00  1.22558643e+01  9.30305689e+00
 3.41238095e+00 -9.91338583e+00  1.29649349e+00  1.22521220e+01  9.29647604e+00
 3.41238095e+00 -9.77952756e+00  1.42603930e+00  1.22460249e+01  9.28905186e+00
 3.41238095e+00 -9.64566929e+00  1.55442203e+00  1.22373930e+01  9.28080454e+00
 3.41238095e+00 -9.51181102e+00  1.68166030e+00  1.22260064e+01  9.27170263e+00
 3.41238095e+00 -9.37795276e+00  1.80785430e+00  1.22117928e+01  9.26175345e+00
 3.41238095e+00 -9.24409449e+00  1.93314176e+00  1.21948141e+01  9.25103848e+00
 3.41238095e+00 -9.11023622e+00  2.05764083e+00  1.21752556e+01  9.23978214e+00
 3.41238095e+00 -8.97637795e+00  2.18157558e+00  1.21533805e+01  9.22814576e+00
 3.41238095e+00 -8.84251969e+00  2.30525440e+00  1.21295016e+01  9.21620951e+00
 3.41238095e+00 -8.70866142e+00  2.42878610e+00  1.21039196e+01  9.20415734e+00
 3.41238095e+00 -8.57480315e+00  2.55223863e+00  1.20769151e+01  9.19212511e+00
 3.41238095e+00 -8.44094488e+00  2.67574971e+00  1.20487314e+01  9.18007410e+00
 3.41238095e+00 -8.30708661e+00  2.79939540e+00  1.20196150e+01  9.16804563e+00
 3.41238095e+00 -8.17322835e+00  2.92318370e+00  1.19897951e+01  9.15612288e+00
 3.41238095e+00 -8.03937008e+00  3.04705761e+00  1.19594037e+01  9.14425315e+00
 3.41238095e+00 -7.90551181e+00  3.17097904e+00  1.19285267e+01  9.13239975e+00
 3.41238095e+00 -7.77165354e+00  3.29495341e+00  1.18972291e+01  9.12059000e+00
 3.41238095e+00 -7.63779528e+00  3.41895255e+00  1.18656490e+01  9.10880705e+00
 3.41238095e+00 -7.50393701e+00  3.54296574e+00  1.18339387e+01  9.09701272e+00
 3.41238095e+00 -7.37007874e+00  3.66707626e+00  1.18022081e+01  9.08519052e+00
 3.41238095e+00 -7.23622047e+00  3.79146015e+00  1.17708073e+01  9.07360895e+00
 3.41238095e+00 -7.10236220e+00  3.91630186e+00  1.17401943e+01  9.06265541e+00
 3.41238095e+00 -6.96850394e+00  4.04147632e+00  1.17102670e+01  9.05204521e+00
 3.41238095e+00 -6.83464567e+00  4.16699655e+00  1.16810432e+01  9.04157823e+00
 3.41238095e+00 -6.70078740e+00  4.29321113e+00  1.16529881e+01  9.03150074e+00
 3.41238095e+00 -6.56692913e+00  4.42015430e+00  1.16264436e+01  9.02189553e+00
 3.41238095e+00 -6.43307087e+00  4.54774731e+00  1.16016065e+01  9.01275276e+00
 3.41238095e+00 -6.29921260e+00  4.67610098e+00  1.15785478e+01  9.00410677e+00
 3.41238095e+00 -6.16535433e+00  4.80524773e+00  1.15573645e+01  8.99590419e+00
 3.41238095e+00 -6.03149606e+00  4.93512485e+00  1.15381454e+01  8.98805895e+00
 3.41238095e+00 -5.89763780e+00  5.06564826e+00  1.15208388e+01  8.98064737e+00
 3.41238095e+00 -5.76377953e+00  5.19675400e+00  1.15053942e+01  8.97364041e+00
 3.41238095e+00 -5.62992126e+00  5.32838656e+00  1.14917669e+01  8.96689069e+00
 3.41238095e+00 -5.49606299e+00  5.46041910e+00  1.14797887e+01  8.96037420e+00
 3.41238095e+00 -5.36220472e+00  5.59275561e+00  1.14692616e+01  8.95403428e+00
 3.41238095e+00 -5.22834646e+00  5.72535267e+00  1.14600229e+01  8.94776893e+00
 3.41238095e+00 -5.09448819e+00  5.85814238e+00  1.14520342e+01  8.94162587e+00
 3.41238095e+00 -4.96062992e+00  5.99108559e+00  1.14451380e+01  8.93557860e+00
 3.41238095e+00 -4.82677165e+00  6.12416960e+00  1.14390507e+01  8.92949138e+00
 3.41238095e+00 -4.69291339e+00  6.25730033e+00  1.14337472e+01  8.92338365e+00
 3.41238095e+00 -4.55905512e+00  6.39046312e+00  1.14291719e+01  8.91727841e+00
 3.41238095e+00 -4.42519685e+00  6.52374381e+00  1.14251569e+01  8.91114899e+00
 3.41238095e+00 -4.29133858e+00  6.65710120e+00  1.14216264e+01  8.90499829e+00
 3.41238095e+00 -4.15748031e+00  6.79049989e+00  1.14185459e+01  8.89884147e+00
 3.41238095e+00 -4.02362205e+00  6.92396426e+00  1.14158891e+01  8.89268490e+00
 3.41238095e+00 -3.88976378e+00  7.05752834e+00  1.14136059e+01  8.88648039e+00
 3.41238095e+00 -3.75590551e+00  7.19118307e+00  1.14116335e+01  8.88020594e+00
 3.41238095e+00 -3.62204724e+00  7.32488463e+00  1.14099105e+01  8.87388692e+00
 3.41238095e+00 -3.48818898e+00  7.45868091e+00  1.14084142e+01  8.86752573e+00
 3.41238095e+00 -3.35433071e+00  7.59260390e+00  1.14071298e+01  8.86109542e+00
 3.41238095e+00 -3.22047244e+00  7.72664128e+00  1.14060353e+01  8.85455840e+00
 3.41238095e+00 -3.08661417e+00  7.86082211e+00  1.14051014e+01  8.84794471e+00
 3.41238095e+00 -2.95275591e+00  7.99520610e+00  1.14043117e+01  8.84128013e+00
 3.41238095e+00 -2.81889764e+00  8.12986348e+00  1.14036603e+01  8.83454710e+00
 3.41238095e+00 -2.68503937e+00  8.26485296e+00  1.14031299e+01  8.82766964e+00
 3.41238095e+00 -2.55118110e+00  8.40026651e+00  1.14027286e+01  8.82064050e+00
 3.41238095e+00 -2.41732283e+00  8.53623437e+00  1.14024783e+01  8.81351812e+00
 3.41238095e+00 -2.28346457e+00  8.67299066e+00  1.14023745e+01  8.80628008e+00
 3.41238095e+00 -2.14960630e+00  8.81084189e+00  1.14024446e+01  8.79889182e+00
 3.41238095e+00 -2.01574803e+00  8.95017850e+00  1.14027447e+01  8.79132640e+00
 3.41238095e+00 -1.88188976e+00  9.09139761e+00  1.14032793e+01  8.78354324e+00
 3.41238095e+00 -1.74803150e+00  9.23517088e+00  1.14041793e+01  8.77551344e+00
 3.41238095e+00 -1.61417323e+00  9.38189448e+00  1.14053915e+01  8.76715252e+00
 3.41238095e+00 -1.48031496e+00  9.53294607e+00  1.14070047e+01  8.75840739e+00
 3.41238095e+00 -1.34645669e+00  9.69056771e+00  1.14095562e+01  8.74925457e+00
 3.41238095e+00 -1.21259843e+00  9.85739391e+00  1.14134889e+01  8.73948884e+00
 3.41238095e+00 -1.07874016e+00  1.00369244e+01  1.14198733e+01  8.72892091e+00
 3.41238095e+00 -9.44881890e-01  1.02339977e+01  1.14307380e+01  8.71745296e+00
 3.41238095e+00 -8.11023622e-01  1.04541178e+01  1.14490219e+01  8.70461851e+00
 3.41238095e+00 -6.77165354e-01  1.07032798e+01  1.14808554e+01  8.68994967e+00
 3.41238095e+00 -5.43307087e-01  1.09844950e+01  1.15341653e+01  8.67286167e+00
 3.41238095e+00 -4.09448819e-01  1.12837539e+01  1.16174135e+01  8.65377518e+00
 3.41238095e+00 -2.75590551e-01  1.15830128e+01  1.17006617e+01  8.63468869e+00
 3.41238095e+00 -1.41732283e-01  1.18822717e+01  1.17839099e+01  8.61560220e+00
 3.41238095e+00 -7.87401575e-03  1.21815306e+01  1.18671581e+01  8.59651571e+00
 3.41238095e+00  1.25984252e-01  1.24807895e+01  1.19504063e+01  8.57742922e+00
 3.41238095e+00  2.59842520e-01  1.27800484e+01  1.20336545e+01  8.55834273e+00
 3.41238095e+00  3.93700787e-01  1.30793073e+01  1.21169027e+01  8.53925624e+00
 3.41238095e+00  5.27559055e-01  1.33785662e+01  1.22001509e+01  8.52016975e+00
 3.41238095e+00  6.61417323e-01  1.36778251e+01  1.22833991e+01  8.50108326e+00
 3.41238095e+00  7.95275591e-01  1.39770840e+01  1.23666473e+01  8.48199677e+00
 3.41238095e+00  9.29133858e-01  1.42763429e+01  1.24498955e+01  8.46291028e+00
 3.41238095e+00  1.06299213e+00  1.45756018e+01  1.25331437e+01  8.44382379e+00
 3.41238095e+00  1.19685039e+00  1.48748607e+01  1.26163919e+01  8.42473730e+00
 3.41238095e+00  1.33070866e+00  1.51741196e+01  1.26996401e+01  8.40565081e+00
 3.41238095e+00  1.46456693e+00  1.54733785e+01  1.27828883e+01  8.38656432e+00
 3.41238095e+00  1.59842520e+00  1.57726374e+01  1.28661365e+01  8.36747783e+00
 3.41238095e+00  1.73228346e+00  1.60718963e+01  1.29493847e+01  8.34839134e+00
 3.41238095e+00  1.86614173e+00  1.63711552e+01  1.30326329e+01  8.32930485e+00
 3.41238095e+00  2.00000000e+00  1.66704141e+01  1.31158811e+01  8.31021836e+00
 3.49079365e+00 -1.50000000e+01 -3.71613146e+00  1.22594981e+01  9.43652778e+00
 3.49079365e+00 -1.48661417e+01 -3.58252760e+00  1.22587366e+01  9.43318578e+00
 3.49079365e+00 -1.47322835e+01 -3.44877596e+00  1.22579926e+01  9.42982867e+00
 3.49079365e+00 -1.45984252e+01 -3.31497439e+00  1.22573299e+01  9.42648741e+00
 3.49079365e+00 -1.44645669e+01 -3.18117364e+00  1.22567463e+01  9.42314548e+00
 3.49079365e+00 -1.43307087e+01 -3.04733158e+00  1.22562178e+01  9.41978112e+00
 3.49079365e+00 -1.41968504e+01 -2.91333778e+00  1.22558068e+01  9.41646956e+00
 3.49079365e+00 -1.40629921e+01 -2.77923262e+00  1.22555221e+01  9.41318053e+00
 3.49079365e+00 -1.39291339e+01 -2.64508513e+00  1.22553420e+01  9.40984723e+00
 3.49079365e+00 -1.37952756e+01 -2.51076615e+00  1.22552823e+01  9.40651796e+00
 3.49079365e+00 -1.36614173e+01 -2.37624368e+00  1.22553225e+01  9.40320560e+00
 3.49079365e+00 -1.35275591e+01 -2.24154683e+00  1.22554369e+01  9.39988284e+00
 3.49079365e+00 -1.33937008e+01 -2.10662212e+00  1.22556510e+01  9.39651433e+00
 3.49079365e+00 -1.32598425e+01 -1.97160124e+00  1.22559558e+01  9.39311861e+00
 3.49079365e+00 -1.31259843e+01 -1.83698757e+00  1.22563123e+01  9.38972502e+00
 3.49079365e+00 -1.29921260e+01 -1.70295283e+00  1.22566793e+01  9.38629857e+00
 3.49079365e+00 -1.28582677e+01 -1.56900910e+00  1.22570498e+01  9.38284484e+00
 3.49079365e+00 -1.27244094e+01 -1.43498475e+00  1.22574254e+01  9.37937599e+00
 3.49079365e+00 -1.25905512e+01 -1.30101681e+00  1.22577869e+01  9.37584224e+00
 3.49079365e+00 -1.24566929e+01 -1.16715226e+00  1.22581005e+01  9.37223601e+00
 3.49079365e+00 -1.23228346e+01 -1.03335117e+00  1.22583368e+01  9.36855923e+00
 3.49079365e+00 -1.21889764e+01 -8.99509892e-01  1.22584848e+01  9.36478471e+00
 3.49079365e+00 -1.20551181e+01 -7.65744133e-01  1.22585182e+01  9.36093405e+00
 3.49079365e+00 -1.19212598e+01 -6.32134086e-01  1.22584129e+01  9.35703304e+00
 3.49079365e+00 -1.17874016e+01 -4.98499691e-01  1.22581612e+01  9.35306218e+00
 3.49079365e+00 -1.16535433e+01 -3.64886456e-01  1.22577193e+01  9.34898884e+00
 3.49079365e+00 -1.15196850e+01 -2.31404217e-01  1.22570755e+01  9.34480976e+00
 3.49079365e+00 -1.13858268e+01 -9.80299776e-02  1.22563041e+01  9.34057491e+00
 3.49079365e+00 -1.12519685e+01  3.53659427e-02  1.22554198e+01  9.33626719e+00
 3.49079365e+00 -1.11181102e+01  1.68820300e-01  1.22544070e+01  9.33188743e+00
 3.49079365e+00 -1.09842520e+01  3.02154972e-01  1.22532661e+01  9.32752278e+00
 3.49079365e+00 -1.08503937e+01  4.35535356e-01  1.22520776e+01  9.32314237e+00
 3.49079365e+00 -1.07165354e+01  5.69099069e-01  1.22509328e+01  9.31872319e+00
 3.49079365e+00 -1.05826772e+01  7.02633565e-01  1.22498689e+01  9.31436255e+00
 3.49079365e+00 -1.04488189e+01  8.36239332e-01  1.22489019e+01  9.31006542e+00
 3.49079365e+00 -1.03149606e+01  9.70066316e-01  1.22480927e+01  9.30579878e+00
 3.49079365e+00 -1.01811024e+01  1.10404298e+00  1.22475849e+01  9.30156330e+00
 3.49079365e+00 -1.00472441e+01  1.23814674e+00  1.22474208e+01  9.29742614e+00
 3.49079365e+00 -9.91338583e+00  1.37241767e+00  1.22475952e+01  9.29342814e+00
 3.49079365e+00 -9.77952756e+00  1.50692701e+00  1.22481272e+01  9.28951520e+00
 3.49079365e+00 -9.64566929e+00  1.64161813e+00  1.22491426e+01  9.28567175e+00
 3.49079365e+00 -9.51181102e+00  1.77643091e+00  1.22506760e+01  9.28189297e+00
 3.49079365e+00 -9.37795276e+00  1.91137014e+00  1.22525406e+01  9.27815268e+00
 3.49079365e+00 -9.24409449e+00  2.04623827e+00  1.22545995e+01  9.27440633e+00
 3.49079365e+00 -9.11023622e+00  2.18090789e+00  1.22567082e+01  9.27055414e+00
 3.49079365e+00 -8.97637795e+00  2.31542872e+00  1.22586538e+01  9.26643452e+00
 3.49079365e+00 -8.84251969e+00  2.44949335e+00  1.22601358e+01  9.26195252e+00
 3.49079365e+00 -8.70866142e+00  2.58286992e+00  1.22607826e+01  9.25704391e+00
 3.49079365e+00 -8.57480315e+00  2.71557573e+00  1.22601826e+01  9.25162838e+00
 3.49079365e+00 -8.44094488e+00  2.84736229e+00  1.22580355e+01  9.24553086e+00
 3.49079365e+00 -8.30708661e+00  2.97802918e+00  1.22540031e+01  9.23863062e+00
 3.49079365e+00 -8.17322835e+00  3.10756760e+00  1.22476565e+01  9.23091691e+00
 3.49079365e+00 -8.03937008e+00  3.23589443e+00  1.22387734e+01  9.22233121e+00
 3.49079365e+00 -7.90551181e+00  3.36296297e+00  1.22271823e+01  9.21286574e+00
 3.49079365e+00 -7.77165354e+00  3.48885652e+00  1.22126972e+01  9.20262618e+00
 3.49079365e+00 -7.63779528e+00  3.61379512e+00  1.21956952e+01  9.19165115e+00
 3.49079365e+00 -7.50393701e+00  3.73794934e+00  1.21763209e+01  9.18001957e+00
 3.49079365e+00 -7.37007874e+00  3.86119467e+00  1.21533214e+01  9.16804948e+00
 3.49079365e+00 -7.23622047e+00  3.98383169e+00  1.21275269e+01  9.15597437e+00
 3.49079365e+00 -7.10236220e+00  4.10650659e+00  1.21014860e+01  9.14388070e+00
 3.49079365e+00 -6.96850394e+00  4.22922200e+00  1.20747308e+01  9.13171475e+00
 3.49079365e+00 -6.83464567e+00  4.35184683e+00  1.20464075e+01  9.11944518e+00
 3.49079365e+00 -6.70078740e+00  4.47446156e+00  1.20171173e+01  9.10717985e+00
 3.49079365e+00 -6.56692913e+00  4.59713780e+00  1.19871879e+01  9.09499208e+00
 3.49079365e+00 -6.43307087e+00  4.71991805e+00  1.19566556e+01  9.08289755e+00
 3.49079365e+00 -6.29921260e+00  4.84282939e+00  1.19257331e+01  9.07083215e+00
 3.49079365e+00 -6.16535433e+00  4.96591635e+00  1.18946636e+01  9.05881052e+00
 3.49079365e+00 -6.03149606e+00  5.08925614e+00  1.18636683e+01  9.04698399e+00
 3.49079365e+00 -5.89763780e+00  5.21293370e+00  1.18330159e+01  9.03538277e+00
 3.49079365e+00 -5.76377953e+00  5.33704676e+00  1.18029934e+01  9.02400223e+00
 3.49079365e+00 -5.62992126e+00  5.46172050e+00  1.17738629e+01  9.01294859e+00
 3.49079365e+00 -5.49606299e+00  5.58705206e+00  1.17458949e+01  9.00228938e+00
 3.49079365e+00 -5.36220472e+00  5.71310127e+00  1.17193600e+01  8.99203883e+00
 3.49079365e+00 -5.22834646e+00  5.83991041e+00  1.16944544e+01  8.98225316e+00
 3.49079365e+00 -5.09448819e+00  5.96751232e+00  1.16713151e+01  8.97295668e+00
 3.49079365e+00 -4.96062992e+00  6.09592418e+00  1.16500197e+01  8.96409351e+00
 3.49079365e+00 -4.82677165e+00  6.22508504e+00  1.16306142e+01  8.95559780e+00
 3.49079365e+00 -4.69291339e+00  6.35491195e+00  1.16131079e+01  8.94743122e+00
 3.49079365e+00 -4.55905512e+00  6.48536453e+00  1.15974562e+01  8.93961678e+00
 3.49079365e+00 -4.42519685e+00  6.61635648e+00  1.15835113e+01  8.93209836e+00
 3.49079365e+00 -4.29133858e+00  6.74778080e+00  1.15710986e+01  8.92478409e+00
 3.49079365e+00 -4.15748031e+00  6.87957378e+00  1.15601486e+01  8.91764827e+00
 3.49079365e+00 -4.02362205e+00  7.01167073e+00  1.15505504e+01  8.91064165e+00
 3.49079365e+00 -3.88976378e+00  7.14401510e+00  1.15421369e+01  8.90370122e+00
 3.49079365e+00 -3.75590551e+00  7.27659475e+00  1.15347173e+01  8.89680609e+00
 3.49079365e+00 -3.62204724e+00  7.40938849e+00  1.15281931e+01  8.88995121e+00
 3.49079365e+00 -3.48818898e+00  7.54236882e+00  1.15225224e+01  8.88313265e+00
 3.49079365e+00 -3.35433071e+00  7.67553606e+00  1.15175960e+01  8.87632960e+00
 3.49079365e+00 -3.22047244e+00  7.80892389e+00  1.15133052e+01  8.86951572e+00
 3.49079365e+00 -3.08661417e+00  7.94256854e+00  1.15095714e+01  8.86267376e+00
 3.49079365e+00 -2.95275591e+00  8.07644236e+00  1.15063691e+01  8.85581991e+00
 3.49079365e+00 -2.81889764e+00  8.21059794e+00  1.15036282e+01  8.84893671e+00
 3.49079365e+00 -2.68503937e+00  8.34515246e+00  1.15012651e+01  8.84198195e+00
 3.49079365e+00 -2.55118110e+00  8.48018015e+00  1.14992960e+01  8.83494387e+00
 3.49079365e+00 -2.41732283e+00  8.61579174e+00  1.14977096e+01  8.82784181e+00
 3.49079365e+00 -2.28346457e+00  8.75217498e+00  1.14964537e+01  8.82068002e+00
 3.49079365e+00 -2.14960630e+00  8.88960940e+00  1.14954669e+01  8.81336296e+00
 3.49079365e+00 -2.01574803e+00  9.02842943e+00  1.14948229e+01  8.80586822e+00
 3.49079365e+00 -1.88188976e+00  9.16905867e+00  1.14946229e+01  8.79821814e+00
 3.49079365e+00 -1.74803150e+00  9.31217413e+00  1.14948610e+01  8.79039526e+00
 3.49079365e+00 -1.61417323e+00  9.45832058e+00  1.14955608e+01  8.78228067e+00
 3.49079365e+00 -1.48031496e+00  9.60873629e+00  1.14969769e+01  8.77381060e+00
 3.49079365e+00 -1.34645669e+00  9.76501674e+00  1.14992431e+01  8.76494746e+00
 3.49079365e+00 -1.21259843e+00  9.92857803e+00  1.15022553e+01  8.75554213e+00
 3.49079365e+00 -1.07874016e+00  1.01046448e+01  1.15076640e+01  8.74548221e+00
 3.49079365e+00 -9.44881890e-01  1.02975466e+01  1.15174430e+01  8.73458726e+00
 3.49079365e+00 -8.11023622e-01  1.05115124e+01  1.15339557e+01  8.72256804e+00
 3.49079365e+00 -6.77165354e-01  1.07524150e+01  1.15619849e+01  8.70894855e+00
 3.49079365e+00 -5.43307087e-01  1.10251894e+01  1.16085953e+01  8.69334133e+00
 3.49079365e+00 -4.09448819e-01  1.12979638e+01  1.16552057e+01  8.67773411e+00
 3.49079365e+00 -2.75590551e-01  1.15707382e+01  1.17018161e+01  8.66212689e+00
 3.49079365e+00 -1.41732283e-01  1.18435126e+01  1.17484265e+01  8.64651967e+00
 3.49079365e+00 -7.87401575e-03  1.21162870e+01  1.17950369e+01  8.63091245e+00
 3.49079365e+00  1.25984252e-01  1.23890614e+01  1.18416473e+01  8.61530523e+00
 3.49079365e+00  2.59842520e-01  1.26618358e+01  1.18882577e+01  8.59969801e+00
 3.49079365e+00  3.93700787e-01  1.29346102e+01  1.19348681e+01  8.58409079e+00
 3.49079365e+00  5.27559055e-01  1.32073846e+01  1.19814785e+01  8.56848357e+00
 3.49079365e+00  6.61417323e-01  1.34801590e+01  1.20280889e+01  8.55287635e+00
 3.49079365e+00  7.95275591e-01  1.37529334e+01  1.20746993e+01  8.53726913e+00
 3.49079365e+00  9.29133858e-01  1.40257078e+01  1.21213097e+01  8.52166191e+00
 3.49079365e+00  1.06299213e+00  1.42984822e+01  1.21679201e+01  8.50605469e+00
 3.49079365e+00  1.19685039e+00  1.45712566e+01  1.22145305e+01  8.49044747e+00
 3.49079365e+00  1.33070866e+00  1.48440310e+01  1.22611409e+01  8.47484025e+00
 3.49079365e+00  1.46456693e+00  1.51168054e+01  1.23077513e+01  8.45923303e+00
 3.49079365e+00  1.59842520e+00  1.53895798e+01  1.23543617e+01  8.44362581e+00
 3.49079365e+00  1.73228346e+00  1.56623542e+01  1.24009721e+01  8.42801859e+00
 3.49079365e+00  1.86614173e+00  1.59351286e+01  1.24475825e+01  8.41241137e+00
 3.49079365e+00  2.00000000e+00  1.62079030e+01  1.24941929e+01  8.39680415e+00
 3.56920635e+00 -1.50000000e+01 -3.63961463e+00  1.22602944e+01  9.43712237e+00
 3.56920635e+00 -1.48661417e+01 -3.50493187e+00  1.22622626e+01  9.43454073e+00
 3.56920635e+00 -1.47322835e+01 -3.37037619e+00  1.22641341e+01  9.43186995e+00
 3.56920635e+00 -1.45984252e+01 -3.23590374e+00  1.22659342e+01  9.42911894e+00
 3.56920635e+00 -1.44645669e+01 -3.10150765e+00  1.22675275e+01  9.42621209e+00
 3.56920635e+00 -1.43307087e+01 -2.96716657e+00  1.22689079e+01  9.42317972e+00
 3.56920635e+00 -1.41968504e+01 -2.83287370e+00  1.22701055e+01  9.42008046e+00
 3.56920635e+00 -1.40629921e+01 -2.69866593e+00  1.22710678e+01  9.41690188e+00
 3.56920635e+00 -1.39291339e+01 -2.56453530e+00  1.22718017e+01  9.41360799e+00
 3.56920635e+00 -1.37952756e+01 -2.43040525e+00  1.22723044e+01  9.41019483e+00
 3.56920635e+00 -1.36614173e+01 -2.29613855e+00  1.22725099e+01  9.40672306e+00
 3.56920635e+00 -1.35275591e+01 -2.16175165e+00  1.22725053e+01  9.40318233e+00
 3.56920635e+00 -1.33937008e+01 -2.02722336e+00  1.22723760e+01  9.39954230e+00
 3.56920635e+00 -1.32598425e+01 -1.89256922e+00  1.22720728e+01  9.39581725e+00
 3.56920635e+00 -1.31259843e+01 -1.75834596e+00  1.22716044e+01  9.39208476e+00
 3.56920635e+00 -1.29921260e+01 -1.62465427e+00  1.22710399e+01  9.38837035e+00
 3.56920635e+00 -1.28582677e+01 -1.49107222e+00  1.22704752e+01  9.38460302e+00
 3.56920635e+00 -1.27244094e+01 -1.35748875e+00  1.22698818e+01  9.38081697e+00
 3.56920635e+00 -1.25905512e+01 -1.22389305e+00  1.22692444e+01  9.37705740e+00
 3.56920635e+00 -1.24566929e+01 -1.09022808e+00  1.22686457e+01  9.37330634e+00
 3.56920635e+00 -1.23228346e+01 -9.56543380e-01  1.22680881e+01  9.36953106e+00
 3.56920635e+00 -1.21889764e+01 -8.22849868e-01  1.22675714e+01  9.36572470e+00
 3.56920635e+00 -1.20551181e+01 -6.89049129e-01  1.22671431e+01  9.36192316e+00
 3.56920635e+00 -1.19212598e+01 -5.55215863e-01  1.22668036e+01  9.35813521e+00
 3.56920635e+00 -1.17874016e+01 -4.21400252e-01  1.22665458e+01  9.35436085e+00
 3.56920635e+00 -1.16535433e+01 -2.87512315e-01  1.22663855e+01  9.35060028e+00
 3.56920635e+00 -1.15196850e+01 -1.53560989e-01  1.22663387e+01  9.34681359e+00
 3.56920635e+00 -1.13858268e+01 -1.95957986e-02  1.22663913e+01  9.34297815e+00
 3.56920635e+00 -1.12519685e+01  1.14352564e-01  1.22664970e+01  9.33912391e+00
 3.56920635e+00 -1.11181102e+01  2.48327900e-01  1.22666727e+01  9.33529473e+00
 3.56920635e+00 -1.09842520e+01  3.82332538e-01  1.22669144e+01  9.33145708e+00
 3.56920635e+00 -1.08503937e+01  5.16290865e-01  1.22671617e+01  9.32749386e+00
 3.56920635e+00 -1.07165354e+01  6.50258285e-01  1.22674165e+01  9.32348107e+00
 3.56920635e+00 -1.05826772e+01  7.84235443e-01  1.22676735e+01  9.31945749e+00
 3.56920635e+00 -1.04488189e+01  9.18105323e-01  1.22678865e+01  9.31533043e+00
 3.56920635e+00 -1.03149606e+01  1.05191238e+00  1.22680279e+01  9.31113469e+00
 3.56920635e+00 -1.01811024e+01  1.18570030e+00  1.22680884e+01  9.30689390e+00
 3.56920635e+00 -1.00472441e+01  1.31943582e+00  1.22680604e+01  9.30255547e+00
 3.56920635e+00 -9.91338583e+00  1.45311318e+00  1.22678739e+01  9.29808967e+00
 3.56920635e+00 -9.77952756e+00  1.58672534e+00  1.22675171e+01  9.29351908e+00
 3.56920635e+00 -9.64566929e+00  1.72025540e+00  1.22670613e+01  9.28890828e+00
 3.56920635e+00 -9.51181102e+00  1.85372247e+00  1.22664595e+01  9.28425008e+00
 3.56920635e+00 -9.37795276e+00  1.98716771e+00  1.22656887e+01  9.27950037e+00
 3.56920635e+00 -9.24409449e+00  2.12063012e+00  1.22648126e+01  9.27462569e+00
 3.56920635e+00 -9.11023622e+00  2.25407302e+00  1.22639028e+01  9.26972711e+00
 3.56920635e+00 -8.97637795e+00  2.38752255e+00  1.22630169e+01  9.26486194e+00
 3.56920635e+00 -8.84251969e+00  2.52109890e+00  1.22621925e+01  9.25998640e+00
 3.56920635e+00 -8.70866142e+00  2.65482201e+00  1.22614593e+01  9.25512214e+00
 3.56920635e+00 -8.57480315e+00  2.78864066e+00  1.22608640e+01  9.25029997e+00
 3.56920635e+00 -8.44094488e+00  2.92249699e+00  1.22604755e+01  9.24553060e+00
 3.56920635e+00 -8.30708661e+00  3.05652668e+00  1.22603593e+01  9.24081856e+00
 3.56920635e+00 -8.17322835e+00  3.19077935e+00  1.22605465e+01  9.23615205e+00
 3.56920635e+00 -8.03937008e+00  3.32512567e+00  1.22610127e+01  9.23150190e+00
 3.56920635e+00 -7.90551181e+00  3.45946702e+00  1.22616654e+01  9.22684318e+00
 3.56920635e+00 -7.77165354e+00  3.59375129e+00  1.22624280e+01  9.22213056e+00
 3.56920635e+00 -7.63779528e+00  3.72790381e+00  1.22631680e+01  9.21727902e+00
 3.56920635e+00 -7.50393701e+00  3.86158158e+00  1.22633267e+01  9.21214452e+00
 3.56920635e+00 -7.37007874e+00  3.99466932e+00  1.22626582e+01  9.20668366e+00
 3.56920635e+00 -7.23622047e+00  4.12726374e+00  1.22612300e+01  9.20090823e+00
 3.56920635e+00 -7.10236220e+00  4.25896075e+00  1.22584337e+01  9.19453011e+00
 3.56920635e+00 -6.96850394e+00  4.38949415e+00  1.22537395e+01  9.18737899e+00
 3.56920635e+00 -6.83464567e+00  4.51887775e+00  1.22468929e+01  9.17948546e+00
 3.56920635e+00 -6.70078740e+00  4.64701089e+00  1.22375638e+01  9.17079322e+00
 3.56920635e+00 -6.56692913e+00  4.77384734e+00  1.22255587e+01  9.16129203e+00
 3.56920635e+00 -6.43307087e+00  4.89946814e+00  1.22108982e+01  9.15106471e+00
 3.56920635e+00 -6.29921260e+00  5.02399877e+00  1.21936380e+01  9.14014742e+00
 3.56920635e+00 -6.16535433e+00  5.14761068e+00  1.21738915e+01  9.12862219e+00
 3.56920635e+00 -6.03149606e+00  5.27054161e+00  1.21518875e+01  9.11672072e+00
 3.56920635e+00 -5.89763780e+00  5.39296536e+00  1.21279330e+01  9.10456012e+00
 3.56920635e+00 -5.76377953e+00  5.51501301e+00  1.21023728e+01  9.09216324e+00
 3.56920635e+00 -5.62992126e+00  5.63688068e+00  1.20754740e+01  9.07961921e+00
 3.56920635e+00 -5.49606299e+00  5.75871126e+00  1.20474898e+01  9.06703519e+00
 3.56920635e+00 -5.36220472e+00  5.88053604e+00  1.20186957e+01  9.05450971e+00
 3.56920635e+00 -5.22834646e+00  6.00246044e+00  1.19893632e+01  9.04207107e+00
 3.56920635e+00 -5.09448819e+00  6.12463011e+00  1.19597711e+01  9.02972313e+00
 3.56920635e+00 -4.96062992e+00  6.24713462e+00  1.19302463e+01  9.01754684e+00
 3.56920635e+00 -4.82677165e+00  6.37006667e+00  1.19010734e+01  9.00561638e+00
 3.56920635e+00 -4.69291339e+00  6.49353826e+00  1.18724784e+01  8.99397226e+00
 3.56920635e+00 -4.55905512e+00  6.61763353e+00  1.18448056e+01  8.98265550e+00
 3.56920635e+00 -4.42519685e+00  6.74243844e+00  1.18183940e+01  8.97172076e+00
 3.56920635e+00 -4.29133858e+00  6.86807652e+00  1.17934042e+01  8.96125043e+00
 3.56920635e+00 -4.15748031e+00  6.99457073e+00  1.17699889e+01  8.95122972e+00
 3.56920635e+00 -4.02362205e+00  7.12185763e+00  1.17483059e+01  8.94157335e+00
 3.56920635e+00 -3.88976378e+00  7.24993563e+00  1.17284655e+01  8.93230988e+00
 3.56920635e+00 -3.75590551e+00  7.37880041e+00  1.17104566e+01  8.92343727e+00
 3.56920635e+00 -3.62204724e+00  7.50840799e+00  1.16941412e+01  8.91487172e+00
 3.56920635e+00 -3.48818898e+00  7.63865051e+00  1.16795173e+01  8.90657313e+00
 3.56920635e+00 -3.35433071e+00  7.76943496e+00  1.16665308e+01  8.89849808e+00
 3.56920635e+00 -3.22047244e+00  7.90073817e+00  1.16549575e+01  8.89056974e+00
 3.56920635e+00 -3.08661417e+00  8.03252092e+00  1.16447198e+01  8.88276790e+00
 3.56920635e+00 -2.95275591e+00  8.16476875e+00  1.16357545e+01  8.87509740e+00
 3.56920635e+00 -2.81889764e+00  8.29753611e+00  1.16278755e+01  8.86754737e+00
 3.56920635e+00 -2.68503937e+00  8.43083405e+00  1.16209593e+01  8.86004841e+00
 3.56920635e+00 -2.55118110e+00  8.56470122e+00  1.16149447e+01  8.85254493e+00
 3.56920635e+00 -2.41732283e+00  8.69929338e+00  1.16098045e+01  8.84506671e+00
 3.56920635e+00 -2.28346457e+00  8.83476541e+00  1.16054195e+01  8.83757599e+00
 3.56920635e+00 -2.14960630e+00  8.97130716e+00  1.16017084e+01  8.83001890e+00
 3.56920635e+00 -2.01574803e+00  9.10921389e+00  1.15987468e+01  8.82239130e+00
 3.56920635e+00 -1.88188976e+00  9.24892921e+00  1.15964543e+01  8.81466721e+00
 3.56920635e+00 -1.74803150e+00  9.39103319e+00  1.15948051e+01  8.80680623e+00
 3.56920635e+00 -1.61417323e+00  9.53623849e+00  1.15939660e+01  8.79875282e+00
 3.56920635e+00 -1.48031496e+00  9.68546501e+00  1.15940137e+01  8.79039579e+00
 3.56920635e+00 -1.34645669e+00  9.83937371e+00  1.15948672e+01  8.78167390e+00
 3.56920635e+00 -1.21259843e+00  1.00000499e+01  1.15965468e+01  8.77251988e+00
 3.56920635e+00 -1.07874016e+00  1.01732298e+01  1.16006892e+01  8.76281551e+00
 3.56920635e+00 -9.44881890e-01  1.03621652e+01  1.16090115e+01  8.75240725e+00
 3.56920635e+00 -8.11023622e-01  1.05702315e+01  1.16231681e+01  8.74099676e+00
 3.56920635e+00 -6.77165354e-01  1.08031024e+01  1.16473654e+01  8.72832488e+00
 3.56920635e+00 -5.43307087e-01  1.10679048e+01  1.16877386e+01  8.71403286e+00
 3.56920635e+00 -4.09448819e-01  1.13475348e+01  1.17509486e+01  8.69735309e+00
 3.56920635e+00 -2.75590551e-01  1.21517182e+01  1.19735021e+01  8.67757124e+00
 3.56920635e+00 -1.41732283e-01  1.29397003e+01  1.22477644e+01  8.65262597e+00
 3.56920635e+00 -7.87401575e-03  1.37276824e+01  1.25220267e+01  8.62768070e+00
 3.56920635e+00  1.25984252e-01  1.45156645e+01  1.27962890e+01  8.60273543e+00
 3.56920635e+00  2.59842520e-01  1.53036466e+01  1.30705513e+01  8.57779016e+00
 3.56920635e+00  3.93700787e-01  1.60916287e+01  1.33448136e+01  8.55284489e+00
 3.56920635e+00  5.27559055e-01  1.68796108e+01  1.36190759e+01  8.52789962e+00
 3.56920635e+00  6.61417323e-01  1.76675929e+01  1.38933382e+01  8.50295435e+00
 3.56920635e+00  7.95275591e-01  1.84555750e+01  1.41676005e+01  8.47800908e+00
 3.56920635e+00  9.29133858e-01  1.92435571e+01  1.44418628e+01  8.45306381e+00
 3.56920635e+00  1.06299213e+00  2.00315392e+01  1.47161251e+01  8.42811854e+00
 3.56920635e+00  1.19685039e+00  2.08195213e+01  1.49903874e+01  8.40317327e+00
 3.56920635e+00  1.33070866e+00  2.16075034e+01  1.52646497e+01  8.37822800e+00
 3.56920635e+00  1.46456693e+00  2.23954855e+01  1.55389120e+01  8.35328273e+00
 3.56920635e+00  1.59842520e+00  2.31834676e+01  1.58131743e+01  8.32833746e+00
 3.56920635e+00  1.73228346e+00  2.39714496e+01  1.60874366e+01  8.30339219e+00
 3.56920635e+00  1.86614173e+00  2.47594318e+01  1.63616989e+01  8.27844692e+00
 3.56920635e+00  2.00000000e+00  2.55474139e+01  1.66359612e+01  8.25350165e+00
 3.64761905e+00 -1.50000000e+01 -3.54913750e+00  1.23589666e+01  9.45117642e+00
 3.64761905e+00 -1.48661417e+01 -3.41902894e+00  1.23461336e+01  9.44512773e+00
 3.64761905e+00 -1.47322835e+01 -3.28842237e+00  1.23343204e+01  9.43935171e+00
 3.64761905e+00 -1.45984252e+01 -3.15727044e+00  1.23236715e+01  9.43393023e+00
 3.64761905e+00 -1.44645669e+01 -3.02557143e+00  1.23142154e+01  9.42890483e+00
 3.64761905e+00 -1.43307087e+01 -2.89337091e+00  1.23057949e+01  9.42414819e+00
 3.64761905e+00 -1.41968504e+01 -2.76075915e+00  1.22985173e+01  9.41967763e+00
 3.64761905e+00 -1.40629921e+01 -2.62775720e+00  1.22924846e+01  9.41554019e+00
 3.64761905e+00 -1.39291339e+01 -2.49424312e+00  1.22875792e+01  9.41170805e+00
 3.64761905e+00 -1.37952756e+01 -2.36016517e+00  1.22837050e+01  9.40812869e+00
 3.64761905e+00 -1.36614173e+01 -2.22561558e+00  1.22807875e+01  9.40473535e+00
 3.64761905e+00 -1.35275591e+01 -2.09081243e+00  1.22787519e+01  9.40146088e+00
 3.64761905e+00 -1.33937008e+01 -1.95557838e+00  1.22775242e+01  9.39830820e+00
 3.64761905e+00 -1.32598425e+01 -1.81985012e+00  1.22770174e+01  9.39526998e+00
 3.64761905e+00 -1.31259843e+01 -1.68439232e+00  1.22771008e+01  9.39228395e+00
 3.64761905e+00 -1.29921260e+01 -1.54957760e+00  1.22775803e+01  9.38930672e+00
 3.64761905e+00 -1.28582677e+01 -1.41499733e+00  1.22783254e+01  9.38627187e+00
 3.64761905e+00 -1.27244094e+01 -1.28048320e+00  1.22793009e+01  9.38312078e+00
 3.64761905e+00 -1.25905512e+01 -1.14602803e+00  1.22803930e+01  9.37996186e+00
 3.64761905e+00 -1.24566929e+01 -1.01163887e+00  1.22814961e+01  9.37680221e+00
 3.64761905e+00 -1.23228346e+01 -8.77395883e-01  1.22825574e+01  9.37348250e+00
 3.64761905e+00 -1.21889764e+01 -7.43195891e-01  1.22835492e+01  9.37002650e+00
 3.64761905e+00 -1.20551181e+01 -6.09036123e-01  1.22844372e+01  9.36647389e+00
 3.64761905e+00 -1.19212598e+01 -4.75064304e-01  1.22851731e+01  9.36281737e+00
 3.64761905e+00 -1.17874016e+01 -3.41211053e-01  1.22857166e+01  9.35909743e+00
 3.64761905e+00 -1.16535433e+01 -2.07396321e-01  1.22860754e+01  9.35530297e+00
 3.64761905e+00 -1.15196850e+01 -7.36228173e-02  1.22862869e+01  9.35137204e+00
 3.64761905e+00 -1.13858268e+01  6.00433143e-02  1.22862842e+01  9.34736991e+00
 3.64761905e+00 -1.12519685e+01  1.93627075e-01  1.22861111e+01  9.34334358e+00
 3.64761905e+00 -1.11181102e+01  3.27246627e-01  1.22859136e+01  9.33927286e+00
 3.64761905e+00 -1.09842520e+01  4.60882667e-01  1.22855748e+01  9.33512959e+00
 3.64761905e+00 -1.08503937e+01  5.94515853e-01  1.22850881e+01  9.33093878e+00
 3.64761905e+00 -1.07165354e+01  7.28163267e-01  1.22846244e+01  9.32676247e+00
 3.64761905e+00 -1.05826772e+01  8.61798109e-01  1.22842001e+01  9.32255641e+00
 3.64761905e+00 -1.04488189e+01  9.95445837e-01  1.22837914e+01  9.31830092e+00
 3.64761905e+00 -1.03149606e+01  1.12917947e+00  1.22833869e+01  9.31403563e+00
 3.64761905e+00 -1.01811024e+01  1.26296387e+00  1.22829964e+01  9.30979082e+00
 3.64761905e+00 -1.00472441e+01  1.39675065e+00  1.22826681e+01  9.30555600e+00
 3.64761905e+00 -9.91338583e+00  1.53053721e+00  1.22824642e+01  9.30128888e+00
 3.64761905e+00 -9.77952756e+00  1.66442925e+00  1.22823572e+01  9.29698397e+00
 3.64761905e+00 -9.64566929e+00  1.79841064e+00  1.22822810e+01  9.29265249e+00
 3.64761905e+00 -9.51181102e+00  1.93234375e+00  1.22821955e+01  9.28830226e+00
 3.64761905e+00 -9.37795276e+00  2.06624572e+00  1.22822221e+01  9.28390136e+00
 3.64761905e+00 -9.24409449e+00  2.20017192e+00  1.22823669e+01  9.27945526e+00
 3.64761905e+00 -9.11023622e+00  2.33414079e+00  1.22825069e+01  9.27499623e+00
 3.64761905e+00 -8.97637795e+00  2.46804613e+00  1.22826376e+01  9.27047282e+00
 3.64761905e+00 -8.84251969e+00  2.60191138e+00  1.22827617e+01  9.26586867e+00
 3.64761905e+00 -8.70866142e+00  2.73583635e+00  1.22828484e+01  9.26120280e+00
 3.64761905e+00 -8.57480315e+00  2.86962478e+00  1.22828351e+01  9.25642315e+00
 3.64761905e+00 -8.44094488e+00  3.00327731e+00  1.22827226e+01  9.25152918e+00
 3.64761905e+00 -8.30708661e+00  3.13697178e+00  1.22825424e+01  9.24657305e+00
 3.64761905e+00 -8.17322835e+00  3.27060695e+00  1.22822033e+01  9.24156088e+00
 3.64761905e+00 -8.03937008e+00  3.40413788e+00  1.22817287e+01  9.23645472e+00
 3.64761905e+00 -7.90551181e+00  3.53762903e+00  1.22812159e+01  9.23121076e+00
 3.64761905e+00 -7.77165354e+00  3.67112722e+00  1.22805548e+01  9.22587592e+00
 3.64761905e+00 -7.63779528e+00  3.80468066e+00  1.22797812e+01  9.22053207e+00
 3.64761905e+00 -7.50393701e+00  3.93831734e+00  1.22790589e+01  9.21524218e+00
 3.64761905e+00 -7.37007874e+00  4.07197336e+00  1.22783714e+01  9.20995652e+00
 3.64761905e+00 -7.23622047e+00  4.20561160e+00  1.22776967e+01  9.20464598e+00
 3.64761905e+00 -7.10236220e+00  4.33925506e+00  1.22770734e+01  9.19932691e+00
 3.64761905e+00 -6.96850394e+00  4.47298181e+00  1.22766255e+01  9.19402512e+00
 3.64761905e+00 -6.83464567e+00  4.60679225e+00  1.22763039e+01  9.18870552e+00
 3.64761905e+00 -6.70078740e+00  4.74059703e+00  1.22759388e+01  9.18330446e+00
 3.64761905e+00 -6.56692913e+00  4.87427359e+00  1.22755208e+01  9.17784460e+00
 3.64761905e+00 -6.43307087e+00  5.00769919e+00  1.22748687e+01  9.17223242e+00
 3.64761905e+00 -6.29921260e+00  5.14074039e+00  1.22736418e+01  9.16629707e+00
 3.64761905e+00 -6.16535433e+00  5.27320644e+00  1.22715601e+01  9.15999155e+00
 3.64761905e+00 -6.03149606e+00  5.40484706e+00  1.22682751e+01  9.15321871e+00
 3.64761905e+00 -5.89763780e+00  5.53541564e+00  1.22633761e+01  9.14583606e+00
 3.64761905e+00 -5.76377953e+00  5.66480717e+00  1.22564688e+01  9.13776640e+00
 3.64761905e+00 -5.62992126e+00  5.79295083e+00  1.22472530e+01  9.12895446e+00
 3.64761905e+00 -5.49606299e+00  5.91978950e+00  1.22355481e+01  9.11936776e+00
 3.64761905e+00 -5.36220472e+00  6.04531413e+00  1.22213180e+01  9.10904681e+00
 3.64761905e+00 -5.22834646e+00  6.16963136e+00  1.22045952e+01  9.09808127e+00
 3.64761905e+00 -5.09448819e+00  6.29297685e+00  1.21854602e+01  9.08659434e+00
 3.64761905e+00 -4.96062992e+00  6.41553943e+00  1.21641524e+01  9.07467928e+00
 3.64761905e+00 -4.82677165e+00  6.53748176e+00  1.21409918e+01  9.06242116e+00
 3.64761905e+00 -4.69291339e+00  6.65897509e+00  1.21163150e+01  9.04992839e+00
 3.64761905e+00 -4.55905512e+00  6.78023444e+00  1.20904394e+01  9.03733498e+00
 3.64761905e+00 -4.42519685e+00  6.90149899e+00  1.20636663e+01  9.02478099e+00
 3.64761905e+00 -4.29133858e+00  7.02287139e+00  1.20363331e+01  9.01229676e+00
 3.64761905e+00 -4.15748031e+00  7.14444906e+00  1.20087919e+01  8.99989908e+00
 3.64761905e+00 -4.02362205e+00  7.26644480e+00  1.19813897e+01  8.98767576e+00
 3.64761905e+00 -3.88976378e+00  7.38900458e+00  1.19544225e+01  8.97572512e+00
 3.64761905e+00 -3.75590551e+00  7.51220261e+00  1.19281586e+01  8.96412854e+00
 3.64761905e+00 -3.62204724e+00  7.63613791e+00  1.19029399e+01  8.95287486e+00
 3.64761905e+00 -3.48818898e+00  7.76091161e+00  1.18790364e+01  8.94196855e+00
 3.64761905e+00 -3.35433071e+00  7.88660256e+00  1.18565542e+01  8.93148624e+00
 3.64761905e+00 -3.22047244e+00  8.01322142e+00  1.18356528e+01  8.92140212e+00
 3.64761905e+00 -3.08661417e+00  8.14074689e+00  1.18164759e+01  8.91164734e+00
 3.64761905e+00 -2.95275591e+00  8.26918655e+00  1.17989970e+01  8.90223036e+00
 3.64761905e+00 -2.81889764e+00  8.39853270e+00  1.17831610e+01  8.89311347e+00
 3.64761905e+00 -2.68503937e+00  8.52877248e+00  1.17689137e+01  8.88422055e+00
 3.64761905e+00 -2.55118110e+00  8.65995787e+00  1.17561988e+01  8.87555266e+00
 3.64761905e+00 -2.41732283e+00  8.79214096e+00  1.17449372e+01  8.86708391e+00
 3.64761905e+00 -2.28346457e+00  8.92538504e+00  1.17350269e+01  8.85873873e+00
 3.64761905e+00 -2.14960630e+00  9.05990856e+00  1.17263846e+01  8.85046889e+00
 3.64761905e+00 -2.01574803e+00  9.19598397e+00  1.17189595e+01  8.84223379e+00
 3.64761905e+00 -1.88188976e+00  9.33392710e+00  1.17127179e+01  8.83399707e+00
 3.64761905e+00 -1.74803150e+00  9.47424775e+00  1.17075705e+01  8.82574962e+00
 3.64761905e+00 -1.61417323e+00  9.61764136e+00  1.17035696e+01  8.81741609e+00
 3.64761905e+00 -1.48031496e+00  9.76501656e+00  1.17008514e+01  8.80889293e+00
 3.64761905e+00 -1.34645669e+00  9.91661988e+00  1.16991446e+01  8.80014753e+00
 3.64761905e+00 -1.21259843e+00  1.00746391e+01  1.16986501e+01  8.79101301e+00
 3.64761905e+00 -1.07874016e+00  1.02446714e+01  1.17007020e+01  8.78144426e+00
 3.64761905e+00 -9.44881890e-01  1.04290857e+01  1.17064349e+01  8.77132527e+00
 3.64761905e+00 -8.11023622e-01  1.06310112e+01  1.17175519e+01  8.76033907e+00
 3.64761905e+00 -6.77165354e-01  1.08562271e+01  1.17374411e+01  8.74827046e+00
 3.64761905e+00 -5.43307087e-01  1.11096019e+01  1.17708877e+01  8.73477749e+00
 3.64761905e+00 -4.09448819e-01  1.13921444e+01  1.18264209e+01  8.71926026e+00
 3.64761905e+00 -2.75590551e-01  1.16658635e+01  1.19044670e+01  8.70108147e+00
 3.64761905e+00 -1.41732283e-01  1.19413590e+01  1.20098006e+01  8.68122258e+00
 3.64761905e+00 -7.87401575e-03  1.22051869e+01  1.21337656e+01  8.66011380e+00
 3.64761905e+00  1.25984252e-01  1.24567437e+01  1.22706058e+01  8.63759910e+00
 3.64761905e+00  2.59842520e-01  1.27011014e+01  1.24177991e+01  8.61310003e+00
 3.64761905e+00  3.93700787e-01  1.29418635e+01  1.25716047e+01  8.58637285e+00
 3.64761905e+00  5.27559055e-01  1.31794731e+01  1.27276106e+01  8.55696955e+00
 3.64761905e+00  6.61417323e-01  1.34175334e+01  1.28819395e+01  8.52470841e+00
 3.64761905e+00  7.95275591e-01  1.36555937e+01  1.30362684e+01  8.49244727e+00
 3.64761905e+00  9.29133858e-01  1.38936540e+01  1.31905973e+01  8.46018613e+00
 3.64761905e+00  1.06299213e+00  1.41317143e+01  1.33449262e+01  8.42792499e+00
 3.64761905e+00  1.19685039e+00  1.43697746e+01  1.34992551e+01  8.39566385e+00
 3.64761905e+00  1.33070866e+00  1.46078349e+01  1.36535840e+01  8.36340271e+00
 3.64761905e+00  1.46456693e+00  1.48458952e+01  1.38079129e+01  8.33114157e+00
 3.64761905e+00  1.59842520e+00  1.50839555e+01  1.39622418e+01  8.29888043e+00
 3.64761905e+00  1.73228346e+00  1.53220158e+01  1.41165707e+01  8.26661929e+00
 3.64761905e+00  1.86614173e+00  1.55600761e+01  1.42708996e+01  8.23435815e+00
 3.64761905e+00  2.00000000e+00  1.57981364e+01  1.44252285e+01  8.20209701e+00
 3.72603175e+00 -1.50000000e+01 -3.35386263e+00  1.27201042e+01  9.54520001e+00
 3.72603175e+00 -1.48661417e+01 -3.22733583e+00  1.26969299e+01  9.53609083e+00
 3.72603175e+00 -1.47322835e+01 -3.10045352e+00  1.26747548e+01  9.52726291e+00
 3.72603175e+00 -1.45984252e+01 -2.97335296e+00  1.26533848e+01  9.51867338e+00
 3.72603175e+00 -1.44645669e+01 -2.84612295e+00  1.26325969e+01  9.51021490e+00
 3.72603175e+00 -1.43307087e+01 -2.71883900e+00  1.26123943e+01  9.50170253e+00
 3.72603175e+00 -1.41968504e+01 -2.59158099e+00  1.25925927e+01  9.49310639e+00
 3.72603175e+00 -1.40629921e+01 -2.46440166e+00  1.25729355e+01  9.48447805e+00
 3.72603175e+00 -1.39291339e+01 -2.33725409e+00  1.25534222e+01  9.47575983e+00
 3.72603175e+00 -1.37952756e+01 -2.21007812e+00  1.25340114e+01  9.46693512e+00
 3.72603175e+00 -1.36614173e+01 -2.08279681e+00  1.25146279e+01  9.45806082e+00
 3.72603175e+00 -1.35275591e+01 -1.95521862e+00  1.24955062e+01  9.44923986e+00
 3.72603175e+00 -1.33937008e+01 -1.82716337e+00  1.24768330e+01  9.44057576e+00
 3.72603175e+00 -1.32598425e+01 -1.69866498e+00  1.24586078e+01  9.43215546e+00
 3.72603175e+00 -1.31259843e+01 -1.57008855e+00  1.24409714e+01  9.42403053e+00
 3.72603175e+00 -1.29921260e+01 -1.44158670e+00  1.24241487e+01  9.41622327e+00
 3.72603175e+00 -1.28582677e+01 -1.31278264e+00  1.24084000e+01  9.40875111e+00
 3.72603175e+00 -1.27244094e+01 -1.18344547e+00  1.23936943e+01  9.40166999e+00
 3.72603175e+00 -1.25905512e+01 -1.05366935e+00  1.23799496e+01  9.39503479e+00
 3.72603175e+00 -1.24566929e+01 -9.23314596e-01  1.23673780e+01  9.38878965e+00
 3.72603175e+00 -1.23228346e+01 -7.92400673e-01  1.23560673e+01  9.38285384e+00
 3.72603175e+00 -1.21889764e+01 -6.61027712e-01  1.23459773e+01  9.37718622e+00
 3.72603175e+00 -1.20551181e+01 -5.29089678e-01  1.23371390e+01  9.37189976e+00
 3.72603175e+00 -1.19212598e+01 -3.96662007e-01  1.23295713e+01  9.36700931e+00
 3.72603175e+00 -1.17874016e+01 -2.63934219e-01  1.23232353e+01  9.36241640e+00
 3.72603175e+00 -1.16535433e+01 -1.30742612e-01  1.23180108e+01  9.35806030e+00
 3.72603175e+00 -1.15196850e+01  2.84898951e-03  1.23138142e+01  9.35390624e+00
 3.72603175e+00 -1.13858268e+01  1.36566044e-01  1.23105997e+01  9.34991975e+00
 3.72603175e+00 -1.12519685e+01  2.70479085e-01  1.23082959e+01  9.34601931e+00
 3.72603175e+00 -1.11181102e+01  4.04620194e-01  1.23066916e+01  9.34216490e+00
 3.72603175e+00 -1.09842520e+01  5.38880434e-01  1.23055262e+01  9.33835576e+00
 3.72603175e+00 -1.08503937e+01  6.73071491e-01  1.23048151e+01  9.33455675e+00
 3.72603175e+00 -1.07165354e+01  8.07177770e-01  1.23045072e+01  9.33074911e+00
 3.72603175e+00 -1.05826772e+01  9.41314928e-01  1.23044468e+01  9.32690977e+00
 3.72603175e+00 -1.04488189e+01  1.07546902e+00  1.23045113e+01  9.32293528e+00
 3.72603175e+00 -1.03149606e+01  1.20955429e+00  1.23045918e+01  9.31886048e+00
 3.72603175e+00 -1.01811024e+01  1.34348820e+00  1.23046295e+01  9.31478586e+00
 3.72603175e+00 -1.00472441e+01  1.47731465e+00  1.23046999e+01  9.31060504e+00
 3.72603175e+00 -9.91338583e+00  1.61108795e+00  1.23047653e+01  9.30629759e+00
 3.72603175e+00 -9.77952756e+00  1.74484229e+00  1.23047064e+01  9.30191960e+00
 3.72603175e+00 -9.64566929e+00  1.87858618e+00  1.23045089e+01  9.29744399e+00
 3.72603175e+00 -9.51181102e+00  2.01229906e+00  1.23042186e+01  9.29290777e+00
 3.72603175e+00 -9.37795276e+00  2.14595594e+00  1.23038960e+01  9.28837530e+00
 3.72603175e+00 -9.24409449e+00  2.27957735e+00  1.23035507e+01  9.28380021e+00
 3.72603175e+00 -9.11023622e+00  2.41320279e+00  1.23031666e+01  9.27914279e+00
 3.72603175e+00 -8.97637795e+00  2.54685906e+00  1.23027386e+01  9.27442460e+00
 3.72603175e+00 -8.84251969e+00  2.68051598e+00  1.23023272e+01  9.26976959e+00
 3.72603175e+00 -8.70866142e+00  2.81420521e+00  1.23019399e+01  9.26509360e+00
 3.72603175e+00 -8.57480315e+00  2.94798355e+00  1.23015695e+01  9.26025137e+00
 3.72603175e+00 -8.44094488e+00  3.08181675e+00  1.23013017e+01  9.25541475e+00
 3.72603175e+00 -8.30708661e+00  3.21563339e+00  1.23011053e+01  9.25061231e+00
 3.72603175e+00 -8.17322835e+00  3.34940201e+00  1.23009128e+01  9.24576205e+00
 3.72603175e+00 -8.03937008e+00  3.48323859e+00  1.23008252e+01  9.24089219e+00
 3.72603175e+00 -7.90551181e+00  3.61716771e+00  1.23007750e+01  9.23597395e+00
 3.72603175e+00 -7.77165354e+00  3.75111854e+00  1.23006564e+01  9.23096784e+00
 3.72603175e+00 -7.63779528e+00  3.88500272e+00  1.23006385e+01  9.22595161e+00
 3.72603175e+00 -7.50393701e+00  4.01883384e+00  1.23006861e+01  9.22092445e+00
 3.72603175e+00 -7.37007874e+00  4.15266763e+00  1.23006462e+01  9.21583008e+00
 3.72603175e+00 -7.23622047e+00  4.28647574e+00  1.23005222e+01  9.21065166e+00
 3.72603175e+00 -7.10236220e+00  4.42020549e+00  1.23003433e+01  9.20540814e+00
 3.72603175e+00 -6.96850394e+00  4.55383459e+00  1.23001114e+01  9.20010396e+00
 3.72603175e+00 -6.83464567e+00  4.68743036e+00  1.22997639e+01  9.19466282e+00
 3.72603175e+00 -6.70078740e+00  4.82100146e+00  1.22992850e+01  9.18908369e+00
 3.72603175e+00 -6.56692913e+00  4.95451752e+00  1.22987027e+01  9.18342672e+00
 3.72603175e+00 -6.43307087e+00  5.08797431e+00  1.22980554e+01  9.17774921e+00
 3.72603175e+00 -6.29921260e+00  5.22139224e+00  1.22973281e+01  9.17200136e+00
 3.72603175e+00 -6.16535433e+00  5.35479933e+00  1.22964957e+01  9.16612363e+00
 3.72603175e+00 -6.03149606e+00  5.48820486e+00  1.22955982e+01  9.16020440e+00
 3.72603175e+00 -5.89763780e+00  5.62156969e+00  1.22946769e+01  9.15423328e+00
 3.72603175e+00 -5.76377953e+00  5.75482943e+00  1.22936947e+01  9.14814967e+00
 3.72603175e+00 -5.62992126e+00  5.88793051e+00  1.22924441e+01  9.14196570e+00
 3.72603175e+00 -5.49606299e+00  6.02080853e+00  1.22907878e+01  9.13560775e+00
 3.72603175e+00 -5.36220472e+00  6.15331964e+00  1.22885697e+01  9.12896639e+00
 3.72603175e+00 -5.22834646e+00  6.28515507e+00  1.22854369e+01  9.12199824e+00
 3.72603175e+00 -5.09448819e+00  6.41611928e+00  1.22810608e+01  9.11459899e+00
 3.72603175e+00 -4.96062992e+00  6.54608348e+00  1.22751179e+01  9.10662926e+00
 3.72603175e+00 -4.82677165e+00  6.67485446e+00  1.22672105e+01  9.09798932e+00
 3.72603175e+00 -4.69291339e+00  6.80230868e+00  1.22570996e+01  9.08866968e+00
 3.72603175e+00 -4.55905512e+00  6.92841182e+00  1.22446817e+01  9.07871770e+00
 3.72603175e+00 -4.42519685e+00  7.05322734e+00  1.22298664e+01  9.06815594e+00
 3.72603175e+00 -4.29133858e+00  7.17688684e+00  1.22127285e+01  9.05702372e+00
 3.72603175e+00 -4.15748031e+00  7.29957939e+00  1.21935219e+01  9.04539264e+00
 3.72603175e+00 -4.02362205e+00  7.42152938e+00  1.21724647e+01  9.03337944e+00
 3.72603175e+00 -3.88976378e+00  7.54295429e+00  1.21498178e+01  9.02111734e+00
 3.72603175e+00 -3.75590551e+00  7.66403497e+00  1.21259969e+01  9.00873830e+00
 3.72603175e+00 -3.62204724e+00  7.78500481e+00  1.21013834e+01  8.99634753e+00
 3.72603175e+00 -3.48818898e+00  7.90613383e+00  1.20763146e+01  8.98402608e+00
 3.72603175e+00 -3.35433071e+00  8.02758723e+00  1.20511574e+01  8.97184973e+00
 3.72603175e+00 -3.22047244e+00  8.14951858e+00  1.20262746e+01  8.95988927e+00
 3.72603175e+00 -3.08661417e+00  8.27213620e+00  1.20019924e+01  8.94820542e+00
 3.72603175e+00 -2.95275591e+00  8.39561517e+00  1.19785854e+01  8.93681476e+00
 3.72603175e+00 -2.81889764e+00  8.52008445e+00  1.19562871e+01  8.92571479e+00
 3.72603175e+00 -2.68503937e+00  8.64560132e+00  1.19353140e+01  8.91497331e+00
 3.72603175e+00 -2.55118110e+00  8.77225305e+00  1.19158274e+01  8.90460378e+00
 3.72603175e+00 -2.41732283e+00  8.90020113e+00  1.18979089e+01  8.89451976e+00
 3.72603175e+00 -2.28346457e+00  9.02959208e+00  1.18815750e+01  8.88471882e+00
 3.72603175e+00 -2.14960630e+00  9.16056587e+00  1.18668269e+01  8.87520406e+00
 3.72603175e+00 -2.01574803e+00  9.29328719e+00  1.18536908e+01  8.86589677e+00
 3.72603175e+00 -1.88188976e+00  9.42808288e+00  1.18421373e+01  8.85674662e+00
 3.72603175e+00 -1.74803150e+00  9.56543876e+00  1.18321246e+01  8.84770578e+00
 3.72603175e+00 -1.61417323e+00  9.70594984e+00  1.18236555e+01  8.83867889e+00
 3.72603175e+00 -1.48031496e+00  9.85036682e+00  1.18167549e+01  8.82962849e+00
 3.72603175e+00 -1.34645669e+00  9.99949673e+00  1.18114889e+01  8.82048858e+00
 3.72603175e+00 -1.21259843e+00  1.01544130e+01  1.18077945e+01  8.81106025e+00
 3.72603175e+00 -1.07874016e+00  1.03201495e+01  1.18065312e+01  8.80136214e+00
 3.72603175e+00 -9.44881890e-01  1.04992890e+01  1.18087597e+01  8.79118912e+00
 3.72603175e+00 -8.11023622e-01  1.06947846e+01  1.18161028e+01  8.78038754e+00
 3.72603175e+00 -6.77165354e-01  1.09120884e+01  1.18311637e+01  8.76871328e+00
 3.72603175e+00 -5.43307087e-01  1.11572792e+01  1.18579462e+01  8.75582899e+00
 3.72603175e+00 -4.09448819e-01  1.14299550e+01  1.19036970e+01  8.74094019e+00
 3.72603175e+00 -2.75590551e-01  1.17310770e+01  1.19764264e+01  8.72363987e+00
 3.72603175e+00 -1.41732283e-01  1.20330223e+01  1.20767052e+01  8.70463147e+00
 3.72603175e+00 -7.87401575e-03  1.23225723e+01  1.21976511e+01  8.68433971e+00
 3.72603175e+00  1.25984252e-01  1.26002649e+01  1.23345598e+01  8.66227751e+00
 3.72603175e+00  2.59842520e-01  1.28712385e+01  1.24830850e+01  8.63791857e+00
 3.72603175e+00  3.93700787e-01  1.31380382e+01  1.26373554e+01  8.61070785e+00
 3.72603175e+00  5.27559055e-01  1.34081621e+01  1.27933197e+01  8.58048951e+00
 3.72603175e+00  6.61417323e-01  1.36782860e+01  1.29492840e+01  8.55027117e+00
 3.72603175e+00  7.95275591e-01  1.39484099e+01  1.31052483e+01  8.52005283e+00
 3.72603175e+00  9.29133858e-01  1.42185338e+01  1.32612126e+01  8.48983449e+00
 3.72603175e+00  1.06299213e+00  1.44886577e+01  1.34171769e+01  8.45961615e+00
 3.72603175e+00  1.19685039e+00  1.47587816e+01  1.35731412e+01  8.42939781e+00
 3.72603175e+00  1.33070866e+00  1.50289055e+01  1.37291055e+01  8.39917947e+00
 3.72603175e+00  1.46456693e+00  1.52990294e+01  1.38850698e+01  8.36896113e+00
 3.72603175e+00  1.59842520e+00  1.55691533e+01  1.40410341e+01  8.33874279e+00
 3.72603175e+00  1.73228346e+00  1.58392772e+01  1.41969984e+01  8.30852445e+00
 3.72603175e+00  1.86614173e+00  1.61094011e+01  1.43529627e+01  8.27830611e+00
 3.72603175e+00  2.00000000e+00  1.63795250e+01  1.45089270e+01  8.24808777e+00
 3.80444444e+00 -1.50000000e+01 -3.11389870e+00  1.30897185e+01  9.66960588e+00
 3.80444444e+00 -1.48661417e+01 -2.98369526e+00  1.30847534e+01  9.66342293e+00
 3.80444444e+00 -1.47322835e+01 -2.85454658e+00  1.30775337e+01  9.65637030e+00
 3.80444444e+00 -1.45984252e+01 -2.72662129e+00  1.30677696e+01  9.64835738e+00
 3.80444444e+00 -1.44645669e+01 -2.60000445e+00  1.30553264e+01  9.63935205e+00
 3.80444444e+00 -1.43307087e+01 -2.47465412e+00  1.30402014e+01  9.62939305e+00
 3.80444444e+00 -1.41968504e+01 -2.35038788e+00  1.30224320e+01  9.61861504e+00
 3.80444444e+00 -1.40629921e+01 -2.22696769e+00  1.30021776e+01  9.60715429e+00
 3.80444444e+00 -1.39291339e+01 -2.10412745e+00  1.29797435e+01  9.59513282e+00
 3.80444444e+00 -1.37952756e+01 -1.98162672e+00  1.29554543e+01  9.58275692e+00
 3.80444444e+00 -1.36614173e+01 -1.85921691e+00  1.29296679e+01  9.57024378e+00
 3.80444444e+00 -1.35275591e+01 -1.73657693e+00  1.29028156e+01  9.55773738e+00
 3.80444444e+00 -1.33937008e+01 -1.61353741e+00  1.28753194e+01  9.54538203e+00
 3.80444444e+00 -1.32598425e+01 -1.49025688e+00  1.28476145e+01  9.53333363e+00
 3.80444444e+00 -1.31259843e+01 -1.36686283e+00  1.28200537e+01  9.52164504e+00
 3.80444444e+00 -1.29921260e+01 -1.24312496e+00  1.27928256e+01  9.51032348e+00
 3.80444444e+00 -1.28582677e+01 -1.11896391e+00  1.27660488e+01  9.49942385e+00
 3.80444444e+00 -1.27244094e+01 -9.94354660e-01  1.27398902e+01  9.48887528e+00
 3.80444444e+00 -1.25905512e+01 -8.69259745e-01  1.27144724e+01  9.47854840e+00
 3.80444444e+00 -1.24566929e+01 -7.43840483e-01  1.26896951e+01  9.46844967e+00
 3.80444444e+00 -1.23228346e+01 -6.18208274e-01  1.26654786e+01  9.45855762e+00
 3.80444444e+00 -1.21889764e+01 -4.92374033e-01  1.26418203e+01  9.44878671e+00
 3.80444444e+00 -1.20551181e+01 -3.66445229e-01  1.26186915e+01  9.43906948e+00
 3.80444444e+00 -1.19212598e+01 -2.40482095e-01  1.25960432e+01  9.42938248e+00
 3.80444444e+00 -1.17874016e+01 -1.14390218e-01  1.25738249e+01  9.41976609e+00
 3.80444444e+00 -1.16535433e+01  1.18731024e-02  1.25521018e+01  9.41023671e+00
 3.80444444e+00 -1.15196850e+01  1.38328757e-01  1.25309912e+01  9.40082417e+00
 3.80444444e+00 -1.13858268e+01  2.65063187e-01  1.25105531e+01  9.39165675e+00
 3.80444444e+00 -1.12519685e+01  3.92193995e-01  1.24908787e+01  9.38279368e+00
 3.80444444e+00 -1.11181102e+01  5.19839299e-01  1.24721035e+01  9.37422289e+00
 3.80444444e+00 -1.09842520e+01  6.48027636e-01  1.24543732e+01  9.36600524e+00
 3.80444444e+00 -1.08503937e+01  7.76738547e-01  1.24378005e+01  9.35817078e+00
 3.80444444e+00 -1.07165354e+01  9.05941388e-01  1.24224490e+01  9.35068478e+00
 3.80444444e+00 -1.05826772e+01  1.03574843e+00  1.24083955e+01  9.34359915e+00
 3.80444444e+00 -1.04488189e+01  1.16620824e+00  1.23957115e+01  9.33694157e+00
 3.80444444e+00 -1.03149606e+01  1.29715878e+00  1.23844270e+01  9.33062868e+00
 3.80444444e+00 -1.01811024e+01  1.42866563e+00  1.23744924e+01  9.32466153e+00
 3.80444444e+00 -1.00472441e+01  1.56079105e+00  1.23658468e+01  9.31905477e+00
 3.80444444e+00 -9.91338583e+00  1.69330741e+00  1.23584724e+01  9.31373682e+00
 3.80444444e+00 -9.77952756e+00  1.82611118e+00  1.23523409e+01  9.30863473e+00
 3.80444444e+00 -9.64566929e+00  1.95921991e+00  1.23473327e+01  9.30370327e+00
 3.80444444e+00 -9.51181102e+00  2.09268024e+00  1.23431641e+01  9.29893676e+00
 3.80444444e+00 -9.37795276e+00  2.22627995e+00  1.23397968e+01  9.29424199e+00
 3.80444444e+00 -9.24409449e+00  2.35985127e+00  1.23372157e+01  9.28954190e+00
 3.80444444e+00 -9.11023622e+00  2.49364650e+00  1.23351247e+01  9.28490957e+00
 3.80444444e+00 -8.97637795e+00  2.62753175e+00  1.23334182e+01  9.28028669e+00
 3.80444444e+00 -8.84251969e+00  2.76127154e+00  1.23320650e+01  9.27558145e+00
 3.80444444e+00 -8.70866142e+00  2.89498204e+00  1.23309186e+01  9.27082409e+00
 3.80444444e+00 -8.57480315e+00  3.02872827e+00  1.23299564e+01  9.26601922e+00
 3.80444444e+00 -8.44094488e+00  3.16246882e+00  1.23291573e+01  9.26115540e+00
 3.80444444e+00 -8.30708661e+00  3.29607840e+00  1.23283538e+01  9.25623753e+00
 3.80444444e+00 -8.17322835e+00  3.42963806e+00  1.23275934e+01  9.25125997e+00
 3.80444444e+00 -8.03937008e+00  3.56325678e+00  1.23269410e+01  9.24621441e+00
 3.80444444e+00 -7.90551181e+00  3.69685860e+00  1.23262460e+01  9.24110684e+00
 3.80444444e+00 -7.77165354e+00  3.83047065e+00  1.23255654e+01  9.23598462e+00
 3.80444444e+00 -7.63779528e+00  3.96413473e+00  1.23249971e+01  9.23088653e+00
 3.80444444e+00 -7.50393701e+00  4.09778910e+00  1.23244597e+01  9.22578780e+00
 3.80444444e+00 -7.37007874e+00  4.23146732e+00  1.23239226e+01  9.22065427e+00
 3.80444444e+00 -7.23622047e+00  4.36520878e+00  1.23234163e+01  9.21547083e+00
 3.80444444e+00 -7.10236220e+00  4.49895190e+00  1.23230045e+01  9.21025738e+00
 3.80444444e+00 -6.96850394e+00  4.63269030e+00  1.23226679e+01  9.20498969e+00
 3.80444444e+00 -6.83464567e+00  4.76646092e+00  1.23223663e+01  9.19965331e+00
 3.80444444e+00 -6.70078740e+00  4.90030003e+00  1.23221092e+01  9.19429706e+00
 3.80444444e+00 -6.56692913e+00  5.03411446e+00  1.23219063e+01  9.18891251e+00
 3.80444444e+00 -6.43307087e+00  5.16785144e+00  1.23217366e+01  9.18345105e+00
 3.80444444e+00 -6.29921260e+00  5.30163826e+00  1.23215340e+01  9.17786280e+00
 3.80444444e+00 -6.16535433e+00  5.43539793e+00  1.23212888e+01  9.17219709e+00
 3.80444444e+00 -6.03149606e+00  5.56903621e+00  1.23210085e+01  9.16648719e+00
 3.80444444e+00 -5.89763780e+00  5.70262785e+00  1.23206701e+01  9.16065270e+00
 3.80444444e+00 -5.76377953e+00  5.83617476e+00  1.23202128e+01  9.15469689e+00
 3.80444444e+00 -5.62992126e+00  5.96964620e+00  1.23195963e+01  9.14864489e+00
 3.80444444e+00 -5.49606299e+00  6.10303380e+00  1.23188448e+01  9.14247602e+00
 3.80444444e+00 -5.36220472e+00  6.23632894e+00  1.23179566e+01  9.13617534e+00
 3.80444444e+00 -5.22834646e+00  6.36951208e+00  1.23169001e+01  9.12975795e+00
 3.80444444e+00 -5.09448819e+00  6.50254800e+00  1.23156202e+01  9.12327062e+00
 3.80444444e+00 -4.96062992e+00  6.63541430e+00  1.23140789e+01  9.11665637e+00
 3.80444444e+00 -4.82677165e+00  6.76804576e+00  1.23121843e+01  9.10983397e+00
 3.80444444e+00 -4.69291339e+00  6.90028745e+00  1.23097297e+01  9.10277577e+00
 3.80444444e+00 -4.55905512e+00  7.03199042e+00  1.23065060e+01  9.09546933e+00
 3.80444444e+00 -4.42519685e+00  7.16299353e+00  1.23022715e+01  9.08784695e+00
 3.80444444e+00 -4.29133858e+00  7.29309836e+00  1.22967127e+01  9.07973973e+00
 3.80444444e+00 -4.15748031e+00  7.42212513e+00  1.22895174e+01  9.07110881e+00
 3.80444444e+00 -4.02362205e+00  7.54991691e+00  1.22804147e+01  9.06194780e+00
 3.80444444e+00 -3.88976378e+00  7.67634707e+00  1.22692157e+01  9.05215295e+00
 3.80444444e+00 -3.75590551e+00  7.80146636e+00  1.22558267e+01  9.04175391e+00
 3.80444444e+00 -3.62204724e+00  7.92542763e+00  1.22402612e+01  9.03086816e+00
 3.80444444e+00 -3.48818898e+00  8.04832052e+00  1.22227334e+01  9.01955423e+00
 3.80444444e+00 -3.35433071e+00  8.17033558e+00  1.22035041e+01  9.00788396e+00
 3.80444444e+00 -3.22047244e+00  8.29180074e+00  1.21828432e+01  8.99596495e+00
 3.80444444e+00 -3.08661417e+00  8.41298540e+00  1.21611414e+01  8.98391709e+00
 3.80444444e+00 -2.95275591e+00  8.53412865e+00  1.21388040e+01  8.97184754e+00
 3.80444444e+00 -2.81889764e+00  8.65548179e+00  1.21161117e+01  8.95981388e+00
 3.80444444e+00 -2.68503937e+00  8.77732651e+00  1.20934387e+01  8.94790253e+00
 3.80444444e+00 -2.55118110e+00  8.89997181e+00  1.20712591e+01  8.93623105e+00
 3.80444444e+00 -2.41732283e+00  9.02366341e+00  1.20498032e+01  8.92482635e+00
 3.80444444e+00 -2.28346457e+00  9.14862892e+00  1.20292511e+01  8.91368368e+00
 3.80444444e+00 -2.14960630e+00  9.27512076e+00  1.20099108e+01  8.90281734e+00
 3.80444444e+00 -2.01574803e+00  9.40346945e+00  1.19920060e+01  8.89221739e+00
 3.80444444e+00 -1.88188976e+00  9.53405966e+00  1.19756520e+01  8.88185925e+00
 3.80444444e+00 -1.74803150e+00  9.66724768e+00  1.19608562e+01  8.87174584e+00
 3.80444444e+00 -1.61417323e+00  9.80364504e+00  1.19477164e+01  8.86180717e+00
 3.80444444e+00 -1.48031496e+00  9.94418421e+00  1.19364284e+01  8.85192473e+00
 3.80444444e+00 -1.34645669e+00  1.00891614e+01  1.19269799e+01  8.84209927e+00
 3.80444444e+00 -1.21259843e+00  1.02405037e+01  1.19194900e+01  8.83220006e+00
 3.80444444e+00 -1.07874016e+00  1.04011950e+01  1.19143761e+01  8.82204599e+00
 3.80444444e+00 -9.44881890e-01  1.05742983e+01  1.19126361e+01  8.81164430e+00
 3.80444444e+00 -8.11023622e-01  1.07627697e+01  1.19156107e+01  8.80073825e+00
 3.80444444e+00 -6.77165354e-01  1.09720860e+01  1.19255806e+01  8.78906923e+00
 3.80444444e+00 -5.43307087e-01  1.12085566e+01  1.19457283e+01  8.77639881e+00
 3.80444444e+00 -4.09448819e-01  1.14709478e+01  1.19822525e+01  8.76188984e+00
 3.80444444e+00 -2.75590551e-01  1.17506682e+01  1.20412012e+01  8.74512548e+00
 3.80444444e+00 -1.41732283e-01  1.20338244e+01  1.21255734e+01  8.72676612e+00
 3.80444444e+00 -7.87401575e-03  1.23089227e+01  1.22312905e+01  8.70716012e+00
 3.80444444e+00  1.25984252e-01  1.25745859e+01  1.23546721e+01  8.68600606e+00
 3.80444444e+00  2.59842520e-01  1.28337536e+01  1.24920599e+01  8.66273880e+00
 3.80444444e+00  3.93700787e-01  1.30894536e+01  1.26380181e+01  8.63713567e+00
 3.80444444e+00  5.27559055e-01  1.33528132e+01  1.27906053e+01  8.60902674e+00
 3.80444444e+00  6.61417323e-01  1.36334449e+01  1.29453341e+01  8.57801556e+00
 3.80444444e+00  7.95275591e-01  1.39140766e+01  1.31000629e+01  8.54700438e+00
 3.80444444e+00  9.29133858e-01  1.41947083e+01  1.32547917e+01  8.51599320e+00
 3.80444444e+00  1.06299213e+00  1.44753400e+01  1.34095205e+01  8.48498202e+00
 3.80444444e+00  1.19685039e+00  1.47559717e+01  1.35642493e+01  8.45397084e+00
 3.80444444e+00  1.33070866e+00  1.50366034e+01  1.37189781e+01  8.42295966e+00
 3.80444444e+00  1.46456693e+00  1.53172351e+01  1.38737069e+01  8.39194848e+00
 3.80444444e+00  1.59842520e+00  1.55978668e+01  1.40284357e+01  8.36093730e+00
 3.80444444e+00  1.73228346e+00  1.58784985e+01  1.41831645e+01  8.32992612e+00
 3.80444444e+00  1.86614173e+00  1.61591302e+01  1.43378933e+01  8.29891494e+00
 3.80444444e+00  2.00000000e+00  1.64397619e+01  1.44926221e+01  8.26790376e+00
 3.88285714e+00 -1.50000000e+01 -3.04734448e+00  1.30634555e+01  9.66341804e+00
 3.88285714e+00 -1.48661417e+01 -2.91312174e+00  1.30637655e+01  9.66007187e+00
 3.88285714e+00 -1.47322835e+01 -2.77868583e+00  1.30644858e+01  9.65688517e+00
 3.88285714e+00 -1.45984252e+01 -2.64388862e+00  1.30656444e+01  9.65385892e+00
 3.88285714e+00 -1.44645669e+01 -2.50889644e+00  1.30673914e+01  9.65094005e+00
 3.88285714e+00 -1.43307087e+01 -2.37373475e+00  1.30696052e+01  9.64816580e+00
 3.88285714e+00 -1.41968504e+01 -2.23834653e+00  1.30721164e+01  9.64553451e+00
 3.88285714e+00 -1.40629921e+01 -2.10277491e+00  1.30750303e+01  9.64283812e+00
 3.88285714e+00 -1.39291339e+01 -1.96715000e+00  1.30781110e+01  9.64011086e+00
 3.88285714e+00 -1.37952756e+01 -1.83158534e+00  1.30810754e+01  9.63737587e+00
 3.88285714e+00 -1.36614173e+01 -1.69610037e+00  1.30839401e+01  9.63436053e+00
 3.88285714e+00 -1.35275591e+01 -1.56084523e+00  1.30864177e+01  9.63103524e+00
 3.88285714e+00 -1.33937008e+01 -1.42614812e+00  1.30881255e+01  9.62738828e+00
 3.88285714e+00 -1.32598425e+01 -1.29239165e+00  1.30888075e+01  9.62322263e+00
 3.88285714e+00 -1.31259843e+01 -1.15967398e+00  1.30881823e+01  9.61848756e+00
 3.88285714e+00 -1.29921260e+01 -1.02794183e+00  1.30859679e+01  9.61311311e+00
 3.88285714e+00 -1.28582677e+01 -8.97282972e-01  1.30818960e+01  9.60690970e+00
 3.88285714e+00 -1.27244094e+01 -7.67766907e-01  1.30755651e+01  9.59982455e+00
 3.88285714e+00 -1.25905512e+01 -6.39488981e-01  1.30666545e+01  9.59183083e+00
 3.88285714e+00 -1.24566929e+01 -5.12633238e-01  1.30551091e+01  9.58283883e+00
 3.88285714e+00 -1.23228346e+01 -3.87098440e-01  1.30408577e+01  9.57285693e+00
 3.88285714e+00 -1.21889764e+01 -2.62676166e-01  1.30238551e+01  9.56198417e+00
 3.88285714e+00 -1.20551181e+01 -1.39305351e-01  1.30042488e+01  9.55041773e+00
 3.88285714e+00 -1.19212598e+01 -1.67660059e-02  1.29822989e+01  9.53830687e+00
 3.88285714e+00 -1.17874016e+01  1.05307963e-01  1.29583424e+01  9.52575422e+00
 3.88285714e+00 -1.16535433e+01  2.27098179e-01  1.29327996e+01  9.51298068e+00
 3.88285714e+00 -1.15196850e+01  3.48766574e-01  1.29060966e+01  9.50019597e+00
 3.88285714e+00 -1.13858268e+01  4.70574057e-01  1.28786028e+01  9.48749637e+00
 3.88285714e+00 -1.12519685e+01  5.92678383e-01  1.28506177e+01  9.47498441e+00
 3.88285714e+00 -1.11181102e+01  7.15143457e-01  1.28224081e+01  9.46275176e+00
 3.88285714e+00 -1.09842520e+01  8.38029761e-01  1.27943159e+01  9.45075717e+00
 3.88285714e+00 -1.08503937e+01  9.61356182e-01  1.27665724e+01  9.43899674e+00
 3.88285714e+00 -1.07165354e+01  1.08507195e+00  1.27391903e+01  9.42757782e+00
 3.88285714e+00 -1.05826772e+01  1.20912288e+00  1.27122487e+01  9.41642322e+00
 3.88285714e+00 -1.04488189e+01  1.33347066e+00  1.26858445e+01  9.40539279e+00
 3.88285714e+00 -1.03149606e+01  1.45812163e+00  1.26599613e+01  9.39453165e+00
 3.88285714e+00 -1.01811024e+01  1.58305785e+00  1.26346525e+01  9.38387627e+00
 3.88285714e+00 -1.00472441e+01  1.70824723e+00  1.26100577e+01  9.37341529e+00
 3.88285714e+00 -9.91338583e+00  1.83379474e+00  1.25862294e+01  9.36315897e+00
 3.88285714e+00 -9.77952756e+00  1.95977316e+00  1.25632320e+01  9.35314961e+00
 3.88285714e+00 -9.64566929e+00  2.08611233e+00  1.25412092e+01  9.34346346e+00
 3.88285714e+00 -9.51181102e+00  2.21291355e+00  1.25202921e+01  9.33410584e+00
 3.88285714e+00 -9.37795276e+00  2.34034488e+00  1.25005964e+01  9.32507161e+00
 3.88285714e+00 -9.24409449e+00  2.46841659e+00  1.24822183e+01  9.31645573e+00
 3.88285714e+00 -9.11023622e+00  2.59714943e+00  1.24652276e+01  9.30827791e+00
 3.88285714e+00 -8.97637795e+00  2.72656899e+00  1.24496744e+01  9.30048881e+00
 3.88285714e+00 -8.84251969e+00  2.85655796e+00  1.24356054e+01  9.29311503e+00
 3.88285714e+00 -8.70866142e+00  2.98707351e+00  1.24230711e+01  9.28612935e+00
 3.88285714e+00 -8.57480315e+00  3.11818837e+00  1.24120895e+01  9.27943875e+00
 3.88285714e+00 -8.44094488e+00  3.24984559e+00  1.24024396e+01  9.27307171e+00
 3.88285714e+00 -8.30708661e+00  3.38194446e+00  1.23940364e+01  9.26700751e+00
 3.88285714e+00 -8.17322835e+00  3.51439335e+00  1.23870117e+01  9.26111423e+00
 3.88285714e+00 -8.03937008e+00  3.64712259e+00  1.23809701e+01  9.25535776e+00
 3.88285714e+00 -7.90551181e+00  3.78011414e+00  1.23758167e+01  9.24974542e+00
 3.88285714e+00 -7.77165354e+00  3.91338151e+00  1.23720103e+01  9.24427324e+00
 3.88285714e+00 -7.63779528e+00  4.04673452e+00  1.23688068e+01  9.23885725e+00
 3.88285714e+00 -7.50393701e+00  4.18005706e+00  1.23656599e+01  9.23344606e+00
 3.88285714e+00 -7.37007874e+00  4.31344409e+00  1.23629754e+01  9.22807049e+00
 3.88285714e+00 -7.23622047e+00  4.44687215e+00  1.23607264e+01  9.22268448e+00
 3.88285714e+00 -7.10236220e+00  4.58030820e+00  1.23587466e+01  9.21724111e+00
 3.88285714e+00 -6.96850394e+00  4.71377351e+00  1.23569699e+01  9.21174491e+00
 3.88285714e+00 -6.83464567e+00  4.84722709e+00  1.23553766e+01  9.20622726e+00
 3.88285714e+00 -6.70078740e+00  4.98067588e+00  1.23539656e+01  9.20068590e+00
 3.88285714e+00 -6.56692913e+00  5.11421025e+00  1.23527322e+01  9.19506997e+00
 3.88285714e+00 -6.43307087e+00  5.24776904e+00  1.23516201e+01  9.18941121e+00
 3.88285714e+00 -6.29921260e+00  5.38131001e+00  1.23506116e+01  9.18373376e+00
 3.88285714e+00 -6.16535433e+00  5.51489599e+00  1.23497577e+01  9.17800797e+00
 3.88285714e+00 -6.03149606e+00  5.64852127e+00  1.23490037e+01  9.17226387e+00
 3.88285714e+00 -5.89763780e+00  5.78216835e+00  1.23482893e+01  9.16648758e+00
 3.88285714e+00 -5.76377953e+00  5.91583708e+00  1.23476167e+01  9.16058888e+00
 3.88285714e+00 -5.62992126e+00  6.04948214e+00  1.23470511e+01  9.15463762e+00
 3.88285714e+00 -5.49606299e+00  6.18311137e+00  1.23465666e+01  9.14865462e+00
 3.88285714e+00 -5.36220472e+00  6.31679681e+00  1.23460155e+01  9.14253482e+00
 3.88285714e+00 -5.22834646e+00  6.45041137e+00  1.23454560e+01  9.13635364e+00
 3.88285714e+00 -5.09448819e+00  6.58388754e+00  1.23448975e+01  9.13013019e+00
 3.88285714e+00 -4.96062992e+00  6.71731609e+00  1.23441950e+01  9.12373669e+00
 3.88285714e+00 -4.82677165e+00  6.85064117e+00  1.23433268e+01  9.11719472e+00
 3.88285714e+00 -4.69291339e+00  6.98381268e+00  1.23422796e+01  9.11052495e+00
 3.88285714e+00 -4.55905512e+00  7.11684819e+00  1.23409876e+01  9.10368506e+00
 3.88285714e+00 -4.42519685e+00  7.24966570e+00  1.23393921e+01  9.09672948e+00
 3.88285714e+00 -4.29133858e+00  7.38216666e+00  1.23374153e+01  9.08964899e+00
 3.88285714e+00 -4.15748031e+00  7.51427954e+00  1.23349419e+01  9.08231633e+00
 3.88285714e+00 -4.02362205e+00  7.64592077e+00  1.23318292e+01  9.07471984e+00
 3.88285714e+00 -3.88976378e+00  7.77696204e+00  1.23278451e+01  9.06684990e+00
 3.88285714e+00 -3.75590551e+00  7.90721633e+00  1.23226612e+01  9.05863170e+00
 3.88285714e+00 -3.62204724e+00  8.03648221e+00  1.23160682e+01  9.04998229e+00
 3.88285714e+00 -3.48818898e+00  8.16457130e+00  1.23078726e+01  9.04084043e+00
 3.88285714e+00 -3.35433071e+00  8.29134345e+00  1.22978281e+01  9.03118582e+00
 3.88285714e+00 -3.22047244e+00  8.41685956e+00  1.22858189e+01  9.02102793e+00
 3.88285714e+00 -3.08661417e+00  8.54124652e+00  1.22718458e+01  9.01039953e+00
 3.88285714e+00 -2.95275591e+00  8.66455337e+00  1.22560397e+01  8.99936349e+00
 3.88285714e+00 -2.81889764e+00  8.78700014e+00  1.22386470e+01  8.98800376e+00
 3.88285714e+00 -2.68503937e+00  8.90895062e+00  1.22199907e+01  8.97641769e+00
 3.88285714e+00 -2.55118110e+00  9.03069053e+00  1.22003913e+01  8.96470467e+00
 3.88285714e+00 -2.41732283e+00  9.15254403e+00  1.21801867e+01  8.95295529e+00
 3.88285714e+00 -2.28346457e+00  9.27496227e+00  1.21597568e+01  8.94124281e+00
 3.88285714e+00 -2.14960630e+00  9.39833386e+00  1.21394912e+01  8.92962810e+00
 3.88285714e+00 -2.01574803e+00  9.52303064e+00  1.21197727e+01  8.91816624e+00
 3.88285714e+00 -1.88188976e+00  9.64958600e+00  1.21009139e+01  8.90691406e+00
 3.88285714e+00 -1.74803150e+00  9.77857454e+00  1.20831679e+01  8.89588593e+00
 3.88285714e+00 -1.61417323e+00  9.91057378e+00  1.20667299e+01  8.88503613e+00
 3.88285714e+00 -1.48031496e+00  1.00463740e+01  1.20518674e+01  8.87434274e+00
 3.88285714e+00 -1.34645669e+00  1.01869860e+01  1.20388329e+01  8.86376329e+00
 3.88285714e+00 -1.21259843e+00  1.03335204e+01  1.20277422e+01  8.85318695e+00
 3.88285714e+00 -1.07874016e+00  1.04886764e+01  1.20189470e+01  8.84251076e+00
 3.88285714e+00 -9.44881890e-01  1.06552557e+01  1.20133360e+01  8.83164023e+00
 3.88285714e+00 -8.11023622e-01  1.08362612e+01  1.20121657e+01  8.82041570e+00
 3.88285714e+00 -6.77165354e-01  1.10373718e+01  1.20168586e+01  8.80857630e+00
 3.88285714e+00 -5.43307087e-01  1.12647573e+01  1.20301237e+01  8.79577836e+00
 3.88285714e+00 -4.09448819e-01  1.15179388e+01  1.20583277e+01  8.78145259e+00
 3.88285714e+00 -2.75590551e-01  1.17890475e+01  1.21077748e+01  8.76509858e+00
 3.88285714e+00 -1.41732283e-01  1.20637174e+01  1.21811718e+01  8.74736626e+00
 3.88285714e+00 -7.87401575e-03  1.23327202e+01  1.22756707e+01  8.72832509e+00
 3.88285714e+00  1.25984252e-01  1.25954540e+01  1.23891233e+01  8.70778915e+00
 3.88285714e+00  2.59842520e-01  1.28543237e+01  1.25185038e+01  8.68538360e+00
 3.88285714e+00  3.93700787e-01  1.31109173e+01  1.26582788e+01  8.66080233e+00
 3.88285714e+00  5.27559055e-01  1.33749242e+01  1.28059502e+01  8.63402890e+00
 3.88285714e+00  6.61417323e-01  1.36389311e+01  1.29536216e+01  8.60725547e+00
 3.88285714e+00  7.95275591e-01  1.39029380e+01  1.31012930e+01  8.58048204e+00
 3.88285714e+00  9.29133858e-01  1.41669449e+01  1.32489644e+01  8.55370861e+00
 3.88285714e+00  1.06299213e+00  1.44309518e+01  1.33966358e+01  8.52693518e+00
 3.88285714e+00  1.19685039e+00  1.46949587e+01  1.35443072e+01  8.50016175e+00
 3.88285714e+00  1.33070866e+00  1.49589656e+01  1.36919786e+01  8.47338832e+00
 3.88285714e+00  1.46456693e+00  1.52229725e+01  1.38396500e+01  8.44661489e+00
 3.88285714e+00  1.59842520e+00  1.54869794e+01  1.39873214e+01  8.41984146e+00
 3.88285714e+00  1.73228346e+00  1.57509863e+01  1.41349928e+01  8.39306803e+00
 3.88285714e+00  1.86614173e+00  1.60149932e+01  1.42826642e+01  8.36629460e+00
 3.88285714e+00  2.00000000e+00  1.62790001e+01  1.44303356e+01  8.33952117e+00
 3.96126984e+00 -1.50000000e+01 -2.95756472e+00  1.31059231e+01  9.67505964e+00
 3.96126984e+00 -1.48661417e+01 -2.82446903e+00  1.31032729e+01  9.67090119e+00
 3.96126984e+00 -1.47322835e+01 -2.69137112e+00  1.31007448e+01  9.66668477e+00
 3.96126984e+00 -1.45984252e+01 -2.55825524e+00  1.30983016e+01  9.66241656e+00
 3.96126984e+00 -1.44645669e+01 -2.42512127e+00  1.30959367e+01  9.65813133e+00
 3.96126984e+00 -1.43307087e+01 -2.29201976e+00  1.30936575e+01  9.65383712e+00
 3.96126984e+00 -1.41968504e+01 -2.15889752e+00  1.30914357e+01  9.64947899e+00
 3.96126984e+00 -1.40629921e+01 -2.02568119e+00  1.30892508e+01  9.64504288e+00
 3.96126984e+00 -1.39291339e+01 -1.89234939e+00  1.30871262e+01  9.64061473e+00
 3.96126984e+00 -1.37952756e+01 -1.75892409e+00  1.30851266e+01  9.63619669e+00
 3.96126984e+00 -1.36614173e+01 -1.62535224e+00  1.30832872e+01  9.63176695e+00
 3.96126984e+00 -1.35275591e+01 -1.49144891e+00  1.30815751e+01  9.62733829e+00
 3.96126984e+00 -1.33937008e+01 -1.35735403e+00  1.30800574e+01  9.62296571e+00
 3.96126984e+00 -1.32598425e+01 -1.22350920e+00  1.30788135e+01  9.61868262e+00
 3.96126984e+00 -1.31259843e+01 -1.08988951e+00  1.30778538e+01  9.61445015e+00
 3.96126984e+00 -1.29921260e+01 -9.56160203e-01  1.30771690e+01  9.61030469e+00
 3.96126984e+00 -1.28582677e+01 -8.22259765e-01  1.30768142e+01  9.60628029e+00
 3.96126984e+00 -1.27244094e+01 -6.88159497e-01  1.30769238e+01  9.60234410e+00
 3.96126984e+00 -1.25905512e+01 -5.53839967e-01  1.30774606e+01  9.59852669e+00
 3.96126984e+00 -1.24566929e+01 -4.19318721e-01  1.30783915e+01  9.59483604e+00
 3.96126984e+00 -1.23228346e+01 -2.84657865e-01  1.30797687e+01  9.59121178e+00
 3.96126984e+00 -1.21889764e+01 -1.49899990e-01  1.30814406e+01  9.58764790e+00
 3.96126984e+00 -1.20551181e+01 -1.51235504e-02  1.30832431e+01  9.58409205e+00
 3.96126984e+00 -1.19212598e+01  1.19531385e-01  1.30850763e+01  9.58040681e+00
 3.96126984e+00 -1.17874016e+01  2.53930730e-01  1.30866522e+01  9.57651929e+00
 3.96126984e+00 -1.16535433e+01  3.87925250e-01  1.30876768e+01  9.57232486e+00
 3.96126984e+00 -1.15196850e+01  5.21338501e-01  1.30879023e+01  9.56766863e+00
 3.96126984e+00 -1.13858268e+01  6.53977415e-01  1.30869133e+01  9.56250448e+00
 3.96126984e+00 -1.12519685e+01  7.85674004e-01  1.30843453e+01  9.55670526e+00
 3.96126984e+00 -1.11181102e+01  9.16290427e-01  1.30799389e+01  9.55004143e+00
 3.96126984e+00 -1.09842520e+01  1.04565759e+00  1.30732973e+01  9.54251349e+00
 3.96126984e+00 -1.08503937e+01  1.17366657e+00  1.30640942e+01  9.53410375e+00
 3.96126984e+00 -1.07165354e+01  1.30031020e+00  1.30521768e+01  9.52468087e+00
 3.96126984e+00 -1.05826772e+01  1.42563223e+00  1.30374903e+01  9.51430892e+00
 3.96126984e+00 -1.04488189e+01  1.54973142e+00  1.30200666e+01  9.50312429e+00
 3.96126984e+00 -1.03149606e+01  1.67278553e+00  1.30000473e+01  9.49123010e+00
 3.96126984e+00 -1.01811024e+01  1.79502700e+00  1.29777043e+01  9.47876666e+00
 3.96126984e+00 -1.00472441e+01  1.91671882e+00  1.29533942e+01  9.46590817e+00
 3.96126984e+00 -9.91338583e+00  2.03811572e+00  1.29274765e+01  9.45284327e+00
 3.96126984e+00 -9.77952756e+00  2.15943327e+00  1.29003252e+01  9.43971695e+00
 3.96126984e+00 -9.64566929e+00  2.28083013e+00  1.28723399e+01  9.42660491e+00
 3.96126984e+00 -9.51181102e+00  2.40244486e+00  1.28438405e+01  9.41363748e+00
 3.96126984e+00 -9.37795276e+00  2.52438251e+00  1.28150979e+01  9.40094056e+00
 3.96126984e+00 -9.24409449e+00  2.64665576e+00  1.27863928e+01  9.38847279e+00
 3.96126984e+00 -9.11023622e+00  2.76928997e+00  1.27579117e+01  9.37620444e+00
 3.96126984e+00 -8.97637795e+00  2.89235029e+00  1.27297176e+01  9.36417288e+00
 3.96126984e+00 -8.84251969e+00  3.01582289e+00  1.27019558e+01  9.35238795e+00
 3.96126984e+00 -8.70866142e+00  3.13967513e+00  1.26748137e+01  9.34085526e+00
 3.96126984e+00 -8.57480315e+00  3.26394501e+00  1.26484641e+01  9.32961365e+00
 3.96126984e+00 -8.44094488e+00  3.38871306e+00  1.26230695e+01  9.31868247e+00
 3.96126984e+00 -8.30708661e+00  3.51406258e+00  1.25987450e+01  9.30805342e+00
 3.96126984e+00 -8.17322835e+00  3.63993416e+00  1.25753945e+01  9.29770147e+00
 3.96126984e+00 -8.03937008e+00  3.76647251e+00  1.25534228e+01  9.28780966e+00
 3.96126984e+00 -7.90551181e+00  3.89414895e+00  1.25339742e+01  9.27883021e+00
 3.96126984e+00 -7.77165354e+00  4.02253366e+00  1.25161571e+01  9.27038912e+00
 3.96126984e+00 -7.63779528e+00  4.15110076e+00  1.24988015e+01  9.26197387e+00
 3.96126984e+00 -7.50393701e+00  4.28033658e+00  1.24828923e+01  9.25388174e+00
 3.96126984e+00 -7.37007874e+00  4.41034096e+00  1.24688043e+01  9.24623595e+00
 3.96126984e+00 -7.23622047e+00  4.54087649e+00  1.24562617e+01  9.23894380e+00
 3.96126984e+00 -7.10236220e+00  4.67192481e+00  1.24451672e+01  9.23193474e+00
 3.96126984e+00 -6.96850394e+00  4.80344608e+00  1.24354489e+01  9.22515406e+00
 3.96126984e+00 -6.83464567e+00  4.93535227e+00  1.24270019e+01  9.21855919e+00
 3.96126984e+00 -6.70078740e+00  5.06760140e+00  1.24196557e+01  9.21212082e+00
 3.96126984e+00 -6.56692913e+00  5.20010792e+00  1.24132590e+01  9.20580235e+00
 3.96126984e+00 -6.43307087e+00  5.33276202e+00  1.24077087e+01  9.19955803e+00
 3.96126984e+00 -6.29921260e+00  5.46557108e+00  1.24029629e+01  9.19334822e+00
 3.96126984e+00 -6.16535433e+00  5.59851800e+00  1.23988516e+01  9.18714077e+00
 3.96126984e+00 -6.03149606e+00  5.73154265e+00  1.23951343e+01  9.18092273e+00
 3.96126984e+00 -5.89763780e+00  5.86463726e+00  1.23918823e+01  9.17472395e+00
 3.96126984e+00 -5.76377953e+00  5.99779647e+00  1.23891248e+01  9.16853127e+00
 3.96126984e+00 -5.62992126e+00  6.13101368e+00  1.23867495e+01  9.16229256e+00
 3.96126984e+00 -5.49606299e+00  6.26432602e+00  1.23846018e+01  9.15602619e+00
 3.96126984e+00 -5.36220472e+00  6.39770505e+00  1.23826639e+01  9.14973959e+00
 3.96126984e+00 -5.22834646e+00  6.53106926e+00  1.23810197e+01  9.14341400e+00
 3.96126984e+00 -5.09448819e+00  6.66445344e+00  1.23795450e+01  9.13705123e+00
 3.96126984e+00 -4.96062992e+00  6.79788522e+00  1.23781780e+01  9.13063343e+00
 3.96126984e+00 -4.82677165e+00  6.93134624e+00  1.23769567e+01  9.12412970e+00
 3.96126984e+00 -4.69291339e+00  7.06479568e+00  1.23758150e+01  9.11756425e+00
 3.96126984e+00 -4.55905512e+00  7.19819232e+00  1.23746882e+01  9.11093044e+00
 3.96126984e+00 -4.42519685e+00  7.33150254e+00  1.23735384e+01  9.10418079e+00
 3.96126984e+00 -4.29133858e+00  7.46470202e+00  1.23723062e+01  9.09729570e+00
 3.96126984e+00 -4.15748031e+00  7.59776300e+00  1.23709374e+01  9.09027973e+00
 3.96126984e+00 -4.02362205e+00  7.73064153e+00  1.23693659e+01  9.08313669e+00
 3.96126984e+00 -3.88976378e+00  7.86325137e+00  1.23674337e+01  9.07579949e+00
 3.96126984e+00 -3.75590551e+00  7.99550559e+00  1.23650461e+01  9.06825898e+00
 3.96126984e+00 -3.62204724e+00  8.12731641e+00  1.23621571e+01  9.06055292e+00
 3.96126984e+00 -3.48818898e+00  8.25854518e+00  1.23585317e+01  9.05257587e+00
 3.96126984e+00 -3.35433071e+00  8.38906549e+00  1.23539330e+01  9.04426320e+00
 3.96126984e+00 -3.22047244e+00  8.51876611e+00  1.23481760e+01  9.03562717e+00
 3.96126984e+00 -3.08661417e+00  8.64746669e+00  1.23410461e+01  9.02661084e+00
 3.96126984e+00 -2.95275591e+00  8.77501656e+00  1.23323442e+01  9.01715787e+00
 3.96126984e+00 -2.81889764e+00  8.90135085e+00  1.23219153e+01  9.00724879e+00
 3.96126984e+00 -2.68503937e+00  9.02654059e+00  1.23097004e+01  8.99690393e+00
 3.96126984e+00 -2.55118110e+00  9.15073854e+00  1.22957586e+01  8.98617949e+00
 3.96126984e+00 -2.41732283e+00  9.27416254e+00  1.22803161e+01  8.97517079e+00
 3.96126984e+00 -2.28346457e+00  9.39715562e+00  1.22636252e+01  8.96391700e+00
 3.96126984e+00 -2.14960630e+00  9.52015332e+00  1.22459700e+01  8.95244204e+00
 3.96126984e+00 -2.01574803e+00  9.64362249e+00  1.22277726e+01  8.94090227e+00
 3.96126984e+00 -1.88188976e+00  9.76808823e+00  1.22094360e+01  8.92941276e+00
 3.96126984e+00 -1.74803150e+00  9.89417907e+00  1.21912919e+01  8.91797421e+00
 3.96126984e+00 -1.61417323e+00  1.00227040e+01  1.21737283e+01  8.90658706e+00
 3.96126984e+00 -1.48031496e+00  1.01545724e+01  1.21571280e+01  8.89526384e+00
 3.96126984e+00 -1.34645669e+00  1.02906750e+01  1.21417649e+01  8.88403059e+00
 3.96126984e+00 -1.21259843e+00  1.04323994e+01  1.21280069e+01  8.87286535e+00
 3.96126984e+00 -1.07874016e+00  1.05820474e+01  1.21163186e+01  8.86169106e+00
 3.96126984e+00 -9.44881890e-01  1.07420334e+01  1.21073856e+01  8.85037835e+00
 3.96126984e+00 -8.11023622e-01  1.09156451e+01  1.21029603e+01  8.83869589e+00
 3.96126984e+00 -6.77165354e-01  1.11083100e+01  1.21038673e+01  8.82657757e+00
 3.96126984e+00 -5.43307087e-01  1.13260311e+01  1.21107537e+01  8.81361111e+00
 3.96126984e+00 -4.09448819e-01  1.15691126e+01  1.21303463e+01  8.79917212e+00
 3.96126984e+00 -2.75590551e-01  1.18313641e+01  1.21709212e+01  8.78296563e+00
 3.96126984e+00 -1.41732283e-01  1.20969233e+01  1.22351647e+01  8.76553934e+00
 3.96126984e+00 -7.87401575e-03  1.23553672e+01  1.23194327e+01  8.74719691e+00
 3.96126984e+00  1.25984252e-01  1.26098412e+01  1.24230055e+01  8.72761416e+00
 3.96126984e+00  2.59842520e-01  1.28654635e+01  1.25439617e+01  8.70640956e+00
 3.96126984e+00  3.93700787e-01  1.31198816e+01  1.26769300e+01  8.68326220e+00
 3.96126984e+00  5.27559055e-01  1.33786282e+01  1.28185773e+01  8.65809710e+00
 3.96126984e+00  6.61417323e-01  1.37222196e+01  1.29982428e+01  8.63074768e+00
 3.96126984e+00  7.95275591e-01  1.40658110e+01  1.31779083e+01  8.60339826e+00
 3.96126984e+00  9.29133858e-01  1.44094024e+01  1.33575738e+01  8.57604884e+00
 3.96126984e+00  1.06299213e+00  1.47529938e+01  1.35372393e+01  8.54869942e+00
 3.96126984e+00  1.19685039e+00  1.50965852e+01  1.37169048e+01  8.52135000e+00
 3.96126984e+00  1.33070866e+00  1.54401766e+01  1.38965703e+01  8.49400058e+00
 3.96126984e+00  1.46456693e+00  1.57837680e+01  1.40762358e+01  8.46665116e+00
 3.96126984e+00  1.59842520e+00  1.61273594e+01  1.42559013e+01  8.43930174e+00
 3.96126984e+00  1.73228346e+00  1.64709508e+01  1.44355668e+01  8.41195232e+00
 3.96126984e+00  1.86614173e+00  1.68145422e+01  1.46152323e+01  8.38460290e+00
 3.96126984e+00  2.00000000e+00  1.71581336e+01  1.47948978e+01  8.35725348e+00
 4.03968254e+00 -1.50000000e+01 -2.86632653e+00  1.31552538e+01  9.68750283e+00
 4.03968254e+00 -1.48661417e+01 -2.73245129e+00  1.31555824e+01  9.68397772e+00
 4.03968254e+00 -1.47322835e+01 -2.59861899e+00  1.31557668e+01  9.68034177e+00
 4.03968254e+00 -1.45984252e+01 -2.46484081e+00  1.31557564e+01  9.67665158e+00
 4.03968254e+00 -1.44645669e+01 -2.33111473e+00  1.31554980e+01  9.67286985e+00
 4.03968254e+00 -1.43307087e+01 -2.19747963e+00  1.31548992e+01  9.66895938e+00
 4.03968254e+00 -1.41968504e+01 -2.06398220e+00  1.31538674e+01  9.66491354e+00
 4.03968254e+00 -1.40629921e+01 -1.93054084e+00  1.31524411e+01  9.66075311e+00
 4.03968254e+00 -1.39291339e+01 -1.79711457e+00  1.31506106e+01  9.65646824e+00
 4.03968254e+00 -1.37952756e+01 -1.66371550e+00  1.31483229e+01  9.65203615e+00
 4.03968254e+00 -1.36614173e+01 -1.53029834e+00  1.31456390e+01  9.64751365e+00
 4.03968254e+00 -1.35275591e+01 -1.39678494e+00  1.31426436e+01  9.64289222e+00
 4.03968254e+00 -1.33937008e+01 -1.26319860e+00  1.31394180e+01  9.63812613e+00
 4.03968254e+00 -1.32598425e+01 -1.12992386e+00  1.31360533e+01  9.63332361e+00
 4.03968254e+00 -1.31259843e+01 -9.97070182e-01  1.31326536e+01  9.62853168e+00
 4.03968254e+00 -1.29921260e+01 -8.64308559e-01  1.31293088e+01  9.62371208e+00
 4.03968254e+00 -1.28582677e+01 -7.31514331e-01  1.31260485e+01  9.61886651e+00
 4.03968254e+00 -1.27244094e+01 -5.98698150e-01  1.31228640e+01  9.61399836e+00
 4.03968254e+00 -1.25905512e+01 -4.65867664e-01  1.31197474e+01  9.60910334e+00
 4.03968254e+00 -1.24566929e+01 -3.33000206e-01  1.31167881e+01  9.60418610e+00
 4.03968254e+00 -1.23228346e+01 -2.00119352e-01  1.31139782e+01  9.59924745e+00
 4.03968254e+00 -1.21889764e+01 -6.72667578e-02  1.31112395e+01  9.59428802e+00
 4.03968254e+00 -1.20551181e+01  6.56566267e-02  1.31086853e+01  9.58932984e+00
 4.03968254e+00 -1.19212598e+01  1.98674059e-01  1.31063182e+01  9.58437088e+00
 4.03968254e+00 -1.17874016e+01  3.31715586e-01  1.31040385e+01  9.57939885e+00
 4.03968254e+00 -1.16535433e+01  4.64800112e-01  1.31019886e+01  9.57448014e+00
 4.03968254e+00 -1.15196850e+01  5.97993674e-01  1.31001959e+01  9.56961358e+00
 4.03968254e+00 -1.13858268e+01  7.31359720e-01  1.30985747e+01  9.56473586e+00
 4.03968254e+00 -1.12519685e+01  8.64853221e-01  1.30973391e+01  9.55990438e+00
 4.03968254e+00 -1.11181102e+01  9.98473712e-01  1.30965025e+01  9.55517512e+00
 4.03968254e+00 -1.09842520e+01  1.13227761e+00  1.30958664e+01  9.55054770e+00
 4.03968254e+00 -1.08503937e+01  1.26623914e+00  1.30955722e+01  9.54593852e+00
 4.03968254e+00 -1.07165354e+01  1.40032685e+00  1.30957062e+01  9.54136550e+00
 4.03968254e+00 -1.05826772e+01  1.53449701e+00  1.30961523e+01  9.53690166e+00
 4.03968254e+00 -1.04488189e+01  1.66859306e+00  1.30965986e+01  9.53234702e+00
 4.03968254e+00 -1.03149606e+01  1.80249458e+00  1.30968672e+01  9.52758950e+00
 4.03968254e+00 -1.01811024e+01  1.93611285e+00  1.30968619e+01  9.52263004e+00
 4.03968254e+00 -1.00472441e+01  2.06924389e+00  1.30961429e+01  9.51732267e+00
 4.03968254e+00 -9.91338583e+00  2.20165288e+00  1.30943121e+01  9.51150833e+00
 4.03968254e+00 -9.77952756e+00  2.33311886e+00  1.30910630e+01  9.50505642e+00
 4.03968254e+00 -9.64566929e+00  2.46347658e+00  1.30859885e+01  9.49785858e+00
 4.03968254e+00 -9.51181102e+00  2.59257425e+00  1.30786928e+01  9.48983501e+00
 4.03968254e+00 -9.37795276e+00  2.72028917e+00  1.30688562e+01  9.48092685e+00
 4.03968254e+00 -9.24409449e+00  2.84662332e+00  1.30563279e+01  9.47106198e+00
 4.03968254e+00 -9.11023622e+00  2.97162657e+00  1.30410316e+01  9.46025486e+00
 4.03968254e+00 -8.97637795e+00  3.09537678e+00  1.30229601e+01  9.44864059e+00
 4.03968254e+00 -8.84251969e+00  3.21804264e+00  1.30023742e+01  9.43635690e+00
 4.03968254e+00 -8.70866142e+00  3.33986763e+00  1.29795973e+01  9.42354767e+00
 4.03968254e+00 -8.57480315e+00  3.46118320e+00  1.29548251e+01  9.41038420e+00
 4.03968254e+00 -8.44094488e+00  3.58220039e+00  1.29284217e+01  9.39698851e+00
 4.03968254e+00 -8.30708661e+00  3.70304027e+00  1.29008913e+01  9.38346467e+00
 4.03968254e+00 -8.17322835e+00  3.82404406e+00  1.28724110e+01  9.37011557e+00
 4.03968254e+00 -8.03937008e+00  3.94544764e+00  1.28432398e+01  9.35713732e+00
 4.03968254e+00 -7.90551181e+00  4.06706508e+00  1.28140939e+01  9.34432093e+00
 4.03968254e+00 -7.77165354e+00  4.18890964e+00  1.27852092e+01  9.33164494e+00
 4.03968254e+00 -7.63779528e+00  4.31119115e+00  1.27564349e+01  9.31927209e+00
 4.03968254e+00 -7.50393701e+00  4.43395635e+00  1.27280906e+01  9.30720294e+00
 4.03968254e+00 -7.37007874e+00  4.55722859e+00  1.27005207e+01  9.29541811e+00
 4.03968254e+00 -7.23622047e+00  4.68109143e+00  1.26738281e+01  9.28396444e+00
 4.03968254e+00 -7.10236220e+00  4.80561937e+00  1.26481816e+01  9.27287872e+00
 4.03968254e+00 -6.96850394e+00  4.93085970e+00  1.26237938e+01  9.26218731e+00
 4.03968254e+00 -6.83464567e+00  5.05679920e+00  1.26008068e+01  9.25192035e+00
 4.03968254e+00 -6.70078740e+00  5.18345846e+00  1.25793051e+01  9.24207564e+00
 4.03968254e+00 -6.56692913e+00  5.31089996e+00  1.25593462e+01  9.23262219e+00
 4.03968254e+00 -6.43307087e+00  5.43909620e+00  1.25411005e+01  9.22358591e+00
 4.03968254e+00 -6.29921260e+00  5.56799312e+00  1.25246290e+01  9.21496668e+00
 4.03968254e+00 -6.16535433e+00  5.69754760e+00  1.25097300e+01  9.20668046e+00
 4.03968254e+00 -6.03149606e+00  5.82767258e+00  1.24961523e+01  9.19863454e+00
 4.03968254e+00 -5.89763780e+00  5.95829717e+00  1.24838328e+01  9.19078565e+00
 4.03968254e+00 -5.76377953e+00  6.08942955e+00  1.24731092e+01  9.18318998e+00
 4.03968254e+00 -5.62992126e+00  6.22097916e+00  1.24638971e+01  9.17584693e+00
 4.03968254e+00 -5.49606299e+00  6.35281584e+00  1.24558601e+01  9.16868483e+00
 4.03968254e+00 -5.36220472e+00  6.48488843e+00  1.24487954e+01  9.16157227e+00
 4.03968254e+00 -5.22834646e+00  6.61718547e+00  1.24425819e+01  9.15452335e+00
 4.03968254e+00 -5.09448819e+00  6.74968753e+00  1.24371303e+01  9.14759059e+00
 4.03968254e+00 -4.96062992e+00  6.88230820e+00  1.24323273e+01  9.14064713e+00
 4.03968254e+00 -4.82677165e+00  7.01505189e+00  1.24281119e+01  9.13367546e+00
 4.03968254e+00 -4.69291339e+00  7.14795747e+00  1.24244319e+01  9.12673090e+00
 4.03968254e+00 -4.55905512e+00  7.28094804e+00  1.24211434e+01  9.11978237e+00
 4.03968254e+00 -4.42519685e+00  7.41395517e+00  1.24181943e+01  9.11278431e+00
 4.03968254e+00 -4.29133858e+00  7.54696024e+00  1.24155825e+01  9.10571130e+00
 4.03968254e+00 -4.15748031e+00  7.68001856e+00  1.24132131e+01  9.09859139e+00
 4.03968254e+00 -4.02362205e+00  7.81310176e+00  1.24109729e+01  9.09143002e+00
 4.03968254e+00 -3.88976378e+00  7.94611511e+00  1.24087750e+01  9.08419653e+00
 4.03968254e+00 -3.75590551e+00  8.07898990e+00  1.24066056e+01  9.07683066e+00
 4.03968254e+00 -3.62204724e+00  8.21167153e+00  1.24043534e+01  9.06932887e+00
 4.03968254e+00 -3.48818898e+00  8.34411118e+00  1.24018518e+01  9.06169978e+00
 4.03968254e+00 -3.35433071e+00  8.47625210e+00  1.23990236e+01  9.05384867e+00
 4.03968254e+00 -3.22047244e+00  8.60797133e+00  1.23957183e+01  9.04577705e+00
 4.03968254e+00 -3.08661417e+00  8.73911503e+00  1.23917350e+01  9.03753617e+00
 4.03968254e+00 -2.95275591e+00  8.86959186e+00  1.23869399e+01  9.02903265e+00
 4.03968254e+00 -2.81889764e+00  8.99925411e+00  1.23811068e+01  9.02017433e+00
 4.03968254e+00 -2.68503937e+00  9.12793426e+00  1.23739494e+01  9.01092280e+00
 4.03968254e+00 -2.55118110e+00  9.25561854e+00  1.23653023e+01  9.00133335e+00
 4.03968254e+00 -2.41732283e+00  9.38231242e+00  1.23550646e+01  8.99139071e+00
 4.03968254e+00 -2.28346457e+00  9.50803334e+00  1.23432016e+01  8.98100435e+00
 4.03968254e+00 -2.14960630e+00  9.63299670e+00  1.23298390e+01  8.97026381e+00
 4.03968254e+00 -2.01574803e+00  9.75757761e+00  1.23151873e+01  8.95927731e+00
 4.03968254e+00 -1.88188976e+00  9.88232571e+00  1.22995191e+01  8.94807002e+00
 4.03968254e+00 -1.74803150e+00  1.00078462e+01  1.22831783e+01  8.93671939e+00
 4.03968254e+00 -1.61417323e+00  1.01348336e+01  1.22665870e+01  8.92531543e+00
 4.03968254e+00 -1.48031496e+00  1.02642413e+01  1.22502773e+01  8.91384888e+00
 4.03968254e+00 -1.34645669e+00  1.03971182e+01  1.22345758e+01  8.90233269e+00
 4.03968254e+00 -1.21259843e+00  1.05348165e+01  1.22195934e+01  8.89080646e+00
 4.03968254e+00 -1.07874016e+00  1.06794926e+01  1.22056868e+01  8.87920483e+00
 4.03968254e+00 -9.44881890e-01  1.08335485e+01  1.21946092e+01  8.86746061e+00
 4.03968254e+00 -8.11023622e-01  1.09998974e+01  1.21884425e+01  8.85548243e+00
 4.03968254e+00 -6.77165354e-01  1.11842141e+01  1.21863354e+01  8.84303607e+00
 4.03968254e+00 -5.43307087e-01  1.13926972e+01  1.21876105e+01  8.82983698e+00
 4.03968254e+00 -4.09448819e-01  1.16261874e+01  1.22000539e+01  8.81523716e+00
 4.03968254e+00 -2.75590551e-01  1.18789649e+01  1.22324327e+01  8.79904153e+00
 4.03968254e+00 -1.41732283e-01  1.21336720e+01  1.22874363e+01  8.78180588e+00
 4.03968254e+00 -7.87401575e-03  1.23799981e+01  1.23626051e+01  8.76397422e+00
 4.03968254e+00  1.25984252e-01  1.26261751e+01  1.24574561e+01  8.74520163e+00
 4.03968254e+00  2.59842520e-01  1.28807833e+01  1.25709702e+01  8.72513694e+00
 4.03968254e+00  3.93700787e-01  1.31360713e+01  1.26981871e+01  8.70345812e+00
 4.03968254e+00  5.27559055e-01  1.33886652e+01  1.28333701e+01  8.68000055e+00
 4.03968254e+00  6.61417323e-01  1.36463902e+01  1.29690056e+01  8.65463720e+00
 4.03968254e+00  7.95275591e-01  1.38743148e+01  1.30906534e+01  8.62682900e+00
 4.03968254e+00  9.29133858e-01  1.41022394e+01  1.32123012e+01  8.59902080e+00
 4.03968254e+00  1.06299213e+00  1.43301640e+01  1.33339490e+01  8.57121260e+00
 4.03968254e+00  1.19685039e+00  1.45580886e+01  1.34555968e+01  8.54340440e+00
 4.03968254e+00  1.33070866e+00  1.47860132e+01  1.35772446e+01  8.51559620e+00
 4.03968254e+00  1.46456693e+00  1.50139378e+01  1.36988924e+01  8.48778800e+00
 4.03968254e+00  1.59842520e+00  1.52418624e+01  1.38205402e+01  8.45997980e+00
 4.03968254e+00  1.73228346e+00  1.54697870e+01  1.39421880e+01  8.43217160e+00
 4.03968254e+00  1.86614173e+00  1.56977116e+01  1.40638358e+01  8.40436340e+00
 4.03968254e+00  2.00000000e+00  1.59256362e+01  1.41854836e+01  8.37655520e+00
 4.11809524e+00 -1.50000000e+01 -2.78740945e+00  1.31664309e+01  9.68972006e+00
 4.11809524e+00 -1.48661417e+01 -2.65355363e+00  1.31662360e+01  9.68624996e+00
 4.11809524e+00 -1.47322835e+01 -2.51967009e+00  1.31660558e+01  9.68271121e+00
 4.11809524e+00 -1.45984252e+01 -2.38575193e+00  1.31658919e+01  9.67911047e+00
 4.11809524e+00 -1.44645669e+01 -2.25181945e+00  1.31657391e+01  9.67550731e+00
 4.11809524e+00 -1.43307087e+01 -2.11788720e+00  1.31656330e+01  9.67188947e+00
 4.11809524e+00 -1.41968504e+01 -1.98390594e+00  1.31655747e+01  9.66823568e+00
 4.11809524e+00 -1.40629921e+01 -1.84981034e+00  1.31655510e+01  9.66454576e+00
 4.11809524e+00 -1.39291339e+01 -1.71561829e+00  1.31655942e+01  9.66086448e+00
 4.11809524e+00 -1.37952756e+01 -1.58131296e+00  1.31657068e+01  9.65717415e+00
 4.11809524e+00 -1.36614173e+01 -1.44685137e+00  1.31658763e+01  9.65344255e+00
 4.11809524e+00 -1.35275591e+01 -1.31219074e+00  1.31661188e+01  9.64972315e+00
 4.11809524e+00 -1.33937008e+01 -1.17738420e+00  1.31663894e+01  9.64597065e+00
 4.11809524e+00 -1.32598425e+01 -1.04281167e+00  1.31666484e+01  9.64212903e+00
 4.11809524e+00 -1.31259843e+01 -9.08738373e-01  1.31669647e+01  9.63827378e+00
 4.11809524e+00 -1.29921260e+01 -7.74838515e-01  1.31672993e+01  9.63439620e+00
 4.11809524e+00 -1.28582677e+01 -6.40946004e-01  1.31675690e+01  9.63045165e+00
 4.11809524e+00 -1.27244094e+01 -5.07108100e-01  1.31677648e+01  9.62643317e+00
 4.11809524e+00 -1.25905512e+01 -3.73329461e-01  1.31678335e+01  9.62233037e+00
 4.11809524e+00 -1.24566929e+01 -2.39620838e-01  1.31677007e+01  9.61812462e+00
 4.11809524e+00 -1.23228346e+01 -1.06004406e-01  1.31673185e+01  9.61379257e+00
 4.11809524e+00 -1.21889764e+01  2.74908947e-02  1.31666236e+01  9.60935903e+00
 4.11809524e+00 -1.20551181e+01  1.60845302e-01  1.31655547e+01  9.60482793e+00
 4.11809524e+00 -1.19212598e+01  2.94063337e-01  1.31640774e+01  9.60010734e+00
 4.11809524e+00 -1.17874016e+01  4.27143225e-01  1.31621705e+01  9.59522329e+00
 4.11809524e+00 -1.16535433e+01  5.60089456e-01  1.31598421e+01  9.59023150e+00
 4.11809524e+00 -1.15196850e+01  6.92928974e-01  1.31571497e+01  9.58509044e+00
 4.11809524e+00 -1.13858268e+01  8.25676397e-01  1.31541604e+01  9.57979623e+00
 4.11809524e+00 -1.12519685e+01  9.58355585e-01  1.31509434e+01  9.57440244e+00
 4.11809524e+00 -1.11181102e+01  1.09102018e+00  1.31475740e+01  9.56901121e+00
 4.11809524e+00 -1.09842520e+01  1.22365885e+00  1.31441446e+01  9.56355886e+00
 4.11809524e+00 -1.08503937e+01  1.35625556e+00  1.31407374e+01  9.55796784e+00
 4.11809524e+00 -1.07165354e+01  1.48887600e+00  1.31373913e+01  9.55237356e+00
 4.11809524e+00 -1.05826772e+01  1.62156629e+00  1.31341538e+01  9.54682817e+00
 4.11809524e+00 -1.04488189e+01  1.75433336e+00  1.31310646e+01  9.54128980e+00
 4.11809524e+00 -1.03149606e+01  1.88714064e+00  1.31281260e+01  9.53567949e+00
 4.11809524e+00 -1.01811024e+01  2.02000154e+00  1.31254066e+01  9.53005060e+00
 4.11809524e+00 -1.00472441e+01  2.15296582e+00  1.31229594e+01  9.52449365e+00
 4.11809524e+00 -9.91338583e+00  2.28607487e+00  1.31206846e+01  9.51896291e+00
 4.11809524e+00 -9.77952756e+00  2.41928190e+00  1.31186590e+01  9.51346407e+00
 4.11809524e+00 -9.64566929e+00  2.55254071e+00  1.31169994e+01  9.50800696e+00
 4.11809524e+00 -9.51181102e+00  2.68594950e+00  1.31155731e+01  9.50249431e+00
 4.11809524e+00 -9.37795276e+00  2.81945387e+00  1.31143258e+01  9.49697946e+00
 4.11809524e+00 -9.24409449e+00  2.95291068e+00  1.31132435e+01  9.49153128e+00
 4.11809524e+00 -9.11023622e+00  3.08625952e+00  1.31121938e+01  9.48596779e+00
 4.11809524e+00 -8.97637795e+00  3.21941421e+00  1.31109415e+01  9.48021594e+00
 4.11809524e+00 -8.84251969e+00  3.35220776e+00  1.31091582e+01  9.47422923e+00
 4.11809524e+00 -8.70866142e+00  3.48435432e+00  1.31064473e+01  9.46778355e+00
 4.11809524e+00 -8.57480315e+00  3.61578908e+00  1.31027045e+01  9.46084059e+00
 4.11809524e+00 -8.44094488e+00  3.74623318e+00  1.30974398e+01  9.45330059e+00
 4.11809524e+00 -8.30708661e+00  3.87453360e+00  1.30887802e+01  9.44458050e+00
 4.11809524e+00 -8.17322835e+00  4.00118905e+00  1.30773826e+01  9.43495536e+00
 4.11809524e+00 -8.03937008e+00  4.12747725e+00  1.30650779e+01  9.42508290e+00
 4.11809524e+00 -7.90551181e+00  4.25275085e+00  1.30506380e+01  9.41453474e+00
 4.11809524e+00 -7.77165354e+00  4.37658950e+00  1.30332240e+01  9.40306118e+00
 4.11809524e+00 -7.63779528e+00  4.49933353e+00  1.30132504e+01  9.39090175e+00
 4.11809524e+00 -7.50393701e+00  4.62118429e+00  1.29910257e+01  9.37824636e+00
 4.11809524e+00 -7.37007874e+00  4.74233308e+00  1.29668161e+01  9.36522644e+00
 4.11809524e+00 -7.23622047e+00  4.86312070e+00  1.29409594e+01  9.35191784e+00
 4.11809524e+00 -7.10236220e+00  4.98377214e+00  1.29138068e+01  9.33847472e+00
 4.11809524e+00 -6.96850394e+00  5.10440160e+00  1.28857210e+01  9.32510515e+00
 4.11809524e+00 -6.83464567e+00  5.22519883e+00  1.28570616e+01  9.31184838e+00
 4.11809524e+00 -6.70078740e+00  5.34632833e+00  1.28281556e+01  9.29871626e+00
 4.11809524e+00 -6.56692913e+00  5.46783879e+00  1.27992706e+01  9.28579783e+00
 4.11809524e+00 -6.43307087e+00  5.58985408e+00  1.27708059e+01  9.27317829e+00
 4.11809524e+00 -6.29921260e+00  5.71253484e+00  1.27431314e+01  9.26090426e+00
 4.11809524e+00 -6.16535433e+00  5.83581443e+00  1.27158198e+01  9.24888287e+00
 4.11809524e+00 -6.03149606e+00  5.95968208e+00  1.26888543e+01  9.23710683e+00
 4.11809524e+00 -5.89763780e+00  6.08434989e+00  1.26633517e+01  9.22579064e+00
 4.11809524e+00 -5.76377953e+00  6.20988734e+00  1.26398027e+01  9.21501271e+00
 4.11809524e+00 -5.62992126e+00  6.33625787e+00  1.26181389e+01  9.20472572e+00
 4.11809524e+00 -5.49606299e+00  6.46343270e+00  1.25980571e+01  9.19481833e+00
 4.11809524e+00 -5.36220472e+00  6.59136029e+00  1.25795297e+01  9.18524953e+00
 4.11809524e+00 -5.22834646e+00  6.71997390e+00  1.25627831e+01  9.17604942e+00
 4.11809524e+00 -5.09448819e+00  6.84925817e+00  1.25476686e+01  9.16717903e+00
 4.11809524e+00 -4.96062992e+00  6.97915369e+00  1.25340324e+01  9.15858694e+00
 4.11809524e+00 -4.82677165e+00  7.10952868e+00  1.25218669e+01  9.15023508e+00
 4.11809524e+00 -4.69291339e+00  7.24033605e+00  1.25110893e+01  9.14208400e+00
 4.11809524e+00 -4.55905512e+00  7.37154732e+00  1.25015583e+01  9.13407138e+00
 4.11809524e+00 -4.42519685e+00  7.50309937e+00  1.24930960e+01  9.12611499e+00
 4.11809524e+00 -4.29133858e+00  7.63490411e+00  1.24855589e+01  9.11826395e+00
 4.11809524e+00 -4.15748031e+00  7.76690186e+00  1.24788549e+01  9.11054282e+00
 4.11809524e+00 -4.02362205e+00  7.89910009e+00  1.24729428e+01  9.10282178e+00
 4.11809524e+00 -3.88976378e+00  8.03145968e+00  1.24676801e+01  9.09505311e+00
 4.11809524e+00 -3.75590551e+00  8.16389904e+00  1.24629335e+01  9.08727286e+00
 4.11809524e+00 -3.62204724e+00  8.29632294e+00  1.24586850e+01  9.07955966e+00
 4.11809524e+00 -3.48818898e+00  8.42877056e+00  1.24547573e+01  9.07179149e+00
 4.11809524e+00 -3.35433071e+00  8.56125448e+00  1.24509271e+01  9.06384310e+00
 4.11809524e+00 -3.22047244e+00  8.69358158e+00  1.24470796e+01  9.05581161e+00
 4.11809524e+00 -3.08661417e+00  8.82564049e+00  1.24431612e+01  9.04769235e+00
 4.11809524e+00 -2.95275591e+00  8.95736817e+00  1.24390599e+01  9.03940765e+00
 4.11809524e+00 -2.81889764e+00  9.08866722e+00  1.24344884e+01  9.03089218e+00
 4.11809524e+00 -2.68503937e+00  9.21941078e+00  1.24293405e+01  9.02214994e+00
 4.11809524e+00 -2.55118110e+00  9.34949181e+00  1.24235519e+01  9.01319993e+00
 4.11809524e+00 -2.41732283e+00  9.47888529e+00  1.24168430e+01  9.00399123e+00
 4.11809524e+00 -2.28346457e+00  9.60752293e+00  1.24089687e+01  8.99445201e+00
 4.11809524e+00 -2.14960630e+00  9.73533568e+00  1.23997396e+01  8.98452453e+00
 4.11809524e+00 -2.01574803e+00  9.86238945e+00  1.23889831e+01  8.97421895e+00
 4.11809524e+00 -1.88188976e+00  9.98896820e+00  1.23767270e+01  8.96359007e+00
 4.11809524e+00 -1.74803150e+00  1.01155747e+01  1.23632608e+01  8.95271157e+00
 4.11809524e+00 -1.61417323e+00  1.02428500e+01  1.23492463e+01  8.94159991e+00
 4.11809524e+00 -1.48031496e+00  1.03715904e+01  1.23349002e+01  8.93027225e+00
 4.11809524e+00 -1.34645669e+00  1.05027890e+01  1.23197115e+01  8.91877325e+00
 4.11809524e+00 -1.21259843e+00  1.06379375e+01  1.23044425e+01  8.90711330e+00
 4.11809524e+00 -1.07874016e+00  1.07789416e+01  1.22902434e+01  8.89529154e+00
 4.11809524e+00 -9.44881890e-01  1.09278962e+01  1.22776420e+01  8.88330731e+00
 4.11809524e+00 -8.11023622e-01  1.10877338e+01  1.22670337e+01  8.87101837e+00
 4.11809524e+00 -6.77165354e-01  1.12643919e+01  1.22598064e+01  8.85829817e+00
 4.11809524e+00 -5.43307087e-01  1.14652071e+01  1.22594166e+01  8.84497836e+00
 4.11809524e+00 -4.09448819e-01  1.16878657e+01  1.22711803e+01  8.83062160e+00
 4.11809524e+00 -2.75590551e-01  1.19200739e+01  1.23002481e+01  8.81517863e+00
 4.11809524e+00 -1.41732283e-01  1.21560274e+01  1.23482047e+01  8.79890461e+00
 4.11809524e+00 -7.87401575e-03  1.23969182e+01  1.24143918e+01  8.78183373e+00
 4.11809524e+00  1.25984252e-01  1.26434168e+01  1.24999045e+01  8.76378240e+00
 4.11809524e+00  2.59842520e-01  1.28949091e+01  1.26039031e+01  8.74445091e+00
 4.11809524e+00  3.93700787e-01  1.31469670e+01  1.27227939e+01  8.72367214e+00
 4.11809524e+00  5.27559055e-01  1.33986628e+01  1.28515236e+01  8.70124469e+00
 4.11809524e+00  6.61417323e-01  1.36569694e+01  1.29838407e+01  8.67715081e+00
 4.11809524e+00  7.95275591e-01  1.39268806e+01  1.31187770e+01  8.65138204e+00
 4.11809524e+00  9.29133858e-01  1.41728430e+01  1.32467983e+01  8.62374926e+00
 4.11809524e+00  1.06299213e+00  1.44014758e+01  1.33735920e+01  8.59443286e+00
 4.11809524e+00  1.19685039e+00  1.46301086e+01  1.35003857e+01  8.56511646e+00
 4.11809524e+00  1.33070866e+00  1.48587414e+01  1.36271794e+01  8.53580006e+00
 4.11809524e+00  1.46456693e+00  1.50873742e+01  1.37539731e+01  8.50648366e+00
 4.11809524e+00  1.59842520e+00  1.53160070e+01  1.38807668e+01  8.47716726e+00
 4.11809524e+00  1.73228346e+00  1.55446397e+01  1.40075605e+01  8.44785087e+00
 4.11809524e+00  1.86614173e+00  1.57732725e+01  1.41343542e+01  8.41853447e+00
 4.11809524e+00  2.00000000e+00  1.60019053e+01  1.42611479e+01  8.38921807e+00
 4.19650794e+00 -1.50000000e+01 -2.71209017e+00  1.31765699e+01  9.69088848e+00
 4.19650794e+00 -1.48661417e+01 -2.57818024e+00  1.31765599e+01  9.68744275e+00
 4.19650794e+00 -1.47322835e+01 -2.44424472e+00  1.31765900e+01  9.68401540e+00
 4.19650794e+00 -1.45984252e+01 -2.31028266e+00  1.31766543e+01  9.68050654e+00
 4.19650794e+00 -1.44645669e+01 -2.17632460e+00  1.31767336e+01  9.67693659e+00
 4.19650794e+00 -1.43307087e+01 -2.04237722e+00  1.31768149e+01  9.67337062e+00
 4.19650794e+00 -1.41968504e+01 -1.90835253e+00  1.31769156e+01  9.66977564e+00
 4.19650794e+00 -1.40629921e+01 -1.77424922e+00  1.31770251e+01  9.66612470e+00
 4.19650794e+00 -1.39291339e+01 -1.64009456e+00  1.31771204e+01  9.66242285e+00
 4.19650794e+00 -1.37952756e+01 -1.50584148e+00  1.31771970e+01  9.65871179e+00
 4.19650794e+00 -1.36614173e+01 -1.37146149e+00  1.31772478e+01  9.65496579e+00
 4.19650794e+00 -1.35275591e+01 -1.23691279e+00  1.31772655e+01  9.65116046e+00
 4.19650794e+00 -1.33937008e+01 -1.10216217e+00  1.31772480e+01  9.64735586e+00
 4.19650794e+00 -1.32598425e+01 -9.67586551e-01  1.31771967e+01  9.64350424e+00
 4.19650794e+00 -1.31259843e+01 -8.33530434e-01  1.31771143e+01  9.63956646e+00
 4.19650794e+00 -1.29921260e+01 -6.99699908e-01  1.31770028e+01  9.63563141e+00
 4.19650794e+00 -1.28582677e+01 -5.65870066e-01  1.31768674e+01  9.63168098e+00
 4.19650794e+00 -1.27244094e+01 -4.32049221e-01  1.31767181e+01  9.62767401e+00
 4.19650794e+00 -1.25905512e+01 -2.98226862e-01  1.31765672e+01  9.62363321e+00
 4.19650794e+00 -1.24566929e+01 -1.64396609e-01  1.31764160e+01  9.61955896e+00
 4.19650794e+00 -1.23228346e+01 -3.05553885e-02  1.31762732e+01  9.61543939e+00
 4.19650794e+00 -1.21889764e+01  1.03295853e-01  1.31761682e+01  9.61127343e+00
 4.19650794e+00 -1.20551181e+01  2.37158616e-01  1.31760987e+01  9.60710496e+00
 4.19650794e+00 -1.19212598e+01  3.71036478e-01  1.31760588e+01  9.60294112e+00
 4.19650794e+00 -1.17874016e+01  5.04933117e-01  1.31760662e+01  9.59870187e+00
 4.19650794e+00 -1.16535433e+01  6.38842236e-01  1.31761267e+01  9.59443620e+00
 4.19650794e+00 -1.15196850e+01  7.72754360e-01  1.31762320e+01  9.59017703e+00
 4.19650794e+00 -1.13858268e+01  9.06663145e-01  1.31763608e+01  9.58583317e+00
 4.19650794e+00 -1.12519685e+01  1.04056486e+00  1.31764949e+01  9.58143608e+00
 4.19650794e+00 -1.11181102e+01  1.17445105e+00  1.31766175e+01  9.57701657e+00
 4.19650794e+00 -1.09842520e+01  1.30830382e+00  1.31767014e+01  9.57250794e+00
 4.19650794e+00 -1.08503937e+01  1.44210644e+00  1.31766504e+01  9.56789095e+00
 4.19650794e+00 -1.07165354e+01  1.57583873e+00  1.31764021e+01  9.56316684e+00
 4.19650794e+00 -1.05826772e+01  1.70947358e+00  1.31759816e+01  9.55832960e+00
 4.19650794e+00 -1.04488189e+01  1.84298446e+00  1.31753049e+01  9.55337382e+00
 4.19650794e+00 -1.03149606e+01  1.97636134e+00  1.31742726e+01  9.54829003e+00
 4.19650794e+00 -1.01811024e+01  2.10960808e+00  1.31728403e+01  9.54305806e+00
 4.19650794e+00 -1.00472441e+01  2.24265698e+00  1.31709652e+01  9.53763590e+00
 4.19650794e+00 -9.91338583e+00  2.37551068e+00  1.31686440e+01  9.53201593e+00
 4.19650794e+00 -9.77952756e+00  2.50830427e+00  1.31659355e+01  9.52625235e+00
 4.19650794e+00 -9.64566929e+00  2.64099817e+00  1.31629128e+01  9.52036140e+00
 4.19650794e+00 -9.51181102e+00  2.77355121e+00  1.31596559e+01  9.51434825e+00
 4.19650794e+00 -9.37795276e+00  2.90604571e+00  1.31562397e+01  9.50823378e+00
 4.19650794e+00 -9.24409449e+00  3.03854385e+00  1.31527125e+01  9.50206240e+00
 4.19650794e+00 -9.11023622e+00  3.17108262e+00  1.31491485e+01  9.49585692e+00
 4.19650794e+00 -8.97637795e+00  3.30367208e+00  1.31456786e+01  9.48959544e+00
 4.19650794e+00 -8.84251969e+00  3.43629379e+00  1.31423628e+01  9.48332633e+00
 4.19650794e+00 -8.70866142e+00  3.56895007e+00  1.31392044e+01  9.47705912e+00
 4.19650794e+00 -8.57480315e+00  3.70169277e+00  1.31361921e+01  9.47069938e+00
 4.19650794e+00 -8.44094488e+00  3.83450736e+00  1.31334878e+01  9.46441020e+00
 4.19650794e+00 -8.30708661e+00  3.96733466e+00  1.31311467e+01  9.45830024e+00
 4.19650794e+00 -8.17322835e+00  4.10010510e+00  1.31288856e+01  9.45214178e+00
 4.19650794e+00 -8.03937008e+00  4.23277270e+00  1.31266116e+01  9.44585138e+00
 4.19650794e+00 -7.90551181e+00  4.36527501e+00  1.31242369e+01  9.43942623e+00
 4.19650794e+00 -7.77165354e+00  4.49748303e+00  1.31214534e+01  9.43282606e+00
 4.19650794e+00 -7.63779528e+00  4.62913655e+00  1.31179383e+01  9.42587817e+00
 4.19650794e+00 -7.50393701e+00  4.75997881e+00  1.31133342e+01  9.41841316e+00
 4.19650794e+00 -7.37007874e+00  4.88988165e+00  1.31071999e+01  9.41039667e+00
 4.19650794e+00 -7.23622047e+00  5.01863558e+00  1.30991572e+01  9.40171136e+00
 4.19650794e+00 -7.10236220e+00  5.14605075e+00  1.30888860e+01  9.39222793e+00
 4.19650794e+00 -6.96850394e+00  5.27211571e+00  1.30760920e+01  9.38192713e+00
 4.19650794e+00 -6.83464567e+00  5.39684868e+00  1.30607105e+01  9.37082908e+00
 4.19650794e+00 -6.70078740e+00  5.52029999e+00  1.30428407e+01  9.35899151e+00
 4.19650794e+00 -6.56692913e+00  5.64264611e+00  1.30225152e+01  9.34655615e+00
 4.19650794e+00 -6.43307087e+00  5.76413283e+00  1.29999371e+01  9.33366627e+00
 4.19650794e+00 -6.29921260e+00  5.88505342e+00  1.29755675e+01  9.32043695e+00
 4.19650794e+00 -6.16535433e+00  6.00561556e+00  1.29497226e+01  9.30698380e+00
 4.19650794e+00 -6.03149606e+00  6.12599524e+00  1.29226638e+01  9.29342702e+00
 4.19650794e+00 -5.89763780e+00  6.24643050e+00  1.28947849e+01  9.27989209e+00
 4.19650794e+00 -5.76377953e+00  6.36712619e+00  1.28664690e+01  9.26647725e+00
 4.19650794e+00 -5.62992126e+00  6.48822215e+00  1.28380510e+01  9.25324484e+00
 4.19650794e+00 -5.49606299e+00  6.60981462e+00  1.28098633e+01  9.24026569e+00
 4.19650794e+00 -5.36220472e+00  6.73198843e+00  1.27822208e+01  9.22760608e+00
 4.19650794e+00 -5.22834646e+00  6.85485915e+00  1.27553760e+01  9.21529785e+00
 4.19650794e+00 -5.09448819e+00  6.97852395e+00  1.27295711e+01  9.20335977e+00
 4.19650794e+00 -4.96062992e+00  7.10303857e+00  1.27050343e+01  9.19180370e+00
 4.19650794e+00 -4.82677165e+00  7.22837390e+00  1.26818778e+01  9.18064708e+00
 4.19650794e+00 -4.69291339e+00  7.35449414e+00  1.26602059e+01  9.16990152e+00
 4.19650794e+00 -4.55905512e+00  7.48142163e+00  1.26402003e+01  9.15955774e+00
 4.19650794e+00 -4.42519685e+00  7.60910655e+00  1.26218728e+01  9.14954909e+00
 4.19650794e+00 -4.29133858e+00  7.73747051e+00  1.26051259e+01  9.13980451e+00
 4.19650794e+00 -4.15748031e+00  7.86652603e+00  1.25899323e+01  9.13036461e+00
 4.19650794e+00 -4.02362205e+00  7.99616572e+00  1.25762369e+01  9.12120403e+00
 4.19650794e+00 -3.88976378e+00  8.12621511e+00  1.25639045e+01  9.11221596e+00
 4.19650794e+00 -3.75590551e+00  8.25680596e+00  1.25526657e+01  9.10332591e+00
 4.19650794e+00 -3.62204724e+00  8.38782279e+00  1.25424749e+01  9.09452538e+00
 4.19650794e+00 -3.48818898e+00  8.51885065e+00  1.25335179e+01  9.08586416e+00
 4.19650794e+00 -3.35433071e+00  8.65002902e+00  1.25256294e+01  9.07735068e+00
 4.19650794e+00 -3.22047244e+00  8.78156400e+00  1.25185971e+01  9.06891231e+00
 4.19650794e+00 -3.08661417e+00  8.91343347e+00  1.25122770e+01  9.06041090e+00
 4.19650794e+00 -2.95275591e+00  9.04526535e+00  1.25063851e+01  9.05187082e+00
 4.19650794e+00 -2.81889764e+00  9.17679467e+00  1.25007340e+01  9.04330326e+00
 4.19650794e+00 -2.68503937e+00  9.30811505e+00  1.24953544e+01  9.03462129e+00
 4.19650794e+00 -2.55118110e+00  9.43937166e+00  1.24901700e+01  9.02585576e+00
 4.19650794e+00 -2.41732283e+00  9.57046014e+00  1.24848029e+01  9.01697818e+00
 4.19650794e+00 -2.28346457e+00  9.70089882e+00  1.24785220e+01  9.00779322e+00
 4.19650794e+00 -2.14960630e+00  9.83061407e+00  1.24710490e+01  8.99825829e+00
 4.19650794e+00 -2.01574803e+00  9.95974124e+00  1.24623318e+01  8.98840138e+00
 4.19650794e+00 -1.88188976e+00  1.00884198e+01  1.24523227e+01  8.97823068e+00
 4.19650794e+00 -1.74803150e+00  1.02168535e+01  1.24411242e+01  8.96773059e+00
 4.19650794e+00 -1.61417323e+00  1.03453937e+01  1.24289127e+01  8.95689560e+00
 4.19650794e+00 -1.48031496e+00  1.04747178e+01  1.24158302e+01  8.94578238e+00
 4.19650794e+00 -1.34645669e+00  1.06057121e+01  1.24021267e+01  8.93443565e+00
 4.19650794e+00 -1.21259843e+00  1.07395752e+01  1.23881587e+01  8.92285784e+00
 4.19650794e+00 -1.07874016e+00  1.08782792e+01  1.23743009e+01  8.91096940e+00
 4.19650794e+00 -9.44881890e-01  1.10235128e+01  1.23610792e+01  8.89878973e+00
 4.19650794e+00 -8.11023622e-01  1.11778740e+01  1.23494154e+01  8.88639183e+00
 4.19650794e+00 -6.77165354e-01  1.13486668e+01  1.23411244e+01  8.87364058e+00
 4.19650794e+00 -5.43307087e-01  1.15402953e+01  1.23389593e+01  8.86051763e+00
 4.19650794e+00 -4.09448819e-01  1.17459760e+01  1.23489395e+01  8.84696879e+00
 4.19650794e+00 -2.75590551e-01  1.19581041e+01  1.23772096e+01  8.83284096e+00
 4.19650794e+00 -1.41732283e-01  1.21801531e+01  1.24211552e+01  8.81780786e+00
 4.19650794e+00 -7.87401575e-03  1.24167062e+01  1.24779061e+01  8.80144515e+00
 4.19650794e+00  1.25984252e-01  1.26608277e+01  1.25510685e+01  8.78368538e+00
 4.19650794e+00  2.59842520e-01  1.29058979e+01  1.26433082e+01  8.76458983e+00
 4.19650794e+00  3.93700787e-01  1.31547984e+01  1.27520912e+01  8.74409077e+00
 4.19650794e+00  5.27559055e-01  1.34090904e+01  1.28727717e+01  8.72214945e+00
 4.19650794e+00  6.61417323e-01  1.36672846e+01  1.29989416e+01  8.69875483e+00
 4.19650794e+00  7.95275591e-01  1.39240459e+01  1.31253512e+01  8.67405913e+00
 4.19650794e+00  9.29133858e-01  1.41829133e+01  1.32526884e+01  8.64828015e+00
 4.19650794e+00  1.06299213e+00  1.44359597e+01  1.33771319e+01  8.62124342e+00
 4.19650794e+00  1.19685039e+00  1.46640316e+01  1.34994769e+01  8.59227289e+00
 4.19650794e+00  1.33070866e+00  1.48761130e+01  1.36205154e+01  8.56106574e+00
 4.19650794e+00  1.46456693e+00  1.50881944e+01  1.37415539e+01  8.52985859e+00
 4.19650794e+00  1.59842520e+00  1.53002758e+01  1.38625924e+01  8.49865144e+00
 4.19650794e+00  1.73228346e+00  1.55123572e+01  1.39836309e+01  8.46744429e+00
 4.19650794e+00  1.86614173e+00  1.57244386e+01  1.41046694e+01  8.43623714e+00
 4.19650794e+00  2.00000000e+00  1.59365200e+01  1.42257079e+01  8.40502999e+00
 4.27492063e+00 -1.50000000e+01 -2.63098129e+00  1.32047089e+01  9.69632829e+00
 4.27492063e+00 -1.48661417e+01 -2.49727912e+00  1.32039163e+01  9.69267904e+00
 4.27492063e+00 -1.47322835e+01 -2.36356607e+00  1.32031302e+01  9.68904196e+00
 4.27492063e+00 -1.45984252e+01 -2.22985761e+00  1.32023168e+01  9.68540932e+00
 4.27492063e+00 -1.44645669e+01 -2.09619453e+00  1.32014168e+01  9.68167114e+00
 4.27492063e+00 -1.43307087e+01 -1.96250773e+00  1.32004902e+01  9.67788151e+00
 4.27492063e+00 -1.41968504e+01 -1.82873068e+00  1.31995990e+01  9.67410876e+00
 4.27492063e+00 -1.40629921e+01 -1.69489254e+00  1.31987112e+01  9.67030002e+00
 4.27492063e+00 -1.39291339e+01 -1.56097564e+00  1.31978443e+01  9.66643188e+00
 4.27492063e+00 -1.37952756e+01 -1.42693459e+00  1.31970329e+01  9.66253467e+00
 4.27492063e+00 -1.36614173e+01 -1.29272401e+00  1.31962924e+01  9.65867907e+00
 4.27492063e+00 -1.35275591e+01 -1.15831058e+00  1.31956377e+01  9.65480246e+00
 4.27492063e+00 -1.33937008e+01 -1.02364724e+00  1.31950775e+01  9.65087402e+00
 4.27492063e+00 -1.32598425e+01 -8.89022042e-01  1.31946103e+01  9.64700150e+00
 4.27492063e+00 -1.31259843e+01 -7.54896823e-01  1.31942394e+01  9.64311009e+00
 4.27492063e+00 -1.29921260e+01 -6.21085290e-01  1.31939572e+01  9.63914227e+00
 4.27492063e+00 -1.28582677e+01 -4.87264670e-01  1.31937432e+01  9.63519741e+00
 4.27492063e+00 -1.27244094e+01 -3.53425188e-01  1.31935934e+01  9.63125431e+00
 4.27492063e+00 -1.25905512e+01 -2.19584527e-01  1.31935037e+01  9.62726384e+00
 4.27492063e+00 -1.24566929e+01 -8.57316731e-02  1.31934600e+01  9.62322261e+00
 4.27492063e+00 -1.23228346e+01  4.81366271e-02  1.31934506e+01  9.61915097e+00
 4.27492063e+00 -1.21889764e+01  1.82011447e-01  1.31934682e+01  9.61505252e+00
 4.27492063e+00 -1.20551181e+01  3.15875791e-01  1.31935084e+01  9.61090629e+00
 4.27492063e+00 -1.19212598e+01  4.49743379e-01  1.31935533e+01  9.60675299e+00
 4.27492063e+00 -1.17874016e+01  5.83615109e-01  1.31935925e+01  9.60257840e+00
 4.27492063e+00 -1.16535433e+01  7.17464899e-01  1.31936302e+01  9.59829027e+00
 4.27492063e+00 -1.15196850e+01  8.51309012e-01  1.31936500e+01  9.59397766e+00
 4.27492063e+00 -1.13858268e+01  9.85156921e-01  1.31936414e+01  9.58966623e+00
 4.27492063e+00 -1.12519685e+01  1.11899195e+00  1.31936106e+01  9.58523898e+00
 4.27492063e+00 -1.11181102e+01  1.25282407e+00  1.31935536e+01  9.58077099e+00
 4.27492063e+00 -1.09842520e+01  1.38665578e+00  1.31934698e+01  9.57630586e+00
 4.27492063e+00 -1.08503937e+01  1.52047288e+00  1.31933686e+01  9.57176741e+00
 4.27492063e+00 -1.07165354e+01  1.65429489e+00  1.31932555e+01  9.56715845e+00
 4.27492063e+00 -1.05826772e+01  1.78813087e+00  1.31931407e+01  9.56250002e+00
 4.27492063e+00 -1.04488189e+01  1.92196612e+00  1.31930386e+01  9.55779774e+00
 4.27492063e+00 -1.03149606e+01  2.05581014e+00  1.31929469e+01  9.55305308e+00
 4.27492063e+00 -1.01811024e+01  2.18967114e+00  1.31928678e+01  9.54828380e+00
 4.27492063e+00 -1.00472441e+01  2.32354404e+00  1.31928133e+01  9.54350773e+00
 4.27492063e+00 -9.91338583e+00  2.45741821e+00  1.31927858e+01  9.53863841e+00
 4.27492063e+00 -9.77952756e+00  2.59128633e+00  1.31927668e+01  9.53368049e+00
 4.27492063e+00 -9.64566929e+00  2.72514479e+00  1.31927218e+01  9.52873941e+00
 4.27492063e+00 -9.51181102e+00  2.85897969e+00  1.31926439e+01  9.52369034e+00
 4.27492063e+00 -9.37795276e+00  2.99277582e+00  1.31924798e+01  9.51849537e+00
 4.27492063e+00 -9.24409449e+00  3.12650843e+00  1.31921351e+01  9.51325850e+00
 4.27492063e+00 -9.11023622e+00  3.26010058e+00  1.31916209e+01  9.50788266e+00
 4.27492063e+00 -8.97637795e+00  3.39354440e+00  1.31908740e+01  9.50232888e+00
 4.27492063e+00 -8.84251969e+00  3.52690723e+00  1.31897495e+01  9.49666633e+00
 4.27492063e+00 -8.70866142e+00  3.66015801e+00  1.31882701e+01  9.49083596e+00
 4.27492063e+00 -8.57480315e+00  3.79313918e+00  1.31862539e+01  9.48475821e+00
 4.27492063e+00 -8.44094488e+00  3.92569201e+00  1.31834520e+01  9.47841993e+00
 4.27492063e+00 -8.30708661e+00  4.05810688e+00  1.31804139e+01  9.47199323e+00
 4.27492063e+00 -8.17322835e+00  4.19051348e+00  1.31773332e+01  9.46553440e+00
 4.27492063e+00 -8.03937008e+00  4.32276414e+00  1.31739208e+01  9.45894117e+00
 4.27492063e+00 -7.90551181e+00  4.45492449e+00  1.31703208e+01  9.45225213e+00
 4.27492063e+00 -7.77165354e+00  4.58706796e+00  1.31666884e+01  9.44549962e+00
 4.27492063e+00 -7.63779528e+00  4.71919482e+00  1.31630494e+01  9.43865846e+00
 4.27492063e+00 -7.50393701e+00  4.85130730e+00  1.31594542e+01  9.43173262e+00
 4.27492063e+00 -7.37007874e+00  4.98340528e+00  1.31559289e+01  9.42477425e+00
 4.27492063e+00 -7.23622047e+00  5.11547155e+00  1.31524528e+01  9.41784883e+00
 4.27492063e+00 -7.10236220e+00  5.24741626e+00  1.31489650e+01  9.41080511e+00
 4.27492063e+00 -6.96850394e+00  5.37914735e+00  1.31453305e+01  9.40354689e+00
 4.27492063e+00 -6.83464567e+00  5.51058451e+00  1.31413189e+01  9.39614320e+00
 4.27492063e+00 -6.70078740e+00  5.64149804e+00  1.31366438e+01  9.38847638e+00
 4.27492063e+00 -6.56692913e+00  5.77165396e+00  1.31309525e+01  9.38038105e+00
 4.27492063e+00 -6.43307087e+00  5.90089941e+00  1.31238278e+01  9.37174123e+00
 4.27492063e+00 -6.29921260e+00  6.02903939e+00  1.31149175e+01  9.36243596e+00
 4.27492063e+00 -6.16535433e+00  6.15590937e+00  1.31039232e+01  9.35240878e+00
 4.27492063e+00 -6.03149606e+00  6.28144998e+00  1.30905882e+01  9.34172288e+00
 4.27492063e+00 -5.89763780e+00  6.40568681e+00  1.30748232e+01  9.33035018e+00
 4.27492063e+00 -5.76377953e+00  6.52872536e+00  1.30566667e+01  9.31825801e+00
 4.27492063e+00 -5.62992126e+00  6.65078633e+00  1.30362377e+01  9.30562189e+00
 4.27492063e+00 -5.49606299e+00  6.77208153e+00  1.30137700e+01  9.29258382e+00
 4.27492063e+00 -5.36220472e+00  6.89279992e+00  1.29896204e+01  9.27920755e+00
 4.27492063e+00 -5.22834646e+00  7.01322842e+00  1.29641451e+01  9.26565193e+00
 4.27492063e+00 -5.09448819e+00  7.13365227e+00  1.29376911e+01  9.25208729e+00
 4.27492063e+00 -4.96062992e+00  7.25422181e+00  1.29106075e+01  9.23858305e+00
 4.27492063e+00 -4.82677165e+00  7.37508589e+00  1.28832638e+01  9.22520466e+00
 4.27492063e+00 -4.69291339e+00  7.49641600e+00  1.28560441e+01  9.21203207e+00
 4.27492063e+00 -4.55905512e+00  7.61835310e+00  1.28292644e+01  9.19913345e+00
 4.27492063e+00 -4.42519685e+00  7.74100410e+00  1.28031753e+01  9.18655259e+00
 4.27492063e+00 -4.29133858e+00  7.86442179e+00  1.27779395e+01  9.17428395e+00
 4.27492063e+00 -4.15748031e+00  7.98862455e+00  1.27538179e+01  9.16235879e+00
 4.27492063e+00 -4.02362205e+00  8.11361342e+00  1.27311420e+01  9.15083649e+00
 4.27492063e+00 -3.88976378e+00  8.23943594e+00  1.27100413e+01  9.13969527e+00
 4.27492063e+00 -3.75590551e+00  8.36603409e+00  1.26906595e+01  9.12894305e+00
 4.27492063e+00 -3.62204724e+00  8.49317834e+00  1.26732591e+01  9.11866540e+00
 4.27492063e+00 -3.48818898e+00  8.62096624e+00  1.26580121e+01  9.10880575e+00
 4.27492063e+00 -3.35433071e+00  8.74969908e+00  1.26448721e+01  9.09923135e+00
 4.27492063e+00 -3.22047244e+00  8.87965257e+00  1.26333568e+01  9.08982378e+00
 4.27492063e+00 -3.08661417e+00  9.01030146e+00  1.26229624e+01  9.08053858e+00
 4.27492063e+00 -2.95275591e+00  9.14079455e+00  1.26131967e+01  9.07134482e+00
 4.27492063e+00 -2.81889764e+00  9.27122253e+00  1.26035691e+01  9.06209172e+00
 4.27492063e+00 -2.68503937e+00  9.40167739e+00  1.25938308e+01  9.05270822e+00
 4.27492063e+00 -2.55118110e+00  9.53210201e+00  1.25839933e+01  9.04320478e+00
 4.27492063e+00 -2.41732283e+00  9.66250364e+00  1.25742546e+01  9.03355571e+00
 4.27492063e+00 -2.28346457e+00  9.79290178e+00  1.25647447e+01  9.02378613e+00
 4.27492063e+00 -2.14960630e+00  9.92329024e+00  1.25554639e+01  9.01396870e+00
 4.27492063e+00 -2.01574803e+00  1.00535655e+01  1.25463483e+01  9.00410175e+00
 4.27492063e+00 -1.88188976e+00  1.01836489e+01  1.25371532e+01  8.99410379e+00
 4.27492063e+00 -1.74803150e+00  1.03135622e+01  1.25274373e+01  8.98383754e+00
 4.27492063e+00 -1.61417323e+00  1.04435287e+01  1.25168013e+01  8.97325715e+00
 4.27492063e+00 -1.48031496e+00  1.05740247e+01  1.25052028e+01  8.96238724e+00
 4.27492063e+00 -1.34645669e+00  1.07058122e+01  1.24930493e+01  8.95128692e+00
 4.27492063e+00 -1.21259843e+00  1.08395549e+01  1.24801969e+01  8.93985412e+00
 4.27492063e+00 -1.07874016e+00  1.09765949e+01  1.24669473e+01  8.92805170e+00
 4.27492063e+00 -9.44881890e-01  1.11194766e+01  1.24552282e+01  8.91614706e+00
 4.27492063e+00 -8.11023622e-01  1.12684923e+01  1.24487107e+01  8.90469313e+00
 4.27492063e+00 -6.77165354e-01  1.14257694e+01  1.24464972e+01  8.89342747e+00
 4.27492063e+00 -5.43307087e-01  1.15971191e+01  1.24439018e+01  8.88110568e+00
 4.27492063e+00 -4.09448819e-01  1.17850951e+01  1.24458533e+01  8.86729623e+00
 4.27492063e+00 -2.75590551e-01  1.19877725e+01  1.24612125e+01  8.85223144e+00
 4.27492063e+00 -1.41732283e-01  1.22049043e+01  1.24915132e+01  8.83631701e+00
 4.27492063e+00 -7.87401575e-03  1.24372275e+01  1.25368434e+01  8.81944249e+00
 4.27492063e+00  1.25984252e-01  1.26774842e+01  1.26000949e+01  8.80154126e+00
 4.27492063e+00  2.59842520e-01  1.29197612e+01  1.26824757e+01  8.78256821e+00
 4.27492063e+00  3.93700787e-01  1.31677515e+01  1.27824670e+01  8.76247258e+00
 4.27492063e+00  5.27559055e-01  1.34227209e+01  1.28962502e+01  8.74141782e+00
 4.27492063e+00  6.61417323e-01  1.36798388e+01  1.30169016e+01  8.71933879e+00
 4.27492063e+00  7.95275591e-01  1.39360062e+01  1.31401934e+01  8.69619104e+00
 4.27492063e+00  9.29133858e-01  1.41874003e+01  1.32636774e+01  8.67164458e+00
 4.27492063e+00  1.06299213e+00  1.44351341e+01  1.33856761e+01  8.64587924e+00
 4.27492063e+00  1.19685039e+00  1.46861761e+01  1.35058921e+01  8.61893058e+00
 4.27492063e+00  1.33070866e+00  1.49349228e+01  1.36252817e+01  8.59044882e+00
 4.27492063e+00  1.46456693e+00  1.51668591e+01  1.37440142e+01  8.55957880e+00
 4.27492063e+00  1.59842520e+00  1.53767534e+01  1.38608700e+01  8.52643811e+00
 4.27492063e+00  1.73228346e+00  1.55866477e+01  1.39777258e+01  8.49329742e+00
 4.27492063e+00  1.86614173e+00  1.57965420e+01  1.40945816e+01  8.46015673e+00
 4.27492063e+00  2.00000000e+00  1.60064363e+01  1.42114374e+01  8.42701604e+00
 4.35333333e+00 -1.50000000e+01 -2.53765468e+00  1.32962354e+01  9.71117410e+00
 4.35333333e+00 -1.48661417e+01 -2.40474126e+00  1.32916960e+01  9.70688646e+00
 4.35333333e+00 -1.47322835e+01 -2.27194952e+00  1.32864407e+01  9.70253447e+00
 4.35333333e+00 -1.45984252e+01 -2.13930314e+00  1.32805786e+01  9.69808364e+00
 4.35333333e+00 -1.44645669e+01 -2.00673913e+00  1.32742874e+01  9.69353033e+00
 4.35333333e+00 -1.43307087e+01 -1.87411236e+00  1.32677870e+01  9.68894311e+00
 4.35333333e+00 -1.41968504e+01 -1.74140993e+00  1.32612984e+01  9.68434444e+00
 4.35333333e+00 -1.40629921e+01 -1.60860658e+00  1.32550465e+01  9.67974340e+00
 4.35333333e+00 -1.39291339e+01 -1.47562241e+00  1.32492421e+01  9.67516255e+00
 4.35333333e+00 -1.37952756e+01 -1.34240848e+00  1.32440228e+01  9.67067671e+00
 4.35333333e+00 -1.36614173e+01 -1.20892435e+00  1.32394589e+01  9.66627506e+00
 4.35333333e+00 -1.35275591e+01 -1.07512245e+00  1.32355642e+01  9.66186548e+00
 4.35333333e+00 -1.33937008e+01 -9.40956725e-01  1.32323051e+01  9.65755223e+00
 4.35333333e+00 -1.32598425e+01 -8.06668541e-01  1.32296195e+01  9.65335597e+00
 4.35333333e+00 -1.31259843e+01 -6.72794167e-01  1.32274262e+01  9.64916018e+00
 4.35333333e+00 -1.29921260e+01 -5.39275779e-01  1.32256421e+01  9.64500491e+00
 4.35333333e+00 -1.28582677e+01 -4.05730247e-01  1.32241688e+01  9.64089515e+00
 4.35333333e+00 -1.27244094e+01 -2.72152145e-01  1.32229046e+01  9.63676366e+00
 4.35333333e+00 -1.25905512e+01 -1.38556680e-01  1.32217885e+01  9.63256772e+00
 4.35333333e+00 -1.24566929e+01 -4.95220245e-03  1.32207714e+01  9.62831594e+00
 4.35333333e+00 -1.23228346e+01  1.28663341e-01  1.32198108e+01  9.62406088e+00
 4.35333333e+00 -1.21889764e+01  2.62281130e-01  1.32188910e+01  9.61983614e+00
 4.35333333e+00 -1.20551181e+01  3.95901153e-01  1.32180026e+01  9.61559667e+00
 4.35333333e+00 -1.19212598e+01  5.29533910e-01  1.32171404e+01  9.61125156e+00
 4.35333333e+00 -1.17874016e+01  6.63180371e-01  1.32163173e+01  9.60685402e+00
 4.35333333e+00 -1.16535433e+01  7.96842393e-01  1.32155455e+01  9.60246272e+00
 4.35333333e+00 -1.15196850e+01  9.30525557e-01  1.32148337e+01  9.59808432e+00
 4.35333333e+00 -1.13858268e+01  1.06423466e+00  1.32142018e+01  9.59366409e+00
 4.35333333e+00 -1.12519685e+01  1.19796866e+00  1.32136588e+01  9.58917696e+00
 4.35333333e+00 -1.11181102e+01  1.33172341e+00  1.32131995e+01  9.58465950e+00
 4.35333333e+00 -1.09842520e+01  1.46550535e+00  1.32128228e+01  9.58019810e+00
 4.35333333e+00 -1.08503937e+01  1.59930906e+00  1.32125276e+01  9.57575341e+00
 4.35333333e+00 -1.07165354e+01  1.73311989e+00  1.32123089e+01  9.57118504e+00
 4.35333333e+00 -1.05826772e+01  1.86694631e+00  1.32121490e+01  9.56651856e+00
 4.35333333e+00 -1.04488189e+01  2.00078641e+00  1.32120351e+01  9.56180956e+00
 4.35333333e+00 -1.03149606e+01  2.13462674e+00  1.32119613e+01  9.55709642e+00
 4.35333333e+00 -1.01811024e+01  2.26847255e+00  1.32119158e+01  9.55240111e+00
 4.35333333e+00 -1.00472441e+01  2.40232225e+00  1.32118846e+01  9.54766684e+00
 4.35333333e+00 -9.91338583e+00  2.53616602e+00  1.32118548e+01  9.54279970e+00
 4.35333333e+00 -9.77952756e+00  2.67000580e+00  1.32118214e+01  9.53784108e+00
 4.35333333e+00 -9.64566929e+00  2.80384209e+00  1.32117813e+01  9.53286844e+00
 4.35333333e+00 -9.51181102e+00  2.93767207e+00  1.32117325e+01  9.52791099e+00
 4.35333333e+00 -9.37795276e+00  3.07149618e+00  1.32116746e+01  9.52282155e+00
 4.35333333e+00 -9.24409449e+00  3.20532215e+00  1.32115971e+01  9.51764786e+00
 4.35333333e+00 -9.11023622e+00  3.33915549e+00  1.32114940e+01  9.51254563e+00
 4.35333333e+00 -8.97637795e+00  3.47297552e+00  1.32114045e+01  9.50730454e+00
 4.35333333e+00 -8.84251969e+00  3.60680505e+00  1.32112813e+01  9.50192300e+00
 4.35333333e+00 -8.70866142e+00  3.74065987e+00  1.32110558e+01  9.49656870e+00
 4.35333333e+00 -8.57480315e+00  3.87439184e+00  1.32108718e+01  9.49111049e+00
 4.35333333e+00 -8.44094488e+00  4.00801350e+00  1.32107246e+01  9.48554499e+00
 4.35333333e+00 -8.30708661e+00  4.14164528e+00  1.32104818e+01  9.47998519e+00
 4.35333333e+00 -8.17322835e+00  4.27520996e+00  1.32101427e+01  9.47437779e+00
 4.35333333e+00 -8.03937008e+00  4.40868659e+00  1.32096766e+01  9.46866459e+00
 4.35333333e+00 -7.90551181e+00  4.54209859e+00  1.32090057e+01  9.46281971e+00
 4.35333333e+00 -7.77165354e+00  4.67534600e+00  1.32080652e+01  9.45683591e+00
 4.35333333e+00 -7.63779528e+00  4.80839609e+00  1.32068354e+01  9.45067284e+00
 4.35333333e+00 -7.50393701e+00  4.94126981e+00  1.32052911e+01  9.44429024e+00
 4.35333333e+00 -7.37007874e+00  5.07391196e+00  1.32032822e+01  9.43774743e+00
 4.35333333e+00 -7.23622047e+00  5.20632568e+00  1.32008119e+01  9.43104962e+00
 4.35333333e+00 -7.10236220e+00  5.33855912e+00  1.31979838e+01  9.42415342e+00
 4.35333333e+00 -6.96850394e+00  5.47060068e+00  1.31947157e+01  9.41707216e+00
 4.35333333e+00 -6.83464567e+00  5.60244520e+00  1.31910581e+01  9.40982065e+00
 4.35333333e+00 -6.70078740e+00  5.73411260e+00  1.31871783e+01  9.40240829e+00
 4.35333333e+00 -6.56692913e+00  5.86565426e+00  1.31830764e+01  9.39486324e+00
 4.35333333e+00 -6.43307087e+00  5.99705902e+00  1.31787862e+01  9.38720534e+00
 4.35333333e+00 -6.29921260e+00  6.12824962e+00  1.31743655e+01  9.37943506e+00
 4.35333333e+00 -6.16535433e+00  6.25916759e+00  1.31696360e+01  9.37153128e+00
 4.35333333e+00 -6.03149606e+00  6.38972711e+00  1.31644381e+01  9.36343451e+00
 4.35333333e+00 -5.89763780e+00  6.51979701e+00  1.31586721e+01  9.35504969e+00
 4.35333333e+00 -5.76377953e+00  6.64920682e+00  1.31520477e+01  9.34630390e+00
 4.35333333e+00 -5.62992126e+00  6.77777526e+00  1.31441859e+01  9.33711767e+00
 4.35333333e+00 -5.49606299e+00  6.90532984e+00  1.31346946e+01  9.32739674e+00
 4.35333333e+00 -5.36220472e+00  7.03174960e+00  1.31233178e+01  9.31707424e+00
 4.35333333e+00 -5.22834646e+00  7.15696382e+00  1.31098953e+01  9.30612293e+00
 4.35333333e+00 -5.09448819e+00  7.28096589e+00  1.30943332e+01  9.29456588e+00
 4.35333333e+00 -4.96062992e+00  7.40391210e+00  1.30765626e+01  9.28243045e+00
 4.35333333e+00 -4.82677165e+00  7.52600490e+00  1.30566439e+01  9.26977888e+00
 4.35333333e+00 -4.69291339e+00  7.64728325e+00  1.30350761e+01  9.25680533e+00
 4.35333333e+00 -4.55905512e+00  7.76805691e+00  1.30120628e+01  9.24358435e+00
 4.35333333e+00 -4.42519685e+00  7.88894575e+00  1.29873978e+01  9.23003749e+00
 4.35333333e+00 -4.29133858e+00  8.00978231e+00  1.29619456e+01  9.21646643e+00
 4.35333333e+00 -4.15748031e+00  8.13014690e+00  1.29371211e+01  9.20333858e+00
 4.35333333e+00 -4.02362205e+00  8.25019365e+00  1.29141259e+01  9.19097042e+00
 4.35333333e+00 -3.88976378e+00  8.37099226e+00  1.28926309e+01  9.17911628e+00
 4.35333333e+00 -3.75590551e+00  8.49440133e+00  1.28707325e+01  9.16697859e+00
 4.35333333e+00 -3.62204724e+00  8.61956197e+00  1.28490268e+01  9.15481707e+00
 4.35333333e+00 -3.48818898e+00  8.74475073e+00  1.28287804e+01  9.14317517e+00
 4.35333333e+00 -3.35433071e+00  8.87011546e+00  1.28094287e+01  9.13181905e+00
 4.35333333e+00 -3.22047244e+00  8.99580988e+00  1.27904500e+01  9.12056590e+00
 4.35333333e+00 -3.08661417e+00  9.12177304e+00  1.27716574e+01  9.10938081e+00
 4.35333333e+00 -2.95275591e+00  9.24811599e+00  1.27531325e+01  9.09823608e+00
 4.35333333e+00 -2.81889764e+00  9.37502062e+00  1.27351488e+01  9.08714868e+00
 4.35333333e+00 -2.68503937e+00  9.50266577e+00  1.27181266e+01  9.07619106e+00
 4.35333333e+00 -2.55118110e+00  9.63098534e+00  1.27023331e+01  9.06539278e+00
 4.35333333e+00 -2.41732283e+00  9.75986161e+00  1.26879370e+01  9.05476512e+00
 4.35333333e+00 -2.28346457e+00  9.88929428e+00  1.26750319e+01  9.04432308e+00
 4.35333333e+00 -2.14960630e+00  1.00191884e+01  1.26633203e+01  9.03404365e+00
 4.35333333e+00 -2.01574803e+00  1.01494069e+01  1.26523112e+01  9.02384877e+00
 4.35333333e+00 -1.88188976e+00  1.02798909e+01  1.26416425e+01  9.01358627e+00
 4.35333333e+00 -1.74803150e+00  1.04106905e+01  1.26310384e+01  9.00317909e+00
 4.35333333e+00 -1.61417323e+00  1.05418748e+01  1.26203574e+01  8.99262036e+00
 4.35333333e+00 -1.48031496e+00  1.06733494e+01  1.26097295e+01  8.98191990e+00
 4.35333333e+00 -1.34645669e+00  1.08050504e+01  1.25993830e+01  8.97109821e+00
 4.35333333e+00 -1.21259843e+00  1.09376056e+01  1.25893937e+01  8.96013618e+00
 4.35333333e+00 -1.07874016e+00  1.10737157e+01  1.25793821e+01  8.94889384e+00
 4.35333333e+00 -9.44881890e-01  1.12092291e+01  1.25735957e+01  8.93827969e+00
 4.35333333e+00 -8.11023622e-01  1.13395969e+01  1.25763069e+01  8.92919510e+00
 4.35333333e+00 -6.77165354e-01  1.14785662e+01  1.25825567e+01  8.92012470e+00
 4.35333333e+00 -5.43307087e-01  1.16397436e+01  1.25874591e+01  8.90938333e+00
 4.35333333e+00 -4.09448819e-01  1.18246326e+01  1.25897152e+01  8.89583942e+00
 4.35333333e+00 -2.75590551e-01  1.20175160e+01  1.25958284e+01  8.88026916e+00
 4.35333333e+00 -1.41732283e-01  1.22257417e+01  1.26083833e+01  8.86285421e+00
 4.35333333e+00 -7.87401575e-03  1.24557363e+01  1.26315498e+01  8.84395130e+00
 4.35333333e+00  1.25984252e-01  1.26955989e+01  1.26719739e+01  8.82387209e+00
 4.35333333e+00  2.59842520e-01  1.29360176e+01  1.27346037e+01  8.80293684e+00
 4.35333333e+00  3.93700787e-01  1.31828124e+01  1.28193251e+01  8.78136460e+00
 4.35333333e+00  5.27559055e-01  1.34383975e+01  1.29226255e+01  8.75971073e+00
 4.35333333e+00  6.61417323e-01  1.36939341e+01  1.30364554e+01  8.73827878e+00
 4.35333333e+00  7.95275591e-01  1.39458242e+01  1.31552511e+01  8.71669828e+00
 4.35333333e+00  9.29133858e-01  1.41953557e+01  1.32754267e+01  8.69382564e+00
 4.35333333e+00  1.06299213e+00  1.44424251e+01  1.33945150e+01  8.66941930e+00
 4.35333333e+00  1.19685039e+00  1.46852952e+01  1.35126390e+01  8.64381468e+00
 4.35333333e+00  1.33070866e+00  1.49253543e+01  1.36305731e+01  8.61686844e+00
 4.35333333e+00  1.46456693e+00  1.51686933e+01  1.37479592e+01  8.58845040e+00
 4.35333333e+00  1.59842520e+00  1.54121793e+01  1.38637774e+01  8.55822235e+00
 4.35333333e+00  1.73228346e+00  1.56278239e+01  1.39777292e+01  8.52578744e+00
 4.35333333e+00  1.86614173e+00  1.58434685e+01  1.40916810e+01  8.49335253e+00
 4.35333333e+00  2.00000000e+00  1.60591131e+01  1.42056328e+01  8.46091762e+00
 4.43174603e+00 -1.50000000e+01 -2.45691960e+00  1.33225361e+01  9.71559409e+00
 4.43174603e+00 -1.48661417e+01 -2.32293030e+00  1.33229163e+01  9.71220560e+00
 4.43174603e+00 -1.47322835e+01 -2.18892560e+00  1.33233507e+01  9.70880051e+00
 4.43174603e+00 -1.45984252e+01 -2.05495984e+00  1.33237981e+01  9.70540851e+00
 4.43174603e+00 -1.44645669e+01 -1.92094072e+00  1.33243084e+01  9.70196759e+00
 4.43174603e+00 -1.43307087e+01 -1.78685346e+00  1.33248657e+01  9.69848463e+00
 4.43174603e+00 -1.41968504e+01 -1.65274929e+00  1.33253951e+01  9.69500314e+00
 4.43174603e+00 -1.40629921e+01 -1.51862389e+00  1.33258454e+01  9.69147189e+00
 4.43174603e+00 -1.39291339e+01 -1.38446194e+00  1.33261602e+01  9.68786079e+00
 4.43174603e+00 -1.37952756e+01 -1.25024663e+00  1.33262791e+01  9.68416657e+00
 4.43174603e+00 -1.36614173e+01 -1.11595822e+00  1.33261487e+01  9.68037986e+00
 4.43174603e+00 -1.35275591e+01 -9.81558398e-01  1.33257003e+01  9.67651603e+00
 4.43174603e+00 -1.33937008e+01 -8.47001666e-01  1.33248531e+01  9.67258160e+00
 4.43174603e+00 -1.32598425e+01 -7.12494759e-01  1.33235279e+01  9.66852325e+00
 4.43174603e+00 -1.31259843e+01 -5.78600141e-01  1.33216651e+01  9.66437329e+00
 4.43174603e+00 -1.29921260e+01 -4.45285614e-01  1.33191986e+01  9.66014823e+00
 4.43174603e+00 -1.28582677e+01 -3.12166150e-01  1.33160307e+01  9.65572794e+00
 4.43174603e+00 -1.27244094e+01 -1.79202363e-01  1.33121297e+01  9.65112674e+00
 4.43174603e+00 -1.25905512e+01 -4.63780818e-02  1.33075153e+01  9.64641666e+00
 4.43174603e+00 -1.24566929e+01  8.63078427e-02  1.33022307e+01  9.64157869e+00
 4.43174603e+00 -1.23228346e+01  2.18885177e-01  1.32964003e+01  9.63660664e+00
 4.43174603e+00 -1.21889764e+01  3.51403901e-01  1.32902104e+01  9.63152738e+00
 4.43174603e+00 -1.20551181e+01  4.83919681e-01  1.32838850e+01  9.62640208e+00
 4.43174603e+00 -1.19212598e+01  6.16473121e-01  1.32776667e+01  9.62125975e+00
 4.43174603e+00 -1.17874016e+01  7.49098274e-01  1.32717758e+01  9.61612407e+00
 4.43174603e+00 -1.16535433e+01  8.81838342e-01  1.32663693e+01  9.61107047e+00
 4.43174603e+00 -1.15196850e+01  1.01471098e+00  1.32615523e+01  9.60607839e+00
 4.43174603e+00 -1.13858268e+01  1.14771429e+00  1.32573765e+01  9.60109732e+00
 4.43174603e+00 -1.12519685e+01  1.28084380e+00  1.32538249e+01  9.59620795e+00
 4.43174603e+00 -1.11181102e+01  1.41408887e+00  1.32508450e+01  9.59137614e+00
 4.43174603e+00 -1.09842520e+01  1.54743258e+00  1.32483687e+01  9.58651959e+00
 4.43174603e+00 -1.08503937e+01  1.68085231e+00  1.32463244e+01  9.58171730e+00
 4.43174603e+00 -1.07165354e+01  1.81432874e+00  1.32446167e+01  9.57694869e+00
 4.43174603e+00 -1.05826772e+01  1.94784724e+00  1.32431514e+01  9.57212914e+00
 4.43174603e+00 -1.04488189e+01  2.08139787e+00  1.32418827e+01  9.56727448e+00
 4.43174603e+00 -1.03149606e+01  2.21497610e+00  1.32407623e+01  9.56239510e+00
 4.43174603e+00 -1.01811024e+01  2.34857958e+00  1.32397455e+01  9.55748706e+00
 4.43174603e+00 -1.00472441e+01  2.48220283e+00  1.32388177e+01  9.55255742e+00
 4.43174603e+00 -9.91338583e+00  2.61584379e+00  1.32379743e+01  9.54761470e+00
 4.43174603e+00 -9.77952756e+00  2.74950597e+00  1.32372144e+01  9.54264679e+00
 4.43174603e+00 -9.64566929e+00  2.88319882e+00  1.32365386e+01  9.53759320e+00
 4.43174603e+00 -9.51181102e+00  3.01691671e+00  1.32359448e+01  9.53250893e+00
 4.43174603e+00 -9.37795276e+00  3.15065084e+00  1.32354318e+01  9.52745885e+00
 4.43174603e+00 -9.24409449e+00  3.28441380e+00  1.32350064e+01  9.52230104e+00
 4.43174603e+00 -9.11023622e+00  3.41819483e+00  1.32346589e+01  9.51706638e+00
 4.43174603e+00 -8.97637795e+00  3.55198212e+00  1.32343795e+01  9.51185879e+00
 4.43174603e+00 -8.84251969e+00  3.68580445e+00  1.32341840e+01  9.50658811e+00
 4.43174603e+00 -8.70866142e+00  3.81959832e+00  1.32340073e+01  9.50124559e+00
 4.43174603e+00 -8.57480315e+00  3.95329570e+00  1.32337720e+01  9.49588015e+00
 4.43174603e+00 -8.44094488e+00  4.08698660e+00  1.32335222e+01  9.49048255e+00
 4.43174603e+00 -8.30708661e+00  4.22068444e+00  1.32333177e+01  9.48501174e+00
 4.43174603e+00 -8.17322835e+00  4.35433747e+00  1.32331686e+01  9.47944519e+00
 4.43174603e+00 -8.03937008e+00  4.48791313e+00  1.32329756e+01  9.47383847e+00
 4.43174603e+00 -7.90551181e+00  4.62149146e+00  1.32327431e+01  9.46817714e+00
 4.43174603e+00 -7.77165354e+00  4.75513723e+00  1.32325110e+01  9.46241798e+00
 4.43174603e+00 -7.63779528e+00  4.88870844e+00  1.32322178e+01  9.45657927e+00
 4.43174603e+00 -7.50393701e+00  5.02218056e+00  1.32318740e+01  9.45065105e+00
 4.43174603e+00 -7.37007874e+00  5.15561492e+00  1.32315103e+01  9.44462597e+00
 4.43174603e+00 -7.23622047e+00  5.28903804e+00  1.32310672e+01  9.43855529e+00
 4.43174603e+00 -7.10236220e+00  5.42239412e+00  1.32304709e+01  9.43239736e+00
 4.43174603e+00 -6.96850394e+00  5.55560587e+00  1.32296892e+01  9.42607409e+00
 4.43174603e+00 -6.83464567e+00  5.68866419e+00  1.32287753e+01  9.41957994e+00
 4.43174603e+00 -6.70078740e+00  5.82156346e+00  1.32276207e+01  9.41293191e+00
 4.43174603e+00 -6.56692913e+00  5.95426850e+00  1.32260682e+01  9.40613561e+00
 4.43174603e+00 -6.43307087e+00  6.08668970e+00  1.32241160e+01  9.39915202e+00
 4.43174603e+00 -6.29921260e+00  6.21882807e+00  1.32217074e+01  9.39196156e+00
 4.43174603e+00 -6.16535433e+00  6.35073106e+00  1.32187838e+01  9.38456677e+00
 4.43174603e+00 -6.03149606e+00  6.48238950e+00  1.32154114e+01  9.37697365e+00
 4.43174603e+00 -5.89763780e+00  6.61372274e+00  1.32115774e+01  9.36915551e+00
 4.43174603e+00 -5.76377953e+00  6.74466939e+00  1.32072272e+01  9.36108977e+00
 4.43174603e+00 -5.62992126e+00  6.87534087e+00  1.32023913e+01  9.35282732e+00
 4.43174603e+00 -5.49606299e+00  7.00570756e+00  1.31970851e+01  9.34438191e+00
 4.43174603e+00 -5.36220472e+00  7.13562580e+00  1.31912705e+01  9.33572356e+00
 4.43174603e+00 -5.22834646e+00  7.26504040e+00  1.31848052e+01  9.32681156e+00
 4.43174603e+00 -5.09448819e+00  7.39385748e+00  1.31774887e+01  9.31758858e+00
 4.43174603e+00 -4.96062992e+00  7.52191213e+00  1.31691071e+01  9.30799143e+00
 4.43174603e+00 -4.82677165e+00  7.64898264e+00  1.31595251e+01  9.29798941e+00
 4.43174603e+00 -4.69291339e+00  7.77520193e+00  1.31483612e+01  9.28746701e+00
 4.43174603e+00 -4.55905512e+00  7.90090925e+00  1.31350354e+01  9.27626468e+00
 4.43174603e+00 -4.42519685e+00  8.02457583e+00  1.31202636e+01  9.26484717e+00
 4.43174603e+00 -4.29133858e+00  8.14554705e+00  1.31048154e+01  9.25357418e+00
 4.43174603e+00 -4.15748031e+00  8.26629905e+00  1.30882738e+01  9.24203662e+00
 4.43174603e+00 -4.02362205e+00  8.38814313e+00  1.30703150e+01  9.22997008e+00
 4.43174603e+00 -3.88976378e+00  8.51093647e+00  1.30509518e+01  9.21739285e+00
 4.43174603e+00 -3.75590551e+00  8.63367481e+00  1.30306815e+01  9.20470715e+00
 4.43174603e+00 -3.62204724e+00  8.75576237e+00  1.30099551e+01  9.19217372e+00
 4.43174603e+00 -3.48818898e+00  8.87778217e+00  1.29888075e+01  9.17958744e+00
 4.43174603e+00 -3.35433071e+00  8.99987574e+00  1.29672354e+01  9.16695059e+00
 4.43174603e+00 -3.22047244e+00  9.12190609e+00  1.29452706e+01  9.15439116e+00
 4.43174603e+00 -3.08661417e+00  9.24417959e+00  1.29230482e+01  9.14183183e+00
 4.43174603e+00 -2.95275591e+00  9.36702036e+00  1.29008192e+01  9.12923344e+00
 4.43174603e+00 -2.81889764e+00  9.49061688e+00  1.28789823e+01  9.11669618e+00
 4.43174603e+00 -2.68503937e+00  9.61517335e+00  1.28580473e+01  9.10439730e+00
 4.43174603e+00 -2.55118110e+00  9.74083342e+00  1.28384711e+01  9.09246731e+00
 4.43174603e+00 -2.41732283e+00  9.86751412e+00  1.28203721e+01  9.08079693e+00
 4.43174603e+00 -2.28346457e+00  9.99515753e+00  1.28036806e+01  9.06937139e+00
 4.43174603e+00 -2.14960630e+00  1.01237671e+01  1.27882340e+01  9.05825823e+00
 4.43174603e+00 -2.01574803e+00  1.02533230e+01  1.27739841e+01  9.04730271e+00
 4.43174603e+00 -1.88188976e+00  1.03834511e+01  1.27607348e+01  9.03639894e+00
 4.43174603e+00 -1.74803150e+00  1.05134231e+01  1.27481333e+01  9.02557469e+00
 4.43174603e+00 -1.61417323e+00  1.06430368e+01  1.27363178e+01  9.01477896e+00
 4.43174603e+00 -1.48031496e+00  1.07723931e+01  1.27252535e+01  9.00396421e+00
 4.43174603e+00 -1.34645669e+00  1.09017566e+01  1.27145248e+01  8.99314349e+00
 4.43174603e+00 -1.21259843e+00  1.10314566e+01  1.27049990e+01  8.98238396e+00
 4.43174603e+00 -1.07874016e+00  1.11614665e+01  1.26971818e+01  8.97170414e+00
 4.43174603e+00 -9.44881890e-01  1.12911897e+01  1.26896932e+01  8.96097901e+00
 4.43174603e+00 -8.11023622e-01  1.14217195e+01  1.26819050e+01  8.95008045e+00
 4.43174603e+00 -6.77165354e-01  1.15566900e+01  1.26744760e+01  8.93886166e+00
 4.43174603e+00 -5.43307087e-01  1.17044774e+01  1.26699856e+01  8.92702648e+00
 4.43174603e+00 -4.09448819e-01  1.18690472e+01  1.26678709e+01  8.91369089e+00
 4.43174603e+00 -2.75590551e-01  1.20507934e+01  1.26668838e+01  8.89814084e+00
 4.43174603e+00 -1.41732283e-01  1.22536597e+01  1.26720296e+01  8.88056480e+00
 4.43174603e+00 -7.87401575e-03  1.24781808e+01  1.26912001e+01  8.86135402e+00
 4.43174603e+00  1.25984252e-01  1.27144450e+01  1.27266654e+01  8.84097051e+00
 4.43174603e+00  2.59842520e-01  1.29550572e+01  1.27803136e+01  8.81968315e+00
 4.43174603e+00  3.93700787e-01  1.32027342e+01  1.28555390e+01  8.79801870e+00
 4.43174603e+00  5.27559055e-01  1.34571625e+01  1.29509190e+01  8.77664400e+00
 4.43174603e+00  6.61417323e-01  1.37098074e+01  1.30587789e+01  8.75622448e+00
 4.43174603e+00  7.95275591e-01  1.39579727e+01  1.31727688e+01  8.73597520e+00
 4.43174603e+00  9.29133858e-01  1.42041487e+01  1.32891105e+01  8.71444746e+00
 4.43174603e+00  1.06299213e+00  1.44490690e+01  1.34050887e+01  8.69135697e+00
 4.43174603e+00  1.19685039e+00  1.46920300e+01  1.35207107e+01  8.66730254e+00
 4.43174603e+00  1.33070866e+00  1.49329584e+01  1.36367242e+01  8.64207965e+00
 4.43174603e+00  1.46456693e+00  1.51715045e+01  1.37527956e+01  8.61519106e+00
 4.43174603e+00  1.59842520e+00  1.54081602e+01  1.38674494e+01  8.58683557e+00
 4.43174603e+00  1.73228346e+00  1.56496857e+01  1.39806212e+01  8.55719193e+00
 4.43174603e+00  1.86614173e+00  1.58930132e+01  1.40939342e+01  8.52498106e+00
 4.43174603e+00  2.00000000e+00  1.61011755e+01  1.42054081e+01  8.49112507e+00
 4.51015873e+00 -1.50000000e+01 -2.37828959e+00  1.33456645e+01  9.71862870e+00
 4.51015873e+00 -1.48661417e+01 -2.24443047e+00  1.33454600e+01  9.71519070e+00
 4.51015873e+00 -1.47322835e+01 -2.11060887e+00  1.33452014e+01  9.71169891e+00
 4.51015873e+00 -1.45984252e+01 -1.97677736e+00  1.33449140e+01  9.70818368e+00
 4.51015873e+00 -1.44645669e+01 -1.84287197e+00  1.33446440e+01  9.70466654e+00
 4.51015873e+00 -1.43307087e+01 -1.70892589e+00  1.33443848e+01  9.70110787e+00
 4.51015873e+00 -1.41968504e+01 -1.57494426e+00  1.33441320e+01  9.69752197e+00
 4.51015873e+00 -1.40629921e+01 -1.44091008e+00  1.33438908e+01  9.69393643e+00
 4.51015873e+00 -1.39291339e+01 -1.30681425e+00  1.33436732e+01  9.69032019e+00
 4.51015873e+00 -1.37952756e+01 -1.17261449e+00  1.33434775e+01  9.68665816e+00
 4.51015873e+00 -1.36614173e+01 -1.03825674e+00  1.33433026e+01  9.68294936e+00
 4.51015873e+00 -1.35275591e+01 -9.03710754e-01  1.33431682e+01  9.67919433e+00
 4.51015873e+00 -1.33937008e+01 -7.68900021e-01  1.33430851e+01  9.67541830e+00
 4.51015873e+00 -1.32598425e+01 -6.33949493e-01  1.33430557e+01  9.67163813e+00
 4.51015873e+00 -1.31259843e+01 -4.99467809e-01  1.33430780e+01  9.66783378e+00
 4.51015873e+00 -1.29921260e+01 -3.65502604e-01  1.33431473e+01  9.66403971e+00
 4.51015873e+00 -1.28582677e+01 -2.31623144e-01  1.33432669e+01  9.66025312e+00
 4.51015873e+00 -1.27244094e+01 -9.77085123e-02  1.33434552e+01  9.65637797e+00
 4.51015873e+00 -1.25905512e+01  3.62066185e-02  1.33437077e+01  9.65245923e+00
 4.51015873e+00 -1.24566929e+01  1.70117176e-01  1.33439987e+01  9.64855484e+00
 4.51015873e+00 -1.23228346e+01  3.04035095e-01  1.33442888e+01  9.64461557e+00
 4.51015873e+00 -1.21889764e+01  4.37944300e-01  1.33445627e+01  9.64061808e+00
 4.51015873e+00 -1.20551181e+01  5.71821546e-01  1.33447886e+01  9.63655911e+00
 4.51015873e+00 -1.19212598e+01  7.05657242e-01  1.33448880e+01  9.63243659e+00
 4.51015873e+00 -1.17874016e+01  8.39443620e-01  1.33448054e+01  9.62823062e+00
 4.51015873e+00 -1.16535433e+01  9.73171379e-01  1.33444742e+01  9.62394011e+00
 4.51015873e+00 -1.15196850e+01  1.10682643e+00  1.33437890e+01  9.61959655e+00
 4.51015873e+00 -1.13858268e+01  1.24038108e+00  1.33426638e+01  9.61513016e+00
 4.51015873e+00 -1.12519685e+01  1.37380600e+00  1.33410163e+01  9.61049965e+00
 4.51015873e+00 -1.11181102e+01  1.50708172e+00  1.33387548e+01  9.60577270e+00
 4.51015873e+00 -1.09842520e+01  1.64020830e+00  1.33358076e+01  9.60088695e+00
 4.51015873e+00 -1.08503937e+01  1.77318756e+00  1.33321365e+01  9.59580081e+00
 4.51015873e+00 -1.07165354e+01  1.90601315e+00  1.33277479e+01  9.59059830e+00
 4.51015873e+00 -1.05826772e+01  2.03869505e+00  1.33226994e+01  9.58525218e+00
 4.51015873e+00 -1.04488189e+01  2.17126354e+00  1.33171124e+01  9.57973612e+00
 4.51015873e+00 -1.03149606e+01  2.30377033e+00  1.33111778e+01  9.57411944e+00
 4.51015873e+00 -1.01811024e+01  2.43627399e+00  1.33051213e+01  9.56844825e+00
 4.51015873e+00 -1.00472441e+01  2.56881985e+00  1.32991597e+01  9.56274976e+00
 4.51015873e+00 -9.91338583e+00  2.70143021e+00  1.32934805e+01  9.55704848e+00
 4.51015873e+00 -9.77952756e+00  2.83414432e+00  1.32882615e+01  9.55139060e+00
 4.51015873e+00 -9.64566929e+00  2.96699134e+00  1.32836173e+01  9.54578692e+00
 4.51015873e+00 -9.51181102e+00  3.09996740e+00  1.32795675e+01  9.54017565e+00
 4.51015873e+00 -9.37795276e+00  3.23307572e+00  1.32761047e+01  9.53462395e+00
 4.51015873e+00 -9.24409449e+00  3.36630524e+00  1.32731960e+01  9.52916241e+00
 4.51015873e+00 -9.11023622e+00  3.49961311e+00  1.32707728e+01  9.52363338e+00
 4.51015873e+00 -8.97637795e+00  3.63300366e+00  1.32687390e+01  9.51808301e+00
 4.51015873e+00 -8.84251969e+00  3.76646692e+00  1.32670348e+01  9.51260429e+00
 4.51015873e+00 -8.70866142e+00  3.89992248e+00  1.32656645e+01  9.50715060e+00
 4.51015873e+00 -8.57480315e+00  4.03336735e+00  1.32644804e+01  9.50168228e+00
 4.51015873e+00 -8.44094488e+00  4.16683762e+00  1.32633491e+01  9.49617825e+00
 4.51015873e+00 -8.30708661e+00  4.30035061e+00  1.32623031e+01  9.49062747e+00
 4.51015873e+00 -8.17322835e+00  4.43387292e+00  1.32614069e+01  9.48500986e+00
 4.51015873e+00 -8.03937008e+00  4.56737989e+00  1.32606686e+01  9.47932545e+00
 4.51015873e+00 -7.90551181e+00  4.70090748e+00  1.32599804e+01  9.47361565e+00
 4.51015873e+00 -7.77165354e+00  4.83446347e+00  1.32593637e+01  9.46786550e+00
 4.51015873e+00 -7.63779528e+00  4.96803209e+00  1.32588443e+01  9.46204152e+00
 4.51015873e+00 -7.50393701e+00  5.10158725e+00  1.32583320e+01  9.45613915e+00
 4.51015873e+00 -7.37007874e+00  5.23510623e+00  1.32578551e+01  9.45019444e+00
 4.51015873e+00 -7.23622047e+00  5.36857989e+00  1.32574413e+01  9.44421009e+00
 4.51015873e+00 -7.10236220e+00  5.50201900e+00  1.32570052e+01  9.43810326e+00
 4.51015873e+00 -6.96850394e+00  5.63542524e+00  1.32565627e+01  9.43188502e+00
 4.51015873e+00 -6.83464567e+00  5.76879375e+00  1.32561254e+01  9.42559329e+00
 4.51015873e+00 -6.70078740e+00  5.90211632e+00  1.32556029e+01  9.41922105e+00
 4.51015873e+00 -6.56692913e+00  6.03537220e+00  1.32549977e+01  9.41276565e+00
 4.51015873e+00 -6.43307087e+00  6.16853365e+00  1.32543393e+01  9.40621139e+00
 4.51015873e+00 -6.29921260e+00  6.30157557e+00  1.32536039e+01  9.39951664e+00
 4.51015873e+00 -6.16535433e+00  6.43450899e+00  1.32526967e+01  9.39270666e+00
 4.51015873e+00 -6.03149606e+00  6.56731414e+00  1.32515374e+01  9.38578751e+00
 4.51015873e+00 -5.89763780e+00  6.69989050e+00  1.32501272e+01  9.37867414e+00
 4.51015873e+00 -5.76377953e+00  6.83222099e+00  1.32484088e+01  9.37138129e+00
 4.51015873e+00 -5.62992126e+00  6.96429889e+00  1.32462926e+01  9.36392008e+00
 4.51015873e+00 -5.49606299e+00  7.09605637e+00  1.32436964e+01  9.35619757e+00
 4.51015873e+00 -5.36220472e+00  7.22751767e+00  1.32405629e+01  9.34823323e+00
 4.51015873e+00 -5.22834646e+00  7.35860692e+00  1.32368218e+01  9.34007207e+00
 4.51015873e+00 -5.09448819e+00  7.48899466e+00  1.32323746e+01  9.33167059e+00
 4.51015873e+00 -4.96062992e+00  7.61913575e+00  1.32273827e+01  9.32298486e+00
 4.51015873e+00 -4.82677165e+00  7.74935498e+00  1.32219045e+01  9.31401149e+00
 4.51015873e+00 -4.69291339e+00  7.87838824e+00  1.32153525e+01  9.30484339e+00
 4.51015873e+00 -4.55905512e+00  8.00524741e+00  1.32072673e+01  9.29546645e+00
 4.51015873e+00 -4.42519685e+00  8.13011106e+00  1.31977784e+01  9.28580620e+00
 4.51015873e+00 -4.29133858e+00  8.25562684e+00  1.31883560e+01  9.27587088e+00
 4.51015873e+00 -4.15748031e+00  8.38243550e+00  1.31790071e+01  9.26560740e+00
 4.51015873e+00 -4.02362205e+00  8.50842631e+00  1.31679163e+01  9.25491402e+00
 4.51015873e+00 -3.88976378e+00  8.63340118e+00  1.31549615e+01  9.24378133e+00
 4.51015873e+00 -3.75590551e+00  8.75773155e+00  1.31405472e+01  9.23227903e+00
 4.51015873e+00 -3.62204724e+00  8.88141656e+00  1.31248463e+01  9.22055728e+00
 4.51015873e+00 -3.48818898e+00  9.00438668e+00  1.31080409e+01  9.20860950e+00
 4.51015873e+00 -3.35433071e+00  9.12662586e+00  1.30902814e+01  9.19637251e+00
 4.51015873e+00 -3.22047244e+00  9.24836466e+00  1.30715317e+01  9.18395450e+00
 4.51015873e+00 -3.08661417e+00  9.36987042e+00  1.30518766e+01  9.17140129e+00
 4.51015873e+00 -2.95275591e+00  9.49141070e+00  1.30316125e+01  9.15865222e+00
 4.51015873e+00 -2.81889764e+00  9.61341156e+00  1.30110253e+01  9.14583035e+00
 4.51015873e+00 -2.68503937e+00  9.73628311e+00  1.29904162e+01  9.13310537e+00
 4.51015873e+00 -2.55118110e+00  9.86012525e+00  1.29701609e+01  9.12049409e+00
 4.51015873e+00 -2.41732283e+00  9.98497518e+00  1.29504739e+01  9.10802478e+00
 4.51015873e+00 -2.28346457e+00  1.01108526e+01  1.29314270e+01  9.09576512e+00
 4.51015873e+00 -2.14960630e+00  1.02377052e+01  1.29133661e+01  9.08376578e+00
 4.51015873e+00 -2.01574803e+00  1.03652360e+01  1.28964791e+01  9.07200550e+00
 4.51015873e+00 -1.88188976e+00  1.04927858e+01  1.28804847e+01  9.06035814e+00
 4.51015873e+00 -1.74803150e+00  1.06198354e+01  1.28650838e+01  9.04878845e+00
 4.51015873e+00 -1.61417323e+00  1.07462166e+01  1.28501638e+01  9.03730087e+00
 4.51015873e+00 -1.48031496e+00  1.08723633e+01  1.28360116e+01  9.02586098e+00
 4.51015873e+00 -1.34645669e+00  1.09989186e+01  1.28226460e+01  9.01445045e+00
 4.51015873e+00 -1.21259843e+00  1.11265248e+01  1.28098288e+01  9.00304257e+00
 4.51015873e+00 -1.07874016e+00  1.12553097e+01  1.27973689e+01  8.99150290e+00
 4.51015873e+00 -9.44881890e-01  1.13850596e+01  1.27844388e+01  8.97970157e+00
 4.51015873e+00 -8.11023622e-01  1.15158113e+01  1.27699986e+01  8.96755984e+00
 4.51015873e+00 -6.77165354e-01  1.16507300e+01  1.27562241e+01  8.95501572e+00
 4.51015873e+00 -5.43307087e-01  1.17942949e+01  1.27442511e+01  8.94206364e+00
 4.51015873e+00 -4.09448819e-01  1.19509556e+01  1.27315825e+01  8.92877244e+00
 4.51015873e+00 -2.75590551e-01  1.21225099e+01  1.27182927e+01  8.91491252e+00
 4.51015873e+00 -1.41732283e-01  1.23099501e+01  1.27228027e+01  8.89921613e+00
 4.51015873e+00 -7.87401575e-03  1.25145697e+01  1.27563535e+01  8.88071095e+00
 4.51015873e+00  1.25984252e-01  1.27373952e+01  1.28003159e+01  8.86001346e+00
 4.51015873e+00  2.59842520e-01  1.29765806e+01  1.28416341e+01  8.83793867e+00
 4.51015873e+00  3.93700787e-01  1.32262503e+01  1.28993092e+01  8.81553068e+00
 4.51015873e+00  5.27559055e-01  1.34789206e+01  1.29834750e+01  8.79354982e+00
 4.51015873e+00  6.61417323e-01  1.37276985e+01  1.30839667e+01  8.77329339e+00
 4.51015873e+00  7.95275591e-01  1.39716008e+01  1.31923944e+01  8.75398494e+00
 4.51015873e+00  9.29133858e-01  1.42146075e+01  1.33044991e+01  8.73389815e+00
 4.51015873e+00  1.06299213e+00  1.44572051e+01  1.34171669e+01  8.71224827e+00
 4.51015873e+00  1.19685039e+00  1.46979831e+01  1.35300467e+01  8.68932790e+00
 4.51015873e+00  1.33070866e+00  1.49371271e+01  1.36439463e+01  8.66532722e+00
 4.51015873e+00  1.46456693e+00  1.51753718e+01  1.37582206e+01  8.64028756e+00
 4.51015873e+00  1.59842520e+00  1.54127710e+01  1.38718222e+01  8.61385513e+00
 4.51015873e+00  1.73228346e+00  1.56474758e+01  1.39839777e+01  8.58576732e+00
 4.51015873e+00  1.86614173e+00  1.58894033e+01  1.40964584e+01  8.55563655e+00
 4.51015873e+00  2.00000000e+00  1.61379090e+01  1.42073042e+01  8.52404285e+00
 4.58857143e+00 -1.50000000e+01 -2.29959769e+00  1.33724782e+01  9.72196115e+00
 4.58857143e+00 -1.48661417e+01 -2.16572160e+00  1.33724055e+01  9.71858811e+00
 4.58857143e+00 -1.47322835e+01 -2.03187785e+00  1.33723241e+01  9.71518191e+00
 4.58857143e+00 -1.45984252e+01 -1.89797358e+00  1.33722584e+01  9.71170567e+00
 4.58857143e+00 -1.44645669e+01 -1.76401858e+00  1.33722021e+01  9.70821174e+00
 4.58857143e+00 -1.43307087e+01 -1.63004813e+00  1.33721411e+01  9.70473155e+00
 4.58857143e+00 -1.41968504e+01 -1.49603964e+00  1.33720776e+01  9.70118853e+00
 4.58857143e+00 -1.40629921e+01 -1.36197633e+00  1.33720103e+01  9.69762125e+00
 4.58857143e+00 -1.39291339e+01 -1.22784274e+00  1.33719366e+01  9.69406445e+00
 4.58857143e+00 -1.37952756e+01 -1.09361419e+00  1.33718561e+01  9.69044810e+00
 4.58857143e+00 -1.36614173e+01 -9.59254097e-01  1.33717670e+01  9.68677914e+00
 4.58857143e+00 -1.35275591e+01 -8.24715814e-01  1.33716667e+01  9.68307342e+00
 4.58857143e+00 -1.33937008e+01 -6.89922057e-01  1.33715540e+01  9.67930221e+00
 4.58857143e+00 -1.32598425e+01 -5.54946059e-01  1.33714281e+01  9.67550553e+00
 4.58857143e+00 -1.31259843e+01 -4.20342508e-01  1.33712887e+01  9.67171292e+00
 4.58857143e+00 -1.29921260e+01 -2.86385480e-01  1.33711354e+01  9.66787962e+00
 4.58857143e+00 -1.28582677e+01 -1.52571474e-01  1.33709649e+01  9.66403835e+00
 4.58857143e+00 -1.27244094e+01 -1.87465013e-02  1.33707774e+01  9.66018920e+00
 4.58857143e+00 -1.25905512e+01  1.15073102e-01  1.33705770e+01  9.65624000e+00
 4.58857143e+00 -1.24566929e+01  2.48885631e-01  1.33703523e+01  9.65224754e+00
 4.58857143e+00 -1.23228346e+01  3.82690835e-01  1.33701091e+01  9.64826373e+00
 4.58857143e+00 -1.21889764e+01  5.16504383e-01  1.33698783e+01  9.64424985e+00
 4.58857143e+00 -1.20551181e+01  6.50325291e-01  1.33696485e+01  9.64017945e+00
 4.58857143e+00 -1.19212598e+01  7.84147620e-01  1.33694162e+01  9.63605714e+00
 4.58857143e+00 -1.17874016e+01  9.17968853e-01  1.33692065e+01  9.63190952e+00
 4.58857143e+00 -1.16535433e+01  1.05179406e+00  1.33690217e+01  9.62770205e+00
 4.58857143e+00 -1.15196850e+01  1.18562943e+00  1.33688611e+01  9.62345183e+00
 4.58857143e+00 -1.13858268e+01  1.31947721e+00  1.33687341e+01  9.61924135e+00
 4.58857143e+00 -1.12519685e+01  1.45332923e+00  1.33686577e+01  9.61496965e+00
 4.58857143e+00 -1.11181102e+01  1.58718262e+00  1.33686252e+01  9.61060978e+00
 4.58857143e+00 -1.09842520e+01  1.72104421e+00  1.33686069e+01  9.60627756e+00
 4.58857143e+00 -1.08503937e+01  1.85491142e+00  1.33686299e+01  9.60188681e+00
 4.58857143e+00 -1.07165354e+01  1.98878054e+00  1.33686869e+01  9.59740904e+00
 4.58857143e+00 -1.05826772e+01  2.12264804e+00  1.33687143e+01  9.59294347e+00
 4.58857143e+00 -1.04488189e+01  2.25649695e+00  1.33687098e+01  9.58841233e+00
 4.58857143e+00 -1.03149606e+01  2.39031224e+00  1.33686417e+01  9.58376727e+00
 4.58857143e+00 -1.01811024e+01  2.52408503e+00  1.33684217e+01  9.57905611e+00
 4.58857143e+00 -1.00472441e+01  2.65779868e+00  1.33679846e+01  9.57426144e+00
 4.58857143e+00 -9.91338583e+00  2.79143245e+00  1.33672491e+01  9.56936043e+00
 4.58857143e+00 -9.77952756e+00  2.92496401e+00  1.33661067e+01  9.56435207e+00
 4.58857143e+00 -9.64566929e+00  3.05837194e+00  1.33644584e+01  9.55924221e+00
 4.58857143e+00 -9.51181102e+00  3.19163814e+00  1.33622171e+01  9.55398269e+00
 4.58857143e+00 -9.37795276e+00  3.32474882e+00  1.33593079e+01  9.54849672e+00
 4.58857143e+00 -9.24409449e+00  3.45769393e+00  1.33556677e+01  9.54287951e+00
 4.58857143e+00 -9.11023622e+00  3.59048830e+00  1.33513691e+01  9.53714306e+00
 4.58857143e+00 -8.97637795e+00  3.72315505e+00  1.33465259e+01  9.53117366e+00
 4.58857143e+00 -8.84251969e+00  3.85563023e+00  1.33408008e+01  9.52503909e+00
 4.58857143e+00 -8.70866142e+00  3.98798058e+00  1.33345152e+01  9.51884105e+00
 4.58857143e+00 -8.57480315e+00  4.12040799e+00  1.33286052e+01  9.51263331e+00
 4.58857143e+00 -8.44094488e+00  4.25287056e+00  1.33229329e+01  9.50642128e+00
 4.58857143e+00 -8.30708661e+00  4.38535387e+00  1.33174365e+01  9.50020493e+00
 4.58857143e+00 -8.17322835e+00  4.51796382e+00  1.33124633e+01  9.49398877e+00
 4.58857143e+00 -8.03937008e+00  4.65071236e+00  1.33080286e+01  9.48776328e+00
 4.58857143e+00 -7.90551181e+00  4.78357112e+00  1.33041217e+01  9.48154559e+00
 4.58857143e+00 -7.77165354e+00  4.91651237e+00  1.33008315e+01  9.47538082e+00
 4.58857143e+00 -7.63779528e+00  5.04955647e+00  1.32980421e+01  9.46923039e+00
 4.58857143e+00 -7.50393701e+00  5.18270113e+00  1.32956447e+01  9.46307291e+00
 4.58857143e+00 -7.37007874e+00  5.31589067e+00  1.32936441e+01  9.45693917e+00
 4.58857143e+00 -7.23622047e+00  5.44909403e+00  1.32919410e+01  9.45076596e+00
 4.58857143e+00 -7.10236220e+00  5.58232034e+00  1.32904467e+01  9.44450528e+00
 4.58857143e+00 -6.96850394e+00  5.71560637e+00  1.32891446e+01  9.43818538e+00
 4.58857143e+00 -6.83464567e+00  5.84890833e+00  1.32879715e+01  9.43185345e+00
 4.58857143e+00 -6.70078740e+00  5.98219134e+00  1.32868972e+01  9.42549532e+00
 4.58857143e+00 -6.56692913e+00  6.11546731e+00  1.32859515e+01  9.41902386e+00
 4.58857143e+00 -6.43307087e+00  6.24869270e+00  1.32850835e+01  9.41247716e+00
 4.58857143e+00 -6.29921260e+00  6.38185867e+00  1.32842291e+01  9.40586861e+00
 4.58857143e+00 -6.16535433e+00  6.51501381e+00  1.32833591e+01  9.39912990e+00
 4.58857143e+00 -6.03149606e+00  6.64807069e+00  1.32824908e+01  9.39230551e+00
 4.58857143e+00 -5.89763780e+00  6.78100086e+00  1.32815976e+01  9.38541388e+00
 4.58857143e+00 -5.76377953e+00  6.91390339e+00  1.32805816e+01  9.37838796e+00
 4.58857143e+00 -5.62992126e+00  7.04668309e+00  1.32794505e+01  9.37123500e+00
 4.58857143e+00 -5.49606299e+00  7.17926537e+00  1.32782147e+01  9.36396514e+00
 4.58857143e+00 -5.36220472e+00  7.31170191e+00  1.32768138e+01  9.35655068e+00
 4.58857143e+00 -5.22834646e+00  7.44392727e+00  1.32751053e+01  9.34898890e+00
 4.58857143e+00 -5.09448819e+00  7.57583403e+00  1.32729731e+01  9.34124769e+00
 4.58857143e+00 -4.96062992e+00  7.70739831e+00  1.32704271e+01  9.33325107e+00
 4.58857143e+00 -4.82677165e+00  7.83907046e+00  1.32677326e+01  9.32504842e+00
 4.58857143e+00 -4.69291339e+00  7.97028340e+00  1.32644102e+01  9.31664812e+00
 4.58857143e+00 -4.55905512e+00  8.09892248e+00  1.32589346e+01  9.30793199e+00
 4.58857143e+00 -4.42519685e+00  8.22625627e+00  1.32523274e+01  9.29895539e+00
 4.58857143e+00 -4.29133858e+00  8.35420066e+00  1.32460456e+01  9.28980965e+00
 4.58857143e+00 -4.15748031e+00  8.48269948e+00  1.32399323e+01  9.28050050e+00
 4.58857143e+00 -4.02362205e+00  8.61100610e+00  1.32330104e+01  9.27087451e+00
 4.58857143e+00 -3.88976378e+00  8.73839588e+00  1.32243329e+01  9.26077916e+00
 4.58857143e+00 -3.75590551e+00  8.86507306e+00  1.32142714e+01  9.25035025e+00
 4.58857143e+00 -3.62204724e+00  8.99112701e+00  1.32031107e+01  9.23964289e+00
 4.58857143e+00 -3.48818898e+00  9.11640783e+00  1.31908480e+01  9.22861356e+00
 4.58857143e+00 -3.35433071e+00  9.24091229e+00  1.31775952e+01  9.21733921e+00
 4.58857143e+00 -3.22047244e+00  9.36472735e+00  1.31634852e+01  9.20585546e+00
 4.58857143e+00 -3.08661417e+00  9.48801157e+00  1.31486178e+01  9.19409021e+00
 4.58857143e+00 -2.95275591e+00  9.61098941e+00  1.31330021e+01  9.18209249e+00
 4.58857143e+00 -2.81889764e+00  9.73389891e+00  1.31165880e+01  9.16994227e+00
 4.58857143e+00 -2.68503937e+00  9.85692158e+00  1.30993085e+01  9.15759551e+00
 4.58857143e+00 -2.55118110e+00  9.98029975e+00  1.30812423e+01  9.14506457e+00
 4.58857143e+00 -2.41732283e+00  1.01043200e+01  1.30626485e+01  9.13245206e+00
 4.58857143e+00 -2.28346457e+00  1.02290131e+01  1.30438866e+01  9.11986879e+00
 4.58857143e+00 -2.14960630e+00  1.03541287e+01  1.30253300e+01  9.10740574e+00
 4.58857143e+00 -2.01574803e+00  1.04791033e+01  1.30072686e+01  9.09510171e+00
 4.58857143e+00 -1.88188976e+00  1.06039237e+01  1.29897151e+01  9.08292649e+00
 4.58857143e+00 -1.74803150e+00  1.07287601e+01  1.29724815e+01  9.07080023e+00
 4.58857143e+00 -1.61417323e+00  1.08529728e+01  1.29553277e+01  9.05862200e+00
 4.58857143e+00 -1.48031496e+00  1.09765628e+01  1.29383857e+01  9.04641357e+00
 4.58857143e+00 -1.34645669e+00  1.11005445e+01  1.29221593e+01  9.03431156e+00
 4.58857143e+00 -1.21259843e+00  1.12263757e+01  1.29065156e+01  9.02219855e+00
 4.58857143e+00 -1.07874016e+00  1.13548890e+01  1.28908053e+01  9.00987663e+00
 4.58857143e+00 -9.44881890e-01  1.14848753e+01  1.28740035e+01  8.99724980e+00
 4.58857143e+00 -8.11023622e-01  1.16161998e+01  1.28558657e+01  8.98418530e+00
 4.58857143e+00 -6.77165354e-01  1.17507155e+01  1.28373956e+01  8.97061698e+00
 4.58857143e+00 -5.43307087e-01  1.18933519e+01  1.28214091e+01  8.95678627e+00
 4.58857143e+00 -4.09448819e-01  1.20457345e+01  1.28063360e+01  8.94283306e+00
 4.58857143e+00 -2.75590551e-01  1.22078588e+01  1.27925167e+01  8.92846793e+00
 4.58857143e+00 -1.41732283e-01  1.23848241e+01  1.27927552e+01  8.91271739e+00
 4.58857143e+00 -7.87401575e-03  1.25815152e+01  1.28179865e+01  8.89465496e+00
 4.58857143e+00  1.25984252e-01  1.27961392e+01  1.28549425e+01  8.87477337e+00
 4.58857143e+00  2.59842520e-01  1.30249205e+01  1.28925184e+01  8.85356503e+00
 4.58857143e+00  3.93700787e-01  1.32631971e+01  1.29456256e+01  8.83199340e+00
 4.58857143e+00  5.27559055e-01  1.35058953e+01  1.30218718e+01  8.81069177e+00
 4.58857143e+00  6.61417323e-01  1.37476340e+01  1.31138919e+01  8.79061604e+00
 4.58857143e+00  7.95275591e-01  1.39871118e+01  1.32149866e+01  8.77150733e+00
 4.58857143e+00  9.29133858e-01  1.42268807e+01  1.33219253e+01  8.75206596e+00
 4.58857143e+00  1.06299213e+00  1.44666192e+01  1.34309575e+01  8.73173448e+00
 4.58857143e+00  1.19685039e+00  1.47052628e+01  1.35409356e+01  8.71039446e+00
 4.58857143e+00  1.33070866e+00  1.49430895e+01  1.36524437e+01  8.68771155e+00
 4.58857143e+00  1.46456693e+00  1.51798790e+01  1.37647743e+01  8.66385522e+00
 4.58857143e+00  1.59842520e+00  1.54159427e+01  1.38768656e+01  8.63879247e+00
 4.58857143e+00  1.73228346e+00  1.56515104e+01  1.39879111e+01  8.61272891e+00
 4.58857143e+00  1.86614173e+00  1.58921677e+01  1.40995228e+01  8.58444498e+00
 4.58857143e+00  2.00000000e+00  1.61337739e+01  1.42096666e+01  8.55429259e+00
 4.66698413e+00 -1.50000000e+01 -2.22112821e+00  1.34008237e+01  9.72504385e+00
 4.66698413e+00 -1.48661417e+01 -2.08729512e+00  1.34006930e+01  9.72168352e+00
 4.66698413e+00 -1.47322835e+01 -1.95344166e+00  1.34005634e+01  9.71830339e+00
 4.66698413e+00 -1.45984252e+01 -1.81952149e+00  1.34004468e+01  9.71487188e+00
 4.66698413e+00 -1.44645669e+01 -1.68558181e+00  1.34003288e+01  9.71138745e+00
 4.66698413e+00 -1.43307087e+01 -1.55161979e+00  1.34002087e+01  9.70789058e+00
 4.66698413e+00 -1.41968504e+01 -1.41761650e+00  1.34000896e+01  9.70438970e+00
 4.66698413e+00 -1.40629921e+01 -1.28356067e+00  1.33999711e+01  9.70083861e+00
 4.66698413e+00 -1.39291339e+01 -1.14943272e+00  1.33998533e+01  9.69726907e+00
 4.66698413e+00 -1.37952756e+01 -1.01520611e+00  1.33997367e+01  9.69369440e+00
 4.66698413e+00 -1.36614173e+01 -8.80846394e-01  1.33996218e+01  9.69006930e+00
 4.66698413e+00 -1.35275591e+01 -7.46303303e-01  1.33995090e+01  9.68639937e+00
 4.66698413e+00 -1.33937008e+01 -6.11510866e-01  1.33993986e+01  9.68268137e+00
 4.66698413e+00 -1.32598425e+01 -4.76460602e-01  1.33992907e+01  9.67889258e+00
 4.66698413e+00 -1.31259843e+01 -3.41707249e-01  1.33991860e+01  9.67510482e+00
 4.66698413e+00 -1.29921260e+01 -2.07660030e-01  1.33990852e+01  9.67133534e+00
 4.66698413e+00 -1.28582677e+01 -7.38142880e-02  1.33989882e+01  9.66751189e+00
 4.66698413e+00 -1.27244094e+01  6.00317483e-02  1.33988948e+01  9.66369124e+00
 4.66698413e+00 -1.25905512e+01  1.93877358e-01  1.33988046e+01  9.65986144e+00
 4.66698413e+00 -1.24566929e+01  3.27725155e-01  1.33987176e+01  9.65592243e+00
 4.66698413e+00 -1.23228346e+01  4.61572409e-01  1.33986315e+01  9.65195186e+00
 4.66698413e+00 -1.21889764e+01  5.95417735e-01  1.33985447e+01  9.64798871e+00
 4.66698413e+00 -1.20551181e+01  7.29262049e-01  1.33984568e+01  9.64398072e+00
 4.66698413e+00 -1.19212598e+01  8.63105509e-01  1.33983655e+01  9.63992131e+00
 4.66698413e+00 -1.17874016e+01  9.96947384e-01  1.33982685e+01  9.63581847e+00
 4.66698413e+00 -1.16535433e+01  1.13078660e+00  1.33981646e+01  9.63167477e+00
 4.66698413e+00 -1.15196850e+01  1.26462344e+00  1.33980511e+01  9.62746948e+00
 4.66698413e+00 -1.13858268e+01  1.39845881e+00  1.33979280e+01  9.62322972e+00
 4.66698413e+00 -1.12519685e+01  1.53229206e+00  1.33977947e+01  9.61900385e+00
 4.66698413e+00 -1.11181102e+01  1.66611575e+00  1.33976353e+01  9.61469956e+00
 4.66698413e+00 -1.09842520e+01  1.79993290e+00  1.33974580e+01  9.61031606e+00
 4.66698413e+00 -1.08503937e+01  1.93375492e+00  1.33972856e+01  9.60594005e+00
 4.66698413e+00 -1.07165354e+01  2.06757702e+00  1.33970831e+01  9.60149117e+00
 4.66698413e+00 -1.05826772e+01  2.20139416e+00  1.33968519e+01  9.59697188e+00
 4.66698413e+00 -1.04488189e+01  2.33520628e+00  1.33966323e+01  9.59246612e+00
 4.66698413e+00 -1.03149606e+01  2.46901767e+00  1.33964199e+01  9.58789508e+00
 4.66698413e+00 -1.01811024e+01  2.60283378e+00  1.33962108e+01  9.58323095e+00
 4.66698413e+00 -1.00472441e+01  2.73665630e+00  1.33960080e+01  9.57852319e+00
 4.66698413e+00 -9.91338583e+00  2.87047345e+00  1.33958027e+01  9.57378028e+00
 4.66698413e+00 -9.77952756e+00  3.00429013e+00  1.33955933e+01  9.56899484e+00
 4.66698413e+00 -9.64566929e+00  3.13812131e+00  1.33953934e+01  9.56416215e+00
 4.66698413e+00 -9.51181102e+00  3.27195209e+00  1.33952306e+01  9.55930213e+00
 4.66698413e+00 -9.37795276e+00  3.40577417e+00  1.33950880e+01  9.55437610e+00
 4.66698413e+00 -9.24409449e+00  3.53959148e+00  1.33949207e+01  9.54933672e+00
 4.66698413e+00 -9.11023622e+00  3.67340530e+00  1.33947304e+01  9.54430027e+00
 4.66698413e+00 -8.97637795e+00  3.80717114e+00  1.33944232e+01  9.53921806e+00
 4.66698413e+00 -8.84251969e+00  3.94083875e+00  1.33938764e+01  9.53394842e+00
 4.66698413e+00 -8.70866142e+00  4.07446658e+00  1.33931776e+01  9.52862668e+00
 4.66698413e+00 -8.57480315e+00  4.20801819e+00  1.33922974e+01  9.52327250e+00
 4.66698413e+00 -8.44094488e+00  4.34141024e+00  1.33910819e+01  9.51778906e+00
 4.66698413e+00 -8.30708661e+00  4.47473109e+00  1.33894243e+01  9.51219130e+00
 4.66698413e+00 -8.17322835e+00  4.60794107e+00  1.33872261e+01  9.50646075e+00
 4.66698413e+00 -8.03937008e+00  4.74091997e+00  1.33843993e+01  9.50054104e+00
 4.66698413e+00 -7.90551181e+00  4.87373712e+00  1.33808849e+01  9.49441288e+00
 4.66698413e+00 -7.77165354e+00  5.00640096e+00  1.33766921e+01  9.48811024e+00
 4.66698413e+00 -7.63779528e+00  5.13886932e+00  1.33719056e+01  9.48168199e+00
 4.66698413e+00 -7.50393701e+00  5.27122124e+00  1.33666607e+01  9.47509555e+00
 4.66698413e+00 -7.37007874e+00  5.40352679e+00  1.33610941e+01  9.46838491e+00
 4.66698413e+00 -7.23622047e+00  5.53582698e+00  1.33553944e+01  9.46163235e+00
 4.66698413e+00 -7.10236220e+00  5.66816926e+00  1.33499466e+01  9.45481637e+00
 4.66698413e+00 -6.96850394e+00  5.80056419e+00  1.33448569e+01  9.44793115e+00
 4.66698413e+00 -6.83464567e+00  5.93299893e+00  1.33400312e+01  9.44101810e+00
 4.66698413e+00 -6.70078740e+00  6.06549436e+00  1.33356419e+01  9.43413726e+00
 4.66698413e+00 -6.56692913e+00  6.19810150e+00  1.33317729e+01  9.42727870e+00
 4.66698413e+00 -6.43307087e+00  6.33085827e+00  1.33283713e+01  9.42037772e+00
 4.66698413e+00 -6.29921260e+00  6.46365057e+00  1.33254362e+01  9.41345228e+00
 4.66698413e+00 -6.16535433e+00  6.59645096e+00  1.33229302e+01  9.40652511e+00
 4.66698413e+00 -6.03149606e+00  6.72933202e+00  1.33207582e+01  9.39958719e+00
 4.66698413e+00 -5.89763780e+00  6.86222042e+00  1.33188333e+01  9.39258343e+00
 4.66698413e+00 -5.76377953e+00  6.99506334e+00  1.33170759e+01  9.38548991e+00
 4.66698413e+00 -5.62992126e+00  7.12786965e+00  1.33154184e+01  9.37831903e+00
 4.66698413e+00 -5.49606299e+00  7.26062572e+00  1.33138236e+01  9.37104308e+00
 4.66698413e+00 -5.36220472e+00  7.39332777e+00  1.33123014e+01  9.36367606e+00
 4.66698413e+00 -5.22834646e+00  7.52595121e+00  1.33108386e+01  9.35626378e+00
 4.66698413e+00 -5.09448819e+00  7.65830018e+00  1.33091307e+01  9.34872630e+00
 4.66698413e+00 -4.96062992e+00  7.79052784e+00  1.33072971e+01  9.34103375e+00
 4.66698413e+00 -4.82677165e+00  7.92299328e+00  1.33057675e+01  9.33322596e+00
 4.66698413e+00 -4.69291339e+00  8.05480164e+00  1.33035928e+01  9.32520009e+00
 4.66698413e+00 -4.55905512e+00  8.18523032e+00  1.33000117e+01  9.31691050e+00
 4.66698413e+00 -4.42519685e+00  8.31446849e+00  1.32952418e+01  9.30842978e+00
 4.66698413e+00 -4.29133858e+00  8.44397340e+00  1.32907475e+01  9.29982191e+00
 4.66698413e+00 -4.15748031e+00  8.57429533e+00  1.32870523e+01  9.29108571e+00
 4.66698413e+00 -4.02362205e+00  8.70407691e+00  1.32826914e+01  9.28213535e+00
 4.66698413e+00 -3.88976378e+00  8.83315576e+00  1.32771529e+01  9.27287580e+00
 4.66698413e+00 -3.75590551e+00  8.96177894e+00  1.32704457e+01  9.26324925e+00
 4.66698413e+00 -3.62204724e+00  9.08983555e+00  1.32626207e+01  9.25327674e+00
 4.66698413e+00 -3.48818898e+00  9.21722249e+00  1.32537114e+01  9.24299708e+00
 4.66698413e+00 -3.35433071e+00  9.34389152e+00  1.32438216e+01  9.23245964e+00
 4.66698413e+00 -3.22047244e+00  9.46986985e+00  1.32332623e+01  9.22172526e+00
 4.66698413e+00 -3.08661417e+00  9.59530512e+00  1.32221196e+01  9.21078337e+00
 4.66698413e+00 -2.95275591e+00  9.72039769e+00  1.32102710e+01  9.19958028e+00
 4.66698413e+00 -2.81889764e+00  9.84517753e+00  1.31976613e+01  9.18814857e+00
 4.66698413e+00 -2.68503937e+00  9.96964045e+00  1.31841350e+01  9.17649260e+00
 4.66698413e+00 -2.55118110e+00  1.00938411e+01  1.31694106e+01  9.16455262e+00
 4.66698413e+00 -2.41732283e+00  1.02181671e+01  1.31536033e+01  9.15235804e+00
 4.66698413e+00 -2.28346457e+00  1.03428311e+01  1.31369809e+01  9.13999191e+00
 4.66698413e+00 -2.14960630e+00  1.04671743e+01  1.31197061e+01  9.12755694e+00
 4.66698413e+00 -2.01574803e+00  1.05909842e+01  1.31021415e+01  9.11511770e+00
 4.66698413e+00 -1.88188976e+00  1.07145656e+01  1.30847415e+01  9.10269723e+00
 4.66698413e+00 -1.74803150e+00  1.08382127e+01  1.30675106e+01  9.09030200e+00
 4.66698413e+00 -1.61417323e+00  1.09616808e+01  1.30501696e+01  9.07786770e+00
 4.66698413e+00 -1.48031496e+00  1.10840441e+01  1.30322809e+01  9.06524582e+00
 4.66698413e+00 -1.34645669e+00  1.12062635e+01  1.30140715e+01  9.05249987e+00
 4.66698413e+00 -1.21259843e+00  1.13303145e+01  1.29960028e+01  9.03975095e+00
 4.66698413e+00 -1.07874016e+00  1.14576550e+01  1.29780204e+01  9.02687842e+00
 4.66698413e+00 -9.44881890e-01  1.15882151e+01  1.29593960e+01  9.01367474e+00
 4.66698413e+00 -8.11023622e-01  1.17203893e+01  1.29391498e+01  8.99995259e+00
 4.66698413e+00 -6.77165354e-01  1.18550654e+01  1.29184368e+01  8.98574076e+00
 4.66698413e+00 -5.43307087e-01  1.19944551e+01  1.28984420e+01  8.97117289e+00
 4.66698413e+00 -4.09448819e-01  1.21413845e+01  1.28795272e+01  8.95642764e+00
 4.66698413e+00 -2.75590551e-01  1.22983958e+01  1.28632775e+01  8.94155341e+00
 4.66698413e+00 -1.41732283e-01  1.24688528e+01  1.28618269e+01  8.92592890e+00
 4.66698413e+00 -7.87401575e-03  1.26555661e+01  1.28851235e+01  8.90868806e+00
 4.66698413e+00  1.25984252e-01  1.28583318e+01  1.29195734e+01  8.88979809e+00
 4.66698413e+00  2.59842520e-01  1.30754346e+01  1.29534893e+01  8.86962877e+00
 4.66698413e+00  3.93700787e-01  1.33029598e+01  1.29994947e+01  8.84879372e+00
 4.66698413e+00  5.27559055e-01  1.35359506e+01  1.30662025e+01  8.82810018e+00
 4.66698413e+00  6.61417323e-01  1.37702989e+01  1.31483508e+01  8.80801639e+00
 4.66698413e+00  7.95275591e-01  1.40049792e+01  1.32410772e+01  8.78864416e+00
 4.66698413e+00  9.29133858e-01  1.42408909e+01  1.33418385e+01  8.76952320e+00
 4.66698413e+00  1.06299213e+00  1.44775944e+01  1.34467328e+01  8.75016563e+00
 4.66698413e+00  1.19685039e+00  1.47138864e+01  1.35534563e+01  8.72997540e+00
 4.66698413e+00  1.33070866e+00  1.49498093e+01  1.36623237e+01  8.70873516e+00
 4.66698413e+00  1.46456693e+00  1.51852033e+01  1.37725215e+01  8.68631882e+00
 4.66698413e+00  1.59842520e+00  1.54201766e+01  1.38828497e+01  8.66268004e+00
 4.66698413e+00  1.73228346e+00  1.56546275e+01  1.39925424e+01  8.63770097e+00
 4.66698413e+00  1.86614173e+00  1.58946945e+01  1.41031263e+01  8.61110182e+00
 4.66698413e+00  2.00000000e+00  1.61374923e+01  1.42124105e+01  8.58302848e+00
 4.74539683e+00 -1.50000000e+01 -2.14264603e+00  1.34329828e+01  9.72803327e+00
 4.74539683e+00 -1.48661417e+01 -2.00881921e+00  1.34328513e+01  9.72466548e+00
 4.74539683e+00 -1.47322835e+01 -1.87493776e+00  1.34327348e+01  9.72131249e+00
 4.74539683e+00 -1.45984252e+01 -1.74101295e+00  1.34326229e+01  9.71793428e+00
 4.74539683e+00 -1.44645669e+01 -1.60706762e+00  1.34325060e+01  9.71449459e+00
 4.74539683e+00 -1.43307087e+01 -1.47310077e+00  1.34323883e+01  9.71100658e+00
 4.74539683e+00 -1.41968504e+01 -1.33909780e+00  1.34322697e+01  9.70751108e+00
 4.74539683e+00 -1.40629921e+01 -1.20504019e+00  1.34321494e+01  9.70400547e+00
 4.74539683e+00 -1.39291339e+01 -1.07090949e+00  1.34320280e+01  9.70044811e+00
 4.74539683e+00 -1.37952756e+01 -9.36689205e-01  1.34319051e+01  9.69687678e+00
 4.74539683e+00 -1.36614173e+01 -8.02337196e-01  1.34317809e+01  9.69329491e+00
 4.74539683e+00 -1.35275591e+01 -6.67788159e-01  1.34316553e+01  9.68965745e+00
 4.74539683e+00 -1.33937008e+01 -5.32987345e-01  1.34315281e+01  9.68597510e+00
 4.74539683e+00 -1.32598425e+01 -3.97889858e-01  1.34313995e+01  9.68224017e+00
 4.74539683e+00 -1.31259843e+01 -2.63028456e-01  1.34312700e+01  9.67844885e+00
 4.74539683e+00 -1.29921260e+01 -1.28856744e-01  1.34311398e+01  9.67467569e+00
 4.74539683e+00 -1.28582677e+01  4.96010656e-03  1.34310089e+01  9.67090403e+00
 4.74539683e+00 -1.27244094e+01  1.38792905e-01  1.34308772e+01  9.66707152e+00
 4.74539683e+00 -1.25905512e+01  2.72633226e-01  1.34307446e+01  9.66324811e+00
 4.74539683e+00 -1.24566929e+01  4.06482801e-01  1.34306114e+01  9.65940366e+00
 4.74539683e+00 -1.23228346e+01  5.40323228e-01  1.34304781e+01  9.65544842e+00
 4.74539683e+00 -1.21889764e+01  6.74160830e-01  1.34303447e+01  9.65147383e+00
 4.74539683e+00 -1.20551181e+01  8.08001261e-01  1.34302116e+01  9.64750362e+00
 4.74539683e+00 -1.19212598e+01  9.41842275e-01  1.34300794e+01  9.64348399e+00
 4.74539683e+00 -1.17874016e+01  1.07567455e+00  1.34299485e+01  9.63941518e+00
 4.74539683e+00 -1.16535433e+01  1.20950733e+00  1.34298190e+01  9.63530572e+00
 4.74539683e+00 -1.15196850e+01  1.34335594e+00  1.34296914e+01  9.63115459e+00
 4.74539683e+00 -1.13858268e+01  1.47720190e+00  1.34295660e+01  9.62694366e+00
 4.74539683e+00 -1.12519685e+01  1.61104050e+00  1.34294433e+01  9.62270859e+00
 4.74539683e+00 -1.11181102e+01  1.74488127e+00  1.34293236e+01  9.61848561e+00
 4.74539683e+00 -1.09842520e+01  1.87872475e+00  1.34292061e+01  9.61417547e+00
 4.74539683e+00 -1.08503937e+01  2.01256380e+00  1.34290910e+01  9.60980181e+00
 4.74539683e+00 -1.07165354e+01  2.14639497e+00  1.34289791e+01  9.60544465e+00
 4.74539683e+00 -1.05826772e+01  2.28023824e+00  1.34288686e+01  9.60100398e+00
 4.74539683e+00 -1.04488189e+01  2.41408878e+00  1.34287573e+01  9.59649399e+00
 4.74539683e+00 -1.03149606e+01  2.54792873e+00  1.34286445e+01  9.59199095e+00
 4.74539683e+00 -1.01811024e+01  2.68176729e+00  1.34285328e+01  9.58742167e+00
 4.74539683e+00 -1.00472441e+01  2.81560313e+00  1.34284110e+01  9.58276968e+00
 4.74539683e+00 -9.91338583e+00  2.94942971e+00  1.34282702e+01  9.57807057e+00
 4.74539683e+00 -9.77952756e+00  3.08325798e+00  1.34281346e+01  9.57332728e+00
 4.74539683e+00 -9.64566929e+00  3.21709045e+00  1.34279963e+01  9.56853618e+00
 4.74539683e+00 -9.51181102e+00  3.35091992e+00  1.34278317e+01  9.56369793e+00
 4.74539683e+00 -9.37795276e+00  3.48473741e+00  1.34276513e+01  9.55882263e+00
 4.74539683e+00 -9.24409449e+00  3.61855522e+00  1.34274741e+01  9.55387548e+00
 4.74539683e+00 -9.11023622e+00  3.75237588e+00  1.34272934e+01  9.54883091e+00
 4.74539683e+00 -8.97637795e+00  3.88614206e+00  1.34270380e+01  9.54376902e+00
 4.74539683e+00 -8.84251969e+00  4.01987105e+00  1.34267302e+01  9.53870080e+00
 4.74539683e+00 -8.70866142e+00  4.15361335e+00  1.34264327e+01  9.53358059e+00
 4.74539683e+00 -8.57480315e+00  4.28735707e+00  1.34261286e+01  9.52837380e+00
 4.74539683e+00 -8.44094488e+00  4.42110176e+00  1.34258157e+01  9.52309072e+00
 4.74539683e+00 -8.30708661e+00  4.55484172e+00  1.34255007e+01  9.51776058e+00
 4.74539683e+00 -8.17322835e+00  4.68852726e+00  1.34251647e+01  9.51238642e+00
 4.74539683e+00 -8.03937008e+00  4.82216878e+00  1.34247602e+01  9.50694988e+00
 4.74539683e+00 -7.90551181e+00  4.95580209e+00  1.34242521e+01  9.50141948e+00
 4.74539683e+00 -7.77165354e+00  5.08941527e+00  1.34236657e+01  9.49576523e+00
 4.74539683e+00 -7.63779528e+00  5.22296020e+00  1.34229264e+01  9.49001868e+00
 4.74539683e+00 -7.50393701e+00  5.35639711e+00  1.34219421e+01  9.48420999e+00
 4.74539683e+00 -7.37007874e+00  5.48974814e+00  1.34207308e+01  9.47827458e+00
 4.74539683e+00 -7.23622047e+00  5.62301179e+00  1.34191513e+01  9.47217588e+00
 4.74539683e+00 -7.10236220e+00  5.75614203e+00  1.34170358e+01  9.46592200e+00
 4.74539683e+00 -6.96850394e+00  5.88904440e+00  1.34144092e+01  9.45955407e+00
 4.74539683e+00 -6.83464567e+00  6.02172176e+00  1.34111719e+01  9.45300533e+00
 4.74539683e+00 -6.70078740e+00  6.15425106e+00  1.34072791e+01  9.44620899e+00
 4.74539683e+00 -6.56692913e+00  6.28670987e+00  1.34030011e+01  9.43926494e+00
 4.74539683e+00 -6.43307087e+00  6.41900084e+00  1.33982503e+01  9.43218271e+00
 4.74539683e+00 -6.29921260e+00  6.55105090e+00  1.33929177e+01  9.42493770e+00
 4.74539683e+00 -6.16535433e+00  6.68313174e+00  1.33874634e+01  9.41760983e+00
 4.74539683e+00 -6.03149606e+00  6.81535875e+00  1.33821902e+01  9.41021318e+00
 4.74539683e+00 -5.89763780e+00  6.94765082e+00  1.33771373e+01  9.40271769e+00
 4.74539683e+00 -5.76377953e+00  7.07982682e+00  1.33721882e+01  9.39514703e+00
 4.74539683e+00 -5.62992126e+00  7.21194645e+00  1.33674735e+01  9.38755586e+00
 4.74539683e+00 -5.49606299e+00  7.34418394e+00  1.33632426e+01  9.37997304e+00
 4.74539683e+00 -5.36220472e+00  7.47646025e+00  1.33594581e+01  9.37230853e+00
 4.74539683e+00 -5.22834646e+00  7.60870167e+00  1.33560188e+01  9.36458218e+00
 4.74539683e+00 -5.09448819e+00  7.74091572e+00  1.33528482e+01  9.35686518e+00
 4.74539683e+00 -4.96062992e+00  7.87321863e+00  1.33499673e+01  9.34904631e+00
 4.74539683e+00 -4.82677165e+00  8.00563987e+00  1.33474311e+01  9.34112373e+00
 4.74539683e+00 -4.69291339e+00  8.13787247e+00  1.33449883e+01  9.33316825e+00
 4.74539683e+00 -4.55905512e+00  8.26886282e+00  1.33413860e+01  9.32505823e+00
 4.74539683e+00 -4.42519685e+00  8.39899220e+00  1.33369503e+01  9.31675017e+00
 4.74539683e+00 -4.29133858e+00  8.52966137e+00  1.33332020e+01  9.30830526e+00
 4.74539683e+00 -4.15748031e+00  8.66065445e+00  1.33299668e+01  9.29979066e+00
 4.74539683e+00 -4.02362205e+00  8.79145492e+00  1.33266232e+01  9.29115628e+00
 4.74539683e+00 -3.88976378e+00  8.92177792e+00  1.33226584e+01  9.28225625e+00
 4.74539683e+00 -3.75590551e+00  9.05171773e+00  1.33179907e+01  9.27311074e+00
 4.74539683e+00 -3.62204724e+00  9.18129801e+00  1.33125308e+01  9.26373375e+00
 4.74539683e+00 -3.48818898e+00  9.31033052e+00  1.33060750e+01  9.25408027e+00
 4.74539683e+00 -3.35433071e+00  9.43874662e+00  1.32987825e+01  9.24418906e+00
 4.74539683e+00 -3.22047244e+00  9.56658085e+00  1.32908876e+01  9.23408519e+00
 4.74539683e+00 -3.08661417e+00  9.69394326e+00  1.32824925e+01  9.22372217e+00
 4.74539683e+00 -2.95275591e+00  9.82086192e+00  1.32734779e+01  9.21310455e+00
 4.74539683e+00 -2.81889764e+00  9.94734548e+00  1.32636546e+01  9.20225234e+00
 4.74539683e+00 -2.68503937e+00  1.00734633e+01  1.32529311e+01  9.19114820e+00
 4.74539683e+00 -2.55118110e+00  1.01992120e+01  1.32411877e+01  9.17976464e+00
 4.74539683e+00 -2.41732283e+00  1.03245554e+01  1.32282909e+01  9.16808897e+00
 4.74539683e+00 -2.28346457e+00  1.04495808e+01  1.32141855e+01  9.15617888e+00
 4.74539683e+00 -2.14960630e+00  1.05742515e+01  1.31988712e+01  9.14404129e+00
 4.74539683e+00 -2.01574803e+00  1.06983811e+01  1.31824952e+01  9.13163308e+00
 4.74539683e+00 -1.88188976e+00  1.08221429e+01  1.31659203e+01  9.11918380e+00
 4.74539683e+00 -1.74803150e+00  1.09457813e+01  1.31497997e+01  9.10687535e+00
 4.74539683e+00 -1.61417323e+00  1.10693000e+01  1.31335489e+01  9.09449182e+00
 4.74539683e+00 -1.48031496e+00  1.11922414e+01  1.31165089e+01  9.08185719e+00
 4.74539683e+00 -1.34645669e+00  1.13142544e+01  1.30983031e+01  9.06891585e+00
 4.74539683e+00 -1.21259843e+00  1.14371569e+01  1.30793487e+01  9.05576055e+00
 4.74539683e+00 -1.07874016e+00  1.15629778e+01  1.30601140e+01  9.04244733e+00
 4.74539683e+00 -9.44881890e-01  1.16927720e+01  1.30407360e+01  9.02889898e+00
 4.74539683e+00 -8.11023622e-01  1.18255599e+01  1.30204574e+01  9.01494940e+00
 4.74539683e+00 -6.77165354e-01  1.19597529e+01  1.29990212e+01  9.00046311e+00
 4.74539683e+00 -5.43307087e-01  1.20958144e+01  1.29783009e+01  8.98547763e+00
 4.74539683e+00 -4.09448819e-01  1.22373441e+01  1.29575058e+01  8.97019868e+00
 4.74539683e+00 -2.75590551e-01  1.23892379e+01  1.29384975e+01  8.95474756e+00
 4.74539683e+00 -1.41732283e-01  1.25540975e+01  1.29334382e+01  8.93882143e+00
 4.74539683e+00 -7.87401575e-03  1.27325944e+01  1.29510660e+01  8.92198936e+00
 4.74539683e+00  1.25984252e-01  1.29251857e+01  1.29810485e+01  8.90415842e+00
 4.74539683e+00  2.59842520e-01  1.31309164e+01  1.30133374e+01  8.88539950e+00
 4.74539683e+00  3.93700787e-01  1.33470712e+01  1.30563309e+01  8.86598408e+00
 4.74539683e+00  5.27559055e-01  1.35699262e+01  1.31166454e+01  8.84604163e+00
 4.74539683e+00  6.61417323e-01  1.37965426e+01  1.31890086e+01  8.82566380e+00
 4.74539683e+00  7.95275591e-01  1.40255723e+01  1.32712601e+01  8.80545904e+00
 4.74539683e+00  9.29133858e-01  1.42571085e+01  1.33643776e+01  8.78630763e+00
 4.74539683e+00  1.06299213e+00  1.44903061e+01  1.34647364e+01  8.76776086e+00
 4.74539683e+00  1.19685039e+00  1.47239081e+01  1.35678946e+01  8.74855637e+00
 4.74539683e+00  1.33070866e+00  1.49576649e+01  1.36735442e+01  8.72831637e+00
 4.74539683e+00  1.46456693e+00  1.51914278e+01  1.37813673e+01  8.70715942e+00
 4.74539683e+00  1.59842520e+00  1.54250408e+01  1.38897754e+01  8.68499325e+00
 4.74539683e+00  1.73228346e+00  1.56585237e+01  1.39980802e+01  8.66169551e+00
 4.74539683e+00  1.86614173e+00  1.58978167e+01  1.41073435e+01  8.63639177e+00
 4.74539683e+00  2.00000000e+00  1.61395479e+01  1.42156547e+01  8.60953714e+00
 4.82380952e+00 -1.50000000e+01 -2.06411520e+00  1.34688463e+01  9.73106155e+00
 4.82380952e+00 -1.48661417e+01 -1.93026035e+00  1.34686980e+01  9.72773482e+00
 4.82380952e+00 -1.47322835e+01 -1.79634978e+00  1.34685845e+01  9.72436288e+00
 4.82380952e+00 -1.45984252e+01 -1.66243272e+00  1.34684623e+01  9.72100917e+00
 4.82380952e+00 -1.44645669e+01 -1.52849826e+00  1.34683353e+01  9.71762400e+00
 4.82380952e+00 -1.43307087e+01 -1.39453212e+00  1.34682092e+01  9.71417620e+00
 4.82380952e+00 -1.41968504e+01 -1.26052790e+00  1.34680809e+01  9.71068357e+00
 4.82380952e+00 -1.40629921e+01 -1.12647126e+00  1.34679510e+01  9.70718697e+00
 4.82380952e+00 -1.39291339e+01 -9.92342383e-01  1.34678199e+01  9.70367488e+00
 4.82380952e+00 -1.37952756e+01 -8.58115319e-01  1.34676875e+01  9.70011011e+00
 4.82380952e+00 -1.36614173e+01 -7.23755124e-01  1.34675539e+01  9.69653544e+00
 4.82380952e+00 -1.35275591e+01 -5.89213665e-01  1.34674192e+01  9.69294456e+00
 4.82380952e+00 -1.33937008e+01 -4.54421094e-01  1.34672833e+01  9.68929398e+00
 4.82380952e+00 -1.32598425e+01 -3.19317455e-01  1.34671463e+01  9.68559878e+00
 4.82380952e+00 -1.31259843e+01 -1.84294252e-01  1.34670088e+01  9.68185864e+00
 4.82380952e+00 -1.29921260e+01 -5.00377892e-02  1.34668715e+01  9.67808068e+00
 4.82380952e+00 -1.28582677e+01  8.38017385e-02  1.34667343e+01  9.67431877e+00
 4.82380952e+00 -1.27244094e+01  2.17651180e-01  1.34665970e+01  9.67054094e+00
 4.82380952e+00 -1.25905512e+01  3.51491129e-01  1.34664595e+01  9.66670523e+00
 4.82380952e+00 -1.24566929e+01  4.85332873e-01  1.34663219e+01  9.66288463e+00
 4.82380952e+00 -1.23228346e+01  6.19174280e-01  1.34661838e+01  9.65903067e+00
 4.82380952e+00 -1.21889764e+01  7.53015372e-01  1.34660454e+01  9.65506710e+00
 4.82380952e+00 -1.20551181e+01  8.86856109e-01  1.34659065e+01  9.65109513e+00
 4.82380952e+00 -1.19212598e+01  1.02069672e+00  1.34657672e+01  9.64712237e+00
 4.82380952e+00 -1.17874016e+01  1.15453725e+00  1.34656273e+01  9.64309600e+00
 4.82380952e+00 -1.16535433e+01  1.28837695e+00  1.34654868e+01  9.63902101e+00
 4.82380952e+00 -1.15196850e+01  1.42221605e+00  1.34653456e+01  9.63490577e+00
 4.82380952e+00 -1.13858268e+01  1.55605512e+00  1.34652036e+01  9.63074710e+00
 4.82380952e+00 -1.12519685e+01  1.68989378e+00  1.34650607e+01  9.62652856e+00
 4.82380952e+00 -1.11181102e+01  1.82373190e+00  1.34649171e+01  9.62229280e+00
 4.82380952e+00 -1.09842520e+01  1.95756971e+00  1.34647728e+01  9.61806294e+00
 4.82380952e+00 -1.08503937e+01  2.09140747e+00  1.34646276e+01  9.61373715e+00
 4.82380952e+00 -1.07165354e+01  2.22524471e+00  1.34644817e+01  9.60935904e+00
 4.82380952e+00 -1.05826772e+01  2.35908108e+00  1.34643355e+01  9.60499390e+00
 4.82380952e+00 -1.04488189e+01  2.49291739e+00  1.34641893e+01  9.60053745e+00
 4.82380952e+00 -1.03149606e+01  2.62675370e+00  1.34640430e+01  9.59602280e+00
 4.82380952e+00 -1.01811024e+01  2.76058981e+00  1.34638971e+01  9.59151308e+00
 4.82380952e+00 -1.00472441e+01  2.89442604e+00  1.34637523e+01  9.58692995e+00
 4.82380952e+00 -9.91338583e+00  3.02826214e+00  1.34636082e+01  9.58226815e+00
 4.82380952e+00 -9.77952756e+00  3.16209804e+00  1.34634648e+01  9.57756335e+00
 4.82380952e+00 -9.64566929e+00  3.29593457e+00  1.34633241e+01  9.57282153e+00
 4.82380952e+00 -9.51181102e+00  3.42976934e+00  1.34631841e+01  9.56803563e+00
 4.82380952e+00 -9.37795276e+00  3.56360436e+00  1.34630453e+01  9.56319799e+00
 4.82380952e+00 -9.24409449e+00  3.69744963e+00  1.34629155e+01  9.55831072e+00
 4.82380952e+00 -9.11023622e+00  3.83126772e+00  1.34627666e+01  9.55337912e+00
 4.82380952e+00 -8.97637795e+00  3.96503348e+00  1.34625806e+01  9.54840593e+00
 4.82380952e+00 -8.84251969e+00  4.09879587e+00  1.34623945e+01  9.54338702e+00
 4.82380952e+00 -8.70866142e+00  4.23256659e+00  1.34622058e+01  9.53832354e+00
 4.82380952e+00 -8.57480315e+00  4.36633971e+00  1.34620003e+01  9.53320620e+00
 4.82380952e+00 -8.44094488e+00  4.50011768e+00  1.34617897e+01  9.52800352e+00
 4.82380952e+00 -8.30708661e+00  4.63385472e+00  1.34615771e+01  9.52272469e+00
 4.82380952e+00 -8.17322835e+00  4.76754423e+00  1.34613459e+01  9.51739572e+00
 4.82380952e+00 -8.03937008e+00  4.90128544e+00  1.34610604e+01  9.51202733e+00
 4.82380952e+00 -7.90551181e+00  5.03502791e+00  1.34607401e+01  9.50659692e+00
 4.82380952e+00 -7.77165354e+00  5.16870627e+00  1.34604138e+01  9.50107266e+00
 4.82380952e+00 -7.63779528e+00  5.30237635e+00  1.34600718e+01  9.49544192e+00
 4.82380952e+00 -7.50393701e+00  5.43605548e+00  1.34596937e+01  9.48974708e+00
 4.82380952e+00 -7.37007874e+00  5.56971786e+00  1.34592637e+01  9.48401191e+00
 4.82380952e+00 -7.23622047e+00  5.70331558e+00  1.34587795e+01  9.47818255e+00
 4.82380952e+00 -7.10236220e+00  5.83687682e+00  1.34582340e+01  9.47223982e+00
 4.82380952e+00 -6.96850394e+00  5.97042240e+00  1.34575984e+01  9.46620761e+00
 4.82380952e+00 -6.83464567e+00  6.10389561e+00  1.34568188e+01  9.46013498e+00
 4.82380952e+00 -6.70078740e+00  6.23727155e+00  1.34559094e+01  9.45395326e+00
 4.82380952e+00 -6.56692913e+00  6.37056248e+00  1.34548226e+01  9.44759439e+00
 4.82380952e+00 -6.43307087e+00  6.50379502e+00  1.34533601e+01  9.44109520e+00
 4.82380952e+00 -6.29921260e+00  6.63685902e+00  1.34514880e+01  9.43449897e+00
 4.82380952e+00 -6.16535433e+00  6.76975449e+00  1.34493380e+01  9.42779495e+00
 4.82380952e+00 -6.03149606e+00  6.90273527e+00  1.34471018e+01  9.42088995e+00
 4.82380952e+00 -5.89763780e+00  7.03558224e+00  1.34443847e+01  9.41380761e+00
 4.82380952e+00 -5.76377953e+00  7.16804780e+00  1.34408067e+01  9.40657097e+00
 4.82380952e+00 -5.62992126e+00  7.30026449e+00  1.34365325e+01  9.39910034e+00
 4.82380952e+00 -5.49606299e+00  7.43228990e+00  1.34317714e+01  9.39144535e+00
 4.82380952e+00 -5.36220472e+00  7.56415913e+00  1.34266759e+01  9.38367607e+00
 4.82380952e+00 -5.22834646e+00  7.69596526e+00  1.34213230e+01  9.37576504e+00
 4.82380952e+00 -5.09448819e+00  7.82765182e+00  1.34157804e+01  9.36768947e+00
 4.82380952e+00 -4.96062992e+00  7.95925313e+00  1.34102524e+01  9.35947524e+00
 4.82380952e+00 -4.82677165e+00  8.09111889e+00  1.34051919e+01  9.35122263e+00
 4.82380952e+00 -4.69291339e+00  8.22280080e+00  1.34001540e+01  9.34292929e+00
 4.82380952e+00 -4.55905512e+00  8.35370758e+00  1.33945329e+01  9.33453859e+00
 4.82380952e+00 -4.42519685e+00  8.48414789e+00  1.33887590e+01  9.32602859e+00
 4.82380952e+00 -4.29133858e+00  8.61481484e+00  1.33835147e+01  9.31743315e+00
 4.82380952e+00 -4.15748031e+00  8.74612996e+00  1.33791866e+01  9.30879565e+00
 4.82380952e+00 -4.02362205e+00  8.87724064e+00  1.33750734e+01  9.30008761e+00
 4.82380952e+00 -3.88976378e+00  9.00792690e+00  1.33708132e+01  9.29126941e+00
 4.82380952e+00 -3.75590551e+00  9.13852013e+00  1.33664068e+01  9.28230014e+00
 4.82380952e+00 -3.62204724e+00  9.26892023e+00  1.33616098e+01  9.27313636e+00
 4.82380952e+00 -3.48818898e+00  9.39896800e+00  1.33562443e+01  9.26376072e+00
 4.82380952e+00 -3.35433071e+00  9.52856286e+00  1.33502864e+01  9.25418406e+00
 4.82380952e+00 -3.22047244e+00  9.65771174e+00  1.33438748e+01  9.24443261e+00
 4.82380952e+00 -3.08661417e+00  9.78645900e+00  1.33370704e+01  9.23450105e+00
 4.82380952e+00 -2.95275591e+00  9.91484740e+00  1.33297928e+01  9.22434762e+00
 4.82380952e+00 -2.81889764e+00  1.00428451e+01  1.33219259e+01  9.21394868e+00
 4.82380952e+00 -2.68503937e+00  1.01704387e+01  1.33133263e+01  9.20328956e+00
 4.82380952e+00 -2.55118110e+00  1.02976497e+01  1.33038219e+01  9.19235858e+00
 4.82380952e+00 -2.41732283e+00  1.04242550e+01  1.32932500e+01  9.18114864e+00
 4.82380952e+00 -2.28346457e+00  1.05501402e+01  1.32814842e+01  9.16965578e+00
 4.82380952e+00 -2.14960630e+00  1.06756661e+01  1.32684479e+01  9.15787358e+00
 4.82380952e+00 -2.01574803e+00  1.08008378e+01  1.32541211e+01  9.14580889e+00
 4.82380952e+00 -1.88188976e+00  1.09254488e+01  1.32386601e+01  9.13350466e+00
 4.82380952e+00 -1.74803150e+00  1.10496841e+01  1.32227089e+01  9.12109147e+00
 4.82380952e+00 -1.61417323e+00  1.11738912e+01  1.32070323e+01  9.10868907e+00
 4.82380952e+00 -1.48031496e+00  1.12983237e+01  1.31921198e+01  9.09632863e+00
 4.82380952e+00 -1.34645669e+00  1.14217272e+01  1.31762533e+01  9.08367608e+00
 4.82380952e+00 -1.21259843e+00  1.15438837e+01  1.31580881e+01  9.07048958e+00
 4.82380952e+00 -1.07874016e+00  1.16684880e+01  1.31391927e+01  9.05704123e+00
 4.82380952e+00 -9.44881890e-01  1.17972552e+01  1.31202579e+01  9.04338545e+00
 4.82380952e+00 -8.11023622e-01  1.19291704e+01  1.31007807e+01  9.02933232e+00
 4.82380952e+00 -6.77165354e-01  1.20628596e+01  1.30802001e+01  9.01475877e+00
 4.82380952e+00 -5.43307087e-01  1.21981852e+01  1.30588865e+01  8.99965926e+00
 4.82380952e+00 -4.09448819e-01  1.23368981e+01  1.30383846e+01  8.98412751e+00
 4.82380952e+00 -2.75590551e-01  1.24825611e+01  1.30210343e+01  8.96828012e+00
 4.82380952e+00 -1.41732283e-01  1.26388180e+01  1.30095020e+01  8.95214295e+00
 4.82380952e+00 -7.87401575e-03  1.28079953e+01  1.30075238e+01  8.93568188e+00
 4.82380952e+00  1.25984252e-01  1.29901484e+01  1.30208103e+01  8.91892467e+00
 4.82380952e+00  2.59842520e-01  1.31847813e+01  1.30541127e+01  8.90181344e+00
 4.82380952e+00  3.93700787e-01  1.33910228e+01  1.31066324e+01  8.88419945e+00
 4.82380952e+00  5.27559055e-01  1.36066947e+01  1.31726170e+01  8.86548430e+00
 4.82380952e+00  6.61417323e-01  1.38266889e+01  1.32388429e+01  8.84443692e+00
 4.82380952e+00  7.95275591e-01  1.40494373e+01  1.33070741e+01  8.82232968e+00
 4.82380952e+00  9.29133858e-01  1.42757603e+01  1.33894542e+01  8.80243373e+00
 4.82380952e+00  1.06299213e+00  1.45050673e+01  1.34852267e+01  8.78463796e+00
 4.82380952e+00  1.19685039e+00  1.47355519e+01  1.35845254e+01  8.76633178e+00
 4.82380952e+00  1.33070866e+00  1.49669539e+01  1.36865177e+01  8.74687243e+00
 4.82380952e+00  1.46456693e+00  1.51988096e+01  1.37915213e+01  8.72673352e+00
 4.82380952e+00  1.59842520e+00  1.54309325e+01  1.38979294e+01  8.70573980e+00
 4.82380952e+00  1.73228346e+00  1.56631589e+01  1.40043946e+01  8.68380445e+00
 4.82380952e+00  1.86614173e+00  1.59015144e+01  1.41122883e+01  8.66010356e+00
 4.82380952e+00  2.00000000e+00  1.61425270e+01  1.42196149e+01  8.63490026e+00
 4.90222222e+00 -1.50000000e+01 -1.98566647e+00  1.35082345e+01  9.73397576e+00
 4.90222222e+00 -1.48661417e+01 -1.85177840e+00  1.35081043e+01  9.73069663e+00
 4.90222222e+00 -1.47322835e+01 -1.71787027e+00  1.35079723e+01  9.72735204e+00
 4.90222222e+00 -1.45984252e+01 -1.58395689e+00  1.35078387e+01  9.72397501e+00
 4.90222222e+00 -1.44645669e+01 -1.45001995e+00  1.35077035e+01  9.72063160e+00
 4.90222222e+00 -1.43307087e+01 -1.31605400e+00  1.35075668e+01  9.71723543e+00
 4.90222222e+00 -1.41968504e+01 -1.18205003e+00  1.35074287e+01  9.71377238e+00
 4.90222222e+00 -1.40629921e+01 -1.04799312e+00  1.35072893e+01  9.71028656e+00
 4.90222222e+00 -1.39291339e+01 -9.13864375e-01  1.35071486e+01  9.70678533e+00
 4.90222222e+00 -1.37952756e+01 -7.79637728e-01  1.35070066e+01  9.70325826e+00
 4.90222222e+00 -1.36614173e+01 -6.45277664e-01  1.35068635e+01  9.69969659e+00
 4.90222222e+00 -1.35275591e+01 -5.10734898e-01  1.35067192e+01  9.69611444e+00
 4.90222222e+00 -1.33937008e+01 -3.75947189e-01  1.35065738e+01  9.69250424e+00
 4.90222222e+00 -1.32598425e+01 -2.40821214e-01  1.35064272e+01  9.68884788e+00
 4.90222222e+00 -1.31259843e+01 -1.05688304e-01  1.35062799e+01  9.68515285e+00
 4.90222222e+00 -1.29921260e+01  2.86798880e-02  1.35061328e+01  9.68141779e+00
 4.90222222e+00 -1.28582677e+01  1.62549009e-01  1.35059860e+01  9.67763848e+00
 4.90222222e+00 -1.27244094e+01  2.96393741e-01  1.35058388e+01  9.67387524e+00
 4.90222222e+00 -1.25905512e+01  4.30235016e-01  1.35056911e+01  9.67009196e+00
 4.90222222e+00 -1.24566929e+01  5.64077377e-01  1.35055430e+01  9.66625255e+00
 4.90222222e+00 -1.23228346e+01  6.97919008e-01  1.35053943e+01  9.66243989e+00
 4.90222222e+00 -1.21889764e+01  8.31760514e-01  1.35052453e+01  9.65858074e+00
 4.90222222e+00 -1.20551181e+01  9.65601776e-01  1.35050959e+01  9.65460808e+00
 4.90222222e+00 -1.19212598e+01  1.09944274e+00  1.35049460e+01  9.65063860e+00
 4.90222222e+00 -1.17874016e+01  1.23328348e+00  1.35047958e+01  9.64665915e+00
 4.90222222e+00 -1.16535433e+01  1.36712405e+00  1.35046452e+01  9.64261664e+00
 4.90222222e+00 -1.15196850e+01  1.50096433e+00  1.35044942e+01  9.63853403e+00
 4.90222222e+00 -1.13858268e+01  1.63480431e+00  1.35043429e+01  9.63441503e+00
 4.90222222e+00 -1.12519685e+01  1.76864405e+00  1.35041912e+01  9.63024906e+00
 4.90222222e+00 -1.11181102e+01  1.90248350e+00  1.35040391e+01  9.62603163e+00
 4.90222222e+00 -1.09842520e+01  2.03632262e+00  1.35038867e+01  9.62180562e+00
 4.90222222e+00 -1.08503937e+01  2.17016141e+00  1.35037340e+01  9.61756963e+00
 4.90222222e+00 -1.07165354e+01  2.30399997e+00  1.35035808e+01  9.61322232e+00
 4.90222222e+00 -1.05826772e+01  2.43783820e+00  1.35034272e+01  9.60884278e+00
 4.90222222e+00 -1.04488189e+01  2.57167601e+00  1.35032732e+01  9.60448316e+00
 4.90222222e+00 -1.03149606e+01  2.70551342e+00  1.35031186e+01  9.60001095e+00
 4.90222222e+00 -1.01811024e+01  2.83935045e+00  1.35029636e+01  9.59548582e+00
 4.90222222e+00 -1.00472441e+01  2.97318700e+00  1.35028079e+01  9.59097303e+00
 4.90222222e+00 -9.91338583e+00  3.10702295e+00  1.35026515e+01  9.58638828e+00
 4.90222222e+00 -9.77952756e+00  3.24085894e+00  1.35024948e+01  9.58172058e+00
 4.90222222e+00 -9.64566929e+00  3.37469421e+00  1.35023372e+01  9.57700002e+00
 4.90222222e+00 -9.51181102e+00  3.50852671e+00  1.35021769e+01  9.57225183e+00
 4.90222222e+00 -9.37795276e+00  3.64236556e+00  1.35020222e+01  9.56745423e+00
 4.90222222e+00 -9.24409449e+00  3.77620021e+00  1.35018635e+01  9.56260687e+00
 4.90222222e+00 -9.11023622e+00  3.90998993e+00  1.35016642e+01  9.55776576e+00
 4.90222222e+00 -8.97637795e+00  4.04375866e+00  1.35014457e+01  9.55291150e+00
 4.90222222e+00 -8.84251969e+00  4.17753534e+00  1.35012356e+01  9.54799074e+00
 4.90222222e+00 -8.70866142e+00  4.31131209e+00  1.35010292e+01  9.54296434e+00
 4.90222222e+00 -8.57480315e+00  4.44508192e+00  1.35008115e+01  9.53788340e+00
 4.90222222e+00 -8.44094488e+00  4.57884738e+00  1.35005845e+01  9.53276789e+00
 4.90222222e+00 -8.30708661e+00  4.71262009e+00  1.35003732e+01  9.52754916e+00
 4.90222222e+00 -8.17322835e+00  4.84639414e+00  1.35001578e+01  9.52225576e+00
 4.90222222e+00 -8.03937008e+00  4.98016571e+00  1.34999331e+01  9.51693048e+00
 4.90222222e+00 -7.90551181e+00  5.11393900e+00  1.34997308e+01  9.51156907e+00
 4.90222222e+00 -7.77165354e+00  5.24768095e+00  1.34995022e+01  9.50613416e+00
 4.90222222e+00 -7.63779528e+00  5.38137943e+00  1.34992210e+01  9.50059856e+00
 4.90222222e+00 -7.50393701e+00  5.51507089e+00  1.34989338e+01  9.49497139e+00
 4.90222222e+00 -7.37007874e+00  5.64877196e+00  1.34986418e+01  9.48929210e+00
 4.90222222e+00 -7.23622047e+00  5.78246414e+00  1.34983322e+01  9.48356124e+00
 4.90222222e+00 -7.10236220e+00  5.91610325e+00  1.34979946e+01  9.47772624e+00
 4.90222222e+00 -6.96850394e+00  6.04971198e+00  1.34975871e+01  9.47183339e+00
 4.90222222e+00 -6.83464567e+00  6.18331882e+00  1.34971215e+01  9.46588913e+00
 4.90222222e+00 -6.70078740e+00  6.31692201e+00  1.34966760e+01  9.45980715e+00
 4.90222222e+00 -6.56692913e+00  6.45050323e+00  1.34961829e+01  9.45359479e+00
 4.90222222e+00 -6.43307087e+00  6.58400598e+00  1.34955544e+01  9.44730687e+00
 4.90222222e+00 -6.29921260e+00  6.71736938e+00  1.34947826e+01  9.44098584e+00
 4.90222222e+00 -6.16535433e+00  6.85076041e+00  1.34940373e+01  9.43453327e+00
 4.90222222e+00 -6.03149606e+00  6.98424314e+00  1.34933278e+01  9.42792909e+00
 4.90222222e+00 -5.89763780e+00  7.11764499e+00  1.34923949e+01  9.42128676e+00
 4.90222222e+00 -5.76377953e+00  7.25088628e+00  1.34911759e+01  9.41449133e+00
 4.90222222e+00 -5.62992126e+00  7.38395992e+00  1.34896781e+01  9.40750075e+00
 4.90222222e+00 -5.49606299e+00  7.51689290e+00  1.34878883e+01  9.40044475e+00
 4.90222222e+00 -5.36220472e+00  7.64964880e+00  1.34857183e+01  9.39321523e+00
 4.90222222e+00 -5.22834646e+00  7.78219690e+00  1.34830531e+01  9.38574477e+00
 4.90222222e+00 -5.09448819e+00  7.91455541e+00  1.34798117e+01  9.37812668e+00
 4.90222222e+00 -4.96062992e+00  8.04678670e+00  1.34761121e+01  9.37033789e+00
 4.90222222e+00 -4.82677165e+00  8.17885320e+00  1.34719838e+01  9.36233289e+00
 4.90222222e+00 -4.69291339e+00  8.31053388e+00  1.34671953e+01  9.35411050e+00
 4.90222222e+00 -4.55905512e+00  8.44151902e+00  1.34614086e+01  9.34570778e+00
 4.90222222e+00 -4.42519685e+00  8.57196542e+00  1.34548281e+01  9.33715372e+00
 4.90222222e+00 -4.29133858e+00  8.70269927e+00  1.34484650e+01  9.32844563e+00
 4.90222222e+00 -4.15748031e+00  8.83365949e+00  1.34424073e+01  9.31962384e+00
 4.90222222e+00 -4.02362205e+00  8.96449632e+00  1.34363851e+01  9.31071101e+00
 4.90222222e+00 -3.88976378e+00  9.09518190e+00  1.34303896e+01  9.30165828e+00
 4.90222222e+00 -3.75590551e+00  9.22575335e+00  1.34244648e+01  9.29248764e+00
 4.90222222e+00 -3.62204724e+00  9.35622504e+00  1.34185941e+01  9.28323912e+00
 4.90222222e+00 -3.48818898e+00  9.48652474e+00  1.34125994e+01  9.27389096e+00
 4.90222222e+00 -3.35433071e+00  9.61659962e+00  1.34063850e+01  9.26436395e+00
 4.90222222e+00 -3.22047244e+00  9.74641803e+00  1.33999505e+01  9.25461067e+00
 4.90222222e+00 -3.08661417e+00  9.87595123e+00  1.33933606e+01  9.24474745e+00
 4.90222222e+00 -2.95275591e+00  1.00051971e+01  1.33865683e+01  9.23476678e+00
 4.90222222e+00 -2.81889764e+00  1.01341666e+01  1.33794425e+01  9.22457373e+00
 4.90222222e+00 -2.68503937e+00  1.02628426e+01  1.33719039e+01  9.21418731e+00
 4.90222222e+00 -2.55118110e+00  1.03911347e+01  1.33637839e+01  9.20359400e+00
 4.90222222e+00 -2.41732283e+00  1.05188854e+01  1.33548256e+01  9.19273099e+00
 4.90222222e+00 -2.28346457e+00  1.06459407e+01  1.33448498e+01  9.18158226e+00
 4.90222222e+00 -2.14960630e+00  1.07724658e+01  1.33337766e+01  9.17014404e+00
 4.90222222e+00 -2.01574803e+00  1.08989159e+01  1.33215790e+01  9.15840430e+00
 4.90222222e+00 -1.88188976e+00  1.10245624e+01  1.33079689e+01  9.14634848e+00
 4.90222222e+00 -1.74803150e+00  1.11491504e+01  1.32930031e+01  9.13402312e+00
 4.90222222e+00 -1.61417323e+00  1.12745293e+01  1.32776496e+01  9.12158417e+00
 4.90222222e+00 -1.48031496e+00  1.14004529e+01  1.32625766e+01  9.10913961e+00
 4.90222222e+00 -1.34645669e+00  1.15252053e+01  1.32478741e+01  9.09668278e+00
 4.90222222e+00 -1.21259843e+00  1.16488383e+01  1.32326880e+01  9.08394365e+00
 4.90222222e+00 -1.07874016e+00  1.17728414e+01  1.32163767e+01  9.07076600e+00
 4.90222222e+00 -9.44881890e-01  1.18999584e+01  1.31988642e+01  9.05719221e+00
 4.90222222e+00 -8.11023622e-01  1.20311043e+01  1.31807312e+01  9.04323532e+00
 4.90222222e+00 -6.77165354e-01  1.21651998e+01  1.31622143e+01  9.02881743e+00
 4.90222222e+00 -5.43307087e-01  1.22995204e+01  1.31422733e+01  9.01374710e+00
 4.90222222e+00 -4.09448819e-01  1.24354144e+01  1.31221269e+01  8.99813462e+00
 4.90222222e+00 -2.75590551e-01  1.25766263e+01  1.31042736e+01  8.98218728e+00
 4.90222222e+00 -1.41732283e-01  1.27270819e+01  1.30915107e+01  8.96600172e+00
 4.90222222e+00 -7.87401575e-03  1.28890529e+01  1.30871136e+01  8.94944737e+00
 4.90222222e+00  1.25984252e-01  1.30628224e+01  1.30951946e+01  8.93244486e+00
 4.90222222e+00  2.59842520e-01  1.32477481e+01  1.31198690e+01  8.91511231e+00
 4.90222222e+00  3.93700787e-01  1.34435723e+01  1.31636511e+01  8.89771456e+00
 4.90222222e+00  5.27559055e-01  1.36487663e+01  1.32220983e+01  8.87982363e+00
 4.90222222e+00  6.61417323e-01  1.38603491e+01  1.32822889e+01  8.85967580e+00
 4.90222222e+00  7.95275591e-01  1.40766266e+01  1.33443003e+01  8.83825065e+00
 4.90222222e+00  9.29133858e-01  1.42975200e+01  1.34201212e+01  8.81881845e+00
 4.90222222e+00  1.06299213e+00  1.45221491e+01  1.35094707e+01  8.80137097e+00
 4.90222222e+00  1.19685039e+00  1.47491300e+01  1.36034830e+01  8.78337246e+00
 4.90222222e+00  1.33070866e+00  1.49777316e+01  1.37013182e+01  8.76450646e+00
 4.90222222e+00  1.46456693e+00  1.52073363e+01  1.38031899e+01  8.74523649e+00
 4.90222222e+00  1.59842520e+00  1.54376641e+01  1.39071884e+01  8.72538833e+00
 4.90222222e+00  1.73228346e+00  1.56687219e+01  1.40118602e+01  8.70442790e+00
 4.90222222e+00  1.86614173e+00  1.59059513e+01  1.41181078e+01  8.68206060e+00
 4.90222222e+00  2.00000000e+00  1.61460258e+01  1.42242292e+01  8.65834782e+00
 4.98063492e+00 -1.50000000e+01 -1.90740660e+00  1.35510574e+01  9.73727599e+00
 4.98063492e+00 -1.48661417e+01 -1.77350675e+00  1.35509168e+01  9.73398358e+00
 4.98063492e+00 -1.47322835e+01 -1.63960656e+00  1.35507749e+01  9.73070025e+00
 4.98063492e+00 -1.45984252e+01 -1.50569204e+00  1.35506318e+01  9.72735698e+00
 4.98063492e+00 -1.44645669e+01 -1.37175430e+00  1.35504877e+01  9.72398531e+00
 4.98063492e+00 -1.43307087e+01 -1.23778892e+00  1.35503424e+01  9.72063060e+00
 4.98063492e+00 -1.41968504e+01 -1.10378487e+00  1.35501962e+01  9.71722915e+00
 4.98063492e+00 -1.40629921e+01 -9.69727913e-01  1.35500491e+01  9.71376536e+00
 4.98063492e+00 -1.39291339e+01 -8.35599155e-01  1.35499011e+01  9.71026594e+00
 4.98063492e+00 -1.37952756e+01 -7.01372478e-01  1.35497522e+01  9.70676526e+00
 4.98063492e+00 -1.36614173e+01 -5.67012377e-01  1.35496024e+01  9.70323634e+00
 4.98063492e+00 -1.35275591e+01 -4.32469665e-01  1.35494519e+01  9.69965680e+00
 4.98063492e+00 -1.33937008e+01 -2.97681015e-01  1.35493005e+01  9.69607124e+00
 4.98063492e+00 -1.32598425e+01 -1.62529251e-01  1.35491482e+01  9.69245339e+00
 4.98063492e+00 -1.31259843e+01 -2.73199858e-02  1.35489954e+01  9.68877998e+00
 4.98063492e+00 -1.29921260e+01  1.07202990e-01  1.35488430e+01  9.68509098e+00
 4.98063492e+00 -1.28582677e+01  2.41080855e-01  1.35486910e+01  9.68136682e+00
 4.98063492e+00 -1.27244094e+01  3.74918497e-01  1.35485384e+01  9.67759523e+00
 4.98063492e+00 -1.25905512e+01  5.08762303e-01  1.35483852e+01  9.67383525e+00
 4.98063492e+00 -1.24566929e+01  6.42605250e-01  1.35482312e+01  9.67004477e+00
 4.98063492e+00 -1.23228346e+01  7.76447776e-01  1.35480767e+01  9.66620459e+00
 4.98063492e+00 -1.21889764e+01  9.10290138e-01  1.35479216e+01  9.66238566e+00
 4.98063492e+00 -1.20551181e+01  1.04413224e+00  1.35477657e+01  9.65850699e+00
 4.98063492e+00 -1.19212598e+01  1.17797409e+00  1.35476093e+01  9.65452889e+00
 4.98063492e+00 -1.17874016e+01  1.31181566e+00  1.35474522e+01  9.65056098e+00
 4.98063492e+00 -1.16535433e+01  1.44565697e+00  1.35472945e+01  9.64657921e+00
 4.98063492e+00 -1.15196850e+01  1.57949800e+00  1.35471362e+01  9.64253890e+00
 4.98063492e+00 -1.13858268e+01  1.71333874e+00  1.35469772e+01  9.63845375e+00
 4.98063492e+00 -1.12519685e+01  1.84717918e+00  1.35468176e+01  9.63432889e+00
 4.98063492e+00 -1.11181102e+01  1.98101933e+00  1.35466574e+01  9.63015652e+00
 4.98063492e+00 -1.09842520e+01  2.11485916e+00  1.35464965e+01  9.62592797e+00
 4.98063492e+00 -1.08503937e+01  2.24869868e+00  1.35463349e+01  9.62169538e+00
 4.98063492e+00 -1.07165354e+01  2.38253785e+00  1.35461728e+01  9.61745196e+00
 4.98063492e+00 -1.05826772e+01  2.51637669e+00  1.35460100e+01  9.61310323e+00
 4.98063492e+00 -1.04488189e+01  2.65021519e+00  1.35458466e+01  9.60872724e+00
 4.98063492e+00 -1.03149606e+01  2.78405333e+00  1.35456825e+01  9.60435136e+00
 4.98063492e+00 -1.01811024e+01  2.91789105e+00  1.35455179e+01  9.59987132e+00
 4.98063492e+00 -1.00472441e+01  3.05172855e+00  1.35453526e+01  9.59535533e+00
 4.98063492e+00 -9.91338583e+00  3.18556552e+00  1.35451867e+01  9.59083674e+00
 4.98063492e+00 -9.77952756e+00  3.31940149e+00  1.35450207e+01  9.58623166e+00
 4.98063492e+00 -9.64566929e+00  3.45323929e+00  1.35448524e+01  9.58155250e+00
 4.98063492e+00 -9.51181102e+00  3.58707461e+00  1.35446850e+01  9.57683775e+00
 4.98063492e+00 -9.37795276e+00  3.72090152e+00  1.35445231e+01  9.57209701e+00
 4.98063492e+00 -9.24409449e+00  3.85476115e+00  1.35443348e+01  9.56726041e+00
 4.98063492e+00 -9.11023622e+00  3.98864930e+00  1.35441085e+01  9.56232626e+00
 4.98063492e+00 -8.97637795e+00  4.12249475e+00  1.35438769e+01  9.55739752e+00
 4.98063492e+00 -8.84251969e+00  4.25628171e+00  1.35436838e+01  9.55249902e+00
 4.98063492e+00 -8.70866142e+00  4.39005622e+00  1.35435160e+01  9.54757540e+00
 4.98063492e+00 -8.57480315e+00  4.52388743e+00  1.35433041e+01  9.54253768e+00
 4.98063492e+00 -8.44094488e+00  4.65770260e+00  1.35430654e+01  9.53744872e+00
 4.98063492e+00 -8.30708661e+00  4.79146715e+00  1.35428278e+01  9.53232412e+00
 4.98063492e+00 -8.17322835e+00  4.92523591e+00  1.35425980e+01  9.52709034e+00
 4.98063492e+00 -8.03937008e+00  5.05901377e+00  1.35423833e+01  9.52179549e+00
 4.98063492e+00 -7.90551181e+00  5.19277143e+00  1.35421522e+01  9.51647367e+00
 4.98063492e+00 -7.77165354e+00  5.32648151e+00  1.35418579e+01  9.51109847e+00
 4.98063492e+00 -7.63779528e+00  5.46021692e+00  1.35415919e+01  9.50564797e+00
 4.98063492e+00 -7.50393701e+00  5.59398151e+00  1.35413706e+01  9.50010565e+00
 4.98063492e+00 -7.37007874e+00  5.72769250e+00  1.35410963e+01  9.49446914e+00
 4.98063492e+00 -7.23622047e+00  5.86138386e+00  1.35407600e+01  9.48878146e+00
 4.98063492e+00 -7.10236220e+00  5.99508724e+00  1.35404152e+01  9.48303965e+00
 4.98063492e+00 -6.96850394e+00  6.12878748e+00  1.35401168e+01  9.47719705e+00
 4.98063492e+00 -6.83464567e+00  6.26244784e+00  1.35397562e+01  9.47130055e+00
 4.98063492e+00 -6.70078740e+00  6.39607313e+00  1.35393350e+01  9.46534417e+00
 4.98063492e+00 -6.56692913e+00  6.52970161e+00  1.35389692e+01  9.45925541e+00
 4.98063492e+00 -6.43307087e+00  6.66329617e+00  1.35385367e+01  9.45305284e+00
 4.98063492e+00 -6.29921260e+00  6.79683891e+00  1.35380114e+01  9.44677711e+00
 4.98063492e+00 -6.16535433e+00  6.93036303e+00  1.35375198e+01  9.44045393e+00
 4.98063492e+00 -6.03149606e+00  7.06393084e+00  1.35370909e+01  9.43405294e+00
 4.98063492e+00 -5.89763780e+00  7.19749811e+00  1.35366344e+01  9.42754175e+00
 4.98063492e+00 -5.76377953e+00  7.33094249e+00  1.35359962e+01  9.42090106e+00
 4.98063492e+00 -5.62992126e+00  7.46431561e+00  1.35351621e+01  9.41410128e+00
 4.98063492e+00 -5.49606299e+00  7.59761565e+00  1.35341980e+01  9.40718729e+00
 4.98063492e+00 -5.36220472e+00  7.73077677e+00  1.35331729e+01  9.40023648e+00
 4.98063492e+00 -5.22834646e+00  7.86389914e+00  1.35319821e+01  9.39312630e+00
 4.98063492e+00 -5.09448819e+00  7.99695555e+00  1.35305410e+01  9.38582458e+00
 4.98063492e+00 -4.96062992e+00  8.12981161e+00  1.35288533e+01  9.37842096e+00
 4.98063492e+00 -4.82677165e+00  8.26262896e+00  1.35269786e+01  9.37087557e+00
 4.98063492e+00 -4.69291339e+00  8.39518120e+00  1.35245941e+01  9.36314346e+00
 4.98063492e+00 -4.55905512e+00  8.52696185e+00  1.35211741e+01  9.35521855e+00
 4.98063492e+00 -4.42519685e+00  8.65841068e+00  1.35171267e+01  9.34710299e+00
 4.98063492e+00 -4.29133858e+00  8.78991235e+00  1.35128237e+01  9.33880305e+00
 4.98063492e+00 -4.15748031e+00  8.92143724e+00  1.35082516e+01  9.33031869e+00
 4.98063492e+00 -4.02362205e+00  9.05270328e+00  1.35031533e+01  9.32159282e+00
 4.98063492e+00 -3.88976378e+00  9.18359771e+00  1.34974611e+01  9.31263171e+00
 4.98063492e+00 -3.75590551e+00  9.31428985e+00  1.34914160e+01  9.30352968e+00
 4.98063492e+00 -3.62204724e+00  9.44479733e+00  1.34851013e+01  9.29430018e+00
 4.98063492e+00 -3.48818898e+00  9.57510062e+00  1.34784966e+01  9.28491040e+00
 4.98063492e+00 -3.35433071e+00  9.70521677e+00  1.34715496e+01  9.27531560e+00
 4.98063492e+00 -3.22047244e+00  9.83516010e+00  1.34643658e+01  9.26554362e+00
 4.98063492e+00 -3.08661417e+00  9.96492922e+00  1.34570606e+01  9.25563512e+00
 4.98063492e+00 -2.95275591e+00  1.00944994e+01  1.34496373e+01  9.24559490e+00
 4.98063492e+00 -2.81889764e+00  1.02238736e+01  1.34421005e+01  9.23543009e+00
 4.98063492e+00 -2.68503937e+00  1.03530649e+01  1.34344219e+01  9.22512594e+00
 4.98063492e+00 -2.55118110e+00  1.04820533e+01  1.34264715e+01  9.21461332e+00
 4.98063492e+00 -2.41732283e+00  1.06106066e+01  1.34180639e+01  9.20388200e+00
 4.98063492e+00 -2.28346457e+00  1.07385369e+01  1.34090309e+01  9.19295405e+00
 4.98063492e+00 -2.14960630e+00  1.08662019e+01  1.33993251e+01  9.18180044e+00
 4.98063492e+00 -2.01574803e+00  1.09935210e+01  1.33887064e+01  9.17035315e+00
 4.98063492e+00 -1.88188976e+00  1.11200419e+01  1.33768040e+01  9.15855211e+00
 4.98063492e+00 -1.74803150e+00  1.12459329e+01  1.33635342e+01  9.14647511e+00
 4.98063492e+00 -1.61417323e+00  1.13717668e+01  1.33492130e+01  9.13420022e+00
 4.98063492e+00 -1.48031496e+00  1.14982794e+01  1.33345372e+01  9.12174640e+00
 4.98063492e+00 -1.34645669e+00  1.16247052e+01  1.33196571e+01  9.10910422e+00
 4.98063492e+00 -1.21259843e+00  1.17500488e+01  1.33046328e+01  9.09629481e+00
 4.98063492e+00 -1.07874016e+00  1.18746363e+01  1.32898731e+01  9.08339520e+00
 4.98063492e+00 -9.44881890e-01  1.20006262e+01  1.32751356e+01  9.07026385e+00
 4.98063492e+00 -8.11023622e-01  1.21308219e+01  1.32596591e+01  9.05661274e+00
 4.98063492e+00 -6.77165354e-01  1.22642514e+01  1.32429151e+01  9.04238444e+00
 4.98063492e+00 -5.43307087e-01  1.23988491e+01  1.32248146e+01  9.02753140e+00
 4.98063492e+00 -4.09448819e-01  1.25336380e+01  1.32059844e+01  9.01200081e+00
 4.98063492e+00 -2.75590551e-01  1.26715870e+01  1.31883832e+01  8.99597439e+00
 4.98063492e+00 -1.41732283e-01  1.28166924e+01  1.31746673e+01  8.97968793e+00
 4.98063492e+00 -7.87401575e-03  1.29723725e+01  1.31681365e+01  8.96324736e+00
 4.98063492e+00  1.25984252e-01  1.31386216e+01  1.31720433e+01  8.94628588e+00
 4.98063492e+00  2.59842520e-01  1.33146366e+01  1.31898198e+01  8.92886306e+00
 4.98063492e+00  3.93700787e-01  1.35004519e+01  1.32249699e+01  8.91139014e+00
 4.98063492e+00  5.27559055e-01  1.36957119e+01  1.32747410e+01  8.89360397e+00
 4.98063492e+00  6.61417323e-01  1.38986938e+01  1.33285639e+01  8.87423416e+00
 4.98063492e+00  7.95275591e-01  1.41078635e+01  1.33851736e+01  8.85369123e+00
 4.98063492e+00  9.29133858e-01  1.43226292e+01  1.34549236e+01  8.83487672e+00
 4.98063492e+00  1.06299213e+00  1.45420603e+01  1.35372257e+01  8.81766429e+00
 4.98063492e+00  1.19685039e+00  1.47648894e+01  1.36254764e+01  8.80002762e+00
 4.98063492e+00  1.33070866e+00  1.49902534e+01  1.37188142e+01  8.78171242e+00
 4.98063492e+00  1.46456693e+00  1.52173687e+01  1.38169663e+01  8.76300324e+00
 4.98063492e+00  1.59842520e+00  1.54457635e+01  1.39179967e+01  8.74388509e+00
 4.98063492e+00  1.73228346e+00  1.56751575e+01  1.40204662e+01  8.72398638e+00
 4.98063492e+00  1.86614173e+00  1.59110242e+01  1.41248713e+01  8.70273683e+00
 4.98063492e+00  2.00000000e+00  1.61500081e+01  1.42294169e+01  8.68022186e+00
 5.05904762e+00 -1.50000000e+01 -1.82891566e+00  1.35971411e+01  9.74007144e+00
 5.05904762e+00 -1.48661417e+01 -1.69502135e+00  1.35970025e+01  9.73679428e+00
 5.05904762e+00 -1.47322835e+01 -1.56112341e+00  1.35968607e+01  9.73350311e+00
 5.05904762e+00 -1.45984252e+01 -1.42720694e+00  1.35967184e+01  9.73021574e+00
 5.05904762e+00 -1.44645669e+01 -1.29326962e+00  1.35965748e+01  9.72686459e+00
 5.05904762e+00 -1.43307087e+01 -1.15930439e+00  1.35964299e+01  9.72349359e+00
 5.05904762e+00 -1.41968504e+01 -1.02530021e+00  1.35962839e+01  9.72013624e+00
 5.05904762e+00 -1.40629921e+01 -8.91243276e-01  1.35961367e+01  9.71672551e+00
 5.05904762e+00 -1.39291339e+01 -7.57114530e-01  1.35959886e+01  9.71325395e+00
 5.05904762e+00 -1.37952756e+01 -6.22887852e-01  1.35958394e+01  9.70975087e+00
 5.05904762e+00 -1.36614173e+01 -4.88527675e-01  1.35956893e+01  9.70624622e+00
 5.05904762e+00 -1.35275591e+01 -3.53985376e-01  1.35955381e+01  9.70270667e+00
 5.05904762e+00 -1.33937008e+01 -2.19194479e-01  1.35953860e+01  9.69911820e+00
 5.05904762e+00 -1.32598425e+01 -8.40608943e-02  1.35952328e+01  9.69552357e+00
 5.05904762e+00 -1.31259843e+01  5.12562521e-02  1.35950789e+01  9.69189542e+00
 5.05904762e+00 -1.29921260e+01  1.85907142e-01  1.35949251e+01  9.68823186e+00
 5.05904762e+00 -1.28582677e+01  3.19803283e-01  1.35947716e+01  9.68455524e+00
 5.05904762e+00 -1.27244094e+01  4.53647843e-01  1.35946173e+01  9.68082497e+00
 5.05904762e+00 -1.25905512e+01  5.87491871e-01  1.35944622e+01  9.67705218e+00
 5.05904762e+00 -1.24566929e+01  7.21335772e-01  1.35943062e+01  9.67329252e+00
 5.05904762e+00 -1.23228346e+01  8.55179431e-01  1.35941495e+01  9.66949538e+00
 5.05904762e+00 -1.21889764e+01  9.89022847e-01  1.35939919e+01  9.66565491e+00
 5.05904762e+00 -1.20551181e+01  1.12286601e+00  1.35938335e+01  9.66183549e+00
 5.05904762e+00 -1.19212598e+01  1.25670893e+00  1.35936743e+01  9.65794371e+00
 5.05904762e+00 -1.17874016e+01  1.39055157e+00  1.35935143e+01  9.65396128e+00
 5.05904762e+00 -1.16535433e+01  1.52439395e+00  1.35933534e+01  9.64999555e+00
 5.05904762e+00 -1.15196850e+01  1.65823606e+00  1.35931917e+01  9.64600823e+00
 5.05904762e+00 -1.13858268e+01  1.79207787e+00  1.35930291e+01  9.64196144e+00
 5.05904762e+00 -1.12519685e+01  1.92591940e+00  1.35928657e+01  9.63787158e+00
 5.05904762e+00 -1.11181102e+01  2.05976062e+00  1.35927014e+01  9.63374162e+00
 5.05904762e+00 -1.09842520e+01  2.19360153e+00  1.35925363e+01  9.62956250e+00
 5.05904762e+00 -1.08503937e+01  2.32744213e+00  1.35923704e+01  9.62533036e+00
 5.05904762e+00 -1.07165354e+01  2.46128239e+00  1.35922036e+01  9.62109920e+00
 5.05904762e+00 -1.05826772e+01  2.59512232e+00  1.35920359e+01  9.61684696e+00
 5.05904762e+00 -1.04488189e+01  2.72896190e+00  1.35918674e+01  9.61248852e+00
 5.05904762e+00 -1.03149606e+01  2.86280108e+00  1.35916980e+01  9.60811434e+00
 5.05904762e+00 -1.01811024e+01  2.99663995e+00  1.35915278e+01  9.60373056e+00
 5.05904762e+00 -1.00472441e+01  3.13047858e+00  1.35913566e+01  9.59924002e+00
 5.05904762e+00 -9.91338583e+00  3.26431607e+00  1.35911850e+01  9.59472455e+00
 5.05904762e+00 -9.77952756e+00  3.39815409e+00  1.35910119e+01  9.59019986e+00
 5.05904762e+00 -9.64566929e+00  3.53199367e+00  1.35908366e+01  9.58558381e+00
 5.05904762e+00 -9.51181102e+00  3.66582234e+00  1.35906677e+01  9.58089646e+00
 5.05904762e+00 -9.37795276e+00  3.79966436e+00  1.35904884e+01  9.57617987e+00
 5.05904762e+00 -9.24409449e+00  3.93355863e+00  1.35902667e+01  9.57145974e+00
 5.05904762e+00 -9.11023622e+00  4.06743942e+00  1.35900255e+01  9.56672008e+00
 5.05904762e+00 -8.97637795e+00  4.20125857e+00  1.35898024e+01  9.56191151e+00
 5.05904762e+00 -8.84251969e+00  4.33503003e+00  1.35896141e+01  9.55699871e+00
 5.05904762e+00 -8.70866142e+00  4.46883305e+00  1.35893976e+01  9.55208241e+00
 5.05904762e+00 -8.57480315e+00  4.60266130e+00  1.35891658e+01  9.54715200e+00
 5.05904762e+00 -8.44094488e+00  4.73644069e+00  1.35889850e+01  9.54210519e+00
 5.05904762e+00 -8.30708661e+00  4.87020702e+00  1.35887834e+01  9.53701334e+00
 5.05904762e+00 -8.17322835e+00  5.00398342e+00  1.35885391e+01  9.53187822e+00
 5.05904762e+00 -8.03937008e+00  5.13775757e+00  1.35882994e+01  9.52663217e+00
 5.05904762e+00 -7.90551181e+00  5.27152327e+00  1.35880751e+01  9.52133343e+00
 5.05904762e+00 -7.77165354e+00  5.40528589e+00  1.35878269e+01  9.51600614e+00
 5.05904762e+00 -7.63779528e+00  5.53905567e+00  1.35875181e+01  9.51061978e+00
 5.05904762e+00 -7.50393701e+00  5.67282773e+00  1.35872478e+01  9.50515661e+00
 5.05904762e+00 -7.37007874e+00  5.80658077e+00  1.35870125e+01  9.49960200e+00
 5.05904762e+00 -7.23622047e+00  5.94029511e+00  1.35867174e+01  9.49395547e+00
 5.05904762e+00 -7.10236220e+00  6.07399511e+00  1.35863643e+01  9.48826179e+00
 5.05904762e+00 -6.96850394e+00  6.20769538e+00  1.35860090e+01  9.48250780e+00
 5.05904762e+00 -6.83464567e+00  6.34139420e+00  1.35857005e+01  9.47665304e+00
 5.05904762e+00 -6.70078740e+00  6.47509069e+00  1.35853729e+01  9.47075754e+00
 5.05904762e+00 -6.56692913e+00  6.60877347e+00  1.35849958e+01  9.46478857e+00
 5.05904762e+00 -6.43307087e+00  6.74241630e+00  1.35845782e+01  9.45867190e+00
 5.05904762e+00 -6.29921260e+00  6.87598192e+00  1.35840941e+01  9.45250551e+00
 5.05904762e+00 -6.16535433e+00  7.00955488e+00  1.35836264e+01  9.44626869e+00
 5.05904762e+00 -6.03149606e+00  7.14323593e+00  1.35832731e+01  9.43987529e+00
 5.05904762e+00 -5.89763780e+00  7.27685303e+00  1.35828740e+01  9.43343671e+00
 5.05904762e+00 -5.76377953e+00  7.41036037e+00  1.35823607e+01  9.42693780e+00
 5.05904762e+00 -5.62992126e+00  7.54383112e+00  1.35817741e+01  9.42027965e+00
 5.05904762e+00 -5.49606299e+00  7.67724581e+00  1.35811244e+01  9.41352911e+00
 5.05904762e+00 -5.36220472e+00  7.81063256e+00  1.35803882e+01  9.40668200e+00
 5.05904762e+00 -5.22834646e+00  7.94400876e+00  1.35795300e+01  9.39968416e+00
 5.05904762e+00 -5.09448819e+00  8.07720606e+00  1.35785503e+01  9.39258878e+00
 5.05904762e+00 -4.96062992e+00  8.21033055e+00  1.35775060e+01  9.38539432e+00
 5.05904762e+00 -4.82677165e+00  8.34356457e+00  1.35764098e+01  9.37804751e+00
 5.05904762e+00 -4.69291339e+00  8.47654646e+00  1.35750140e+01  9.37053222e+00
 5.05904762e+00 -4.55905512e+00  8.60905983e+00  1.35730854e+01  9.36285730e+00
 5.05904762e+00 -4.42519685e+00  8.74120758e+00  1.35706063e+01  9.35504374e+00
 5.05904762e+00 -4.29133858e+00  8.87342600e+00  1.35680468e+01  9.34710582e+00
 5.05904762e+00 -4.15748031e+00  9.00571213e+00  1.35653975e+01  9.33901035e+00
 5.05904762e+00 -4.02362205e+00  9.13771937e+00  1.35622525e+01  9.33070322e+00
 5.05904762e+00 -3.88976378e+00  9.26943646e+00  1.35585763e+01  9.32218999e+00
 5.05904762e+00 -3.75590551e+00  9.40087991e+00  1.35544026e+01  9.31347228e+00
 5.05904762e+00 -3.62204724e+00  9.53203112e+00  1.35497365e+01  9.30454195e+00
 5.05904762e+00 -3.48818898e+00  9.66290951e+00  1.35445249e+01  9.29541213e+00
 5.05904762e+00 -3.35433071e+00  9.79352885e+00  1.35387206e+01  9.28607740e+00
 5.05904762e+00 -3.22047244e+00  9.92388403e+00  1.35323137e+01  9.27651662e+00
 5.05904762e+00 -3.08661417e+00  1.00539586e+01  1.35253713e+01  9.26675034e+00
 5.05904762e+00 -2.95275591e+00  1.01837862e+01  1.35180222e+01  9.25680066e+00
 5.05904762e+00 -2.81889764e+00  1.03134442e+01  1.35104177e+01  9.24667384e+00
 5.05904762e+00 -2.68503937e+00  1.04428857e+01  1.35025496e+01  9.23636196e+00
 5.05904762e+00 -2.55118110e+00  1.05720830e+01  1.34943819e+01  9.22585870e+00
 5.05904762e+00 -2.41732283e+00  1.07010881e+01  1.34859192e+01  9.21517044e+00
 5.05904762e+00 -2.28346457e+00  1.08297745e+01  1.34770924e+01  9.20432780e+00
 5.05904762e+00 -2.14960630e+00  1.09580490e+01  1.34677955e+01  9.19331845e+00
 5.05904762e+00 -2.01574803e+00  1.10860278e+01  1.34579117e+01  9.18202946e+00
 5.05904762e+00 -1.88188976e+00  1.12134813e+01  1.34472318e+01  9.17045874e+00
 5.05904762e+00 -1.74803150e+00  1.13402151e+01  1.34355374e+01  9.15865040e+00
 5.05904762e+00 -1.61417323e+00  1.14667852e+01  1.34227326e+01  9.14655307e+00
 5.05904762e+00 -1.48031496e+00  1.15936303e+01  1.34089693e+01  9.13417371e+00
 5.05904762e+00 -1.34645669e+00  1.17207863e+01  1.33945600e+01  9.12157213e+00
 5.05904762e+00 -1.21259843e+00  1.18474201e+01  1.33795499e+01  9.10872779e+00
 5.05904762e+00 -1.07874016e+00  1.19731680e+01  1.33642741e+01  9.09566108e+00
 5.05904762e+00 -9.44881890e-01  1.20989275e+01  1.33495099e+01  9.08245649e+00
 5.05904762e+00 -8.11023622e-01  1.22276694e+01  1.33358153e+01  9.06911312e+00
 5.05904762e+00 -6.77165354e-01  1.23612933e+01  1.33227257e+01  9.05544519e+00
 5.05904762e+00 -5.43307087e-01  1.24961414e+01  1.33076968e+01  9.04101441e+00
 5.05904762e+00 -4.09448819e-01  1.26308086e+01  1.32908057e+01  9.02572779e+00
 5.05904762e+00 -2.75590551e-01  1.27668837e+01  1.32740555e+01  9.00979082e+00
 5.05904762e+00 -1.41732283e-01  1.29082380e+01  1.32601198e+01  8.99357085e+00
 5.05904762e+00 -7.87401575e-03  1.30579971e+01  1.32520621e+01  8.97713188e+00
 5.05904762e+00  1.25984252e-01  1.32172517e+01  1.32529045e+01  8.96029564e+00
 5.05904762e+00  2.59842520e-01  1.33848396e+01  1.32652398e+01  8.94295927e+00
 5.05904762e+00  3.93700787e-01  1.35613327e+01  1.32923343e+01  8.92546710e+00
 5.05904762e+00  5.27559055e-01  1.37472305e+01  1.33330084e+01  8.90761782e+00
 5.05904762e+00  6.61417323e-01  1.39416213e+01  1.33791889e+01  8.88854405e+00
 5.05904762e+00  7.95275591e-01  1.41435439e+01  1.34303509e+01  8.86882254e+00
 5.05904762e+00  9.29133858e-01  1.43516849e+01  1.34936254e+01  8.85050083e+00
 5.05904762e+00  1.06299213e+00  1.45651721e+01  1.35683387e+01  8.83349748e+00
 5.05904762e+00  1.19685039e+00  1.47833564e+01  1.36504576e+01  8.81621988e+00
 5.05904762e+00  1.33070866e+00  1.50050345e+01  1.37390762e+01  8.79845260e+00
 5.05904762e+00  1.46456693e+00  1.52291191e+01  1.38331084e+01  8.78035863e+00
 5.05904762e+00  1.59842520e+00  1.54551456e+01  1.39306649e+01  8.76174224e+00
 5.05904762e+00  1.73228346e+00  1.56826774e+01  1.40304067e+01  8.74251657e+00
 5.05904762e+00  1.86614173e+00  1.59171429e+01  1.41327173e+01  8.72223086e+00
 5.05904762e+00  2.00000000e+00  1.61548043e+01  1.42356757e+01  8.70093638e+00
 5.13746032e+00 -1.50000000e+01 -1.75023451e+00  1.36462356e+01  9.74299990e+00
 5.13746032e+00 -1.48661417e+01 -1.61634692e+00  1.36461026e+01  9.73975785e+00
 5.13746032e+00 -1.47322835e+01 -1.48244708e+00  1.36459687e+01  9.73646993e+00
 5.13746032e+00 -1.45984252e+01 -1.34853027e+00  1.36458344e+01  9.73318261e+00
 5.13746032e+00 -1.44645669e+01 -1.21459342e+00  1.36456977e+01  9.72989103e+00
 5.13746032e+00 -1.43307087e+01 -1.08062805e+00  1.36455594e+01  9.72653276e+00
 5.13746032e+00 -1.41968504e+01 -9.46623842e-01  1.36454197e+01  9.72316316e+00
 5.13746032e+00 -1.40629921e+01 -8.12566948e-01  1.36452784e+01  9.71980186e+00
 5.13746032e+00 -1.39291339e+01 -6.78438195e-01  1.36451357e+01  9.71637950e+00
 5.13746032e+00 -1.37952756e+01 -5.44211502e-01  1.36449916e+01  9.71289970e+00
 5.13746032e+00 -1.36614173e+01 -4.09851404e-01  1.36448461e+01  9.70939412e+00
 5.13746032e+00 -1.35275591e+01 -2.75308848e-01  1.36446993e+01  9.70588428e+00
 5.13746032e+00 -1.33937008e+01 -1.40519829e-01  1.36445512e+01  9.70233225e+00
 5.13746032e+00 -1.32598425e+01 -5.38461447e-03  1.36444016e+01  9.69873331e+00
 5.13746032e+00 -1.31259843e+01  1.30006101e-01  1.36442508e+01  9.69513158e+00
 5.13746032e+00 -1.29921260e+01  2.64757660e-01  1.36440999e+01  9.69151245e+00
 5.13746032e+00 -1.28582677e+01  3.98701395e-01  1.36439489e+01  9.68786343e+00
 5.13746032e+00 -1.27244094e+01  5.32548970e-01  1.36437972e+01  9.68418329e+00
 5.13746032e+00 -1.25905512e+01  6.66392395e-01  1.36436444e+01  9.68044643e+00
 5.13746032e+00 -1.24566929e+01  8.00237976e-01  1.36434906e+01  9.67667355e+00
 5.13746032e+00 -1.23228346e+01  9.34082871e-01  1.36433359e+01  9.67291361e+00
 5.13746032e+00 -1.21889764e+01  1.06792754e+00  1.36431802e+01  9.66910994e+00
 5.13746032e+00 -1.20551181e+01  1.20177199e+00  1.36430234e+01  9.66527023e+00
 5.13746032e+00 -1.19212598e+01  1.33561618e+00  1.36428657e+01  9.66144900e+00
 5.13746032e+00 -1.17874016e+01  1.46946012e+00  1.36427069e+01  9.65754383e+00
 5.13746032e+00 -1.16535433e+01  1.60330379e+00  1.36425471e+01  9.65355888e+00
 5.13746032e+00 -1.15196850e+01  1.73714720e+00  1.36423863e+01  9.64959500e+00
 5.13746032e+00 -1.13858268e+01  1.87099033e+00  1.36422245e+01  9.64560160e+00
 5.13746032e+00 -1.12519685e+01  2.00483317e+00  1.36420616e+01  9.64154873e+00
 5.13746032e+00 -1.11181102e+01  2.13867571e+00  1.36418977e+01  9.63745448e+00
 5.13746032e+00 -1.09842520e+01  2.27251796e+00  1.36417327e+01  9.63331930e+00
 5.13746032e+00 -1.08503937e+01  2.40635989e+00  1.36415666e+01  9.62913349e+00
 5.13746032e+00 -1.07165354e+01  2.54020150e+00  1.36413995e+01  9.62489874e+00
 5.13746032e+00 -1.05826772e+01  2.67404276e+00  1.36412313e+01  9.62066879e+00
 5.13746032e+00 -1.04488189e+01  2.80788369e+00  1.36410620e+01  9.61640660e+00
 5.13746032e+00 -1.03149606e+01  2.94172429e+00  1.36408915e+01  9.61203991e+00
 5.13746032e+00 -1.01811024e+01  3.07556436e+00  1.36407200e+01  9.60766794e+00
 5.13746032e+00 -1.00472441e+01  3.20940431e+00  1.36405474e+01  9.60327477e+00
 5.13746032e+00 -9.91338583e+00  3.34324414e+00  1.36403737e+01  9.59877457e+00
 5.13746032e+00 -9.77952756e+00  3.47708135e+00  1.36401988e+01  9.59426275e+00
 5.13746032e+00 -9.64566929e+00  3.61092190e+00  1.36400228e+01  9.58972788e+00
 5.13746032e+00 -9.51181102e+00  3.74476562e+00  1.36398455e+01  9.58509291e+00
 5.13746032e+00 -9.37795276e+00  3.87857269e+00  1.36396675e+01  9.58044092e+00
 5.13746032e+00 -9.24409449e+00  4.01234132e+00  1.36394865e+01  9.57578254e+00
 5.13746032e+00 -9.11023622e+00  4.14611211e+00  1.36393029e+01  9.57106873e+00
 5.13746032e+00 -8.97637795e+00  4.27993688e+00  1.36391292e+01  9.56631827e+00
 5.13746032e+00 -8.84251969e+00  4.41376768e+00  1.36389348e+01  9.56149920e+00
 5.13746032e+00 -8.70866142e+00  4.54753869e+00  1.36386940e+01  9.55657992e+00
 5.13746032e+00 -8.57480315e+00  4.68135325e+00  1.36384902e+01  9.55166515e+00
 5.13746032e+00 -8.44094488e+00  4.81518210e+00  1.36383045e+01  9.54672434e+00
 5.13746032e+00 -8.30708661e+00  4.94894348e+00  1.36380662e+01  9.54166720e+00
 5.13746032e+00 -8.17322835e+00  5.08274876e+00  1.36378192e+01  9.53657076e+00
 5.13746032e+00 -8.03937008e+00  5.21658206e+00  1.36375801e+01  9.53142227e+00
 5.13746032e+00 -7.90551181e+00  5.35035730e+00  1.36373361e+01  9.52616539e+00
 5.13746032e+00 -7.77165354e+00  5.48412143e+00  1.36370891e+01  9.52086226e+00
 5.13746032e+00 -7.63779528e+00  5.61789841e+00  1.36368169e+01  9.51553002e+00
 5.13746032e+00 -7.50393701e+00  5.75166823e+00  1.36365126e+01  9.51013712e+00
 5.13746032e+00 -7.37007874e+00  5.88538914e+00  1.36362521e+01  9.50465217e+00
 5.13746032e+00 -7.23622047e+00  6.01910549e+00  1.36359976e+01  9.49910408e+00
 5.13746032e+00 -7.10236220e+00  6.15286944e+00  1.36356773e+01  9.49351602e+00
 5.13746032e+00 -6.96850394e+00  6.28659736e+00  1.36353578e+01  9.48779650e+00
 5.13746032e+00 -6.83464567e+00  6.42028590e+00  1.36350350e+01  9.48196557e+00
 5.13746032e+00 -6.70078740e+00  6.55398423e+00  1.36346732e+01  9.47610312e+00
 5.13746032e+00 -6.56692913e+00  6.68769421e+00  1.36343123e+01  9.47021049e+00
 5.13746032e+00 -6.43307087e+00  6.82137349e+00  1.36339171e+01  9.46422077e+00
 5.13746032e+00 -6.29921260e+00  6.95500320e+00  1.36334633e+01  9.45809089e+00
 5.13746032e+00 -6.16535433e+00  7.08867263e+00  1.36330840e+01  9.45191997e+00
 5.13746032e+00 -6.03149606e+00  7.22235608e+00  1.36327567e+01  9.44566723e+00
 5.13746032e+00 -5.89763780e+00  7.35597523e+00  1.36323694e+01  9.43926366e+00
 5.13746032e+00 -5.76377953e+00  7.48953629e+00  1.36318859e+01  9.43281997e+00
 5.13746032e+00 -5.62992126e+00  7.62307677e+00  1.36313334e+01  9.42630336e+00
 5.13746032e+00 -5.49606299e+00  7.75662144e+00  1.36307524e+01  9.41963442e+00
 5.13746032e+00 -5.36220472e+00  7.89013432e+00  1.36301328e+01  9.41287700e+00
 5.13746032e+00 -5.22834646e+00  8.02355500e+00  1.36294187e+01  9.40601542e+00
 5.13746032e+00 -5.09448819e+00  8.15687611e+00  1.36285984e+01  9.39900989e+00
 5.13746032e+00 -4.96062992e+00  8.29022448e+00  1.36278054e+01  9.39190953e+00
 5.13746032e+00 -4.82677165e+00  8.42357574e+00  1.36269938e+01  9.38471249e+00
 5.13746032e+00 -4.69291339e+00  8.55675627e+00  1.36259412e+01  9.37737696e+00
 5.13746032e+00 -4.55905512e+00  8.68953648e+00  1.36243601e+01  9.36986883e+00
 5.13746032e+00 -4.42519685e+00  8.82212583e+00  1.36225055e+01  9.36222646e+00
 5.13746032e+00 -4.29133858e+00  8.95483337e+00  1.36207668e+01  9.35449250e+00
 5.13746032e+00 -4.15748031e+00  9.08752861e+00  1.36190117e+01  9.34661600e+00
 5.13746032e+00 -4.02362205e+00  9.22005078e+00  1.36169780e+01  9.33856472e+00
 5.13746032e+00 -3.88976378e+00  9.35232675e+00  1.36144933e+01  9.33033139e+00
 5.13746032e+00 -3.75590551e+00  9.48443392e+00  1.36116832e+01  9.32191479e+00
 5.13746032e+00 -3.62204724e+00  9.61634633e+00  1.36085341e+01  9.31329170e+00
 5.13746032e+00 -3.48818898e+00  9.74797770e+00  1.36049307e+01  9.30445785e+00
 5.13746032e+00 -3.35433071e+00  9.87931836e+00  1.36008297e+01  9.29549207e+00
 5.13746032e+00 -3.22047244e+00  1.00103827e+01  1.35961514e+01  9.28632765e+00
 5.13746032e+00 -3.08661417e+00  1.01411781e+01  1.35908220e+01  9.27685230e+00
 5.13746032e+00 -2.95275591e+00  1.02716703e+01  1.35849053e+01  9.26718142e+00
 5.13746032e+00 -2.81889764e+00  1.04018662e+01  1.35784397e+01  9.25732549e+00
 5.13746032e+00 -2.68503937e+00  1.05317996e+01  1.35714300e+01  9.24720077e+00
 5.13746032e+00 -2.55118110e+00  1.06614475e+01  1.35639380e+01  9.23686299e+00
 5.13746032e+00 -2.41732283e+00  1.07908392e+01  1.35559985e+01  9.22634458e+00
 5.13746032e+00 -2.28346457e+00  1.09200280e+01  1.35476046e+01  9.21561798e+00
 5.13746032e+00 -2.14960630e+00  1.10488512e+01  1.35387599e+01  9.20466567e+00
 5.13746032e+00 -2.01574803e+00  1.11772515e+01  1.35294230e+01  9.19349251e+00
 5.13746032e+00 -1.88188976e+00  1.13053615e+01  1.35194692e+01  9.18211737e+00
 5.13746032e+00 -1.74803150e+00  1.14330512e+01  1.35087132e+01  9.17049871e+00
 5.13746032e+00 -1.61417323e+00  1.15602845e+01  1.34971129e+01  9.15858981e+00
 5.13746032e+00 -1.48031496e+00  1.16874120e+01  1.34848330e+01  9.14638442e+00
 5.13746032e+00 -1.34645669e+00  1.18149773e+01  1.34714681e+01  9.13393033e+00
 5.13746032e+00 -1.21259843e+00  1.19427820e+01  1.34567294e+01  9.12123478e+00
 5.13746032e+00 -1.07874016e+00  1.20683932e+01  1.34414967e+01  9.10814854e+00
 5.13746032e+00 -9.44881890e-01  1.21933903e+01  1.34267548e+01  9.09478838e+00
 5.13746032e+00 -8.11023622e-01  1.23223133e+01  1.34133801e+01  9.08141183e+00
 5.13746032e+00 -6.77165354e-01  1.24554804e+01  1.34011614e+01  9.06788380e+00
 5.13746032e+00 -5.43307087e-01  1.25909408e+01  1.33889491e+01  9.05387835e+00
 5.13746032e+00 -4.09448819e-01  1.27261973e+01  1.33752553e+01  9.03907995e+00
 5.13746032e+00 -2.75590551e-01  1.28613201e+01  1.33603026e+01  9.02348159e+00
 5.13746032e+00 -1.41732283e-01  1.29990472e+01  1.33462870e+01  9.00732570e+00
 5.13746032e+00 -7.87401575e-03  1.31438919e+01  1.33370877e+01  8.99093539e+00
 5.13746032e+00  1.25984252e-01  1.32969068e+01  1.33352925e+01  8.97416837e+00
 5.13746032e+00  2.59842520e-01  1.34579962e+01  1.33434924e+01  8.95704664e+00
 5.13746032e+00  3.93700787e-01  1.36269860e+01  1.33641753e+01  8.93969435e+00
 5.13746032e+00  5.27559055e-01  1.38039621e+01  1.33967805e+01  8.92186630e+00
 5.13746032e+00  6.61417323e-01  1.39896411e+01  1.34356171e+01  8.90315090e+00
 5.13746032e+00  7.95275591e-01  1.41835924e+01  1.34805352e+01  8.88403679e+00
 5.13746032e+00  9.29133858e-01  1.43847231e+01  1.35364173e+01  8.86591290e+00
 5.13746032e+00  1.06299213e+00  1.45918893e+01  1.36031186e+01  8.84882104e+00
 5.13746032e+00  1.19685039e+00  1.48048217e+01  1.36786711e+01  8.83179593e+00
 5.13746032e+00  1.33070866e+00  1.50222755e+01  1.37621395e+01  8.81461454e+00
 5.13746032e+00  1.46456693e+00  1.52430153e+01  1.38517363e+01  8.79698833e+00
 5.13746032e+00  1.59842520e+00  1.54661823e+01  1.39454115e+01  8.77902031e+00
 5.13746032e+00  1.73228346e+00  1.56915473e+01  1.40421398e+01  8.76046647e+00
 5.13746032e+00  1.86614173e+00  1.59241878e+01  1.41418425e+01  8.74090390e+00
 5.13746032e+00  2.00000000e+00  1.61604743e+01  1.42429389e+01  8.72043778e+00
 5.21587302e+00 -1.50000000e+01 -1.67198991e+00  1.36984180e+01  9.74583655e+00
 5.21587302e+00 -1.48661417e+01 -1.53810290e+00  1.36982990e+01  9.74268610e+00
 5.21587302e+00 -1.47322835e+01 -1.40420151e+00  1.36981779e+01  9.73949615e+00
 5.21587302e+00 -1.45984252e+01 -1.27028526e+00  1.36980546e+01  9.73615639e+00
 5.21587302e+00 -1.44645669e+01 -1.13634844e+00  1.36979292e+01  9.73282638e+00
 5.21587302e+00 -1.43307087e+01 -1.00238297e+00  1.36978017e+01  9.72953720e+00
 5.21587302e+00 -1.41968504e+01 -8.68378798e-01  1.36976723e+01  9.72616356e+00
 5.21587302e+00 -1.40629921e+01 -7.34321905e-01  1.36975410e+01  9.72283615e+00
 5.21587302e+00 -1.39291339e+01 -6.00193143e-01  1.36974078e+01  9.71952475e+00
 5.21587302e+00 -1.37952756e+01 -4.65966464e-01  1.36972729e+01  9.71604063e+00
 5.21587302e+00 -1.36614173e+01 -3.31606331e-01  1.36971363e+01  9.71250973e+00
 5.21587302e+00 -1.35275591e+01 -1.97063841e-01  1.36969980e+01  9.70900992e+00
 5.21587302e+00 -1.33937008e+01 -6.22750347e-02  1.36968580e+01  9.70549399e+00
 5.21587302e+00 -1.32598425e+01  7.28688392e-02  1.36967163e+01  9.70192466e+00
 5.21587302e+00 -1.31259843e+01  2.08306602e-01  1.36965731e+01  9.69831818e+00
 5.21587302e+00 -1.29921260e+01  3.43163166e-01  1.36964292e+01  9.69473011e+00
 5.21587302e+00 -1.28582677e+01  4.77169570e-01  1.36962852e+01  9.69112513e+00
 5.21587302e+00 -1.27244094e+01  6.11003227e-01  1.36961400e+01  9.68747503e+00
 5.21587302e+00 -1.25905512e+01  7.44848939e-01  1.36959938e+01  9.68379003e+00
 5.21587302e+00 -1.24566929e+01  8.78696066e-01  1.36958465e+01  9.68004721e+00
 5.21587302e+00 -1.23228346e+01  1.01254228e+00  1.36956981e+01  9.67627508e+00
 5.21587302e+00 -1.21889764e+01  1.14638837e+00  1.36955484e+01  9.67251408e+00
 5.21587302e+00 -1.20551181e+01  1.28023422e+00  1.36953977e+01  9.66870449e+00
 5.21587302e+00 -1.19212598e+01  1.41407984e+00  1.36952458e+01  9.66486646e+00
 5.21587302e+00 -1.17874016e+01  1.54792522e+00  1.36950927e+01  9.66104202e+00
 5.21587302e+00 -1.16535433e+01  1.68177034e+00  1.36949385e+01  9.65712420e+00
 5.21587302e+00 -1.15196850e+01  1.81561520e+00  1.36947830e+01  9.65313853e+00
 5.21587302e+00 -1.13858268e+01  1.94945980e+00  1.36946264e+01  9.64917582e+00
 5.21587302e+00 -1.12519685e+01  2.08330412e+00  1.36944685e+01  9.64517610e+00
 5.21587302e+00 -1.11181102e+01  2.21714815e+00  1.36943094e+01  9.64111776e+00
 5.21587302e+00 -1.09842520e+01  2.35099190e+00  1.36941491e+01  9.63701943e+00
 5.21587302e+00 -1.08503937e+01  2.48483534e+00  1.36939875e+01  9.63287909e+00
 5.21587302e+00 -1.07165354e+01  2.61867847e+00  1.36938246e+01  9.62868712e+00
 5.21587302e+00 -1.05826772e+01  2.75252129e+00  1.36936604e+01  9.62445088e+00
 5.21587302e+00 -1.04488189e+01  2.88636373e+00  1.36934950e+01  9.62022145e+00
 5.21587302e+00 -1.03149606e+01  3.02020592e+00  1.36933282e+01  9.61594888e+00
 5.21587302e+00 -1.01811024e+01  3.15404781e+00  1.36931602e+01  9.61157611e+00
 5.21587302e+00 -1.00472441e+01  3.28788858e+00  1.36929908e+01  9.60720525e+00
 5.21587302e+00 -9.91338583e+00  3.42173055e+00  1.36928201e+01  9.60280309e+00
 5.21587302e+00 -9.77952756e+00  3.55557261e+00  1.36926480e+01  9.59829752e+00
 5.21587302e+00 -9.64566929e+00  3.68940390e+00  1.36924746e+01  9.59377670e+00
 5.21587302e+00 -9.51181102e+00  3.82325740e+00  1.36922996e+01  9.58924840e+00
 5.21587302e+00 -9.37795276e+00  3.95715471e+00  1.36921221e+01  9.58467163e+00
 5.21587302e+00 -9.24409449e+00  4.09102409e+00  1.36919411e+01  9.58005075e+00
 5.21587302e+00 -9.11023622e+00  4.22483495e+00  1.36917676e+01  9.57538223e+00
 5.21587302e+00 -8.97637795e+00  4.35861207e+00  1.36915949e+01  9.57066334e+00
 5.21587302e+00 -8.84251969e+00  4.49242269e+00  1.36913682e+01  9.56590902e+00
 5.21587302e+00 -8.70866142e+00  4.62627250e+00  1.36911380e+01  9.56107637e+00
 5.21587302e+00 -8.57480315e+00  4.76011685e+00  1.36909580e+01  9.55614943e+00
 5.21587302e+00 -8.44094488e+00  4.89390175e+00  1.36907448e+01  9.55123801e+00
 5.21587302e+00 -8.30708661e+00  5.02768473e+00  1.36904903e+01  9.54628720e+00
 5.21587302e+00 -8.17322835e+00  5.16151934e+00  1.36902431e+01  9.54121766e+00
 5.21587302e+00 -8.03937008e+00  5.29531580e+00  1.36900441e+01  9.53611857e+00
 5.21587302e+00 -7.90551181e+00  5.42908021e+00  1.36898456e+01  9.53096084e+00
 5.21587302e+00 -7.77165354e+00  5.56285634e+00  1.36895969e+01  9.52569416e+00
 5.21587302e+00 -7.63779528e+00  5.69662975e+00  1.36893413e+01  9.52038749e+00
 5.21587302e+00 -7.50393701e+00  5.83040039e+00  1.36890629e+01  9.51504976e+00
 5.21587302e+00 -7.37007874e+00  5.96417210e+00  1.36887544e+01  9.50964718e+00
 5.21587302e+00 -7.23622047e+00  6.09793431e+00  1.36884926e+01  9.50415164e+00
 5.21587302e+00 -7.10236220e+00  6.23170187e+00  1.36882253e+01  9.49859776e+00
 5.21587302e+00 -6.96850394e+00  6.36547311e+00  1.36878968e+01  9.49299643e+00
 5.21587302e+00 -6.83464567e+00  6.49919250e+00  1.36875848e+01  9.48725819e+00
 5.21587302e+00 -6.70078740e+00  6.63288339e+00  1.36872585e+01  9.48142059e+00
 5.21587302e+00 -6.56692913e+00  6.76658587e+00  1.36868744e+01  9.47555543e+00
 5.21587302e+00 -6.43307087e+00  6.90028597e+00  1.36864882e+01  9.46965174e+00
 5.21587302e+00 -6.29921260e+00  7.03398125e+00  1.36861027e+01  9.46364379e+00
 5.21587302e+00 -6.16535433e+00  7.16767688e+00  1.36857166e+01  9.45750416e+00
 5.21587302e+00 -6.03149606e+00  7.30137128e+00  1.36853710e+01  9.45131251e+00
 5.21587302e+00 -5.89763780e+00  7.43503350e+00  1.36849993e+01  9.44507160e+00
 5.21587302e+00 -5.76377953e+00  7.56865196e+00  1.36845333e+01  9.43873213e+00
 5.21587302e+00 -5.62992126e+00  7.70227049e+00  1.36840107e+01  9.43224182e+00
 5.21587302e+00 -5.49606299e+00  7.83587084e+00  1.36834863e+01  9.42563924e+00
 5.21587302e+00 -5.36220472e+00  7.96942002e+00  1.36829603e+01  9.41897042e+00
 5.21587302e+00 -5.22834646e+00  8.10291890e+00  1.36823400e+01  9.41221071e+00
 5.21587302e+00 -5.09448819e+00  8.23635857e+00  1.36816261e+01  9.40532561e+00
 5.21587302e+00 -4.96062992e+00  8.36975871e+00  1.36808901e+01  9.39830935e+00
 5.21587302e+00 -4.82677165e+00  8.50317756e+00  1.36801978e+01  9.39120367e+00
 5.21587302e+00 -4.69291339e+00  8.63647316e+00  1.36792825e+01  9.38399970e+00
 5.21587302e+00 -4.55905512e+00  8.76951713e+00  1.36779529e+01  9.37665618e+00
 5.21587302e+00 -4.42519685e+00  8.90239399e+00  1.36764410e+01  9.36913270e+00
 5.21587302e+00 -4.29133858e+00  9.03527544e+00  1.36749812e+01  9.36147706e+00
 5.21587302e+00 -4.15748031e+00  9.16822118e+00  1.36735933e+01  9.35373340e+00
 5.21587302e+00 -4.02362205e+00  9.30104537e+00  1.36719734e+01  9.34585963e+00
 5.21587302e+00 -3.88976378e+00  9.43373384e+00  1.36701155e+01  9.33781057e+00
 5.21587302e+00 -3.75590551e+00  9.56629899e+00  1.36680755e+01  9.32958215e+00
 5.21587302e+00 -3.62204724e+00  9.69863112e+00  1.36657232e+01  9.32122981e+00
 5.21587302e+00 -3.48818898e+00  9.83076466e+00  1.36630548e+01  9.31269091e+00
 5.21587302e+00 -3.35433071e+00  9.96274541e+00  1.36600660e+01  9.30391260e+00
 5.21587302e+00 -3.22047244e+00  1.00944828e+01  1.36566115e+01  9.29498288e+00
 5.21587302e+00 -3.08661417e+00  1.02259465e+01  1.36526836e+01  9.28588092e+00
 5.21587302e+00 -2.95275591e+00  1.03571400e+01  1.36482921e+01  9.27654121e+00
 5.21587302e+00 -2.81889764e+00  1.04880486e+01  1.36432999e+01  9.26695953e+00
 5.21587302e+00 -2.68503937e+00  1.06186743e+01  1.36376845e+01  9.25715072e+00
 5.21587302e+00 -2.55118110e+00  1.07490279e+01  1.36315013e+01  9.24711782e+00
 5.21587302e+00 -2.41732283e+00  1.08791069e+01  1.36247771e+01  9.23682173e+00
 5.21587302e+00 -2.28346457e+00  1.10088720e+01  1.36174755e+01  9.22629236e+00
 5.21587302e+00 -2.14960630e+00  1.11382558e+01  1.36095503e+01  9.21558225e+00
 5.21587302e+00 -2.01574803e+00  1.12671971e+01  1.36010583e+01  9.20463524e+00
 5.21587302e+00 -1.88188976e+00  1.13959210e+01  1.35920247e+01  9.19342168e+00
 5.21587302e+00 -1.74803150e+00  1.15246556e+01  1.35823640e+01  9.18195342e+00
 5.21587302e+00 -1.61417323e+00  1.16525069e+01  1.35717549e+01  9.17023656e+00
 5.21587302e+00 -1.48031496e+00  1.17797381e+01  1.35603156e+01  9.15826057e+00
 5.21587302e+00 -1.34645669e+00  1.19080448e+01  1.35485145e+01  9.14598400e+00
 5.21587302e+00 -1.21259843e+00  1.20365598e+01  1.35354037e+01  9.13338876e+00
 5.21587302e+00 -1.07874016e+00  1.21636917e+01  1.35208004e+01  9.12045803e+00
 5.21587302e+00 -9.44881890e-01  1.22890233e+01  1.35064012e+01  9.10715736e+00
 5.21587302e+00 -8.11023622e-01  1.24158058e+01  1.34926773e+01  9.09364538e+00
 5.21587302e+00 -6.77165354e-01  1.25477470e+01  1.34797531e+01  9.08008570e+00
 5.21587302e+00 -5.43307087e-01  1.26832146e+01  1.34683024e+01  9.06631142e+00
 5.21587302e+00 -4.09448819e-01  1.28192879e+01  1.34571139e+01  9.05196455e+00
 5.21587302e+00 -2.75590551e-01  1.29544454e+01  1.34446085e+01  9.03678218e+00
 5.21587302e+00 -1.41732283e-01  1.30907611e+01  1.34321692e+01  9.02091713e+00
 5.21587302e+00 -7.87401575e-03  1.32312736e+01  1.34225545e+01  9.00462613e+00
 5.21587302e+00  1.25984252e-01  1.33787996e+01  1.34190479e+01  8.98807310e+00
 5.21587302e+00  2.59842520e-01  1.35341177e+01  1.34240913e+01  8.97114582e+00
 5.21587302e+00  3.93700787e-01  1.36963218e+01  1.34397741e+01  8.95397060e+00
 5.21587302e+00  5.27559055e-01  1.38653549e+01  1.34652881e+01  8.93634641e+00
 5.21587302e+00  6.61417323e-01  1.40426325e+01  1.34976724e+01  8.91799742e+00
 5.21587302e+00  7.95275591e-01  1.42286871e+01  1.35362347e+01  8.89936027e+00
 5.21587302e+00  9.29133858e-01  1.44221865e+01  1.35841072e+01  8.88123239e+00
 5.21587302e+00  1.06299213e+00  1.46225920e+01  1.36422100e+01  8.86388849e+00
 5.21587302e+00  1.19685039e+00  1.48295033e+01  1.37104484e+01  8.84703279e+00
 5.21587302e+00  1.33070866e+00  1.50422898e+01  1.37883126e+01  8.83014666e+00
 5.21587302e+00  1.46456693e+00  1.52591393e+01  1.38729142e+01  8.81302039e+00
 5.21587302e+00  1.59842520e+00  1.54790587e+01  1.39623569e+01  8.79549438e+00
 5.21587302e+00  1.73228346e+00  1.57020565e+01  1.40556709e+01  8.77755595e+00
 5.21587302e+00  1.86614173e+00  1.59325763e+01  1.41525888e+01  8.75880546e+00
 5.21587302e+00  2.00000000e+00  1.61671668e+01  1.42514224e+01  8.73917832e+00
 5.29428571e+00 -1.50000000e+01 -1.59350428e+00  1.37532332e+01  9.74886093e+00
 5.29428571e+00 -1.48661417e+01 -1.45961508e+00  1.37531374e+01  9.74571025e+00
 5.29428571e+00 -1.47322835e+01 -1.32571374e+00  1.37530384e+01  9.74251386e+00
 5.29428571e+00 -1.45984252e+01 -1.19179783e+00  1.37529360e+01  9.73926054e+00
 5.29428571e+00 -1.44645669e+01 -1.05786086e+00  1.37528305e+01  9.73597285e+00
 5.29428571e+00 -1.43307087e+01 -9.23895388e-01  1.37527220e+01  9.73268733e+00
 5.29428571e+00 -1.41968504e+01 -7.89891239e-01  1.37526106e+01  9.72938324e+00
 5.29428571e+00 -1.40629921e+01 -6.55834339e-01  1.37524964e+01  9.72601860e+00
 5.29428571e+00 -1.39291339e+01 -5.21705579e-01  1.37523795e+01  9.72265206e+00
 5.29428571e+00 -1.37952756e+01 -3.87478910e-01  1.37522600e+01  9.71927576e+00
 5.29428571e+00 -1.36614173e+01 -2.53118709e-01  1.37521380e+01  9.71583449e+00
 5.29428571e+00 -1.35275591e+01 -1.18576530e-01  1.37520136e+01  9.71234002e+00
 5.29428571e+00 -1.33937008e+01  1.62144478e-02  1.37518868e+01  9.70882253e+00
 5.29428571e+00 -1.32598425e+01  1.51348198e-01  1.37517576e+01  9.70529422e+00
 5.29428571e+00 -1.31259843e+01  2.86817744e-01  1.37516261e+01  9.70171387e+00
 5.29428571e+00 -1.29921260e+01  4.21799406e-01  1.37514933e+01  9.69811900e+00
 5.29428571e+00 -1.28582677e+01  5.55845118e-01  1.37513597e+01  9.69455116e+00
 5.29428571e+00 -1.27244094e+01  6.89672038e-01  1.37512247e+01  9.69094545e+00
 5.29428571e+00 -1.25905512e+01  8.23521971e-01  1.37510887e+01  9.68729091e+00
 5.29428571e+00 -1.24566929e+01  9.57370145e-01  1.37509515e+01  9.68360068e+00
 5.29428571e+00 -1.23228346e+01  1.09121784e+00  1.37508129e+01  9.67985256e+00
 5.29428571e+00 -1.21889764e+01  1.22506544e+00  1.37506732e+01  9.67608175e+00
 5.29428571e+00 -1.20551181e+01  1.35891280e+00  1.37505323e+01  9.67231891e+00
 5.29428571e+00 -1.19212598e+01  1.49275995e+00  1.37503901e+01  9.66850383e+00
 5.29428571e+00 -1.17874016e+01  1.62660687e+00  1.37502466e+01  9.66466808e+00
 5.29428571e+00 -1.16535433e+01  1.76045356e+00  1.37501018e+01  9.66083891e+00
 5.29428571e+00 -1.15196850e+01  1.89430000e+00  1.37499557e+01  9.65690880e+00
 5.29428571e+00 -1.13858268e+01  2.02814619e+00  1.37498083e+01  9.65292390e+00
 5.29428571e+00 -1.12519685e+01  2.16199213e+00  1.37496596e+01  9.64896163e+00
 5.29428571e+00 -1.11181102e+01  2.29583780e+00  1.37495095e+01  9.64495522e+00
 5.29428571e+00 -1.09842520e+01  2.42968319e+00  1.37493580e+01  9.64089181e+00
 5.29428571e+00 -1.08503937e+01  2.56352830e+00  1.37492051e+01  9.63678945e+00
 5.29428571e+00 -1.07165354e+01  2.69737312e+00  1.37490508e+01  9.63264375e+00
 5.29428571e+00 -1.05826772e+01  2.83121763e+00  1.37488951e+01  9.62844599e+00
 5.29428571e+00 -1.04488189e+01  2.96506183e+00  1.37487379e+01  9.62420910e+00
 5.29428571e+00 -1.03149606e+01  3.09890572e+00  1.37485794e+01  9.61997925e+00
 5.29428571e+00 -1.01811024e+01  3.23274923e+00  1.37484190e+01  9.61569601e+00
 5.29428571e+00 -1.00472441e+01  3.36659239e+00  1.37482571e+01  9.61131887e+00
 5.29428571e+00 -9.91338583e+00  3.50043541e+00  1.37480963e+01  9.60694622e+00
 5.29428571e+00 -9.77952756e+00  3.63427749e+00  1.37479271e+01  9.60253958e+00
 5.29428571e+00 -9.64566929e+00  3.76811931e+00  1.37477580e+01  9.59803162e+00
 5.29428571e+00 -9.51181102e+00  3.90196463e+00  1.37476328e+01  9.59345351e+00
 5.29428571e+00 -9.37795276e+00  4.03581116e+00  1.37475119e+01  9.58885808e+00
 5.29428571e+00 -9.24409449e+00  4.16965312e+00  1.37473394e+01  9.58426837e+00
 5.29428571e+00 -9.11023622e+00  4.30348690e+00  1.37471172e+01  9.57964535e+00
 5.29428571e+00 -8.97637795e+00  4.43732967e+00  1.37469000e+01  9.57496925e+00
 5.29428571e+00 -8.84251969e+00  4.57117234e+00  1.37467262e+01  9.57024395e+00
 5.29428571e+00 -8.70866142e+00  4.70495771e+00  1.37465621e+01  9.56548460e+00
 5.29428571e+00 -8.57480315e+00  4.83875501e+00  1.37463593e+01  9.56064153e+00
 5.29428571e+00 -8.44094488e+00  4.97260026e+00  1.37461185e+01  9.55571143e+00
 5.29428571e+00 -8.30708661e+00  5.10638730e+00  1.37459159e+01  9.55080133e+00
 5.29428571e+00 -8.17322835e+00  5.24017952e+00  1.37457141e+01  9.54583805e+00
 5.29428571e+00 -8.03937008e+00  5.37401928e+00  1.37454714e+01  9.54076029e+00
 5.29428571e+00 -7.90551181e+00  5.50779673e+00  1.37452273e+01  9.53565700e+00
 5.29428571e+00 -7.77165354e+00  5.64158103e+00  1.37449869e+01  9.53049037e+00
 5.29428571e+00 -7.63779528e+00  5.77542184e+00  1.37447414e+01  9.52522152e+00
 5.29428571e+00 -7.50393701e+00  5.90921365e+00  1.37444909e+01  9.51990659e+00
 5.29428571e+00 -7.37007874e+00  6.04297715e+00  1.37442405e+01  9.51455527e+00
 5.29428571e+00 -7.23622047e+00  6.17675224e+00  1.37439908e+01  9.50914263e+00
 5.29428571e+00 -7.10236220e+00  6.31051797e+00  1.37437316e+01  9.50363771e+00
 5.29428571e+00 -6.96850394e+00  6.44428884e+00  1.37434451e+01  9.49808191e+00
 5.29428571e+00 -6.83464567e+00  6.57805760e+00  1.37431298e+01  9.49246852e+00
 5.29428571e+00 -6.70078740e+00  6.71177080e+00  1.37428084e+01  9.48670059e+00
 5.29428571e+00 -6.56692913e+00  6.84546722e+00  1.37424667e+01  9.48088844e+00
 5.29428571e+00 -6.43307087e+00  6.97917745e+00  1.37420923e+01  9.47508325e+00
 5.29428571e+00 -6.29921260e+00  7.11287174e+00  1.37417011e+01  9.46913697e+00
 5.29428571e+00 -6.16535433e+00  7.24659362e+00  1.37413238e+01  9.46306260e+00
 5.29428571e+00 -6.03149606e+00  7.38035026e+00  1.37409789e+01  9.45691823e+00
 5.29428571e+00 -5.89763780e+00  7.51405971e+00  1.37406504e+01  9.45071857e+00
 5.29428571e+00 -5.76377953e+00  7.64771039e+00  1.37402648e+01  9.44445801e+00
 5.29428571e+00 -5.62992126e+00  7.78133106e+00  1.37397878e+01  9.43810327e+00
 5.29428571e+00 -5.49606299e+00  7.91495534e+00  1.37392708e+01  9.43160427e+00
 5.29428571e+00 -5.36220472e+00  8.04855774e+00  1.37387525e+01  9.42499332e+00
 5.29428571e+00 -5.22834646e+00  8.18210149e+00  1.37382108e+01  9.41830512e+00
 5.29428571e+00 -5.09448819e+00  8.31558140e+00  1.37375694e+01  9.41152806e+00
 5.29428571e+00 -4.96062992e+00  8.44908213e+00  1.37368840e+01  9.40462678e+00
 5.29428571e+00 -4.82677165e+00  8.58261286e+00  1.37361955e+01  9.39759700e+00
 5.29428571e+00 -4.69291339e+00  8.71603068e+00  1.37354249e+01  9.39047978e+00
 5.29428571e+00 -4.55905512e+00  8.84920151e+00  1.37343413e+01  9.38325890e+00
 5.29428571e+00 -4.42519685e+00  8.98220747e+00  1.37329767e+01  9.37590588e+00
 5.29428571e+00 -4.29133858e+00  9.11534860e+00  1.37317255e+01  9.36840886e+00
 5.29428571e+00 -4.15748031e+00  9.24849533e+00  1.37305199e+01  9.36077482e+00
 5.29428571e+00 -4.02362205e+00  9.38149858e+00  1.37291816e+01  9.35301372e+00
 5.29428571e+00 -3.88976378e+00  9.51440808e+00  1.37276503e+01  9.34512264e+00
 5.29428571e+00 -3.75590551e+00  9.64720287e+00  1.37259480e+01  9.33705954e+00
 5.29428571e+00 -3.62204724e+00  9.77986401e+00  1.37240576e+01  9.32882175e+00
 5.29428571e+00 -3.48818898e+00  9.91241374e+00  1.37218850e+01  9.32046380e+00
 5.29428571e+00 -3.35433071e+00  1.00448189e+01  1.37194706e+01  9.31191233e+00
 5.29428571e+00 -3.22047244e+00  1.01770200e+01  1.37168229e+01  9.30313876e+00
 5.29428571e+00 -3.08661417e+00  1.03089689e+01  1.37138239e+01  9.29423738e+00
 5.29428571e+00 -2.95275591e+00  1.04407289e+01  1.37103926e+01  9.28514419e+00
 5.29428571e+00 -2.81889764e+00  1.05723142e+01  1.37064947e+01  9.27580815e+00
 5.29428571e+00 -2.68503937e+00  1.07035974e+01  1.37021314e+01  9.26629972e+00
 5.29428571e+00 -2.55118110e+00  1.08345571e+01  1.36972242e+01  9.25656658e+00
 5.29428571e+00 -2.41732283e+00  1.09652538e+01  1.36917171e+01  9.24655435e+00
 5.29428571e+00 -2.28346457e+00  1.10957641e+01  1.36856571e+01  9.23631363e+00
 5.29428571e+00 -2.14960630e+00  1.12258714e+01  1.36790061e+01  9.22584461e+00
 5.29428571e+00 -2.01574803e+00  1.13554892e+01  1.36717320e+01  9.21512435e+00
 5.29428571e+00 -1.88188976e+00  1.14851009e+01  1.36638985e+01  9.20414664e+00
 5.29428571e+00 -1.74803150e+00  1.16144364e+01  1.36553735e+01  9.19290378e+00
 5.29428571e+00 -1.61417323e+00  1.17429656e+01  1.36459976e+01  9.18139444e+00
 5.29428571e+00 -1.48031496e+00  1.18710032e+01  1.36358612e+01  9.16962621e+00
 5.29428571e+00 -1.34645669e+00  1.19994517e+01  1.36250522e+01  9.15759162e+00
 5.29428571e+00 -1.21259843e+00  1.21289007e+01  1.36135291e+01  9.14525257e+00
 5.29428571e+00 -1.07874016e+00  1.22570244e+01  1.36007985e+01  9.13253661e+00
 5.29428571e+00 -9.44881890e-01  1.23833437e+01  1.35872196e+01  9.11945710e+00
 5.29428571e+00 -8.11023622e-01  1.25102196e+01  1.35740090e+01  9.10609404e+00
 5.29428571e+00 -6.77165354e-01  1.26402795e+01  1.35615942e+01  9.09251956e+00
 5.29428571e+00 -5.43307087e-01  1.27745971e+01  1.35501545e+01  9.07873141e+00
 5.29428571e+00 -4.09448819e-01  1.29109439e+01  1.35396362e+01  9.06457890e+00
 5.29428571e+00 -2.75590551e-01  1.30469404e+01  1.35291423e+01  9.04980615e+00
 5.29428571e+00 -1.41732283e-01  1.31823428e+01  1.35184230e+01  9.03432393e+00
 5.29428571e+00 -7.87401575e-03  1.33198348e+01  1.35089417e+01  9.01829967e+00
 5.29428571e+00  1.25984252e-01  1.34626685e+01  1.35039009e+01  9.00188030e+00
 5.29428571e+00  2.59842520e-01  1.36125975e+01  1.35064565e+01  8.98520078e+00
 5.29428571e+00  3.93700787e-01  1.37687858e+01  1.35179427e+01  8.96829811e+00
 5.29428571e+00  5.27559055e-01  1.39309057e+01  1.35379259e+01  8.95088198e+00
 5.29428571e+00  6.61417323e-01  1.41005941e+01  1.35642990e+01  8.93294329e+00
 5.29428571e+00  7.95275591e-01  1.42788293e+01  1.35968502e+01  8.91472686e+00
 5.29428571e+00  9.29133858e-01  1.44646671e+01  1.36371470e+01  8.89666442e+00
 5.29428571e+00  1.06299213e+00  1.46575782e+01  1.36865455e+01  8.87911893e+00
 5.29428571e+00  1.19685039e+00  1.48582266e+01  1.37468857e+01  8.86209137e+00
 5.29428571e+00  1.33070866e+00  1.50656510e+01  1.38180281e+01  8.84535616e+00
 5.29428571e+00  1.46456693e+00  1.52779302e+01  1.38970569e+01  8.82852772e+00
 5.29428571e+00  1.59842520e+00  1.54942804e+01  1.39819469e+01  8.81146937e+00
 5.29428571e+00  1.73228346e+00  1.57143676e+01  1.40714167e+01  8.79401920e+00
 5.29428571e+00  1.86614173e+00  1.59424884e+01  1.41650607e+01  8.77577606e+00
 5.29428571e+00  2.00000000e+00  1.61750092e+01  1.42613251e+01  8.75687541e+00
 5.37269841e+00 -1.50000000e+01 -1.51508684e+00  1.38106374e+01  9.75132652e+00
 5.37269841e+00 -1.48661417e+01 -1.38119661e+00  1.38105728e+01  9.74819415e+00
 5.37269841e+00 -1.47322835e+01 -1.24729585e+00  1.38105033e+01  9.74505172e+00
 5.37269841e+00 -1.45984252e+01 -1.11337988e+00  1.38104289e+01  9.74186468e+00
 5.37269841e+00 -1.44645669e+01 -9.79442841e-01  1.38103500e+01  9.73861191e+00
 5.37269841e+00 -1.43307087e+01 -8.45477433e-01  1.38102665e+01  9.73532329e+00
 5.37269841e+00 -1.41968504e+01 -7.11473277e-01  1.38101789e+01  9.73203819e+00
 5.37269841e+00 -1.40629921e+01 -5.77416347e-01  1.38100871e+01  9.72872621e+00
 5.37269841e+00 -1.39291339e+01 -4.43287588e-01  1.38099913e+01  9.72535472e+00
 5.37269841e+00 -1.37952756e+01 -3.09060918e-01  1.38098918e+01  9.72199040e+00
 5.37269841e+00 -1.36614173e+01 -1.74700718e-01  1.38097886e+01  9.71860995e+00
 5.37269841e+00 -1.35275591e+01 -4.01585193e-02  1.38096818e+01  9.71515730e+00
 5.37269841e+00 -1.33937008e+01  9.46330105e-02  1.38095717e+01  9.71165316e+00
 5.37269841e+00 -1.32598425e+01  2.29760770e-01  1.38094582e+01  9.70812813e+00
 5.37269841e+00 -1.31259843e+01  3.65270271e-01  1.38093415e+01  9.70458754e+00
 5.37269841e+00 -1.29921260e+01  5.00340822e-01  1.38092225e+01  9.70101271e+00
 5.37269841e+00 -1.28582677e+01  6.34408020e-01  1.38091019e+01  9.69744287e+00
 5.37269841e+00 -1.27244094e+01  7.68251768e-01  1.38089798e+01  9.69387852e+00
 5.37269841e+00 -1.25905512e+01  9.02102913e-01  1.38088568e+01  9.69026652e+00
 5.37269841e+00 -1.24566929e+01  1.03595224e+00  1.38087324e+01  9.68660818e+00
 5.37269841e+00 -1.23228346e+01  1.16980149e+00  1.38086068e+01  9.68291254e+00
 5.37269841e+00 -1.21889764e+01  1.30365059e+00  1.38084799e+01  9.67915984e+00
 5.37269841e+00 -1.20551181e+01  1.43749951e+00  1.38083518e+01  9.67539071e+00
 5.37269841e+00 -1.19212598e+01  1.57134821e+00  1.38082224e+01  9.67162529e+00
 5.37269841e+00 -1.17874016e+01  1.70519669e+00  1.38080916e+01  9.66780545e+00
 5.37269841e+00 -1.16535433e+01  1.83904497e+00  1.38079595e+01  9.66397220e+00
 5.37269841e+00 -1.15196850e+01  1.97289303e+00  1.38078260e+01  9.66013684e+00
 5.37269841e+00 -1.13858268e+01  2.10674084e+00  1.38076912e+01  9.65619541e+00
 5.37269841e+00 -1.12519685e+01  2.24058842e+00  1.38075549e+01  9.65221244e+00
 5.37269841e+00 -1.11181102e+01  2.37443579e+00  1.38074172e+01  9.64824969e+00
 5.37269841e+00 -1.09842520e+01  2.50828290e+00  1.38072781e+01  9.64423646e+00
 5.37269841e+00 -1.08503937e+01  2.64212973e+00  1.38071375e+01  9.64016844e+00
 5.37269841e+00 -1.07165354e+01  2.77597630e+00  1.38069954e+01  9.63606210e+00
 5.37269841e+00 -1.05826772e+01  2.90982260e+00  1.38068519e+01  9.63191089e+00
 5.37269841e+00 -1.04488189e+01  3.04366858e+00  1.38067067e+01  9.62770806e+00
 5.37269841e+00 -1.03149606e+01  3.17751426e+00  1.38065600e+01  9.62347125e+00
 5.37269841e+00 -1.01811024e+01  3.31135969e+00  1.38064117e+01  9.61923921e+00
 5.37269841e+00 -1.00472441e+01  3.44520472e+00  1.38062620e+01  9.61494710e+00
 5.37269841e+00 -9.91338583e+00  3.57904944e+00  1.38061104e+01  9.61056681e+00
 5.37269841e+00 -9.77952756e+00  3.71289411e+00  1.38059563e+01  9.60618129e+00
 5.37269841e+00 -9.64566929e+00  3.84673741e+00  1.38058037e+01  9.60179996e+00
 5.37269841e+00 -9.51181102e+00  3.98057911e+00  1.38056520e+01  9.59740334e+00
 5.37269841e+00 -9.37795276e+00  4.11442134e+00  1.38054933e+01  9.59297313e+00
 5.37269841e+00 -9.24409449e+00  4.24826470e+00  1.38053359e+01  9.58845949e+00
 5.37269841e+00 -9.11023622e+00  4.38210860e+00  1.38051691e+01  9.58385531e+00
 5.37269841e+00 -8.97637795e+00  4.51595247e+00  1.38049592e+01  9.57922039e+00
 5.37269841e+00 -8.84251969e+00  4.64979993e+00  1.38047572e+01  9.57454366e+00
 5.37269841e+00 -8.70866142e+00  4.78363372e+00  1.38045952e+01  9.56981388e+00
 5.37269841e+00 -8.57480315e+00  4.91742084e+00  1.38044339e+01  9.56504741e+00
 5.37269841e+00 -8.44094488e+00  5.05121661e+00  1.38042303e+01  9.56019297e+00
 5.37269841e+00 -8.30708661e+00  5.18505845e+00  1.38040019e+01  9.55526141e+00
 5.37269841e+00 -8.17322835e+00  5.31891228e+00  1.38038225e+01  9.55034939e+00
 5.37269841e+00 -8.03937008e+00  5.45272747e+00  1.38036291e+01  9.54537231e+00
 5.37269841e+00 -7.90551181e+00  5.58649667e+00  1.38033867e+01  9.54029035e+00
 5.37269841e+00 -7.77165354e+00  5.72027073e+00  1.38031511e+01  9.53518453e+00
 5.37269841e+00 -7.63779528e+00  5.85407947e+00  1.38029123e+01  9.53000545e+00
 5.37269841e+00 -7.50393701e+00  5.98790469e+00  1.38026610e+01  9.52472850e+00
 5.37269841e+00 -7.37007874e+00  6.12169154e+00  1.38024152e+01  9.51941108e+00
 5.37269841e+00 -7.23622047e+00  6.25545808e+00  1.38021694e+01  9.51405461e+00
 5.37269841e+00 -7.10236220e+00  6.38923041e+00  1.38019233e+01  9.50863149e+00
 5.37269841e+00 -6.96850394e+00  6.52300951e+00  1.38016831e+01  9.50311741e+00
 5.37269841e+00 -6.83464567e+00  6.65677591e+00  1.38014018e+01  9.49755757e+00
 5.37269841e+00 -6.70078740e+00  6.79053564e+00  1.38010749e+01  9.49193010e+00
 5.37269841e+00 -6.56692913e+00  6.92431398e+00  1.38007569e+01  9.48614883e+00
 5.37269841e+00 -6.43307087e+00  7.05804493e+00  1.38004377e+01  9.48034169e+00
 5.37269841e+00 -6.29921260e+00  7.19174070e+00  1.38001058e+01  9.47452242e+00
 5.37269841e+00 -6.16535433e+00  7.32550176e+00  1.37997721e+01  9.46854212e+00
 5.37269841e+00 -6.03149606e+00  7.45924615e+00  1.37994457e+01  9.46249548e+00
 5.37269841e+00 -5.89763780e+00  7.59293265e+00  1.37991099e+01  9.45640103e+00
 5.37269841e+00 -5.76377953e+00  7.72662210e+00  1.37987263e+01  9.45014663e+00
 5.37269841e+00 -5.62992126e+00  7.86032275e+00  1.37982931e+01  9.44382845e+00
 5.37269841e+00 -5.49606299e+00  7.99400961e+00  1.37978155e+01  9.43746574e+00
 5.37269841e+00 -5.36220472e+00  8.12764622e+00  1.37972990e+01  9.43095136e+00
 5.37269841e+00 -5.22834646e+00  8.26122706e+00  1.37967704e+01  9.42432857e+00
 5.37269841e+00 -5.09448819e+00  8.39477011e+00  1.37962178e+01  9.41763005e+00
 5.37269841e+00 -4.96062992e+00  8.52831149e+00  1.37956039e+01  9.41083403e+00
 5.37269841e+00 -4.82677165e+00  8.66189115e+00  1.37949920e+01  9.40395241e+00
 5.37269841e+00 -4.69291339e+00  8.79539608e+00  1.37942919e+01  9.39695677e+00
 5.37269841e+00 -4.55905512e+00  8.92863963e+00  1.37932974e+01  9.38979063e+00
 5.37269841e+00 -4.42519685e+00  9.06184470e+00  1.37921738e+01  9.38251423e+00
 5.37269841e+00 -4.29133858e+00  9.19513168e+00  1.37910777e+01  9.37514197e+00
 5.37269841e+00 -4.15748031e+00  9.32839436e+00  1.37900089e+01  9.36761987e+00
 5.37269841e+00 -4.02362205e+00  9.46157901e+00  1.37888257e+01  9.35996933e+00
 5.37269841e+00 -3.88976378e+00  9.59465589e+00  1.37874852e+01  9.35219435e+00
 5.37269841e+00 -3.75590551e+00  9.72761638e+00  1.37860588e+01  9.34426875e+00
 5.37269841e+00 -3.62204724e+00  9.86051501e+00  1.37844588e+01  9.33622301e+00
 5.37269841e+00 -3.48818898e+00  9.99333863e+00  1.37826415e+01  9.32802704e+00
 5.37269841e+00 -3.35433071e+00  1.01260015e+01  1.37806467e+01  9.31959886e+00
 5.37269841e+00 -3.22047244e+00  1.02585212e+01  1.37784250e+01  9.31101159e+00
 5.37269841e+00 -3.08661417e+00  1.03908995e+01  1.37759327e+01  9.30229168e+00
 5.37269841e+00 -2.95275591e+00  1.05230927e+01  1.37731554e+01  9.29337708e+00
 5.37269841e+00 -2.81889764e+00  1.06551048e+01  1.37700323e+01  9.28429507e+00
 5.37269841e+00 -2.68503937e+00  1.07869069e+01  1.37665237e+01  9.27502222e+00
 5.37269841e+00 -2.55118110e+00  1.09184382e+01  1.37626178e+01  9.26546760e+00
 5.37269841e+00 -2.41732283e+00  1.10497774e+01  1.37582141e+01  9.25570065e+00
 5.37269841e+00 -2.28346457e+00  1.11809131e+01  1.37532467e+01  9.24574754e+00
 5.37269841e+00 -2.14960630e+00  1.13116769e+01  1.37477352e+01  9.23552106e+00
 5.37269841e+00 -2.01574803e+00  1.14420861e+01  1.37416445e+01  9.22505445e+00
 5.37269841e+00 -1.88188976e+00  1.15722742e+01  1.37349672e+01  9.21436877e+00
 5.37269841e+00 -1.74803150e+00  1.17023511e+01  1.37277463e+01  9.20339382e+00
 5.37269841e+00 -1.61417323e+00  1.18317634e+01  1.37197573e+01  9.19210344e+00
 5.37269841e+00 -1.48031496e+00  1.19604422e+01  1.37108488e+01  9.18053225e+00
 5.37269841e+00 -1.34645669e+00  1.20896938e+01  1.37012576e+01  9.16875622e+00
 5.37269841e+00 -1.21259843e+00  1.22193744e+01  1.36913147e+01  9.15670117e+00
 5.37269841e+00 -1.07874016e+00  1.23484511e+01  1.36807328e+01  9.14424855e+00
 5.37269841e+00 -9.44881890e-01  1.24762917e+01  1.36680129e+01  9.13139736e+00
 5.37269841e+00 -8.11023622e-01  1.26035683e+01  1.36548376e+01  9.11823249e+00
 5.37269841e+00 -6.77165354e-01  1.27320953e+01  1.36439262e+01  9.10485117e+00
 5.37269841e+00 -5.43307087e-01  1.28644522e+01  1.36337820e+01  9.09124175e+00
 5.37269841e+00 -4.09448819e-01  1.30004987e+01  1.36237639e+01  9.07730428e+00
 5.37269841e+00 -2.75590551e-01  1.31368951e+01  1.36146814e+01  9.06287637e+00
 5.37269841e+00 -1.41732283e-01  1.32723361e+01  1.36053618e+01  9.04777193e+00
 5.37269841e+00 -7.87401575e-03  1.34081756e+01  1.35963771e+01  9.03199429e+00
 5.37269841e+00  1.25984252e-01  1.35475061e+01  1.35904235e+01  9.01573104e+00
 5.37269841e+00  2.59842520e-01  1.36928626e+01  1.35905450e+01  8.99927868e+00
 5.37269841e+00  3.93700787e-01  1.38440926e+01  1.35984617e+01  8.98259945e+00
 5.37269841e+00  5.27559055e-01  1.40002560e+01  1.36136823e+01  8.96546987e+00
 5.37269841e+00  6.61417323e-01  1.41632656e+01  1.36347956e+01  8.94789169e+00
 5.37269841e+00  7.95275591e-01  1.43340825e+01  1.36617449e+01  8.93004672e+00
 5.37269841e+00  9.29133858e-01  1.45121518e+01  1.36949736e+01  8.91215002e+00
 5.37269841e+00  1.06299213e+00  1.46975968e+01  1.37362728e+01  8.89449567e+00
 5.37269841e+00  1.19685039e+00  1.48912868e+01  1.37885506e+01  8.87734654e+00
 5.37269841e+00  1.33070866e+00  1.50926191e+01  1.38522292e+01  8.86054144e+00
 5.37269841e+00  1.46456693e+00  1.52999039e+01  1.39248467e+01  8.84377250e+00
 5.37269841e+00  1.59842520e+00  1.55120031e+01  1.40043392e+01  8.82694934e+00
 5.37269841e+00  1.73228346e+00  1.57288403e+01  1.40895674e+01  8.80983839e+00
 5.37269841e+00  1.86614173e+00  1.59541376e+01  1.41795262e+01  8.79217101e+00
 5.37269841e+00  2.00000000e+00  1.61842428e+01  1.42728123e+01  8.77389308e+00
 5.45111111e+00 -1.50000000e+01 -1.43659419e+00  1.38702737e+01  9.75423345e+00
 5.45111111e+00 -1.48661417e+01 -1.30270428e+00  1.38702481e+01  9.75112211e+00
 5.45111111e+00 -1.47322835e+01 -1.16880375e+00  1.38702151e+01  9.74801757e+00
 5.45111111e+00 -1.45984252e+01 -1.03488764e+00  1.38701752e+01  9.74488358e+00
 5.45111111e+00 -1.44645669e+01 -9.00950532e-01  1.38701286e+01  9.74168395e+00
 5.45111111e+00 -1.43307087e+01 -7.66985073e-01  1.38700755e+01  9.73843280e+00
 5.45111111e+00 -1.41968504e+01 -6.32981008e-01  1.38700162e+01  9.73515214e+00
 5.45111111e+00 -1.40629921e+01 -4.98924138e-01  1.38699510e+01  9.73186769e+00
 5.45111111e+00 -1.39291339e+01 -3.64795358e-01  1.38698802e+01  9.72854786e+00
 5.45111111e+00 -1.37952756e+01 -2.30568681e-01  1.38698039e+01  9.72517098e+00
 5.45111111e+00 -1.36614173e+01 -9.62085290e-02  1.38697225e+01  9.72180562e+00
 5.45111111e+00 -1.35275591e+01  3.83338380e-02  1.38696362e+01  9.71841497e+00
 5.45111111e+00 -1.33937008e+01  1.73124538e-01  1.38695452e+01  9.71494901e+00
 5.45111111e+00 -1.32598425e+01  3.08257741e-01  1.38694497e+01  9.71143358e+00
 5.45111111e+00 -1.31259843e+01  4.43792637e-01  1.38693499e+01  9.70789876e+00
 5.45111111e+00 -1.29921260e+01  5.78930032e-01  1.38692467e+01  9.70436468e+00
 5.45111111e+00 -1.28582677e+01  7.13027130e-01  1.38691411e+01  9.70081113e+00
 5.45111111e+00 -1.27244094e+01  8.46882475e-01  1.38690336e+01  9.69724780e+00
 5.45111111e+00 -1.25905512e+01  9.80732630e-01  1.38689251e+01  9.69368087e+00
 5.45111111e+00 -1.24566929e+01  1.11458378e+00  1.38688153e+01  9.69006335e+00
 5.45111111e+00 -1.23228346e+01  1.24843450e+00  1.38687044e+01  9.68640117e+00
 5.45111111e+00 -1.21889764e+01  1.38228496e+00  1.38685921e+01  9.68269988e+00
 5.45111111e+00 -1.20551181e+01  1.51613531e+00  1.38684787e+01  9.67894326e+00
 5.45111111e+00 -1.19212598e+01  1.64998554e+00  1.38683639e+01  9.67517589e+00
 5.45111111e+00 -1.17874016e+01  1.78383555e+00  1.38682479e+01  9.67140717e+00
 5.45111111e+00 -1.16535433e+01  1.91768537e+00  1.38681305e+01  9.66758334e+00
 5.45111111e+00 -1.15196850e+01  2.05153505e+00  1.38680118e+01  9.66375251e+00
 5.45111111e+00 -1.13858268e+01  2.18538457e+00  1.38678917e+01  9.65990953e+00
 5.45111111e+00 -1.12519685e+01  2.31923373e+00  1.38677702e+01  9.65595796e+00
 5.45111111e+00 -1.11181102e+01  2.45308267e+00  1.38676473e+01  9.65197787e+00
 5.45111111e+00 -1.09842520e+01  2.58693147e+00  1.38675230e+01  9.64801361e+00
 5.45111111e+00 -1.08503937e+01  2.72078003e+00  1.38673972e+01  9.64399345e+00
 5.45111111e+00 -1.07165354e+01  2.85462832e+00  1.38672698e+01  9.63992120e+00
 5.45111111e+00 -1.05826772e+01  2.98847638e+00  1.38671410e+01  9.63581076e+00
 5.45111111e+00 -1.04488189e+01  3.12232428e+00  1.38670106e+01  9.63165379e+00
 5.45111111e+00 -1.03149606e+01  3.25617181e+00  1.38668787e+01  9.62744668e+00
 5.45111111e+00 -1.01811024e+01  3.39001897e+00  1.38667451e+01  9.62321044e+00
 5.45111111e+00 -1.00472441e+01  3.52386600e+00  1.38666098e+01  9.61897480e+00
 5.45111111e+00 -9.91338583e+00  3.65771241e+00  1.38664730e+01  9.61467605e+00
 5.45111111e+00 -9.77952756e+00  3.79155885e+00  1.38663343e+01  9.61029077e+00
 5.45111111e+00 -9.64566929e+00  3.92540643e+00  1.38661933e+01  9.60587145e+00
 5.45111111e+00 -9.51181102e+00  4.05925089e+00  1.38660478e+01  9.60143405e+00
 5.45111111e+00 -9.37795276e+00  4.19309748e+00  1.38659051e+01  9.59699146e+00
 5.45111111e+00 -9.24409449e+00  4.32695173e+00  1.38657706e+01  9.59254932e+00
 5.45111111e+00 -9.11023622e+00  4.46076295e+00  1.38655912e+01  9.58803128e+00
 5.45111111e+00 -8.97637795e+00  4.59454884e+00  1.38653804e+01  9.58342192e+00
 5.45111111e+00 -8.84251969e+00  4.72839230e+00  1.38652203e+01  9.57878388e+00
 5.45111111e+00 -8.70866142e+00  4.86224202e+00  1.38650780e+01  9.57410215e+00
 5.45111111e+00 -8.57480315e+00  4.99607641e+00  1.38649259e+01  9.56936828e+00
 5.45111111e+00 -8.44094488e+00  5.12992758e+00  1.38647698e+01  9.56459237e+00
 5.45111111e+00 -8.30708661e+00  5.26373571e+00  1.38645758e+01  9.55972634e+00
 5.45111111e+00 -8.17322835e+00  5.39751943e+00  1.38643622e+01  9.55479689e+00
 5.45111111e+00 -8.03937008e+00  5.53136385e+00  1.38641872e+01  9.54988460e+00
 5.45111111e+00 -7.90551181e+00  5.66517135e+00  1.38639945e+01  9.54489424e+00
 5.45111111e+00 -7.77165354e+00  5.79894429e+00  1.38637603e+01  9.53980675e+00
 5.45111111e+00 -7.63779528e+00  5.93278685e+00  1.38635261e+01  9.53469624e+00
 5.45111111e+00 -7.50393701e+00  6.06659388e+00  1.38633286e+01  9.52949963e+00
 5.45111111e+00 -7.37007874e+00  6.20036272e+00  1.38631499e+01  9.52421047e+00
 5.45111111e+00 -7.23622047e+00  6.33419904e+00  1.38629308e+01  9.51889487e+00
 5.45111111e+00 -7.10236220e+00  6.46801307e+00  1.38626612e+01  9.51353646e+00
 5.45111111e+00 -6.96850394e+00  6.60177735e+00  1.38623717e+01  9.50810271e+00
 5.45111111e+00 -6.83464567e+00  6.73555380e+00  1.38621078e+01  9.50258156e+00
 5.45111111e+00 -6.70078740e+00  6.86932655e+00  1.38618675e+01  9.49701602e+00
 5.45111111e+00 -6.56692913e+00  7.00309455e+00  1.38616124e+01  9.49137160e+00
 5.45111111e+00 -6.43307087e+00  7.13687131e+00  1.38613032e+01  9.48558188e+00
 5.45111111e+00 -6.29921260e+00  7.27060572e+00  1.38609863e+01  9.47977348e+00
 5.45111111e+00 -6.16535433e+00  7.40431981e+00  1.38606766e+01  9.47393745e+00
 5.45111111e+00 -6.03149606e+00  7.53807884e+00  1.38603517e+01  9.46795386e+00
 5.45111111e+00 -5.89763780e+00  7.67181078e+00  1.38600265e+01  9.46190568e+00
 5.45111111e+00 -5.76377953e+00  7.80550103e+00  1.38596904e+01  9.45578994e+00
 5.45111111e+00 -5.62992126e+00  7.93920040e+00  1.38593077e+01  9.44952944e+00
 5.45111111e+00 -5.49606299e+00  8.07290373e+00  1.38588668e+01  9.44320903e+00
 5.45111111e+00 -5.36220472e+00  8.20658271e+00  1.38583946e+01  9.43682320e+00
 5.45111111e+00 -5.22834646e+00  8.34021385e+00  1.38579280e+01  9.43029098e+00
 5.45111111e+00 -5.09448819e+00  8.47382134e+00  1.38574380e+01  9.42365876e+00
 5.45111111e+00 -4.96062992e+00  8.60744268e+00  1.38568936e+01  9.41694595e+00
 5.45111111e+00 -4.82677165e+00  8.74107452e+00  1.38562855e+01  9.41013670e+00
 5.45111111e+00 -4.69291339e+00  8.87457624e+00  1.38556331e+01  9.40325465e+00
 5.45111111e+00 -4.55905512e+00  9.00795055e+00  1.38548345e+01  9.39624700e+00
 5.45111111e+00 -4.42519685e+00  9.14131237e+00  1.38538032e+01  9.38904305e+00
 5.45111111e+00 -4.29133858e+00  9.27466097e+00  1.38528495e+01  9.38174931e+00
 5.45111111e+00 -4.15748031e+00  9.40799770e+00  1.38519681e+01  9.37436430e+00
 5.45111111e+00 -4.02362205e+00  9.54132411e+00  1.38509055e+01  9.36681103e+00
 5.45111111e+00 -3.88976378e+00  9.67456799e+00  1.38497186e+01  9.35917018e+00
 5.45111111e+00 -3.75590551e+00  9.80769941e+00  1.38484531e+01  9.35143484e+00
 5.45111111e+00 -3.62204724e+00  9.94073985e+00  1.38470789e+01  9.34351660e+00
 5.45111111e+00 -3.48818898e+00  1.00737155e+01  1.38455408e+01  9.33540377e+00
 5.45111111e+00 -3.35433071e+00  1.02066155e+01  1.38438197e+01  9.32713023e+00
 5.45111111e+00 -3.22047244e+00  1.03394038e+01  1.38419241e+01  9.31873069e+00
 5.45111111e+00 -3.08661417e+00  1.04720697e+01  1.38398352e+01  9.31015924e+00
 5.45111111e+00 -2.95275591e+00  1.06045988e+01  1.38375097e+01  9.30140345e+00
 5.45111111e+00 -2.81889764e+00  1.07369664e+01  1.38349008e+01  9.29248479e+00
 5.45111111e+00 -2.68503937e+00  1.08691435e+01  1.38320046e+01  9.28338445e+00
 5.45111111e+00 -2.55118110e+00  1.10011424e+01  1.38287891e+01  9.27408516e+00
 5.45111111e+00 -2.41732283e+00  1.11329903e+01  1.38251877e+01  9.26456944e+00
 5.45111111e+00 -2.28346457e+00  1.12646210e+01  1.38211401e+01  9.25478467e+00
 5.45111111e+00 -2.14960630e+00  1.13959656e+01  1.38165864e+01  9.24475695e+00
 5.45111111e+00 -2.01574803e+00  1.15270124e+01  1.38114925e+01  9.23456505e+00
 5.45111111e+00 -1.88188976e+00  1.16578964e+01  1.38059382e+01  9.22413344e+00
 5.45111111e+00 -1.74803150e+00  1.17885553e+01  1.37998497e+01  9.21339816e+00
 5.45111111e+00 -1.61417323e+00  1.19187212e+01  1.37930036e+01  9.20236754e+00
 5.45111111e+00 -1.48031496e+00  1.20484764e+01  1.37854846e+01  9.19108447e+00
 5.45111111e+00 -1.34645669e+00  1.21781274e+01  1.37773786e+01  9.17955624e+00
 5.45111111e+00 -1.21259843e+00  1.23080475e+01  1.37686415e+01  9.16773169e+00
 5.45111111e+00 -1.07874016e+00  1.24380295e+01  1.37593042e+01  9.15558849e+00
 5.45111111e+00 -9.44881890e-01  1.25673100e+01  1.37489702e+01  9.14308820e+00
 5.45111111e+00 -8.11023622e-01  1.26949840e+01  1.37368957e+01  9.13016715e+00
 5.45111111e+00 -6.77165354e-01  1.28231868e+01  1.37255413e+01  9.11694486e+00
 5.45111111e+00 -5.43307087e-01  1.29547545e+01  1.37169759e+01  9.10353904e+00
 5.45111111e+00 -4.09448819e-01  1.30899237e+01  1.37085515e+01  9.08987068e+00
 5.45111111e+00 -2.75590551e-01  1.32264301e+01  1.36999206e+01  9.07574711e+00
 5.45111111e+00 -1.41732283e-01  1.33618397e+01  1.36920747e+01  9.06100484e+00
 5.45111111e+00 -7.87401575e-03  1.34967170e+01  1.36845576e+01  9.04564085e+00
 5.45111111e+00  1.25984252e-01  1.36336228e+01  1.36785603e+01  9.02974223e+00
 5.45111111e+00  2.59842520e-01  1.37751125e+01  1.36764950e+01  9.01342198e+00
 5.45111111e+00  3.93700787e-01  1.39215159e+01  1.36807436e+01  8.99679493e+00
 5.45111111e+00  5.27559055e-01  1.40729954e+01  1.36917706e+01  8.97993706e+00
 5.45111111e+00  6.61417323e-01  1.42302467e+01  1.37086532e+01  8.96278836e+00
 5.45111111e+00  7.95275591e-01  1.43941923e+01  1.37303687e+01  8.94525537e+00
 5.45111111e+00  9.29133858e-01  1.45648372e+01  1.37572229e+01  8.92753461e+00
 5.45111111e+00  1.06299213e+00  1.47427728e+01  1.37912087e+01  8.90992344e+00
 5.45111111e+00  1.19685039e+00  1.49292883e+01  1.38356400e+01  8.89277167e+00
 5.45111111e+00  1.33070866e+00  1.51240196e+01  1.38915204e+01  8.87589041e+00
 5.45111111e+00  1.46456693e+00  1.53255323e+01  1.39569752e+01  8.85907708e+00
 5.45111111e+00  1.59842520e+00  1.55327145e+01  1.40303247e+01  8.84229081e+00
 5.45111111e+00  1.73228346e+00  1.57457706e+01  1.41105735e+01  8.82530398e+00
 5.45111111e+00  1.86614173e+00  1.59678141e+01  1.41962546e+01  8.80796399e+00
 5.45111111e+00  2.00000000e+00  1.61952021e+01  1.42862884e+01  8.79018335e+00
 5.52952381e+00 -1.50000000e+01 -1.35816552e+00  1.39317476e+01  9.75693261e+00
 5.52952381e+00 -1.48661417e+01 -1.22427614e+00  1.39317980e+01  9.75383024e+00
 5.52952381e+00 -1.47322835e+01 -1.09037538e+00  1.39318351e+01  9.75073039e+00
 5.52952381e+00 -1.45984252e+01 -9.56459415e-01  1.39318593e+01  9.74761966e+00
 5.52952381e+00 -1.44645669e+01 -8.22522819e-01  1.39318712e+01  9.74448937e+00
 5.52952381e+00 -1.43307087e+01 -6.88557162e-01  1.39318714e+01  9.74130967e+00
 5.52952381e+00 -1.41968504e+01 -5.54552663e-01  1.39318604e+01  9.73806340e+00
 5.52952381e+00 -1.40629921e+01 -4.20495807e-01  1.39318387e+01  9.73477726e+00
 5.52952381e+00 -1.39291339e+01 -2.86367097e-01  1.39318069e+01  9.73149558e+00
 5.52952381e+00 -1.37952756e+01 -1.52140353e-01  1.39317657e+01  9.72817069e+00
 5.52952381e+00 -1.36614173e+01 -1.77801632e-02  1.39317155e+01  9.72478982e+00
 5.52952381e+00 -1.35275591e+01  1.16761633e-01  1.39316571e+01  9.72142203e+00
 5.52952381e+00 -1.33937008e+01  2.51552494e-01  1.39315909e+01  9.71801836e+00
 5.52952381e+00 -1.32598425e+01  3.86687315e-01  1.39315174e+01  9.71453708e+00
 5.52952381e+00 -1.31259843e+01  5.22232283e-01  1.39314373e+01  9.71100884e+00
 5.52952381e+00 -1.29921260e+01  6.57449855e-01  1.39313516e+01  9.70748291e+00
 5.52952381e+00 -1.28582677e+01  7.91584743e-01  1.39312617e+01  9.70397190e+00
 5.52952381e+00 -1.27244094e+01  9.25425414e-01  1.39311689e+01  9.70042134e+00
 5.52952381e+00 -1.25905512e+01  1.05927691e+00  1.39310755e+01  9.69685861e+00
 5.52952381e+00 -1.24566929e+01  1.19312920e+00  1.39309809e+01  9.69328823e+00
 5.52952381e+00 -1.23228346e+01  1.32698154e+00  1.39308853e+01  9.68966547e+00
 5.52952381e+00 -1.21889764e+01  1.46083373e+00  1.39307884e+01  9.68599963e+00
 5.52952381e+00 -1.20551181e+01  1.59468542e+00  1.39306903e+01  9.68229267e+00
 5.52952381e+00 -1.19212598e+01  1.72853699e+00  1.39305911e+01  9.67853295e+00
 5.52952381e+00 -1.17874016e+01  1.86238851e+00  1.39304906e+01  9.67476716e+00
 5.52952381e+00 -1.16535433e+01  1.99623976e+00  1.39303889e+01  9.67099450e+00
 5.52952381e+00 -1.15196850e+01  2.13009046e+00  1.39302859e+01  9.66716761e+00
 5.52952381e+00 -1.13858268e+01  2.26394139e+00  1.39301817e+01  9.66333851e+00
 5.52952381e+00 -1.12519685e+01  2.39779255e+00  1.39300761e+01  9.65948626e+00
 5.52952381e+00 -1.11181102e+01  2.53164318e+00  1.39299691e+01  9.65552612e+00
 5.52952381e+00 -1.09842520e+01  2.66549347e+00  1.39298608e+01  9.65154961e+00
 5.52952381e+00 -1.08503937e+01  2.79934368e+00  1.39297511e+01  9.64758284e+00
 5.52952381e+00 -1.07165354e+01  2.93319371e+00  1.39296399e+01  9.64355588e+00
 5.52952381e+00 -1.05826772e+01  3.06704318e+00  1.39295272e+01  9.63947991e+00
 5.52952381e+00 -1.04488189e+01  3.20089239e+00  1.39294131e+01  9.63536542e+00
 5.52952381e+00 -1.03149606e+01  3.33474201e+00  1.39292974e+01  9.63120237e+00
 5.52952381e+00 -1.01811024e+01  3.46859124e+00  1.39291802e+01  9.62698994e+00
 5.52952381e+00 -1.00472441e+01  3.60244000e+00  1.39290614e+01  9.62275520e+00
 5.52952381e+00 -9.91338583e+00  3.73628875e+00  1.39289408e+01  9.61851975e+00
 5.52952381e+00 -9.77952756e+00  3.87013598e+00  1.39288191e+01  9.61419746e+00
 5.52952381e+00 -9.64566929e+00  4.00398197e+00  1.39286957e+01  9.60980158e+00
 5.52952381e+00 -9.51181102e+00  4.13782833e+00  1.39285699e+01  9.60542299e+00
 5.52952381e+00 -9.37795276e+00  4.27167427e+00  1.39284435e+01  9.60101051e+00
 5.52952381e+00 -9.24409449e+00  4.40552300e+00  1.39283127e+01  9.59656208e+00
 5.52952381e+00 -9.11023622e+00  4.53937023e+00  1.39281749e+01  9.59211539e+00
 5.52952381e+00 -8.97637795e+00  4.67317476e+00  1.39280471e+01  9.58758754e+00
 5.52952381e+00 -8.84251969e+00  4.80696568e+00  1.39279036e+01  9.58297244e+00
 5.52952381e+00 -8.70866142e+00  4.94080947e+00  1.39277109e+01  9.57833160e+00
 5.52952381e+00 -8.57480315e+00  5.07466513e+00  1.39275461e+01  9.57364452e+00
 5.52952381e+00 -8.44094488e+00  5.20851219e+00  1.39274214e+01  9.56890623e+00
 5.52952381e+00 -8.30708661e+00  5.34235485e+00  1.39272794e+01  9.56412280e+00
 5.52952381e+00 -8.17322835e+00  5.47615764e+00  1.39270893e+01  9.55924679e+00
 5.52952381e+00 -8.03937008e+00  5.60994816e+00  1.39268949e+01  9.55431828e+00
 5.52952381e+00 -7.90551181e+00  5.74378613e+00  1.39267491e+01  9.54940384e+00
 5.52952381e+00 -7.77165354e+00  5.87764255e+00  1.39265596e+01  9.54439921e+00
 5.52952381e+00 -7.63779528e+00  6.01147276e+00  1.39263499e+01  9.53930472e+00
 5.52952381e+00 -7.50393701e+00  6.14525328e+00  1.39262022e+01  9.53418921e+00
 5.52952381e+00 -7.37007874e+00  6.27901959e+00  1.39260215e+01  9.52898843e+00
 5.52952381e+00 -7.23622047e+00  6.41281480e+00  1.39257868e+01  9.52370085e+00
 5.52952381e+00 -7.10236220e+00  6.54665055e+00  1.39255493e+01  9.51837599e+00
 5.52952381e+00 -6.96850394e+00  6.68045769e+00  1.39253202e+01  9.51300463e+00
 5.52952381e+00 -6.83464567e+00  6.81422988e+00  1.39251025e+01  9.50756312e+00
 5.52952381e+00 -6.70078740e+00  6.94800665e+00  1.39248833e+01  9.50203858e+00
 5.52952381e+00 -6.56692913e+00  7.08178633e+00  1.39246102e+01  9.49645453e+00
 5.52952381e+00 -6.43307087e+00  7.21555788e+00  1.39243180e+01  9.49080898e+00
 5.52952381e+00 -6.29921260e+00  7.34931766e+00  1.39240678e+01  9.48507894e+00
 5.52952381e+00 -6.16535433e+00  7.48308514e+00  1.39237975e+01  9.47925449e+00
 5.52952381e+00 -6.03149606e+00  7.61686302e+00  1.39234897e+01  9.47333711e+00
 5.52952381e+00 -5.89763780e+00  7.75062896e+00  1.39231726e+01  9.46734195e+00
 5.52952381e+00 -5.76377953e+00  7.88434150e+00  1.39228619e+01  9.46130070e+00
 5.52952381e+00 -5.62992126e+00  8.01805946e+00  1.39225261e+01  9.45516584e+00
 5.52952381e+00 -5.49606299e+00  8.15183188e+00  1.39221373e+01  9.44888912e+00
 5.52952381e+00 -5.36220472e+00  8.28550235e+00  1.39217552e+01  9.44256659e+00
 5.52952381e+00 -5.22834646e+00  8.41912432e+00  1.39213323e+01  9.43616791e+00
 5.52952381e+00 -5.09448819e+00  8.55282340e+00  1.39208119e+01  9.42961568e+00
 5.52952381e+00 -4.96062992e+00  8.68648174e+00  1.39203229e+01  9.42297824e+00
 5.52952381e+00 -4.82677165e+00  8.82010063e+00  1.39198435e+01  9.41625809e+00
 5.52952381e+00 -4.69291339e+00  8.95372028e+00  1.39192564e+01  9.40942794e+00
 5.52952381e+00 -4.55905512e+00  9.08721635e+00  1.39185243e+01  9.40253255e+00
 5.52952381e+00 -4.42519685e+00  9.22061326e+00  1.39176994e+01  9.39550681e+00
 5.52952381e+00 -4.29133858e+00  9.35402426e+00  1.39168550e+01  9.38828798e+00
 5.52952381e+00 -4.15748031e+00  9.48748378e+00  1.39159898e+01  9.38101078e+00
 5.52952381e+00 -4.02362205e+00  9.62092611e+00  1.39150908e+01  9.37364840e+00
 5.52952381e+00 -3.88976378e+00  9.75425916e+00  1.39141299e+01  9.36610278e+00
 5.52952381e+00 -3.75590551e+00  9.88747672e+00  1.39130433e+01  9.35841634e+00
 5.52952381e+00 -3.62204724e+00  1.00206465e+01  1.39118102e+01  9.35059763e+00
 5.52952381e+00 -3.48818898e+00  1.01538176e+01  1.39104442e+01  9.34263401e+00
 5.52952381e+00 -3.35433071e+00  1.02868969e+01  1.39089624e+01  9.33454959e+00
 5.52952381e+00 -3.22047244e+00  1.04198560e+01  1.39073549e+01  9.32631530e+00
 5.52952381e+00 -3.08661417e+00  1.05527148e+01  1.39055900e+01  9.31788795e+00
 5.52952381e+00 -2.95275591e+00  1.06854667e+01  1.39036273e+01  9.30928784e+00
 5.52952381e+00 -2.81889764e+00  1.08180972e+01  1.39014212e+01  9.30051824e+00
 5.52952381e+00 -2.68503937e+00  1.09505959e+01  1.38989520e+01  9.29156839e+00
 5.52952381e+00 -2.55118110e+00  1.10829684e+01  1.38962663e+01  9.28243843e+00
 5.52952381e+00 -2.41732283e+00  1.12151901e+01  1.38932706e+01  9.27311124e+00
 5.52952381e+00 -2.28346457e+00  1.13472204e+01  1.38898464e+01  9.26356257e+00
 5.52952381e+00 -2.14960630e+00  1.14790423e+01  1.38860977e+01  9.25378769e+00
 5.52952381e+00 -2.01574803e+00  1.16106661e+01  1.38819581e+01  9.24379327e+00
 5.52952381e+00 -1.88188976e+00  1.17420881e+01  1.38772668e+01  9.23357819e+00
 5.52952381e+00 -1.74803150e+00  1.18732147e+01  1.38720728e+01  9.22310151e+00
 5.52952381e+00 -1.61417323e+00  1.20040944e+01  1.38664001e+01  9.21235266e+00
 5.52952381e+00 -1.48031496e+00  1.21347984e+01  1.38601744e+01  9.20134069e+00
 5.52952381e+00 -1.34645669e+00  1.22650234e+01  1.38531996e+01  9.19003600e+00
 5.52952381e+00 -1.21259843e+00  1.23951679e+01  1.38456446e+01  9.17844532e+00
 5.52952381e+00 -1.07874016e+00  1.25259646e+01  1.38378288e+01  9.16658874e+00
 5.52952381e+00 -9.44881890e-01  1.26560984e+01  1.38290546e+01  9.15438491e+00
 5.52952381e+00 -8.11023622e-01  1.27847777e+01  1.38191440e+01  9.14178479e+00
 5.52952381e+00 -6.77165354e-01  1.29128954e+01  1.38089016e+01  9.12881261e+00
 5.52952381e+00 -5.43307087e-01  1.30436163e+01  1.37998306e+01  9.11559154e+00
 5.52952381e+00 -4.09448819e-01  1.31786479e+01  1.37925540e+01  9.10217064e+00
 5.52952381e+00 -2.75590551e-01  1.33154266e+01  1.37857154e+01  9.08842305e+00
 5.52952381e+00 -1.41732283e-01  1.34517586e+01  1.37790755e+01  9.07413734e+00
 5.52952381e+00 -7.87401575e-03  1.35870783e+01  1.37728618e+01  9.05921318e+00
 5.52952381e+00  1.25984252e-01  1.37225206e+01  1.37674141e+01  9.04370641e+00
 5.52952381e+00  2.59842520e-01  1.38598722e+01  1.37643161e+01  9.02763160e+00
 5.52952381e+00  3.93700787e-01  1.40011606e+01  1.37655176e+01  9.01111330e+00
 5.52952381e+00  5.27559055e-01  1.41481405e+01  1.37725439e+01  8.99440126e+00
 5.52952381e+00  6.61417323e-01  1.43006629e+01  1.37850086e+01  8.97752836e+00
 5.52952381e+00  7.95275591e-01  1.44585951e+01  1.38020648e+01  8.96033304e+00
 5.52952381e+00  9.29133858e-01  1.46224266e+01  1.38235075e+01  8.94281378e+00
 5.52952381e+00  1.06299213e+00  1.47931777e+01  1.38508272e+01  8.92533012e+00
 5.52952381e+00  1.19685039e+00  1.49723847e+01  1.38877195e+01  8.90809850e+00
 5.52952381e+00  1.33070866e+00  1.51600338e+01  1.39357894e+01  8.89116000e+00
 5.52952381e+00  1.46456693e+00  1.53553300e+01  1.39938519e+01  8.87435541e+00
 5.52952381e+00  1.59842520e+00  1.55571173e+01  1.40605428e+01  8.85752927e+00
 5.52952381e+00  1.73228346e+00  1.57658623e+01  1.41351344e+01  8.84064991e+00
 5.52952381e+00  1.86614173e+00  1.59838743e+01  1.42156833e+01  8.82343684e+00
 5.52952381e+00  2.00000000e+00  1.62080814e+01  1.43018731e+01  8.80598256e+00
 5.60793651e+00 -1.50000000e+01 -1.27977644e+00  1.39950466e+01  9.75951950e+00
 5.60793651e+00 -1.48661417e+01 -1.14588746e+00  1.39951928e+01  9.75645717e+00
 5.60793651e+00 -1.47322835e+01 -1.01198658e+00  1.39953177e+01  9.75336011e+00
 5.60793651e+00 -1.45984252e+01 -8.78068796e-01  1.39954220e+01  9.75026446e+00
 5.60793651e+00 -1.44645669e+01 -7.44131568e-01  1.39955064e+01  9.74716439e+00
 5.60793651e+00 -1.43307087e+01 -6.10167868e-01  1.39955719e+01  9.74403581e+00
 5.60793651e+00 -1.41968504e+01 -4.76164046e-01  1.39956193e+01  9.74085010e+00
 5.60793651e+00 -1.40629921e+01 -3.42106780e-01  1.39956496e+01  9.73761432e+00
 5.60793651e+00 -1.39291339e+01 -2.07978118e-01  1.39956637e+01  9.73434686e+00
 5.60793651e+00 -1.37952756e+01 -7.37517733e-02  1.39956627e+01  9.73106206e+00
 5.60793651e+00 -1.36614173e+01  6.06094589e-02  1.39956477e+01  9.72772608e+00
 5.60793651e+00 -1.35275591e+01  1.95152974e-01  1.39956197e+01  9.72434260e+00
 5.60793651e+00 -1.33937008e+01  3.29943474e-01  1.39955798e+01  9.72096801e+00
 5.60793651e+00 -1.32598425e+01  4.65070546e-01  1.39955291e+01  9.71754986e+00
 5.60793651e+00 -1.31259843e+01  6.00633359e-01  1.39954685e+01  9.71405130e+00
 5.60793651e+00 -1.29921260e+01  7.35905279e-01  1.39953996e+01  9.71052003e+00
 5.60793651e+00 -1.28582677e+01  8.70076254e-01  1.39953242e+01  9.70702086e+00
 5.60793651e+00 -1.27244094e+01  1.00390726e+00  1.39952457e+01  9.70352168e+00
 5.60793651e+00 -1.25905512e+01  1.13776499e+00  1.39951675e+01  9.69996983e+00
 5.60793651e+00 -1.24566929e+01  1.27161791e+00  1.39950877e+01  9.69640662e+00
 5.60793651e+00 -1.23228346e+01  1.40546947e+00  1.39950070e+01  9.69283133e+00
 5.60793651e+00 -1.21889764e+01  1.53932243e+00  1.39949252e+01  9.68920280e+00
 5.60793651e+00 -1.20551181e+01  1.67317575e+00  1.39948424e+01  9.68553277e+00
 5.60793651e+00 -1.19212598e+01  1.80702846e+00  1.39947585e+01  9.68182006e+00
 5.60793651e+00 -1.17874016e+01  1.94088092e+00  1.39946735e+01  9.67805802e+00
 5.60793651e+00 -1.16535433e+01  2.07473471e+00  1.39945873e+01  9.67429318e+00
 5.60793651e+00 -1.15196850e+01  2.20858833e+00  1.39945000e+01  9.67051625e+00
 5.60793651e+00 -1.13858268e+01  2.34243921e+00  1.39944116e+01  9.66668873e+00
 5.60793651e+00 -1.12519685e+01  2.47629038e+00  1.39943219e+01  9.66286100e+00
 5.60793651e+00 -1.11181102e+01  2.61014270e+00  1.39942310e+01  9.65899725e+00
 5.60793651e+00 -1.09842520e+01  2.74399461e+00  1.39941388e+01  9.65502942e+00
 5.60793651e+00 -1.08503937e+01  2.87784589e+00  1.39940453e+01  9.65105776e+00
 5.60793651e+00 -1.07165354e+01  3.01169772e+00  1.39939505e+01  9.64708566e+00
 5.60793651e+00 -1.05826772e+01  3.14555072e+00  1.39938543e+01  9.64304458e+00
 5.60793651e+00 -1.04488189e+01  3.27940147e+00  1.39937568e+01  9.63896770e+00
 5.60793651e+00 -1.03149606e+01  3.41325081e+00  1.39936579e+01  9.63485715e+00
 5.60793651e+00 -1.01811024e+01  3.54710161e+00  1.39935574e+01  9.63068798e+00
 5.60793651e+00 -1.00472441e+01  3.68095145e+00  1.39934556e+01  9.62647443e+00
 5.60793651e+00 -9.91338583e+00  3.81480265e+00  1.39933522e+01  9.62223684e+00
 5.60793651e+00 -9.77952756e+00  3.94865915e+00  1.39932472e+01  9.61798430e+00
 5.60793651e+00 -9.64566929e+00  4.08251663e+00  1.39931406e+01  9.61369762e+00
 5.60793651e+00 -9.51181102e+00  4.21636934e+00  1.39930324e+01  9.60936586e+00
 5.60793651e+00 -9.37795276e+00  4.35021630e+00  1.39929227e+01  9.60498749e+00
 5.60793651e+00 -9.24409449e+00  4.48406820e+00  1.39928107e+01  9.60056169e+00
 5.60793651e+00 -9.11023622e+00  4.61791694e+00  1.39926984e+01  9.59611763e+00
 5.60793651e+00 -8.97637795e+00  4.75175438e+00  1.39925883e+01  9.59166694e+00
 5.60793651e+00 -8.84251969e+00  4.88560727e+00  1.39924767e+01  9.58712505e+00
 5.60793651e+00 -8.70866142e+00  5.01944243e+00  1.39923369e+01  9.58250444e+00
 5.60793651e+00 -8.57480315e+00  5.15322959e+00  1.39921594e+01  9.57786254e+00
 5.60793651e+00 -8.44094488e+00  5.28705658e+00  1.39920149e+01  9.57317125e+00
 5.60793651e+00 -8.30708661e+00  5.42092089e+00  1.39919022e+01  9.56842833e+00
 5.60793651e+00 -8.17322835e+00  5.55476100e+00  1.39917714e+01  9.56363651e+00
 5.60793651e+00 -8.03937008e+00  5.68855866e+00  1.39915992e+01  9.55875145e+00
 5.60793651e+00 -7.90551181e+00  5.82235607e+00  1.39914290e+01  9.55382478e+00
 5.60793651e+00 -7.77165354e+00  5.95620017e+00  1.39912944e+01  9.54890630e+00
 5.60793651e+00 -7.63779528e+00  6.09006160e+00  1.39911172e+01  9.54388841e+00
 5.60793651e+00 -7.50393701e+00  6.22388179e+00  1.39909328e+01  9.53879214e+00
 5.60793651e+00 -7.37007874e+00  6.35765022e+00  1.39907947e+01  9.53367333e+00
 5.60793651e+00 -7.23622047e+00  6.49148041e+00  1.39906141e+01  9.52845085e+00
 5.60793651e+00 -7.10236220e+00  6.62532498e+00  1.39903946e+01  9.52315027e+00
 5.60793651e+00 -6.96850394e+00  6.75909489e+00  1.39901862e+01  9.51783254e+00
 5.60793651e+00 -6.83464567e+00  6.89285739e+00  1.39899826e+01  9.51246049e+00
 5.60793651e+00 -6.70078740e+00  7.02666084e+00  1.39897709e+01  9.50700730e+00
 5.60793651e+00 -6.56692913e+00  7.16049727e+00  1.39895516e+01  9.50147478e+00
 5.60793651e+00 -6.43307087e+00  7.29429651e+00  1.39893464e+01  9.49589172e+00
 5.60793651e+00 -6.29921260e+00  7.42806863e+00  1.39891071e+01  9.49023910e+00
 5.60793651e+00 -6.16535433e+00  7.56184849e+00  1.39888102e+01  9.48448954e+00
 5.60793651e+00 -6.03149606e+00  7.69561610e+00  1.39885619e+01  9.47865871e+00
 5.60793651e+00 -5.89763780e+00  7.82938444e+00  1.39883222e+01  9.47273750e+00
 5.60793651e+00 -5.76377953e+00  7.96315795e+00  1.39880223e+01  9.46672712e+00
 5.60793651e+00 -5.62992126e+00  8.09688463e+00  1.39877205e+01  9.46067486e+00
 5.60793651e+00 -5.49606299e+00  8.23060197e+00  1.39873991e+01  9.45452591e+00
 5.60793651e+00 -5.36220472e+00  8.36435249e+00  1.39870274e+01  9.44823994e+00
 5.60793651e+00 -5.22834646e+00  8.49808097e+00  1.39866473e+01  9.44191284e+00
 5.60793651e+00 -5.09448819e+00  8.63174915e+00  1.39862422e+01  9.43549094e+00
 5.60793651e+00 -4.96062992e+00  8.76537938e+00  1.39857973e+01  9.42892533e+00
 5.60793651e+00 -4.82677165e+00  8.89906431e+00  1.39853607e+01  9.42233339e+00
 5.60793651e+00 -4.69291339e+00  9.03272868e+00  1.39848511e+01  9.41562768e+00
 5.60793651e+00 -4.55905512e+00  9.16627895e+00  1.39841959e+01  9.40872862e+00
 5.60793651e+00 -4.42519685e+00  9.29977161e+00  1.39834791e+01  9.40178453e+00
 5.60793651e+00 -4.29133858e+00  9.43328875e+00  1.39827561e+01  9.39476906e+00
 5.60793651e+00 -4.15748031e+00  9.56683699e+00  1.39820307e+01  9.38760002e+00
 5.60793651e+00 -4.02362205e+00  9.70028797e+00  1.39812546e+01  9.38029043e+00
 5.60793651e+00 -3.88976378e+00  9.83367504e+00  1.39803953e+01  9.37284817e+00
 5.60793651e+00 -3.75590551e+00  9.96706571e+00  1.39794366e+01  9.36527486e+00
 5.60793651e+00 -3.62204724e+00  1.01004176e+01  1.39783747e+01  9.35757532e+00
 5.60793651e+00 -3.48818898e+00  1.02336839e+01  1.39772205e+01  9.34973940e+00
 5.60793651e+00 -3.35433071e+00  1.03668535e+01  1.39759678e+01  9.34176235e+00
 5.60793651e+00 -3.22047244e+00  1.04999670e+01  1.39745699e+01  9.33365835e+00
 5.60793651e+00 -3.08661417e+00  1.06329998e+01  1.39730198e+01  9.32539027e+00
 5.60793651e+00 -2.95275591e+00  1.07659262e+01  1.39713200e+01  9.31693940e+00
 5.60793651e+00 -2.81889764e+00  1.08987832e+01  1.39694486e+01  9.30836355e+00
 5.60793651e+00 -2.68503937e+00  1.10315503e+01  1.39673938e+01  9.29961432e+00
 5.60793651e+00 -2.55118110e+00  1.11641954e+01  1.39651266e+01  9.29063713e+00
 5.60793651e+00 -2.41732283e+00  1.12967251e+01  1.39625755e+01  9.28147859e+00
 5.60793651e+00 -2.28346457e+00  1.14290987e+01  1.39597329e+01  9.27212378e+00
 5.60793651e+00 -2.14960630e+00  1.15612814e+01  1.39566040e+01  9.26253992e+00
 5.60793651e+00 -2.01574803e+00  1.16933012e+01  1.39531374e+01  9.25273895e+00
 5.60793651e+00 -1.88188976e+00  1.18250941e+01  1.39492340e+01  9.24271945e+00
 5.60793651e+00 -1.74803150e+00  1.19566625e+01  1.39448505e+01  9.23247182e+00
 5.60793651e+00 -1.61417323e+00  1.20882430e+01  1.39401019e+01  9.22198952e+00
 5.60793651e+00 -1.48031496e+00  1.22195754e+01  1.39348813e+01  9.21124504e+00
 5.60793651e+00 -1.34645669e+00  1.23503388e+01  1.39290166e+01  9.20020871e+00
 5.60793651e+00 -1.21259843e+00  1.24809237e+01  1.39225732e+01  9.18887468e+00
 5.60793651e+00 -1.07874016e+00  1.26119309e+01  1.39158575e+01  9.17727974e+00
 5.60793651e+00 -9.44881890e-01  1.27432894e+01  1.39088196e+01  9.16542204e+00
 5.60793651e+00 -8.11023622e-01  1.28728299e+01  1.39001160e+01  9.15312471e+00
 5.60793651e+00 -6.77165354e-01  1.30013170e+01  1.38909205e+01  9.14042384e+00
 5.60793651e+00 -5.43307087e-01  1.31317857e+01  1.38835770e+01  9.12748356e+00
 5.60793651e+00 -4.09448819e-01  1.32655848e+01  1.38768729e+01  9.11431277e+00
 5.60793651e+00 -2.75590551e-01  1.34019773e+01  1.38702436e+01  9.10081531e+00
 5.60793651e+00 -1.41732283e-01  1.35386101e+01  1.38644699e+01  9.08684216e+00
 5.60793651e+00 -7.87401575e-03  1.36742645e+01  1.38591058e+01  9.07229926e+00
 5.60793651e+00  1.25984252e-01  1.38090522e+01  1.38543120e+01  9.05718063e+00
 5.60793651e+00  2.59842520e-01  1.39443155e+01  1.38511727e+01  9.04154489e+00
 5.60793651e+00  3.93700787e-01  1.40827395e+01  1.38512680e+01  9.02546949e+00
 5.60793651e+00  5.27559055e-01  1.42259025e+01  1.38554681e+01  9.00901481e+00
 5.60793651e+00  6.61417323e-01  1.43739576e+01  1.38638617e+01  8.99224411e+00
 5.60793651e+00  7.95275591e-01  1.45266949e+01  1.38764745e+01  8.97522844e+00
 5.60793651e+00  9.29133858e-01  1.46845085e+01  1.38930102e+01  8.95802064e+00
 5.60793651e+00  1.06299213e+00  1.48486759e+01  1.39147740e+01  8.94070312e+00
 5.60793651e+00  1.19685039e+00  1.50207229e+01  1.39447794e+01  8.92347674e+00
 5.60793651e+00  1.33070866e+00  1.52012041e+01  1.39851089e+01  8.90651991e+00
 5.60793651e+00  1.46456693e+00  1.53897188e+01  1.40355988e+01  8.88958974e+00
 5.60793651e+00  1.59842520e+00  1.55854210e+01  1.40952238e+01  8.87274546e+00
 5.60793651e+00  1.73228346e+00  1.57891729e+01  1.41635618e+01  8.85590524e+00
 5.60793651e+00  1.86614173e+00  1.60027661e+01  1.42385403e+01  8.83884809e+00
 5.60793651e+00  2.00000000e+00  1.62232596e+01  1.43201169e+01  8.82150526e+00
 5.68634921e+00 -1.50000000e+01 -1.20118047e+00  1.40606568e+01  9.76219552e+00
 5.68634921e+00 -1.48661417e+01 -1.06728977e+00  1.40608271e+01  9.75915663e+00
 5.68634921e+00 -1.47322835e+01 -9.33393501e-01  1.40609741e+01  9.75608909e+00
 5.68634921e+00 -1.45984252e+01 -7.99482794e-01  1.40610986e+01  9.75299073e+00
 5.68634921e+00 -1.44645669e+01 -6.65540366e-01  1.40612014e+01  9.74989345e+00
 5.68634921e+00 -1.43307087e+01 -5.31570461e-01  1.40612834e+01  9.74678712e+00
 5.68634921e+00 -1.41968504e+01 -3.97567565e-01  1.40613459e+01  9.74365722e+00
 5.68634921e+00 -1.40629921e+01 -2.63511145e-01  1.40613898e+01  9.74048632e+00
 5.68634921e+00 -1.39291339e+01 -1.29380950e-01  1.40614165e+01  9.73725050e+00
 5.68634921e+00 -1.37952756e+01  4.84462664e-03  1.40614270e+01  9.73397655e+00
 5.68634921e+00 -1.36614173e+01  1.39197764e-01  1.40614227e+01  9.73070696e+00
 5.68634921e+00 -1.35275591e+01  2.73740595e-01  1.40614049e+01  9.72737134e+00
 5.68634921e+00 -1.33937008e+01  4.08539032e-01  1.40613748e+01  9.72397938e+00
 5.68634921e+00 -1.32598425e+01  5.43666049e-01  1.40613337e+01  9.72059238e+00
 5.68634921e+00 -1.31259843e+01  6.79249775e-01  1.40612829e+01  9.71714689e+00
 5.68634921e+00 -1.29921260e+01  8.14549666e-01  1.40612241e+01  9.71364787e+00
 5.68634921e+00 -1.28582677e+01  9.48736127e-01  1.40611593e+01  9.71015189e+00
 5.68634921e+00 -1.27244094e+01  1.08257174e+00  1.40610942e+01  9.70666169e+00
 5.68634921e+00 -1.25905512e+01  1.21642514e+00  1.40610303e+01  9.70315218e+00
 5.68634921e+00 -1.24566929e+01  1.35028554e+00  1.40609637e+01  9.69960240e+00
 5.68634921e+00 -1.23228346e+01  1.48414333e+00  1.40608973e+01  9.69604399e+00
 5.68634921e+00 -1.21889764e+01  1.61799607e+00  1.40608296e+01  9.69246440e+00
 5.68634921e+00 -1.20551181e+01  1.75184990e+00  1.40607610e+01  9.68883071e+00
 5.68634921e+00 -1.19212598e+01  1.88570532e+00  1.40606914e+01  9.68515599e+00
 5.68634921e+00 -1.17874016e+01  2.01955732e+00  1.40606209e+01  9.68143790e+00
 5.68634921e+00 -1.16535433e+01  2.15340420e+00  1.40605495e+01  9.67767503e+00
 5.68634921e+00 -1.15196850e+01  2.28725962e+00  1.40604770e+01  9.67390573e+00
 5.68634921e+00 -1.13858268e+01  2.42111954e+00  1.40604034e+01  9.67011955e+00
 5.68634921e+00 -1.12519685e+01  2.55497288e+00  1.40603288e+01  9.66629525e+00
 5.68634921e+00 -1.11181102e+01  2.68882493e+00  1.40602531e+01  9.66247001e+00
 5.68634921e+00 -1.09842520e+01  2.82267890e+00  1.40601763e+01  9.65859546e+00
 5.68634921e+00 -1.08503937e+01  2.95653260e+00  1.40600983e+01  9.65462389e+00
 5.68634921e+00 -1.07165354e+01  3.09037964e+00  1.40600192e+01  9.65064917e+00
 5.68634921e+00 -1.05826772e+01  3.22422887e+00  1.40599389e+01  9.64666408e+00
 5.68634921e+00 -1.04488189e+01  3.35808807e+00  1.40598573e+01  9.64261834e+00
 5.68634921e+00 -1.03149606e+01  3.49194124e+00  1.40597745e+01  9.63853945e+00
 5.68634921e+00 -1.01811024e+01  3.62579550e+00  1.40596904e+01  9.63442331e+00
 5.68634921e+00 -1.00472441e+01  3.75965162e+00  1.40596050e+01  9.63024991e+00
 5.68634921e+00 -9.91338583e+00  3.89346466e+00  1.40595178e+01  9.62602542e+00
 5.68634921e+00 -9.77952756e+00  4.02724540e+00  1.40594297e+01  9.62178233e+00
 5.68634921e+00 -9.64566929e+00  4.16103928e+00  1.40593406e+01  9.61753825e+00
 5.68634921e+00 -9.51181102e+00  4.29488064e+00  1.40592463e+01  9.61325191e+00
 5.68634921e+00 -9.37795276e+00  4.42874262e+00  1.40591599e+01  9.60891316e+00
 5.68634921e+00 -9.24409449e+00  4.56258986e+00  1.40590755e+01  9.60452956e+00
 5.68634921e+00 -9.11023622e+00  4.69644055e+00  1.40589368e+01  9.60010129e+00
 5.68634921e+00 -8.97637795e+00  4.83029407e+00  1.40587935e+01  9.59565816e+00
 5.68634921e+00 -8.84251969e+00  4.96414351e+00  1.40587004e+01  9.59120109e+00
 5.68634921e+00 -8.70866142e+00  5.09799468e+00  1.40585989e+01  9.58664790e+00
 5.68634921e+00 -8.57480315e+00  5.23181597e+00  1.40584834e+01  9.58202423e+00
 5.68634921e+00 -8.44094488e+00  5.36560459e+00  1.40583778e+01  9.57737888e+00
 5.68634921e+00 -8.30708661e+00  5.49944439e+00  1.40582847e+01  9.57268207e+00
 5.68634921e+00 -8.17322835e+00  5.63330455e+00  1.40581584e+01  9.56793492e+00
 5.68634921e+00 -8.03937008e+00  5.76713876e+00  1.40579867e+01  9.56313423e+00
 5.68634921e+00 -7.90551181e+00  5.90098936e+00  1.40578573e+01  9.55823924e+00
 5.68634921e+00 -7.77165354e+00  6.03481816e+00  1.40577533e+01  9.55331378e+00
 5.68634921e+00 -7.63779528e+00  6.16860695e+00  1.40576254e+01  9.54839163e+00
 5.68634921e+00 -7.50393701e+00  6.30244486e+00  1.40574743e+01  9.54336302e+00
 5.68634921e+00 -7.37007874e+00  6.43627801e+00  1.40572951e+01  9.53826205e+00
 5.68634921e+00 -7.23622047e+00  6.57006180e+00  1.40571072e+01  9.53313345e+00
 5.68634921e+00 -7.10236220e+00  6.70389027e+00  1.40569699e+01  9.52790806e+00
 5.68634921e+00 -6.96850394e+00  6.83771001e+00  1.40568303e+01  9.52261149e+00
 5.68634921e+00 -6.83464567e+00  6.97148226e+00  1.40566367e+01  9.51728187e+00
 5.68634921e+00 -6.70078740e+00  7.10531245e+00  1.40564343e+01  9.51188999e+00
 5.68634921e+00 -6.56692913e+00  7.23915032e+00  1.40562405e+01  9.50642450e+00
 5.68634921e+00 -6.43307087e+00  7.37293098e+00  1.40560479e+01  9.50089291e+00
 5.68634921e+00 -6.29921260e+00  7.50670150e+00  1.40558406e+01  9.49530807e+00
 5.68634921e+00 -6.16535433e+00  7.64050442e+00  1.40556324e+01  9.48964545e+00
 5.68634921e+00 -6.03149606e+00  7.77433671e+00  1.40554221e+01  9.48388585e+00
 5.68634921e+00 -5.89763780e+00  7.90813606e+00  1.40551678e+01  9.47804346e+00
 5.68634921e+00 -5.76377953e+00  8.04187581e+00  1.40548854e+01  9.47211192e+00
 5.68634921e+00 -5.62992126e+00  8.17558503e+00  1.40546017e+01  9.46609892e+00
 5.68634921e+00 -5.49606299e+00  8.30934027e+00  1.40543173e+01  9.46003850e+00
 5.68634921e+00 -5.36220472e+00  8.44312521e+00  1.40540360e+01  9.45387082e+00
 5.68634921e+00 -5.22834646e+00  8.57688813e+00  1.40537399e+01  9.44757611e+00
 5.68634921e+00 -5.09448819e+00  8.71059818e+00  1.40533829e+01  9.44124179e+00
 5.68634921e+00 -4.96062992e+00  8.84429334e+00  1.40529798e+01  9.43480647e+00
 5.68634921e+00 -4.82677165e+00  8.97799140e+00  1.40525619e+01  9.42824038e+00
 5.68634921e+00 -4.69291339e+00  9.11164176e+00  1.40521326e+01  9.42163749e+00
 5.68634921e+00 -4.55905512e+00  9.24523521e+00  1.40516072e+01  9.41490645e+00
 5.68634921e+00 -4.42519685e+00  9.37879493e+00  1.40509665e+01  9.40800440e+00
 5.68634921e+00 -4.29133858e+00  9.51235739e+00  1.40503261e+01  9.40105702e+00
 5.68634921e+00 -4.15748031e+00  9.64591783e+00  1.40496882e+01  9.39401659e+00
 5.68634921e+00 -4.02362205e+00  9.77945432e+00  1.40490216e+01  9.38682255e+00
 5.68634921e+00 -3.88976378e+00  9.91295090e+00  1.40483116e+01  9.37950222e+00
 5.68634921e+00 -3.75590551e+00  1.00464293e+01  1.40474872e+01  9.37204336e+00
 5.68634921e+00 -3.62204724e+00  1.01798797e+01  1.40465316e+01  9.36445079e+00
 5.68634921e+00 -3.48818898e+00  1.03132378e+01  1.40455265e+01  9.35676815e+00
 5.68634921e+00 -3.35433071e+00  1.04465233e+01  1.40444499e+01  9.34895004e+00
 5.68634921e+00 -3.22047244e+00  1.05797606e+01  1.40432601e+01  9.34096122e+00
 5.68634921e+00 -3.08661417e+00  1.07129336e+01  1.40419524e+01  9.33282976e+00
 5.68634921e+00 -2.95275591e+00  1.08460525e+01  1.40405237e+01  9.32454764e+00
 5.68634921e+00 -2.81889764e+00  1.09791107e+01  1.40389447e+01  9.31608792e+00
 5.68634921e+00 -2.68503937e+00  1.11120636e+01  1.40371600e+01  9.30743109e+00
 5.68634921e+00 -2.55118110e+00  1.12448967e+01  1.40351883e+01  9.29862635e+00
 5.68634921e+00 -2.41732283e+00  1.13776271e+01  1.40330417e+01  9.28968402e+00
 5.68634921e+00 -2.28346457e+00  1.15102863e+01  1.40306743e+01  9.28052210e+00
 5.68634921e+00 -2.14960630e+00  1.16428156e+01  1.40280421e+01  9.27111252e+00
 5.68634921e+00 -2.01574803e+00  1.17751509e+01  1.40251189e+01  9.26148754e+00
 5.68634921e+00 -1.88188976e+00  1.19072888e+01  1.40218926e+01  9.25171296e+00
 5.68634921e+00 -1.74803150e+00  1.20393031e+01  1.40182901e+01  9.24170905e+00
 5.68634921e+00 -1.61417323e+00  1.21712669e+01  1.40142841e+01  9.23141374e+00
 5.68634921e+00 -1.48031496e+00  1.23031439e+01  1.40099359e+01  9.22089249e+00
 5.68634921e+00 -1.34645669e+00  1.24344732e+01  1.40050241e+01  9.21011865e+00
 5.68634921e+00 -1.21259843e+00  1.25653549e+01  1.39995129e+01  9.19904965e+00
 5.68634921e+00 -1.07874016e+00  1.26970545e+01  1.39938696e+01  9.18769161e+00
 5.68634921e+00 -9.44881890e-01  1.28287509e+01  1.39877994e+01  9.17603863e+00
 5.68634921e+00 -8.11023622e-01  1.29591543e+01  1.39808723e+01  9.16406490e+00
 5.68634921e+00 -6.77165354e-01  1.30886460e+01  1.39733381e+01  9.15170836e+00
 5.68634921e+00 -5.43307087e-01  1.32188607e+01  1.39660662e+01  9.13903141e+00
 5.68634921e+00 -4.09448819e-01  1.33516028e+01  1.39598569e+01  9.12611446e+00
 5.68634921e+00 -2.75590551e-01  1.34871461e+01  1.39544089e+01  9.11288851e+00
 5.68634921e+00 -1.41732283e-01  1.36238900e+01  1.39494113e+01  9.09926489e+00
 5.68634921e+00 -7.87401575e-03  1.37597322e+01  1.39446890e+01  9.08515073e+00
 5.68634921e+00  1.25984252e-01  1.38943919e+01  1.39402640e+01  9.07041869e+00
 5.68634921e+00  2.59842520e-01  1.40290023e+01  1.39371155e+01  9.05512622e+00
 5.68634921e+00  3.93700787e-01  1.41654171e+01  1.39367730e+01  9.03941215e+00
 5.68634921e+00  5.27559055e-01  1.43055286e+01  1.39405541e+01  9.02336570e+00
 5.68634921e+00  6.61417323e-01  1.44497251e+01  1.39471212e+01  9.00695087e+00
 5.68634921e+00  7.95275591e-01  1.45978344e+01  1.39550330e+01  8.99015432e+00
 5.68634921e+00  9.29133858e-01  1.47504459e+01  1.39657565e+01  8.97310257e+00
 5.68634921e+00  1.06299213e+00  1.49088131e+01  1.39820999e+01  8.95595126e+00
 5.68634921e+00  1.19685039e+00  1.50742820e+01  1.40062994e+01  8.93885342e+00
 5.68634921e+00  1.33070866e+00  1.52477034e+01  1.40395704e+01  8.92181530e+00
 5.68634921e+00  1.46456693e+00  1.54291469e+01  1.40823329e+01  8.90478385e+00
 5.68634921e+00  1.59842520e+00  1.56182832e+01  1.41345148e+01  8.88791149e+00
 5.68634921e+00  1.73228346e+00  1.58164989e+01  1.41960848e+01  8.87106118e+00
 5.68634921e+00  1.86614173e+00  1.60249346e+01  1.42650659e+01  8.85409793e+00
 5.68634921e+00  2.00000000e+00  1.62411427e+01  1.43415383e+01  8.83689095e+00
 5.76476190e+00 -1.50000000e+01 -1.12291685e+00  1.41281453e+01  9.76470047e+00
 5.76476190e+00 -1.48661417e+01 -9.89014101e-01  1.41283129e+01  9.76166517e+00
 5.76476190e+00 -1.47322835e+01 -8.55047735e-01  1.41284544e+01  9.75862747e+00
 5.76476190e+00 -1.45984252e+01 -7.21141854e-01  1.41285710e+01  9.75558709e+00
 5.76476190e+00 -1.44645669e+01 -5.87267995e-01  1.41286641e+01  9.75252670e+00
 5.76476190e+00 -1.43307087e+01 -4.53305400e-01  1.41287351e+01  9.74943324e+00
 5.76476190e+00 -1.41968504e+01 -3.19289312e-01  1.41287858e+01  9.74633063e+00
 5.76476190e+00 -1.40629921e+01 -1.85239452e-01  1.41288176e+01  9.74321024e+00
 5.76476190e+00 -1.39291339e+01 -5.11194152e-02  1.41288323e+01  9.74002490e+00
 5.76476190e+00 -1.37952756e+01  8.31574602e-02  1.41288317e+01  9.73675262e+00
 5.76476190e+00 -1.36614173e+01  2.17557541e-01  1.41288175e+01  9.73344320e+00
 5.76476190e+00 -1.35275591e+01  3.52041104e-01  1.41287917e+01  9.73014962e+00
 5.76476190e+00 -1.33937008e+01  4.86799616e-01  1.41287559e+01  9.72684411e+00
 5.76476190e+00 -1.32598425e+01  6.21943772e-01  1.41287120e+01  9.72350569e+00
 5.76476190e+00 -1.31259843e+01  7.57539854e-01  1.41286618e+01  9.72011653e+00
 5.76476190e+00 -1.29921260e+01  8.92841818e-01  1.41286075e+01  9.71660980e+00
 5.76476190e+00 -1.28582677e+01  1.02707210e+00  1.41285517e+01  9.71310679e+00
 5.76476190e+00 -1.27244094e+01  1.16098945e+00  1.41285008e+01  9.70968517e+00
 5.76476190e+00 -1.25905512e+01  1.29482160e+00  1.41284486e+01  9.70617675e+00
 5.76476190e+00 -1.24566929e+01  1.42861906e+00  1.41283940e+01  9.70260052e+00
 5.76476190e+00 -1.23228346e+01  1.56247688e+00  1.41283405e+01  9.69904619e+00
 5.76476190e+00 -1.21889764e+01  1.69634183e+00  1.41282851e+01  9.69549149e+00
 5.76476190e+00 -1.20551181e+01  1.83018776e+00  1.41282293e+01  9.69190613e+00
 5.76476190e+00 -1.19212598e+01  1.96403780e+00  1.41281727e+01  9.68826911e+00
 5.76476190e+00 -1.17874016e+01  2.09794778e+00  1.41281152e+01  9.68457660e+00
 5.76476190e+00 -1.16535433e+01  2.23183110e+00  1.41280569e+01  9.68087439e+00
 5.76476190e+00 -1.15196850e+01  2.36562418e+00  1.41279978e+01  9.67717375e+00
 5.76476190e+00 -1.13858268e+01  2.49945391e+00  1.41279378e+01  9.67338137e+00
 5.76476190e+00 -1.12519685e+01  2.63332217e+00  1.41278768e+01  9.66954272e+00
 5.76476190e+00 -1.11181102e+01  2.76717642e+00  1.41278149e+01  9.66572537e+00
 5.76476190e+00 -1.09842520e+01  2.90101669e+00  1.41277520e+01  9.66188749e+00
 5.76476190e+00 -1.08503937e+01  3.03489586e+00  1.41276882e+01  9.65801295e+00
 5.76476190e+00 -1.07165354e+01  3.16881129e+00  1.41276234e+01  9.65410228e+00
 5.76476190e+00 -1.05826772e+01  3.30263524e+00  1.41275575e+01  9.65015057e+00
 5.76476190e+00 -1.04488189e+01  3.43643548e+00  1.41274907e+01  9.64615332e+00
 5.76476190e+00 -1.03149606e+01  3.57029477e+00  1.41274227e+01  9.64211071e+00
 5.76476190e+00 -1.01811024e+01  3.70414637e+00  1.41273531e+01  9.63802836e+00
 5.76476190e+00 -1.00472441e+01  3.83801220e+00  1.41272838e+01  9.63389270e+00
 5.76476190e+00 -9.91338583e+00  3.97191176e+00  1.41272141e+01  9.62971090e+00
 5.76476190e+00 -9.77952756e+00  4.10577796e+00  1.41271398e+01  9.62553361e+00
 5.76476190e+00 -9.64566929e+00  4.23959189e+00  1.41270702e+01  9.62133637e+00
 5.76476190e+00 -9.51181102e+00  4.37338784e+00  1.41269952e+01  9.61708469e+00
 5.76476190e+00 -9.37795276e+00  4.50723244e+00  1.41268733e+01  9.61278843e+00
 5.76476190e+00 -9.24409449e+00  4.64109726e+00  1.41267529e+01  9.60844731e+00
 5.76476190e+00 -9.11023622e+00  4.77494485e+00  1.41266731e+01  9.60405815e+00
 5.76476190e+00 -8.97637795e+00  4.90879402e+00  1.41265934e+01  9.59962733e+00
 5.76476190e+00 -8.84251969e+00  5.04264787e+00  1.41265106e+01  9.59518525e+00
 5.76476190e+00 -8.70866142e+00  5.17650256e+00  1.41264301e+01  9.59072074e+00
 5.76476190e+00 -8.57480315e+00  5.31035393e+00  1.41263433e+01  9.58615665e+00
 5.76476190e+00 -8.44094488e+00  5.44417178e+00  1.41262620e+01  9.58153004e+00
 5.76476190e+00 -8.30708661e+00  5.57796443e+00  1.41261735e+01  9.57688079e+00
 5.76476190e+00 -8.17322835e+00  5.71180308e+00  1.41260297e+01  9.57217902e+00
 5.76476190e+00 -8.03937008e+00  5.84566710e+00  1.41258890e+01  9.56742686e+00
 5.76476190e+00 -7.90551181e+00  5.97952148e+00  1.41258004e+01  9.56261589e+00
 5.76476190e+00 -7.77165354e+00  6.11336666e+00  1.41257264e+01  9.55771428e+00
 5.76476190e+00 -7.63779528e+00  6.24718370e+00  1.41256028e+01  9.55279168e+00
 5.76476190e+00 -7.50393701e+00  6.38097835e+00  1.41254350e+01  9.54786236e+00
 5.76476190e+00 -7.37007874e+00  6.51479961e+00  1.41253180e+01  9.54282396e+00
 5.76476190e+00 -7.23622047e+00  6.64865947e+00  1.41251982e+01  9.53772302e+00
 5.76476190e+00 -7.10236220e+00  6.78251527e+00  1.41250421e+01  9.53258300e+00
 5.76476190e+00 -6.96850394e+00  6.91629729e+00  1.41249134e+01  9.52733497e+00
 5.76476190e+00 -6.83464567e+00  7.05010232e+00  1.41247762e+01  9.52206739e+00
 5.76476190e+00 -6.70078740e+00  7.18396154e+00  1.41246013e+01  9.51678831e+00
 5.76476190e+00 -6.56692913e+00  7.31775484e+00  1.41244203e+01  9.51134977e+00
 5.76476190e+00 -6.43307087e+00  7.45151267e+00  1.41242456e+01  9.50583085e+00
 5.76476190e+00 -6.29921260e+00  7.58530350e+00  1.41240746e+01  9.50030125e+00
 5.76476190e+00 -6.16535433e+00  7.71915050e+00  1.41238958e+01  9.49470960e+00
 5.76476190e+00 -6.03149606e+00  7.85297791e+00  1.41237000e+01  9.48903297e+00
 5.76476190e+00 -5.89763780e+00  7.98675051e+00  1.41234954e+01  9.48326758e+00
 5.76476190e+00 -5.76377953e+00  8.12052027e+00  1.41233006e+01  9.47741699e+00
 5.76476190e+00 -5.62992126e+00  8.25428765e+00  1.41230754e+01  9.47147418e+00
 5.76476190e+00 -5.49606299e+00  8.38805832e+00  1.41228064e+01  9.46545343e+00
 5.76476190e+00 -5.36220472e+00  8.52185168e+00  1.41225353e+01  9.45938320e+00
 5.76476190e+00 -5.22834646e+00  8.65559682e+00  1.41222781e+01  9.45320223e+00
 5.76476190e+00 -5.09448819e+00  8.78929819e+00  1.41220012e+01  9.44690328e+00
 5.76476190e+00 -4.96062992e+00  8.92305729e+00  1.41216482e+01  9.44055668e+00
 5.76476190e+00 -4.82677165e+00  9.05680558e+00  1.41213001e+01  9.43410238e+00
 5.76476190e+00 -4.69291339e+00  9.19048587e+00  1.41209524e+01  9.42753415e+00
 5.76476190e+00 -4.55905512e+00  9.32412459e+00  1.41204805e+01  9.42092590e+00
 5.76476190e+00 -4.42519685e+00  9.45775383e+00  1.41199440e+01  9.41416943e+00
 5.76476190e+00 -4.29133858e+00  9.59138943e+00  1.41193978e+01  9.40725046e+00
 5.76476190e+00 -4.15748031e+00  9.72502020e+00  1.41188290e+01  9.40029649e+00
 5.76476190e+00 -4.02362205e+00  9.85860060e+00  1.41182622e+01  9.39324417e+00
 5.76476190e+00 -3.88976378e+00  9.99214347e+00  1.41176693e+01  9.38603140e+00
 5.76476190e+00 -3.75590551e+00  1.01257084e+01  1.41169645e+01  9.37867764e+00
 5.76476190e+00 -3.62204724e+00  1.02591999e+01  1.41161543e+01  9.37124282e+00
 5.76476190e+00 -3.48818898e+00  1.03925953e+01  1.41152759e+01  9.36370630e+00
 5.76476190e+00 -3.35433071e+00  1.05259864e+01  1.41143547e+01  9.35597200e+00
 5.76476190e+00 -3.22047244e+00  1.06593547e+01  1.41133518e+01  9.34808611e+00
 5.76476190e+00 -3.08661417e+00  1.07926660e+01  1.41122375e+01  9.34008416e+00
 5.76476190e+00 -2.95275591e+00  1.09259114e+01  1.41110073e+01  9.33193698e+00
 5.76476190e+00 -2.81889764e+00  1.10590963e+01  1.41096244e+01  9.32360870e+00
 5.76476190e+00 -2.68503937e+00  1.11922078e+01  1.41080998e+01  9.31511611e+00
 5.76476190e+00 -2.55118110e+00  1.13252200e+01  1.41064820e+01  9.30650775e+00
 5.76476190e+00 -2.41732283e+00  1.14581610e+01  1.41046798e+01  9.29769223e+00
 5.76476190e+00 -2.28346457e+00  1.15910289e+01  1.41026623e+01  9.28865694e+00
 5.76476190e+00 -2.14960630e+00  1.17237764e+01  1.41004848e+01  9.27949411e+00
 5.76476190e+00 -2.01574803e+00  1.18563990e+01  1.40980395e+01  9.27011426e+00
 5.76476190e+00 -1.88188976e+00  1.19888839e+01  1.40952646e+01  9.26047481e+00
 5.76476190e+00 -1.74803150e+00  1.21212206e+01  1.40922158e+01  9.25064541e+00
 5.76476190e+00 -1.61417323e+00  1.22535413e+01  1.40889368e+01  9.24061899e+00
 5.76476190e+00 -1.48031496e+00  1.23857336e+01  1.40853270e+01  9.23034278e+00
 5.76476190e+00 -1.34645669e+00  1.25174435e+01  1.40811721e+01  9.21975975e+00
 5.76476190e+00 -1.21259843e+00  1.26490173e+01  1.40765868e+01  9.20890392e+00
 5.76476190e+00 -1.07874016e+00  1.27808126e+01  1.40717474e+01  9.19781469e+00
 5.76476190e+00 -9.44881890e-01  1.29127686e+01  1.40666734e+01  9.18648324e+00
 5.76476190e+00 -8.11023622e-01  1.30442469e+01  1.40608963e+01  9.17480250e+00
 5.76476190e+00 -6.77165354e-01  1.31748030e+01  1.40545218e+01  9.16271712e+00
 5.76476190e+00 -5.43307087e-01  1.33048570e+01  1.40485622e+01  9.15030042e+00
 5.76476190e+00 -4.09448819e-01  1.34366757e+01  1.40431049e+01  9.13764710e+00
 5.76476190e+00 -2.75590551e-01  1.35717175e+01  1.40380912e+01  9.12476760e+00
 5.76476190e+00 -1.41732283e-01  1.37081288e+01  1.40338027e+01  9.11152104e+00
 5.76476190e+00 -7.87401575e-03  1.38441377e+01  1.40298742e+01  9.09775892e+00
 5.76476190e+00  1.25984252e-01  1.39789546e+01  1.40259913e+01  9.08340846e+00
 5.76476190e+00  2.59842520e-01  1.41130757e+01  1.40226344e+01  9.06850427e+00
 5.76476190e+00  3.93700787e-01  1.42483296e+01  1.40217226e+01  9.05314783e+00
 5.76476190e+00  5.27559055e-01  1.43862517e+01  1.40242360e+01  9.03742104e+00
 5.76476190e+00  6.61417323e-01  1.45271461e+01  1.40287929e+01  9.02134860e+00
 5.76476190e+00  7.95275591e-01  1.46714158e+01  1.40341766e+01  9.00487760e+00
 5.76476190e+00  9.29133858e-01  1.48197365e+01  1.40413670e+01  8.98807374e+00
 5.76476190e+00  1.06299213e+00  1.49730839e+01  1.40533212e+01  8.97112802e+00
 5.76476190e+00  1.19685039e+00  1.51326068e+01  1.40719762e+01  8.95412054e+00
 5.76476190e+00  1.33070866e+00  1.52992773e+01  1.40985726e+01  8.93707452e+00
 5.76476190e+00  1.46456693e+00  1.54736968e+01  1.41340100e+01  8.92006281e+00
 5.76476190e+00  1.59842520e+00  1.56560944e+01  1.41788233e+01  8.90314665e+00
 5.76476190e+00  1.73228346e+00  1.58482712e+01  1.42330296e+01  8.88616889e+00
 5.76476190e+00  1.86614173e+00  1.60508796e+01  1.42956112e+01  8.86914386e+00
 5.76476190e+00  2.00000000e+00  1.62621845e+01  1.43664850e+01  8.85205067e+00
 5.84317460e+00 -1.50000000e+01 -1.04446122e+00  1.41963401e+01  9.76727487e+00
 5.84317460e+00 -1.48661417e+01 -9.10559204e-01  1.41966203e+01  9.76421900e+00
 5.84317460e+00 -1.47322835e+01 -7.76650058e-01  1.41968585e+01  9.76121129e+00
 5.84317460e+00 -1.45984252e+01 -6.42748243e-01  1.41970563e+01  9.75824775e+00
 5.84317460e+00 -1.44645669e+01 -5.08818273e-01  1.41972161e+01  9.75519255e+00
 5.84317460e+00 -1.43307087e+01 -3.74849566e-01  1.41973406e+01  9.75207301e+00
 5.84317460e+00 -1.41968504e+01 -2.40845132e-01  1.41974325e+01  9.74898016e+00
 5.84317460e+00 -1.40629921e+01 -1.06791585e-01  1.41974951e+01  9.74588602e+00
 5.84317460e+00 -1.39291339e+01  2.73422543e-02  1.41975316e+01  9.74274673e+00
 5.84317460e+00 -1.37952756e+01  1.61584117e-01  1.41975456e+01  9.73954280e+00
 5.84317460e+00 -1.36614173e+01  2.95938571e-01  1.41975405e+01  9.73629571e+00
 5.84317460e+00 -1.35275591e+01  4.30466975e-01  1.41975200e+01  9.73304340e+00
 5.84317460e+00 -1.33937008e+01  5.65259076e-01  1.41974878e+01  9.72977892e+00
 5.84317460e+00 -1.32598425e+01  7.00392631e-01  1.41974473e+01  9.72641772e+00
 5.84317460e+00 -1.31259843e+01  8.35972050e-01  1.41974025e+01  9.72301001e+00
 5.84317460e+00 -1.29921260e+01  9.71322056e-01  1.41973570e+01  9.71960406e+00
 5.84317460e+00 -1.28582677e+01  1.10557882e+00  1.41973157e+01  9.71618748e+00
 5.84317460e+00 -1.27244094e+01  1.23942959e+00  1.41972779e+01  9.71272513e+00
 5.84317460e+00 -1.25905512e+01  1.37327042e+00  1.41972328e+01  9.70922276e+00
 5.84317460e+00 -1.24566929e+01  1.50712140e+00  1.41971899e+01  9.70572502e+00
 5.84317460e+00 -1.23228346e+01  1.64098054e+00  1.41971473e+01  9.70220564e+00
 5.84317460e+00 -1.21889764e+01  1.77483597e+00  1.41971023e+01  9.69864605e+00
 5.84317460e+00 -1.20551181e+01  1.90868846e+00  1.41970580e+01  9.69508552e+00
 5.84317460e+00 -1.19212598e+01  2.04255094e+00  1.41970124e+01  9.69149477e+00
 5.84317460e+00 -1.17874016e+01  2.17642051e+00  1.41969662e+01  9.68785014e+00
 5.84317460e+00 -1.16535433e+01  2.31026778e+00  1.41969194e+01  9.68418016e+00
 5.84317460e+00 -1.15196850e+01  2.44411089e+00  1.41968718e+01  9.68045597e+00
 5.84317460e+00 -1.13858268e+01  2.57796785e+00  1.41968235e+01  9.67667508e+00
 5.84317460e+00 -1.12519685e+01  2.71182496e+00  1.41967745e+01  9.67290423e+00
 5.84317460e+00 -1.11181102e+01  2.84567753e+00  1.41967247e+01  9.66912596e+00
 5.84317460e+00 -1.09842520e+01  2.97953259e+00  1.41966740e+01  9.66529991e+00
 5.84317460e+00 -1.08503937e+01  3.11340184e+00  1.41966226e+01  9.66141451e+00
 5.84317460e+00 -1.07165354e+01  3.24726044e+00  1.41965703e+01  9.65750501e+00
 5.84317460e+00 -1.05826772e+01  3.38110010e+00  1.41965172e+01  9.65358984e+00
 5.84317460e+00 -1.04488189e+01  3.51495172e+00  1.41964629e+01  9.64963999e+00
 5.84317460e+00 -1.03149606e+01  3.64880722e+00  1.41964087e+01  9.64564393e+00
 5.84317460e+00 -1.01811024e+01  3.78266128e+00  1.41963528e+01  9.64159413e+00
 5.84317460e+00 -1.00472441e+01  3.91652993e+00  1.41962903e+01  9.63748589e+00
 5.84317460e+00 -9.91338583e+00  4.05039727e+00  1.41962271e+01  9.63336549e+00
 5.84317460e+00 -9.77952756e+00  4.18425277e+00  1.41961691e+01  9.62924723e+00
 5.84317460e+00 -9.64566929e+00  4.31810390e+00  1.41961155e+01  9.62508323e+00
 5.84317460e+00 -9.51181102e+00  4.45192180e+00  1.41960587e+01  9.62087025e+00
 5.84317460e+00 -9.37795276e+00  4.58572050e+00  1.41959818e+01  9.61661537e+00
 5.84317460e+00 -9.24409449e+00  4.71957030e+00  1.41958699e+01  9.61231574e+00
 5.84317460e+00 -9.11023622e+00  4.85343732e+00  1.41957739e+01  9.60796844e+00
 5.84317460e+00 -8.97637795e+00  4.98728771e+00  1.41957141e+01  9.60357412e+00
 5.84317460e+00 -8.84251969e+00  5.12113568e+00  1.41956493e+01  9.59914171e+00
 5.84317460e+00 -8.70866142e+00  5.25499147e+00  1.41955783e+01  9.59469977e+00
 5.84317460e+00 -8.57480315e+00  5.38884741e+00  1.41955091e+01  9.59022683e+00
 5.84317460e+00 -8.44094488e+00  5.52268575e+00  1.41954407e+01  9.58565298e+00
 5.84317460e+00 -8.30708661e+00  5.65653557e+00  1.41953615e+01  9.58102246e+00
 5.84317460e+00 -8.17322835e+00  5.79038539e+00  1.41952776e+01  9.57636708e+00
 5.84317460e+00 -8.03937008e+00  5.92418247e+00  1.41952080e+01  9.57166189e+00
 5.84317460e+00 -7.90551181e+00  6.05800542e+00  1.41951092e+01  9.56690539e+00
 5.84317460e+00 -7.77165354e+00  6.19187336e+00  1.41949798e+01  9.56208415e+00
 5.84317460e+00 -7.63779528e+00  6.32570982e+00  1.41948798e+01  9.55717865e+00
 5.84317460e+00 -7.50393701e+00  6.45955579e+00  1.41948088e+01  9.55225242e+00
 5.84317460e+00 -7.37007874e+00  6.59340856e+00  1.41947224e+01  9.54730595e+00
 5.84317460e+00 -7.23622047e+00  6.72720418e+00  1.41945770e+01  9.54226374e+00
 5.84317460e+00 -7.10236220e+00  6.86102286e+00  1.41944595e+01  9.53716649e+00
 5.84317460e+00 -6.96850394e+00  6.99487234e+00  1.41943715e+01  9.53201649e+00
 5.84317460e+00 -6.83464567e+00  7.12866683e+00  1.41942184e+01  9.52676528e+00
 5.84317460e+00 -6.70078740e+00  7.26247887e+00  1.41940901e+01  9.52150028e+00
 5.84317460e+00 -6.56692913e+00  7.39631754e+00  1.41939951e+01  9.51620338e+00
 5.84317460e+00 -6.43307087e+00  7.53010714e+00  1.41938317e+01  9.51074969e+00
 5.84317460e+00 -6.29921260e+00  7.66391902e+00  1.41936570e+01  9.50522922e+00
 5.84317460e+00 -6.16535433e+00  7.79775722e+00  1.41935040e+01  9.49969383e+00
 5.84317460e+00 -6.03149606e+00  7.93154615e+00  1.41933418e+01  9.49409610e+00
 5.84317460e+00 -5.89763780e+00  8.06535608e+00  1.41931772e+01  9.48841043e+00
 5.84317460e+00 -5.76377953e+00  8.19919425e+00  1.41930109e+01  9.48263293e+00
 5.84317460e+00 -5.62992126e+00  8.33298642e+00  1.41928261e+01  9.47677110e+00
 5.84317460e+00 -5.49606299e+00  8.46675726e+00  1.41926064e+01  9.47081892e+00
 5.84317460e+00 -5.36220472e+00  8.60053408e+00  1.41923614e+01  9.46479302e+00
 5.84317460e+00 -5.22834646e+00  8.73431209e+00  1.41921179e+01  9.45871409e+00
 5.84317460e+00 -5.09448819e+00  8.86805608e+00  1.41918692e+01  9.45251895e+00
 5.84317460e+00 -4.96062992e+00  9.00178465e+00  1.41915918e+01  9.44621295e+00
 5.84317460e+00 -4.82677165e+00  9.13554781e+00  1.41912714e+01  9.43985642e+00
 5.84317460e+00 -4.69291339e+00  9.26928917e+00  1.41909556e+01  9.43338966e+00
 5.84317460e+00 -4.55905512e+00  9.40296980e+00  1.41906031e+01  9.42681370e+00
 5.84317460e+00 -4.42519685e+00  9.53660978e+00  1.41901338e+01  9.42018515e+00
 5.84317460e+00 -4.29133858e+00  9.67028888e+00  1.41896858e+01  9.41344860e+00
 5.84317460e+00 -4.15748031e+00  9.80398988e+00  1.41892615e+01  9.40656615e+00
 5.84317460e+00 -4.02362205e+00  9.93762318e+00  1.41887380e+01  9.39955095e+00
 5.84317460e+00 -3.88976378e+00  1.00712117e+01  1.41881759e+01  9.39244571e+00
 5.84317460e+00 -3.75590551e+00  1.02047727e+01  1.41875991e+01  9.38523508e+00
 5.84317460e+00 -3.62204724e+00  1.03383059e+01  1.41869638e+01  9.37787483e+00
 5.84317460e+00 -3.48818898e+00  1.04718515e+01  1.41862448e+01  9.37042316e+00
 5.84317460e+00 -3.35433071e+00  1.06053689e+01  1.41854452e+01  9.36285605e+00
 5.84317460e+00 -3.22047244e+00  1.07387802e+01  1.41845807e+01  9.35509361e+00
 5.84317460e+00 -3.08661417e+00  1.08721591e+01  1.41836327e+01  9.34719223e+00
 5.84317460e+00 -2.95275591e+00  1.10055365e+01  1.41825802e+01  9.33916656e+00
 5.84317460e+00 -2.81889764e+00  1.11388668e+01  1.41814140e+01  9.33098684e+00
 5.84317460e+00 -2.68503937e+00  1.12720846e+01  1.41801482e+01  9.32269072e+00
 5.84317460e+00 -2.55118110e+00  1.14052288e+01  1.41787634e+01  9.31422968e+00
 5.84317460e+00 -2.41732283e+00  1.15383724e+01  1.41772176e+01  9.30552158e+00
 5.84317460e+00 -2.28346457e+00  1.16713758e+01  1.41755135e+01  9.29668180e+00
 5.84317460e+00 -2.14960630e+00  1.18042569e+01  1.41736445e+01  9.28769699e+00
 5.84317460e+00 -2.01574803e+00  1.19371395e+01  1.41715842e+01  9.27845038e+00
 5.84317460e+00 -1.88188976e+00  1.20698686e+01  1.41693004e+01  9.26901841e+00
 5.84317460e+00 -1.74803150e+00  1.22024537e+01  1.41667951e+01  9.25941408e+00
 5.84317460e+00 -1.61417323e+00  1.23350350e+01  1.41640665e+01  9.24956951e+00
 5.84317460e+00 -1.48031496e+00  1.24674500e+01  1.41609886e+01  9.23949632e+00
 5.84317460e+00 -1.34645669e+00  1.25996479e+01  1.41575435e+01  9.22918674e+00
 5.84317460e+00 -1.21259843e+00  1.27317344e+01  1.41538110e+01  9.21860365e+00
 5.84317460e+00 -1.07874016e+00  1.28637338e+01  1.41497355e+01  9.20774885e+00
 5.84317460e+00 -9.44881890e-01  1.29958113e+01  1.41453323e+01  9.19662789e+00
 5.84317460e+00 -8.11023622e-01  1.31280565e+01  1.41406750e+01  9.18522598e+00
 5.84317460e+00 -6.77165354e-01  1.32595055e+01  1.41355897e+01  9.17347877e+00
 5.84317460e+00 -5.43307087e-01  1.33900513e+01  1.41298518e+01  9.16136354e+00
 5.84317460e+00 -4.09448819e-01  1.35210033e+01  1.41236734e+01  9.14892190e+00
 5.84317460e+00 -2.75590551e-01  1.36545341e+01  1.41192345e+01  9.13627204e+00
 5.84317460e+00 -1.41732283e-01  1.37908156e+01  1.41167799e+01  9.12337783e+00
 5.84317460e+00 -7.87401575e-03  1.39270511e+01  1.41136477e+01  9.11000299e+00
 5.84317460e+00  1.25984252e-01  1.40621438e+01  1.41105254e+01  9.09604631e+00
 5.84317460e+00  2.59842520e-01  1.41964171e+01  1.41087489e+01  9.08154023e+00
 5.84317460e+00  3.93700787e-01  1.43310689e+01  1.41088155e+01  9.06658558e+00
 5.84317460e+00  5.27559055e-01  1.44673066e+01  1.41094900e+01  9.05122790e+00
 5.84317460e+00  6.61417323e-01  1.46058678e+01  1.41106837e+01  9.03547656e+00
 5.84317460e+00  7.95275591e-01  1.47470875e+01  1.41137415e+01  9.01934058e+00
 5.84317460e+00  9.29133858e-01  1.48917452e+01  1.41190676e+01  9.00288526e+00
 5.84317460e+00  1.06299213e+00  1.50407999e+01  1.41276848e+01  8.98620188e+00
 5.84317460e+00  1.19685039e+00  1.51952077e+01  1.41413942e+01  8.96934266e+00
 5.84317460e+00  1.33070866e+00  1.53558242e+01  1.41620309e+01  8.95231121e+00
 5.84317460e+00  1.46456693e+00  1.55236270e+01  1.41907258e+01  8.93532879e+00
 5.84317460e+00  1.59842520e+00  1.56991136e+01  1.42282798e+01  8.91835923e+00
 5.84317460e+00  1.73228346e+00  1.58847847e+01  1.42749382e+01  8.90127586e+00
 5.84317460e+00  1.86614173e+00  1.60811308e+01  1.43305886e+01  8.88422383e+00
 5.84317460e+00  2.00000000e+00  1.62867893e+01  1.43951975e+01  8.86713054e+00
 5.92158730e+00 -1.50000000e+01 -9.66016806e-01  1.42655168e+01  9.76983454e+00
 5.92158730e+00 -1.48661417e+01 -8.32131534e-01  1.42658821e+01  9.76685070e+00
 5.92158730e+00 -1.47322835e+01 -6.98228847e-01  1.42662020e+01  9.76383710e+00
 5.92158730e+00 -1.45984252e+01 -5.64308969e-01  1.42664775e+01  9.76081123e+00
 5.92158730e+00 -1.44645669e+01 -4.30372305e-01  1.42667102e+01  9.75777134e+00
 5.92158730e+00 -1.43307087e+01 -2.96407492e-01  1.42669024e+01  9.75468211e+00
 5.92158730e+00 -1.41968504e+01 -1.62402653e-01  1.42670567e+01  9.75157389e+00
 5.92158730e+00 -1.40629921e+01 -2.83455698e-02  1.42671762e+01  9.74848126e+00
 5.92158730e+00 -1.39291339e+01  1.05779236e-01  1.42672642e+01  9.74538303e+00
 5.92158730e+00 -1.37952756e+01  2.40004382e-01  1.42673243e+01  9.74224325e+00
 5.92158730e+00 -1.36614173e+01  3.74368885e-01  1.42673603e+01  9.73904272e+00
 5.92158730e+00 -1.35275591e+01  5.08912476e-01  1.42673762e+01  9.73580393e+00
 5.92158730e+00 -1.33937008e+01  6.43703625e-01  1.42673759e+01  9.73253564e+00
 5.92158730e+00 -1.32598425e+01  7.78829679e-01  1.42673635e+01  9.72924056e+00
 5.92158730e+00 -1.31259843e+01  9.14412813e-01  1.42673432e+01  9.72587240e+00
 5.92158730e+00 -1.29921260e+01  1.04978900e+00  1.42673192e+01  9.72247803e+00
 5.92158730e+00 -1.28582677e+01  1.18402776e+00  1.42672947e+01  9.71910955e+00
 5.92158730e+00 -1.27244094e+01  1.31788966e+00  1.42672610e+01  9.71568785e+00
 5.92158730e+00 -1.25905512e+01  1.45174912e+00  1.42672233e+01  9.71221823e+00
 5.92158730e+00 -1.24566929e+01  1.58560511e+00  1.42671919e+01  9.70873010e+00
 5.92158730e+00 -1.23228346e+01  1.71946097e+00  1.42671569e+01  9.70523497e+00
 5.92158730e+00 -1.21889764e+01  1.85331805e+00  1.42671210e+01  9.70170803e+00
 5.92158730e+00 -1.20551181e+01  1.98717417e+00  1.42670863e+01  9.69814786e+00
 5.92158730e+00 -1.19212598e+01  2.12102622e+00  1.42670497e+01  9.69458670e+00
 5.92158730e+00 -1.17874016e+01  2.25488172e+00  1.42670132e+01  9.69098960e+00
 5.92158730e+00 -1.16535433e+01  2.38874213e+00  1.42669760e+01  9.68733694e+00
 5.92158730e+00 -1.15196850e+01  2.52259905e+00  1.42669382e+01  9.68365107e+00
 5.92158730e+00 -1.13858268e+01  2.65645413e+00  1.42668998e+01  9.67991850e+00
 5.92158730e+00 -1.12519685e+01  2.79031028e+00  1.42668608e+01  9.67615140e+00
 5.92158730e+00 -1.11181102e+01  2.92416697e+00  1.42668212e+01  9.67239039e+00
 5.92158730e+00 -1.09842520e+01  3.05802026e+00  1.42667810e+01  9.66858781e+00
 5.92158730e+00 -1.08503937e+01  3.19187241e+00  1.42667400e+01  9.66474262e+00
 5.92158730e+00 -1.07165354e+01  3.32573111e+00  1.42666978e+01  9.66091197e+00
 5.92158730e+00 -1.05826772e+01  3.45958951e+00  1.42666572e+01  9.65700993e+00
 5.92158730e+00 -1.04488189e+01  3.59344439e+00  1.42666133e+01  9.65302828e+00
 5.92158730e+00 -1.03149606e+01  3.72730020e+00  1.42665619e+01  9.64906604e+00
 5.92158730e+00 -1.01811024e+01  3.86115366e+00  1.42665436e+01  9.64507051e+00
 5.92158730e+00 -1.00472441e+01  3.99500459e+00  1.42665514e+01  9.64102626e+00
 5.92158730e+00 -9.91338583e+00  4.12885808e+00  1.42665207e+01  9.63698889e+00
 5.92158730e+00 -9.77952756e+00  4.26271545e+00  1.42664360e+01  9.63291619e+00
 5.92158730e+00 -9.64566929e+00  4.39657383e+00  1.42663388e+01  9.62878357e+00
 5.92158730e+00 -9.51181102e+00  4.53042309e+00  1.42662900e+01  9.62461131e+00
 5.92158730e+00 -9.37795276e+00  4.66423788e+00  1.42662410e+01  9.62039660e+00
 5.92158730e+00 -9.24409449e+00  4.79804058e+00  1.42661730e+01  9.61613616e+00
 5.92158730e+00 -9.11023622e+00  4.93188800e+00  1.42661194e+01  9.61183184e+00
 5.92158730e+00 -8.97637795e+00  5.06575433e+00  1.42660685e+01  9.60747916e+00
 5.92158730e+00 -8.84251969e+00  5.19961337e+00  1.42660125e+01  9.60307951e+00
 5.92158730e+00 -8.70866142e+00  5.33346432e+00  1.42659579e+01  9.59864574e+00
 5.92158730e+00 -8.57480315e+00  5.46731794e+00  1.42659029e+01  9.59420331e+00
 5.92158730e+00 -8.44094488e+00  5.60117582e+00  1.42658454e+01  9.58972089e+00
 5.92158730e+00 -8.30708661e+00  5.73503036e+00  1.42657876e+01  9.58513722e+00
 5.92158730e+00 -8.17322835e+00  5.86888290e+00  1.42657383e+01  9.58050324e+00
 5.92158730e+00 -8.03937008e+00  6.00271457e+00  1.42656701e+01  9.57584460e+00
 5.92158730e+00 -7.90551181e+00  6.13650948e+00  1.42655493e+01  9.57113723e+00
 5.92158730e+00 -7.77165354e+00  6.27033986e+00  1.42654517e+01  9.56636400e+00
 5.92158730e+00 -7.63779528e+00  6.40421097e+00  1.42654006e+01  9.56154154e+00
 5.92158730e+00 -7.50393701e+00  6.53806445e+00  1.42653441e+01  9.55669335e+00
 5.92158730e+00 -7.37007874e+00  6.67190907e+00  1.42652320e+01  9.55176308e+00
 5.92158730e+00 -7.23622047e+00  6.80573943e+00  1.42651016e+01  9.54674745e+00
 5.92158730e+00 -7.10236220e+00  6.93954040e+00  1.42650319e+01  9.54169345e+00
 5.92158730e+00 -6.96850394e+00  7.07335717e+00  1.42649727e+01  9.53659586e+00
 5.92158730e+00 -6.83464567e+00  7.20721109e+00  1.42648744e+01  9.53142898e+00
 5.92158730e+00 -6.70078740e+00  7.34107525e+00  1.42647367e+01  9.52618347e+00
 5.92158730e+00 -6.56692913e+00  7.47487796e+00  1.42646316e+01  9.52092370e+00
 5.92158730e+00 -6.43307087e+00  7.60866616e+00  1.42645430e+01  9.51560442e+00
 5.92158730e+00 -6.29921260e+00  7.74252768e+00  1.42644016e+01  9.51013321e+00
 5.92158730e+00 -6.16535433e+00  7.87633552e+00  1.42642512e+01  9.50461384e+00
 5.92158730e+00 -6.03149606e+00  8.01011224e+00  1.42641121e+01  9.49907654e+00
 5.92158730e+00 -5.89763780e+00  8.14396957e+00  1.42639680e+01  9.49346694e+00
 5.92158730e+00 -5.76377953e+00  8.27779484e+00  1.42638126e+01  9.48777087e+00
 5.92158730e+00 -5.62992126e+00  8.41156626e+00  1.42636550e+01  9.48198678e+00
 5.92158730e+00 -5.49606299e+00  8.54534981e+00  1.42634968e+01  9.47611493e+00
 5.92158730e+00 -5.36220472e+00  8.67914072e+00  1.42632905e+01  9.47015326e+00
 5.92158730e+00 -5.22834646e+00  8.81291934e+00  1.42630680e+01  9.46412238e+00
 5.92158730e+00 -5.09448819e+00  8.94667954e+00  1.42628877e+01  9.45803372e+00
 5.92158730e+00 -4.96062992e+00  9.08045426e+00  1.42626805e+01  9.45182271e+00
 5.92158730e+00 -4.82677165e+00  9.21424022e+00  1.42624154e+01  9.44550857e+00
 5.92158730e+00 -4.69291339e+00  9.34800676e+00  1.42621126e+01  9.43914307e+00
 5.92158730e+00 -4.55905512e+00  9.48174120e+00  1.42617980e+01  9.43266015e+00
 5.92158730e+00 -4.42519685e+00  9.61543460e+00  1.42614661e+01  9.42608048e+00
 5.92158730e+00 -4.29133858e+00  9.74909529e+00  1.42610990e+01  9.41945583e+00
 5.92158730e+00 -4.15748031e+00  9.88277419e+00  1.42607133e+01  9.41270147e+00
 5.92158730e+00 -4.02362205e+00  1.00164524e+01  1.42602941e+01  9.40579343e+00
 5.92158730e+00 -3.88976378e+00  1.01500842e+01  1.42598186e+01  9.39876720e+00
 5.92158730e+00 -3.75590551e+00  1.02837045e+01  1.42593131e+01  9.39164600e+00
 5.92158730e+00 -3.62204724e+00  1.04173375e+01  1.42587557e+01  9.38441444e+00
 5.92158730e+00 -3.48818898e+00  1.05509698e+01  1.42581247e+01  9.37705070e+00
 5.92158730e+00 -3.35433071e+00  1.06845408e+01  1.42574996e+01  9.36958184e+00
 5.92158730e+00 -3.22047244e+00  1.08180497e+01  1.42568213e+01  9.36197739e+00
 5.92158730e+00 -3.08661417e+00  1.09515285e+01  1.42559869e+01  9.35420144e+00
 5.92158730e+00 -2.95275591e+00  1.10849675e+01  1.42550658e+01  9.34632171e+00
 5.92158730e+00 -2.81889764e+00  1.12183378e+01  1.42541044e+01  9.33832674e+00
 5.92158730e+00 -2.68503937e+00  1.13516382e+01  1.42530837e+01  9.33015214e+00
 5.92158730e+00 -2.55118110e+00  1.14849518e+01  1.42519167e+01  9.32177685e+00
 5.92158730e+00 -2.41732283e+00  1.16182222e+01  1.42506029e+01  9.31324696e+00
 5.92158730e+00 -2.28346457e+00  1.17513553e+01  1.42491839e+01  9.30459447e+00
 5.92158730e+00 -2.14960630e+00  1.18844373e+01  1.42476272e+01  9.29571232e+00
 5.92158730e+00 -2.01574803e+00  1.20174705e+01  1.42458969e+01  9.28662852e+00
 5.92158730e+00 -1.88188976e+00  1.21504051e+01  1.42439792e+01  9.27741987e+00
 5.92158730e+00 -1.74803150e+00  1.22832594e+01  1.42418955e+01  9.26799858e+00
 5.92158730e+00 -1.61417323e+00  1.24159865e+01  1.42395806e+01  9.25834172e+00
 5.92158730e+00 -1.48031496e+00  1.25485709e+01  1.42369666e+01  9.24847520e+00
 5.92158730e+00 -1.34645669e+00  1.26812088e+01  1.42341492e+01  9.23837385e+00
 5.92158730e+00 -1.21259843e+00  1.28137169e+01  1.42310739e+01  9.22801547e+00
 5.92158730e+00 -1.07874016e+00  1.29458585e+01  1.42276351e+01  9.21739527e+00
 5.92158730e+00 -9.44881890e-01  1.30781211e+01  1.42239541e+01  9.20652310e+00
 5.92158730e+00 -8.11023622e-01  1.32106934e+01  1.42201123e+01  9.19539415e+00
 5.92158730e+00 -6.77165354e-01  1.33431068e+01  1.42159500e+01  9.18396545e+00
 5.92158730e+00 -5.43307087e-01  1.34741002e+01  1.42108483e+01  9.17212936e+00
 5.92158730e+00 -4.09448819e-01  1.36048593e+01  1.42055280e+01  9.15995230e+00
 5.92158730e+00 -2.75590551e-01  1.37379777e+01  1.42015263e+01  9.14757563e+00
 5.92158730e+00 -1.41732283e-01  1.38732806e+01  1.41990886e+01  9.13492924e+00
 5.92158730e+00 -7.87401575e-03  1.40093546e+01  1.41978142e+01  9.12191004e+00
 5.92158730e+00  1.25984252e-01  1.41446673e+01  1.41969268e+01  9.10842638e+00
 5.92158730e+00  2.59842520e-01  1.42790222e+01  1.41955431e+01  9.09435366e+00
 5.92158730e+00  3.93700787e-01  1.44132572e+01  1.41938539e+01  9.07975221e+00
 5.92158730e+00  5.27559055e-01  1.45485582e+01  1.41928043e+01  9.06476894e+00
 5.92158730e+00  6.61417323e-01  1.46853882e+01  1.41930037e+01  9.04939011e+00
 5.92158730e+00  7.95275591e-01  1.48243141e+01  1.41946494e+01  9.03361924e+00
 5.92158730e+00  9.29133858e-01  1.49661010e+01  1.41979654e+01  9.01749253e+00
 5.92158730e+00  1.06299213e+00  1.51115298e+01  1.42039744e+01  9.00104700e+00
 5.92158730e+00  1.19685039e+00  1.52614373e+01  1.42140262e+01  8.98436869e+00
 5.92158730e+00  1.33070866e+00  1.54167688e+01  1.42296070e+01  8.96753489e+00
 5.92158730e+00  1.46456693e+00  1.55784986e+01  1.42521543e+01  8.95057442e+00
 5.92158730e+00  1.59842520e+00  1.57473432e+01  1.42828160e+01  8.93353008e+00
 5.92158730e+00  1.73228346e+00  1.59266099e+01  1.43219611e+01  8.91639049e+00
 5.92158730e+00  1.86614173e+00  1.61163039e+01  1.43704296e+01  8.89923862e+00
 5.92158730e+00  2.00000000e+00  1.63159081e+01  1.44283767e+01  8.88206216e+00
 6.00000000e+00 -1.50000000e+01 -8.87603922e-01  1.43368807e+01  9.77253569e+00
 6.00000000e+00 -1.48661417e+01 -7.53714109e-01  1.43371591e+01  9.76959502e+00
 6.00000000e+00 -1.47322835e+01 -6.19814629e-01  1.43374063e+01  9.76660125e+00
 6.00000000e+00 -1.45984252e+01 -4.85898873e-01  1.43376232e+01  9.76357395e+00
 6.00000000e+00 -1.44645669e+01 -3.51961608e-01  1.43378108e+01  9.76054043e+00
 6.00000000e+00 -1.43307087e+01 -2.17996221e-01  1.43379706e+01  9.75749660e+00
 6.00000000e+00 -1.41968504e+01 -8.39923248e-02  1.43381040e+01  9.75440174e+00
 6.00000000e+00 -1.40629921e+01  5.00652395e-02  1.43382130e+01  9.75129277e+00
 6.00000000e+00 -1.39291339e+01  1.84195133e-01  1.43382993e+01  9.74819700e+00
 6.00000000e+00 -1.37952756e+01  3.18421013e-01  1.43383652e+01  9.74508977e+00
 6.00000000e+00 -1.36614173e+01  4.52780189e-01  1.43384128e+01  9.74193692e+00
 6.00000000e+00 -1.35275591e+01  5.87322750e-01  1.43384445e+01  9.73872981e+00
 6.00000000e+00 -1.33937008e+01  7.22115942e-01  1.43384625e+01  9.73548751e+00
 6.00000000e+00 -1.32598425e+01  8.57225495e-01  1.43384692e+01  9.73222752e+00
 6.00000000e+00 -1.31259843e+01  9.92844045e-01  1.43384672e+01  9.72891189e+00
 6.00000000e+00 -1.29921260e+01  1.12831945e+00  1.43384593e+01  9.72554336e+00
 6.00000000e+00 -1.28582677e+01  1.26247592e+00  1.43384371e+01  9.72218367e+00
 6.00000000e+00 -1.27244094e+01  1.39633245e+00  1.43384049e+01  9.71881800e+00
 6.00000000e+00 -1.25905512e+01  1.53018932e+00  1.43383809e+01  9.71538558e+00
 6.00000000e+00 -1.24566929e+01  1.66404657e+00  1.43383573e+01  9.71191045e+00
 6.00000000e+00 -1.23228346e+01  1.79790307e+00  1.43383259e+01  9.70842241e+00
 6.00000000e+00 -1.21889764e+01  1.93175970e+00  1.43382995e+01  9.70492532e+00
 6.00000000e+00 -1.20551181e+01  2.06561727e+00  1.43382723e+01  9.70139370e+00
 6.00000000e+00 -1.19212598e+01  2.19947490e+00  1.43382431e+01  9.69783282e+00
 6.00000000e+00 -1.17874016e+01  2.33333064e+00  1.43382150e+01  9.69427046e+00
 6.00000000e+00 -1.16535433e+01  2.46718642e+00  1.43381855e+01  9.69066975e+00
 6.00000000e+00 -1.15196850e+01  2.60104323e+00  1.43381560e+01  9.68701475e+00
 6.00000000e+00 -1.13858268e+01  2.73489984e+00  1.43381259e+01  9.68332068e+00
 6.00000000e+00 -1.12519685e+01  2.86875607e+00  1.43380954e+01  9.67958039e+00
 6.00000000e+00 -1.11181102e+01  3.00261267e+00  1.43380643e+01  9.67581397e+00
 6.00000000e+00 -1.09842520e+01  3.13647029e+00  1.43380327e+01  9.67205361e+00
 6.00000000e+00 -1.08503937e+01  3.27032656e+00  1.43380005e+01  9.66825931e+00
 6.00000000e+00 -1.07165354e+01  3.40418157e+00  1.43379679e+01  9.66442543e+00
 6.00000000e+00 -1.05826772e+01  3.53803763e+00  1.43379352e+01  9.66057498e+00
 6.00000000e+00 -1.04488189e+01  3.67189408e+00  1.43378992e+01  9.65666154e+00
 6.00000000e+00 -1.03149606e+01  3.80574996e+00  1.43378668e+01  9.65267280e+00
 6.00000000e+00 -1.01811024e+01  3.93960494e+00  1.43378471e+01  9.64864208e+00
 6.00000000e+00 -1.00472441e+01  4.07345965e+00  1.43378222e+01  9.64460146e+00
 6.00000000e+00 -9.91338583e+00  4.20731359e+00  1.43377811e+01  9.64056679e+00
 6.00000000e+00 -9.77952756e+00  4.34116742e+00  1.43377284e+01  9.63652962e+00
 6.00000000e+00 -9.64566929e+00  4.47502864e+00  1.43376816e+01  9.63244776e+00
 6.00000000e+00 -9.51181102e+00  4.60888485e+00  1.43376453e+01  9.62831076e+00
 6.00000000e+00 -9.37795276e+00  4.74272216e+00  1.43376109e+01  9.62413458e+00
 6.00000000e+00 -9.24409449e+00  4.87657731e+00  1.43375716e+01  9.61991320e+00
 6.00000000e+00 -9.11023622e+00  5.01042617e+00  1.43375317e+01  9.61564659e+00
 6.00000000e+00 -8.97637795e+00  5.14422636e+00  1.43374976e+01  9.61133911e+00
 6.00000000e+00 -8.84251969e+00  5.27805931e+00  1.43374574e+01  9.60698165e+00
 6.00000000e+00 -8.70866142e+00  5.41193049e+00  1.43374114e+01  9.60257690e+00
 6.00000000e+00 -8.57480315e+00  5.54578541e+00  1.43373678e+01  9.59814211e+00
 6.00000000e+00 -8.44094488e+00  5.67963456e+00  1.43373199e+01  9.59369843e+00
 6.00000000e+00 -8.30708661e+00  5.81348928e+00  1.43372760e+01  9.58920574e+00
 6.00000000e+00 -8.17322835e+00  5.94734860e+00  1.43372366e+01  9.58461313e+00
 6.00000000e+00 -8.03937008e+00  6.08120246e+00  1.43371449e+01  9.57997731e+00
 6.00000000e+00 -7.90551181e+00  6.21503023e+00  1.43370371e+01  9.57531337e+00
 6.00000000e+00 -7.77165354e+00  6.34882835e+00  1.43369850e+01  9.57059787e+00
 6.00000000e+00 -7.63779528e+00  6.48265679e+00  1.43369392e+01  9.56583108e+00
 6.00000000e+00 -7.50393701e+00  6.61652160e+00  1.43368856e+01  9.56101596e+00
 6.00000000e+00 -7.37007874e+00  6.75038746e+00  1.43368321e+01  9.55614608e+00
 6.00000000e+00 -7.23622047e+00  6.88423817e+00  1.43367375e+01  9.55119566e+00
 6.00000000e+00 -7.10236220e+00  7.01806176e+00  1.43366353e+01  9.54617809e+00
 6.00000000e+00 -6.96850394e+00  7.15186437e+00  1.43365790e+01  9.54112256e+00
 6.00000000e+00 -6.83464567e+00  7.28569507e+00  1.43365180e+01  9.53601842e+00
 6.00000000e+00 -6.70078740e+00  7.41955510e+00  1.43364271e+01  9.53084158e+00
 6.00000000e+00 -6.56692913e+00  7.55340641e+00  1.43363220e+01  9.52559118e+00
 6.00000000e+00 -6.43307087e+00  7.68721437e+00  1.43362405e+01  9.52032868e+00
 6.00000000e+00 -6.29921260e+00  7.82101676e+00  1.43361545e+01  9.51499324e+00
 6.00000000e+00 -6.16535433e+00  7.95485603e+00  1.43360229e+01  9.50951139e+00
 6.00000000e+00 -6.03149606e+00  8.08867209e+00  1.43358860e+01  9.50399165e+00
 6.00000000e+00 -5.89763780e+00  8.22247894e+00  1.43357543e+01  9.49844803e+00
 6.00000000e+00 -5.76377953e+00  8.35631000e+00  1.43356193e+01  9.49283027e+00
 6.00000000e+00 -5.62992126e+00  8.49011007e+00  1.43354925e+01  9.48712550e+00
 6.00000000e+00 -5.49606299e+00  8.62390741e+00  1.43353550e+01  9.48133067e+00
 6.00000000e+00 -5.36220472e+00  8.75774427e+00  1.43351946e+01  9.47544601e+00
 6.00000000e+00 -5.22834646e+00  8.89155618e+00  1.43350568e+01  9.46947540e+00
 6.00000000e+00 -5.09448819e+00  9.02533538e+00  1.43348961e+01  9.46343936e+00
 6.00000000e+00 -4.96062992e+00  9.15911344e+00  1.43346737e+01  9.45733838e+00
 6.00000000e+00 -4.82677165e+00  9.29290523e+00  1.43344905e+01  9.45111324e+00
 6.00000000e+00 -4.69291339e+00  9.42668274e+00  1.43342957e+01  9.44479339e+00
 6.00000000e+00 -4.55905512e+00  9.56041063e+00  1.43340122e+01  9.43841858e+00
 6.00000000e+00 -4.42519685e+00  9.69409711e+00  1.43337231e+01  9.43192946e+00
 6.00000000e+00 -4.29133858e+00  9.82780913e+00  1.43334120e+01  9.42534402e+00
 6.00000000e+00 -4.15748031e+00  9.96157967e+00  1.43330498e+01  9.41869190e+00
 6.00000000e+00 -4.02362205e+00  1.00953092e+01  1.43327201e+01  9.41191676e+00
 6.00000000e+00 -3.88976378e+00  1.02289815e+01  1.43323669e+01  9.40500408e+00
 6.00000000e+00 -3.75590551e+00  1.03626286e+01  1.43319180e+01  9.39796835e+00
 6.00000000e+00 -3.62204724e+00  1.04962631e+01  1.43314479e+01  9.39082290e+00
 6.00000000e+00 -3.48818898e+00  1.06298999e+01  1.43309679e+01  9.38359931e+00
 6.00000000e+00 -3.35433071e+00  1.07635329e+01  1.43304456e+01  9.37628308e+00
 6.00000000e+00 -3.22047244e+00  1.08971138e+01  1.43298549e+01  9.36876264e+00
 6.00000000e+00 -3.08661417e+00  1.10306536e+01  1.43291777e+01  9.36110994e+00
 6.00000000e+00 -2.95275591e+00  1.11641758e+01  1.43284128e+01  9.35339592e+00
 6.00000000e+00 -2.81889764e+00  1.12976591e+01  1.43275846e+01  9.34548675e+00
 6.00000000e+00 -2.68503937e+00  1.14310977e+01  1.43267057e+01  9.33740292e+00
 6.00000000e+00 -2.55118110e+00  1.15644916e+01  1.43257558e+01  9.32920057e+00
 6.00000000e+00 -2.41732283e+00  1.16978288e+01  1.43246711e+01  9.32081819e+00
 6.00000000e+00 -2.28346457e+00  1.18311018e+01  1.43234497e+01  9.31226450e+00
 6.00000000e+00 -2.14960630e+00  1.19643120e+01  1.43221126e+01  9.30356596e+00
 6.00000000e+00 -2.01574803e+00  1.20974722e+01  1.43206542e+01  9.29469549e+00
 6.00000000e+00 -1.88188976e+00  1.22305817e+01  1.43190832e+01  9.28565247e+00
 6.00000000e+00 -1.74803150e+00  1.23636092e+01  1.43173780e+01  9.27642966e+00
 6.00000000e+00 -1.61417323e+00  1.24964950e+01  1.43154451e+01  9.26697518e+00
 6.00000000e+00 -1.48031496e+00  1.26293445e+01  1.43132864e+01  9.25728352e+00
 6.00000000e+00 -1.34645669e+00  1.27622364e+01  1.43109481e+01  9.24736919e+00
 6.00000000e+00 -1.21259843e+00  1.28949993e+01  1.43084337e+01  9.23722863e+00
 6.00000000e+00 -1.07874016e+00  1.30274634e+01  1.43055850e+01  9.22683435e+00
 6.00000000e+00 -9.44881890e-01  1.31597933e+01  1.43023915e+01  9.21617872e+00
 6.00000000e+00 -8.11023622e-01  1.32927005e+01  1.42992847e+01  9.20530793e+00
 6.00000000e+00 -6.77165354e-01  1.34254432e+01  1.42959707e+01  9.19413879e+00
 6.00000000e+00 -5.43307087e-01  1.35570973e+01  1.42919496e+01  9.18258484e+00
 6.00000000e+00 -4.09448819e-01  1.36884325e+01  1.42873959e+01  9.17071088e+00
 6.00000000e+00 -2.75590551e-01  1.38209162e+01  1.42834671e+01  9.15857887e+00
 6.00000000e+00 -1.41732283e-01  1.39555575e+01  1.42813355e+01  9.14620659e+00
 6.00000000e+00 -7.87401575e-03  1.40912173e+01  1.42805975e+01  9.13353789e+00
 6.00000000e+00  1.25984252e-01  1.42265417e+01  1.42799692e+01  9.12043167e+00
 6.00000000e+00  2.59842520e-01  1.43609087e+01  1.42785116e+01  9.10677775e+00
 6.00000000e+00  3.93700787e-01  1.44950177e+01  1.42769173e+01  9.09262114e+00
 6.00000000e+00  5.27559055e-01  1.46296400e+01  1.42758650e+01  9.07803639e+00
 6.00000000e+00  6.61417323e-01  1.47653874e+01  1.42756849e+01  9.06305092e+00
 6.00000000e+00  7.95275591e-01  1.49026729e+01  1.42763047e+01  9.04759700e+00
 6.00000000e+00  9.29133858e-01  1.50421913e+01  1.42780725e+01  9.03177272e+00
 6.00000000e+00  1.06299213e+00  1.51847114e+01  1.42818213e+01  9.01567686e+00
 6.00000000e+00  1.19685039e+00  1.53308552e+01  1.42888359e+01  8.99926054e+00
 6.00000000e+00  1.33070866e+00  1.54815608e+01  1.43003882e+01  8.98260914e+00
 6.00000000e+00  1.46456693e+00  1.56378572e+01  1.43178142e+01  8.96579903e+00
 6.00000000e+00  1.59842520e+00  1.58005194e+01  1.43422571e+01  8.94886414e+00
 6.00000000e+00  1.73228346e+00  1.59740638e+01  1.43744325e+01  8.93168508e+00
 6.00000000e+00  1.86614173e+00  1.61571519e+01  1.44157085e+01  8.91433087e+00
 6.00000000e+00  2.00000000e+00  1.63505203e+01  1.44665626e+01  8.89697788e+00
